﻿<?xml version="1.0" encoding="utf-8"?><APARTMENTS><APARTMENT ID="52317881" OBJECTID="100183956" OBJECTGUID="c445f789-85ec-4f12-95d9-06dd6ead63dd" CHANGEID="174134444" NUMBER="2" APARTTYPE="2" OPERTYPEID="10" PREVID="0" NEXTID="112049213" UPDATEDATE="2025-10-31" STARTDATE="2021-02-03" ENDDATE="2025-10-31" ISACTUAL="0" ISACTIVE="0" /><APARTMENT ID="45219922" OBJECTID="75663134" OBJECTGUID="272ea24b-387e-4b82-b476-53460eb82c35" CHANGEID="112557788" NUMBER="3" APARTTYPE="2" OPERTYPEID="10" PREVID="0" NEXTID="112037952" UPDATEDATE="2025-10-30" STARTDATE="2017-06-12" ENDDATE="2025-10-30" ISACTUAL="0" ISACTIVE="0" /><APARTMENT ID="45219941" OBJECTID="75663154" OBJECTGUID="f20db85a-2bae-4d5d-bfd5-c9553cf2e1f6" CHANGEID="112557814" NUMBER="2" APARTTYPE="2" OPERTYPEID="10" PREVID="0" NEXTID="112037953" UPDATEDATE="2025-10-30" STARTDATE="2017-06-12" ENDDATE="2025-10-30" ISACTUAL="0" ISACTIVE="0" /><APARTMENT ID="112034338" OBJECTID="175595018" OBJECTGUID="3ce945e7-022b-4663-a953-02950a7de93b" CHANGEID="691458820" NUMBER="45" APARTTYPE="2" OPERTYPEID="10" PREVID="0" NEXTID="0" UPDATEDATE="2025-10-30" STARTDATE="2025-10-30" ENDDATE="2079-06-06" ISACTUAL="1" ISACTIVE="1" /><APARTMENT ID="112034339" OBJECTID="175595019" OBJECTGUID="de3d0411-f908-4584-a498-1969cc6e752f" CHANGEID="691458821" NUMBER="44" APARTTYPE="2" OPERTYPEID="10" PREVID="0" NEXTID="0" UPDATEDATE="2025-10-30" STARTDATE="2025-10-30" ENDDATE="2079-06-06" ISACTUAL="1" ISACTIVE="1" /><APARTMENT ID="112034340" OBJECTID="175595020" OBJECTGUID="1164f28a-8453-46b3-81b2-078d4c91d0cd" CHANGEID="691458822" NUMBER="43" APARTTYPE="2" OPERTYPEID="10" PREVID="0" NEXTID="0" UPDATEDATE="2025-10-30" STARTDATE="2025-10-30" ENDDATE="2079-06-06" ISACTUAL="1" ISACTIVE="1" /><APARTMENT ID="112034341" OBJECTID="175595021" OBJECTGUID="8ee0e5f0-9b8c-44c2-b4ab-857234dc9eb5" CHANGEID="691458823" NUMBER="42" APARTTYPE="2" OPERTYPEID="10" PREVID="0" NEXTID="0" UPDATEDATE="2025-10-30" STARTDATE="2025-10-30" ENDDATE="2079-06-06" ISACTUAL="1" ISACTIVE="1" /><APARTMENT ID="112034342" OBJECTID="175595022" OBJECTGUID="d71af060-9cdb-4642-805d-7599b04c35fd" CHANGEID="691458824" NUMBER="41" APARTTYPE="2" OPERTYPEID="10" PREVID="0" NEXTID="0" UPDATEDATE="2025-10-30" STARTDATE="2025-10-30" ENDDATE="2079-06-06" ISACTUAL="1" ISACTIVE="1" /><APARTMENT ID="112034343" OBJECTID="175595023" OBJECTGUID="158e9c1e-05ff-4a24-ad66-30cb232a4bd5" CHANGEID="691458825" NUMBER="40" APARTTYPE="2" OPERTYPEID="10" PREVID="0" NEXTID="0" UPDATEDATE="2025-10-30" STARTDATE="2025-10-30" ENDDATE="2079-06-06" ISACTUAL="1" ISACTIVE="1" /><APARTMENT ID="112034344" OBJECTID="175595024" OBJECTGUID="0d262287-f1c4-472d-9817-93bdd0193669" CHANGEID="691458826" NUMBER="39" APARTTYPE="2" OPERTYPEID="10" PREVID="0" NEXTID="0" UPDATEDATE="2025-10-30" STARTDATE="2025-10-30" ENDDATE="2079-06-06" ISACTUAL="1" ISACTIVE="1" /><APARTMENT ID="112034345" OBJECTID="175595025" OBJECTGUID="c3324094-8ed1-4f06-bfce-21a43e35a56f" CHANGEID="691458827" NUMBER="38" APARTTYPE="2" OPERTYPEID="10" PREVID="0" NEXTID="0" UPDATEDATE="2025-10-30" STARTDATE="2025-10-30" ENDDATE="2079-06-06" ISACTUAL="1" ISACTIVE="1" /><APARTMENT ID="112034346" OBJECTID="175595026" OBJECTGUID="b28c09c1-1093-4f02-a255-41c9773c037c" CHANGEID="691458828" NUMBER="37" APARTTYPE="2" OPERTYPEID="10" PREVID="0" NEXTID="0" UPDATEDATE="2025-10-30" STARTDATE="2025-10-30" ENDDATE="2079-06-06" ISACTUAL="1" ISACTIVE="1" /><APARTMENT ID="112034347" OBJECTID="175595027" OBJECTGUID="3b4473c3-b97a-455a-a3bc-563c8c5eb4f3" CHANGEID="691458829" NUMBER="36" APARTTYPE="2" OPERTYPEID="10" PREVID="0" NEXTID="0" UPDATEDATE="2025-10-30" STARTDATE="2025-10-30" ENDDATE="2079-06-06" ISACTUAL="1" ISACTIVE="1" /><APARTMENT ID="112034348" OBJECTID="175595028" OBJECTGUID="2b817133-5489-41f6-a4ad-f127b8cd92bb" CHANGEID="691458830" NUMBER="35" APARTTYPE="2" OPERTYPEID="10" PREVID="0" NEXTID="0" UPDATEDATE="2025-10-30" STARTDATE="2025-10-30" ENDDATE="2079-06-06" ISACTUAL="1" ISACTIVE="1" /><APARTMENT ID="112034349" OBJECTID="175595029" OBJECTGUID="7130bad3-f5b3-46c1-b372-5623fa6a2bdd" CHANGEID="691458831" NUMBER="34" APARTTYPE="2" OPERTYPEID="10" PREVID="0" NEXTID="0" UPDATEDATE="2025-10-30" STARTDATE="2025-10-30" ENDDATE="2079-06-06" ISACTUAL="1" ISACTIVE="1" /><APARTMENT ID="112034350" OBJECTID="175595030" OBJECTGUID="b9d4c693-b055-4c27-a00d-00da94d80491" CHANGEID="691458832" NUMBER="33" APARTTYPE="2" OPERTYPEID="10" PREVID="0" NEXTID="0" UPDATEDATE="2025-10-30" STARTDATE="2025-10-30" ENDDATE="2079-06-06" ISACTUAL="1" ISACTIVE="1" /><APARTMENT ID="112034351" OBJECTID="175595031" OBJECTGUID="10ed4613-6a3d-4efe-ae5c-c1a885b10291" CHANGEID="691458833" NUMBER="32" APARTTYPE="2" OPERTYPEID="10" PREVID="0" NEXTID="0" UPDATEDATE="2025-10-30" STARTDATE="2025-10-30" ENDDATE="2079-06-06" ISACTUAL="1" ISACTIVE="1" /><APARTMENT ID="112034352" OBJECTID="175595032" OBJECTGUID="902bdc9c-842f-4c97-8086-7b2a63a963c3" CHANGEID="691458834" NUMBER="31" APARTTYPE="2" OPERTYPEID="10" PREVID="0" NEXTID="0" UPDATEDATE="2025-10-30" STARTDATE="2025-10-30" ENDDATE="2079-06-06" ISACTUAL="1" ISACTIVE="1" /><APARTMENT ID="112034353" OBJECTID="175595033" OBJECTGUID="b600b7eb-fc96-4bc7-8c8b-034626972b8d" CHANGEID="691458835" NUMBER="30" APARTTYPE="2" OPERTYPEID="10" PREVID="0" NEXTID="0" UPDATEDATE="2025-10-30" STARTDATE="2025-10-30" ENDDATE="2079-06-06" ISACTUAL="1" ISACTIVE="1" /><APARTMENT ID="112034354" OBJECTID="175595034" OBJECTGUID="28987cfa-998c-4b18-af8d-e160c81b38c6" CHANGEID="691458836" NUMBER="29" APARTTYPE="2" OPERTYPEID="10" PREVID="0" NEXTID="0" UPDATEDATE="2025-10-30" STARTDATE="2025-10-30" ENDDATE="2079-06-06" ISACTUAL="1" ISACTIVE="1" /><APARTMENT ID="112034355" OBJECTID="175595035" OBJECTGUID="2c4c3ad4-7d56-4382-a5c8-94ce5e976fa9" CHANGEID="691458837" NUMBER="28" APARTTYPE="2" OPERTYPEID="10" PREVID="0" NEXTID="0" UPDATEDATE="2025-10-30" STARTDATE="2025-10-30" ENDDATE="2079-06-06" ISACTUAL="1" ISACTIVE="1" /><APARTMENT ID="112034356" OBJECTID="175595036" OBJECTGUID="dae16f36-f17a-4297-8bb6-4bca5091e44b" CHANGEID="691458838" NUMBER="27" APARTTYPE="2" OPERTYPEID="10" PREVID="0" NEXTID="0" UPDATEDATE="2025-10-30" STARTDATE="2025-10-30" ENDDATE="2079-06-06" ISACTUAL="1" ISACTIVE="1" /><APARTMENT ID="112034357" OBJECTID="175595037" OBJECTGUID="2ddc3fb5-15f6-40c6-917b-0fa70caa9cf0" CHANGEID="691458839" NUMBER="26" APARTTYPE="2" OPERTYPEID="10" PREVID="0" NEXTID="0" UPDATEDATE="2025-10-30" STARTDATE="2025-10-30" ENDDATE="2079-06-06" ISACTUAL="1" ISACTIVE="1" /><APARTMENT ID="112034358" OBJECTID="175595038" OBJECTGUID="530e3e01-d109-46b4-a673-7bd9dc1876a0" CHANGEID="691458840" NUMBER="25" APARTTYPE="2" OPERTYPEID="10" PREVID="0" NEXTID="0" UPDATEDATE="2025-10-30" STARTDATE="2025-10-30" ENDDATE="2079-06-06" ISACTUAL="1" ISACTIVE="1" /><APARTMENT ID="112034359" OBJECTID="175595039" OBJECTGUID="a756b6f5-a778-45c9-a101-a34968b750d4" CHANGEID="691458841" NUMBER="24" APARTTYPE="2" OPERTYPEID="10" PREVID="0" NEXTID="0" UPDATEDATE="2025-10-30" STARTDATE="2025-10-30" ENDDATE="2079-06-06" ISACTUAL="1" ISACTIVE="1" /><APARTMENT ID="112034360" OBJECTID="175595040" OBJECTGUID="757e5dbe-c56b-4835-adb9-7dd050c6907a" CHANGEID="691458842" NUMBER="23" APARTTYPE="2" OPERTYPEID="10" PREVID="0" NEXTID="0" UPDATEDATE="2025-10-30" STARTDATE="2025-10-30" ENDDATE="2079-06-06" ISACTUAL="1" ISACTIVE="1" /><APARTMENT ID="112034361" OBJECTID="175595041" OBJECTGUID="94ea3fb1-3abb-43a5-86c9-57ad2cc9c438" CHANGEID="691458843" NUMBER="22" APARTTYPE="2" OPERTYPEID="10" PREVID="0" NEXTID="0" UPDATEDATE="2025-10-30" STARTDATE="2025-10-30" ENDDATE="2079-06-06" ISACTUAL="1" ISACTIVE="1" /><APARTMENT ID="112034362" OBJECTID="175595042" OBJECTGUID="87e07bba-a091-4a46-8f1d-c625cbb7cd57" CHANGEID="691458844" NUMBER="21" APARTTYPE="2" OPERTYPEID="10" PREVID="0" NEXTID="0" UPDATEDATE="2025-10-30" STARTDATE="2025-10-30" ENDDATE="2079-06-06" ISACTUAL="1" ISACTIVE="1" /><APARTMENT ID="112034363" OBJECTID="175595043" OBJECTGUID="741d7d91-a985-47cc-8118-7bde39ddd88a" CHANGEID="691458845" NUMBER="20" APARTTYPE="2" OPERTYPEID="10" PREVID="0" NEXTID="0" UPDATEDATE="2025-10-30" STARTDATE="2025-10-30" ENDDATE="2079-06-06" ISACTUAL="1" ISACTIVE="1" /><APARTMENT ID="112034364" OBJECTID="175595044" OBJECTGUID="e31dc909-eb30-450a-a0dd-faa78ce66730" CHANGEID="691458846" NUMBER="19" APARTTYPE="2" OPERTYPEID="10" PREVID="0" NEXTID="0" UPDATEDATE="2025-10-30" STARTDATE="2025-10-30" ENDDATE="2079-06-06" ISACTUAL="1" ISACTIVE="1" /><APARTMENT ID="112034365" OBJECTID="175595045" OBJECTGUID="e37b3296-32be-463a-80fa-2d4f04d76306" CHANGEID="691458847" NUMBER="18" APARTTYPE="2" OPERTYPEID="10" PREVID="0" NEXTID="0" UPDATEDATE="2025-10-30" STARTDATE="2025-10-30" ENDDATE="2079-06-06" ISACTUAL="1" ISACTIVE="1" /><APARTMENT ID="112034366" OBJECTID="175595046" OBJECTGUID="a1b4f4fc-f5af-4724-9f61-fd52e2979ed0" CHANGEID="691458848" NUMBER="17" APARTTYPE="2" OPERTYPEID="10" PREVID="0" NEXTID="0" UPDATEDATE="2025-10-30" STARTDATE="2025-10-30" ENDDATE="2079-06-06" ISACTUAL="1" ISACTIVE="1" /><APARTMENT ID="112034367" OBJECTID="175595047" OBJECTGUID="3ae64b38-4943-4041-8c08-e3275c3316b2" CHANGEID="691458849" NUMBER="16" APARTTYPE="2" OPERTYPEID="10" PREVID="0" NEXTID="0" UPDATEDATE="2025-10-30" STARTDATE="2025-10-30" ENDDATE="2079-06-06" ISACTUAL="1" ISACTIVE="1" /><APARTMENT ID="112034368" OBJECTID="175595048" OBJECTGUID="02bdc5f2-3621-465b-97fd-a740327ffa2d" CHANGEID="691458850" NUMBER="15" APARTTYPE="2" OPERTYPEID="10" PREVID="0" NEXTID="0" UPDATEDATE="2025-10-30" STARTDATE="2025-10-30" ENDDATE="2079-06-06" ISACTUAL="1" ISACTIVE="1" /><APARTMENT ID="112034369" OBJECTID="175595049" OBJECTGUID="1d6827dc-93a0-4a3c-a1bf-596588a23ba8" CHANGEID="691458851" NUMBER="14" APARTTYPE="2" OPERTYPEID="10" PREVID="0" NEXTID="0" UPDATEDATE="2025-10-30" STARTDATE="2025-10-30" ENDDATE="2079-06-06" ISACTUAL="1" ISACTIVE="1" /><APARTMENT ID="112034370" OBJECTID="175595050" OBJECTGUID="a76a0afb-77b5-416b-8640-6e5f7b88d6f1" CHANGEID="691458852" NUMBER="13" APARTTYPE="2" OPERTYPEID="10" PREVID="0" NEXTID="0" UPDATEDATE="2025-10-30" STARTDATE="2025-10-30" ENDDATE="2079-06-06" ISACTUAL="1" ISACTIVE="1" /><APARTMENT ID="112034371" OBJECTID="175595051" OBJECTGUID="b002c4f9-5886-4e7d-ac02-b92062ab0084" CHANGEID="691458853" NUMBER="12" APARTTYPE="2" OPERTYPEID="10" PREVID="0" NEXTID="0" UPDATEDATE="2025-10-30" STARTDATE="2025-10-30" ENDDATE="2079-06-06" ISACTUAL="1" ISACTIVE="1" /><APARTMENT ID="112034372" OBJECTID="175595052" OBJECTGUID="148fbc93-97db-49e9-8959-da1f466b6844" CHANGEID="691458854" NUMBER="11" APARTTYPE="2" OPERTYPEID="10" PREVID="0" NEXTID="0" UPDATEDATE="2025-10-30" STARTDATE="2025-10-30" ENDDATE="2079-06-06" ISACTUAL="1" ISACTIVE="1" /><APARTMENT ID="112034373" OBJECTID="175595053" OBJECTGUID="a90fc227-f301-4eb0-bb2d-7018fe307c90" CHANGEID="691458855" NUMBER="10" APARTTYPE="2" OPERTYPEID="10" PREVID="0" NEXTID="0" UPDATEDATE="2025-10-30" STARTDATE="2025-10-30" ENDDATE="2079-06-06" ISACTUAL="1" ISACTIVE="1" /><APARTMENT ID="112034374" OBJECTID="175595054" OBJECTGUID="418417b1-507a-4702-ae74-9e024e97aefc" CHANGEID="691458856" NUMBER="9" APARTTYPE="2" OPERTYPEID="10" PREVID="0" NEXTID="0" UPDATEDATE="2025-10-30" STARTDATE="2025-10-30" ENDDATE="2079-06-06" ISACTUAL="1" ISACTIVE="1" /><APARTMENT ID="112034375" OBJECTID="175595055" OBJECTGUID="9cada549-828e-4614-b821-e1e4eb766e8b" CHANGEID="691458857" NUMBER="8" APARTTYPE="2" OPERTYPEID="10" PREVID="0" NEXTID="0" UPDATEDATE="2025-10-30" STARTDATE="2025-10-30" ENDDATE="2079-06-06" ISACTUAL="1" ISACTIVE="1" /><APARTMENT ID="112034376" OBJECTID="175595056" OBJECTGUID="a66114c1-743a-4dcf-a832-a4b81caa85f5" CHANGEID="691458858" NUMBER="7" APARTTYPE="2" OPERTYPEID="10" PREVID="0" NEXTID="0" UPDATEDATE="2025-10-30" STARTDATE="2025-10-30" ENDDATE="2079-06-06" ISACTUAL="1" ISACTIVE="1" /><APARTMENT ID="112034377" OBJECTID="175595057" OBJECTGUID="26532aa5-850e-4bc5-9f83-fd54d5fce9bc" CHANGEID="691458859" NUMBER="6" APARTTYPE="2" OPERTYPEID="10" PREVID="0" NEXTID="0" UPDATEDATE="2025-10-30" STARTDATE="2025-10-30" ENDDATE="2079-06-06" ISACTUAL="1" ISACTIVE="1" /><APARTMENT ID="112034378" OBJECTID="175595058" OBJECTGUID="2b585db0-2fc8-4d35-b3d0-98e4022b39fd" CHANGEID="691458860" NUMBER="5" APARTTYPE="2" OPERTYPEID="10" PREVID="0" NEXTID="0" UPDATEDATE="2025-10-30" STARTDATE="2025-10-30" ENDDATE="2079-06-06" ISACTUAL="1" ISACTIVE="1" /><APARTMENT ID="112034379" OBJECTID="175595059" OBJECTGUID="2f537e36-a6dd-4bdf-8e11-df5691880403" CHANGEID="691458861" NUMBER="4" APARTTYPE="2" OPERTYPEID="10" PREVID="0" NEXTID="0" UPDATEDATE="2025-10-30" STARTDATE="2025-10-30" ENDDATE="2079-06-06" ISACTUAL="1" ISACTIVE="1" /><APARTMENT ID="112034380" OBJECTID="175595060" OBJECTGUID="440b5882-8c27-4020-aa62-5866c42bc0ac" CHANGEID="691458862" NUMBER="3" APARTTYPE="2" OPERTYPEID="10" PREVID="0" NEXTID="0" UPDATEDATE="2025-10-30" STARTDATE="2025-10-30" ENDDATE="2079-06-06" ISACTUAL="1" ISACTIVE="1" /><APARTMENT ID="112034381" OBJECTID="175595061" OBJECTGUID="e5ddcf7e-c311-4d16-a927-5df359fade62" CHANGEID="691458863" NUMBER="2" APARTTYPE="2" OPERTYPEID="10" PREVID="0" NEXTID="0" UPDATEDATE="2025-10-30" STARTDATE="2025-10-30" ENDDATE="2079-06-06" ISACTUAL="1" ISACTIVE="1" /><APARTMENT ID="112034382" OBJECTID="175595062" OBJECTGUID="d3b472c2-871a-4c17-8e71-7333ecf2f5f5" CHANGEID="691458864" NUMBER="1" APARTTYPE="2" OPERTYPEID="10" PREVID="0" NEXTID="0" UPDATEDATE="2025-10-30" STARTDATE="2025-10-30" ENDDATE="2079-06-06" ISACTUAL="1" ISACTIVE="1" /><APARTMENT ID="112034383" OBJECTID="175595063" OBJECTGUID="95796151-fd68-420f-a384-d3b6704f1f21" CHANGEID="691458865" NUMBER="54" APARTTYPE="2" OPERTYPEID="10" PREVID="0" NEXTID="0" UPDATEDATE="2025-10-30" STARTDATE="2025-10-30" ENDDATE="2079-06-06" ISACTUAL="1" ISACTIVE="1" /><APARTMENT ID="112034384" OBJECTID="175595064" OBJECTGUID="879f27e5-ce9e-4300-a8bb-e0aeb917073b" CHANGEID="691458866" NUMBER="53" APARTTYPE="2" OPERTYPEID="10" PREVID="0" NEXTID="0" UPDATEDATE="2025-10-30" STARTDATE="2025-10-30" ENDDATE="2079-06-06" ISACTUAL="1" ISACTIVE="1" /><APARTMENT ID="112034385" OBJECTID="175595065" OBJECTGUID="5d80197a-cb1c-4d36-9f41-2c95ee483ccd" CHANGEID="691458867" NUMBER="52" APARTTYPE="2" OPERTYPEID="10" PREVID="0" NEXTID="0" UPDATEDATE="2025-10-30" STARTDATE="2025-10-30" ENDDATE="2079-06-06" ISACTUAL="1" ISACTIVE="1" /><APARTMENT ID="112034386" OBJECTID="175595066" OBJECTGUID="35bac4e6-0007-449b-a22b-e07ef4bdbc13" CHANGEID="691458868" NUMBER="51" APARTTYPE="2" OPERTYPEID="10" PREVID="0" NEXTID="0" UPDATEDATE="2025-10-30" STARTDATE="2025-10-30" ENDDATE="2079-06-06" ISACTUAL="1" ISACTIVE="1" /><APARTMENT ID="112034387" OBJECTID="175595067" OBJECTGUID="34a266d3-74e1-4225-9c02-eea82dc329d6" CHANGEID="691458869" NUMBER="50" APARTTYPE="2" OPERTYPEID="10" PREVID="0" NEXTID="0" UPDATEDATE="2025-10-30" STARTDATE="2025-10-30" ENDDATE="2079-06-06" ISACTUAL="1" ISACTIVE="1" /><APARTMENT ID="112034388" OBJECTID="175595068" OBJECTGUID="55469569-2a93-4653-8a2a-c35ef444db09" CHANGEID="691458870" NUMBER="49" APARTTYPE="2" OPERTYPEID="10" PREVID="0" NEXTID="0" UPDATEDATE="2025-10-30" STARTDATE="2025-10-30" ENDDATE="2079-06-06" ISACTUAL="1" ISACTIVE="1" /><APARTMENT ID="112034389" OBJECTID="175595069" OBJECTGUID="749d2c00-c8c3-4a3d-bac9-e09594da06af" CHANGEID="691458871" NUMBER="48" APARTTYPE="2" OPERTYPEID="10" PREVID="0" NEXTID="0" UPDATEDATE="2025-10-30" STARTDATE="2025-10-30" ENDDATE="2079-06-06" ISACTUAL="1" ISACTIVE="1" /><APARTMENT ID="112034390" OBJECTID="175595070" OBJECTGUID="f9acbad7-ea6b-4314-9000-ec2565ed4880" CHANGEID="691458872" NUMBER="47" APARTTYPE="2" OPERTYPEID="10" PREVID="0" NEXTID="0" UPDATEDATE="2025-10-30" STARTDATE="2025-10-30" ENDDATE="2079-06-06" ISACTUAL="1" ISACTIVE="1" /><APARTMENT ID="112034391" OBJECTID="175595071" OBJECTGUID="ffa637e2-3d30-40f9-88ba-e95c106eafd0" CHANGEID="691458873" NUMBER="46" APARTTYPE="2" OPERTYPEID="10" PREVID="0" NEXTID="0" UPDATEDATE="2025-10-30" STARTDATE="2025-10-30" ENDDATE="2079-06-06" ISACTUAL="1" ISACTIVE="1" /><APARTMENT ID="112035560" OBJECTID="175600644" OBJECTGUID="e36b47d0-5206-44b3-a1e7-14b24a1c929d" CHANGEID="691468481" NUMBER="1" APARTTYPE="1" OPERTYPEID="10" PREVID="0" NEXTID="0" UPDATEDATE="2025-10-30" STARTDATE="2025-10-30" ENDDATE="2079-06-06" ISACTUAL="1" ISACTIVE="1" /><APARTMENT ID="112035561" OBJECTID="175600645" OBJECTGUID="a6bc1aae-33d5-454e-a597-1604c9b1ed28" CHANGEID="691468482" NUMBER="2" APARTTYPE="1" OPERTYPEID="10" PREVID="0" NEXTID="0" UPDATEDATE="2025-10-30" STARTDATE="2025-10-30" ENDDATE="2079-06-06" ISACTUAL="1" ISACTIVE="1" /><APARTMENT ID="112035562" OBJECTID="175600646" OBJECTGUID="0ff835e3-f29d-44ba-b42e-36b0823e7d2a" CHANGEID="691468483" NUMBER="3" APARTTYPE="1" OPERTYPEID="10" PREVID="0" NEXTID="0" UPDATEDATE="2025-10-30" STARTDATE="2025-10-30" ENDDATE="2079-06-06" ISACTUAL="1" ISACTIVE="1" /><APARTMENT ID="112035933" OBJECTID="59570830" OBJECTGUID="abc04ea1-30a9-4509-bb97-986a32baabc0" CHANGEID="691472286" NUMBER="2" APARTTYPE="2" OPERTYPEID="30" PREVID="35493305" NEXTID="0" UPDATEDATE="2025-10-30" STARTDATE="2025-10-30" ENDDATE="2079-06-06" ISACTUAL="1" ISACTIVE="0" /><APARTMENT ID="35493305" OBJECTID="59570830" OBJECTGUID="abc04ea1-30a9-4509-bb97-986a32baabc0" CHANGEID="88972549" NUMBER="2" APARTTYPE="2" OPERTYPEID="10" PREVID="0" NEXTID="112035933" UPDATEDATE="2025-10-30" STARTDATE="2018-08-07" ENDDATE="2025-10-30" ISACTUAL="0" ISACTIVE="0" /><APARTMENT ID="112035934" OBJECTID="59570843" OBJECTGUID="c9b3b579-516e-49d6-8533-1f0334da30ab" CHANGEID="691472287" NUMBER="1" APARTTYPE="2" OPERTYPEID="30" PREVID="35493315" NEXTID="0" UPDATEDATE="2025-10-30" STARTDATE="2025-10-30" ENDDATE="2079-06-06" ISACTUAL="1" ISACTIVE="0" /><APARTMENT ID="35493315" OBJECTID="59570843" OBJECTGUID="c9b3b579-516e-49d6-8533-1f0334da30ab" CHANGEID="88972567" NUMBER="1" APARTTYPE="2" OPERTYPEID="10" PREVID="0" NEXTID="112035934" UPDATEDATE="2025-10-30" STARTDATE="2018-08-07" ENDDATE="2025-10-30" ISACTUAL="0" ISACTIVE="0" /><APARTMENT ID="112037584" OBJECTID="175609723" OBJECTGUID="b7c8d3fb-9267-4ecf-ae41-cbd050cc5c27" CHANGEID="691483327" NUMBER="1ОИ" APARTTYPE="1" OPERTYPEID="10" PREVID="0" NEXTID="0" UPDATEDATE="2025-10-30" STARTDATE="2025-10-30" ENDDATE="2079-06-06" ISACTUAL="1" ISACTIVE="1" /><APARTMENT ID="112037585" OBJECTID="175609724" OBJECTGUID="d3cfa21e-bd94-4f02-8f8a-7ed4a3d94d84" CHANGEID="691483328" NUMBER="36" APARTTYPE="2" OPERTYPEID="10" PREVID="0" NEXTID="0" UPDATEDATE="2025-10-30" STARTDATE="2025-10-30" ENDDATE="2079-06-06" ISACTUAL="1" ISACTIVE="1" /><APARTMENT ID="112037586" OBJECTID="175609725" OBJECTGUID="1f46e307-7c89-4dc3-acfb-701807b97657" CHANGEID="691483329" NUMBER="35" APARTTYPE="2" OPERTYPEID="10" PREVID="0" NEXTID="0" UPDATEDATE="2025-10-30" STARTDATE="2025-10-30" ENDDATE="2079-06-06" ISACTUAL="1" ISACTIVE="1" /><APARTMENT ID="112037587" OBJECTID="175609726" OBJECTGUID="eb9b1147-cad9-46ef-bb77-013246e06caa" CHANGEID="691483330" NUMBER="34" APARTTYPE="2" OPERTYPEID="10" PREVID="0" NEXTID="0" UPDATEDATE="2025-10-30" STARTDATE="2025-10-30" ENDDATE="2079-06-06" ISACTUAL="1" ISACTIVE="1" /><APARTMENT ID="112037588" OBJECTID="175609727" OBJECTGUID="4e42757e-7c17-4e6a-9c51-92caf4dbfb00" CHANGEID="691483331" NUMBER="33" APARTTYPE="2" OPERTYPEID="10" PREVID="0" NEXTID="0" UPDATEDATE="2025-10-30" STARTDATE="2025-10-30" ENDDATE="2079-06-06" ISACTUAL="1" ISACTIVE="1" /><APARTMENT ID="112037589" OBJECTID="175609728" OBJECTGUID="eb9446e8-6887-4834-a006-48fb45cda137" CHANGEID="691483332" NUMBER="32" APARTTYPE="2" OPERTYPEID="10" PREVID="0" NEXTID="0" UPDATEDATE="2025-10-30" STARTDATE="2025-10-30" ENDDATE="2079-06-06" ISACTUAL="1" ISACTIVE="1" /><APARTMENT ID="112037590" OBJECTID="175609729" OBJECTGUID="985f01f7-bb2f-48d7-9ff7-50cbad26dac2" CHANGEID="691483333" NUMBER="31" APARTTYPE="2" OPERTYPEID="10" PREVID="0" NEXTID="0" UPDATEDATE="2025-10-30" STARTDATE="2025-10-30" ENDDATE="2079-06-06" ISACTUAL="1" ISACTIVE="1" /><APARTMENT ID="112037591" OBJECTID="175609730" OBJECTGUID="6a268034-883c-4a51-a2d3-a5e60744e895" CHANGEID="691483334" NUMBER="30" APARTTYPE="2" OPERTYPEID="10" PREVID="0" NEXTID="0" UPDATEDATE="2025-10-30" STARTDATE="2025-10-30" ENDDATE="2079-06-06" ISACTUAL="1" ISACTIVE="1" /><APARTMENT ID="112037592" OBJECTID="175609731" OBJECTGUID="5ba47a45-d30f-4d2b-a98d-84b00088f2a8" CHANGEID="691483335" NUMBER="29" APARTTYPE="2" OPERTYPEID="10" PREVID="0" NEXTID="0" UPDATEDATE="2025-10-30" STARTDATE="2025-10-30" ENDDATE="2079-06-06" ISACTUAL="1" ISACTIVE="1" /><APARTMENT ID="112037593" OBJECTID="175609732" OBJECTGUID="96654966-adff-46fe-8329-98bd4b2229e0" CHANGEID="691483336" NUMBER="28" APARTTYPE="2" OPERTYPEID="10" PREVID="0" NEXTID="0" UPDATEDATE="2025-10-30" STARTDATE="2025-10-30" ENDDATE="2079-06-06" ISACTUAL="1" ISACTIVE="1" /><APARTMENT ID="112037594" OBJECTID="175609733" OBJECTGUID="159e2d14-85c5-4e83-b70d-693158d361d2" CHANGEID="691483337" NUMBER="27" APARTTYPE="2" OPERTYPEID="10" PREVID="0" NEXTID="0" UPDATEDATE="2025-10-30" STARTDATE="2025-10-30" ENDDATE="2079-06-06" ISACTUAL="1" ISACTIVE="1" /><APARTMENT ID="112037595" OBJECTID="175609734" OBJECTGUID="e84474df-d143-47da-a0d5-4061d8e60c80" CHANGEID="691483338" NUMBER="26" APARTTYPE="2" OPERTYPEID="10" PREVID="0" NEXTID="0" UPDATEDATE="2025-10-30" STARTDATE="2025-10-30" ENDDATE="2079-06-06" ISACTUAL="1" ISACTIVE="1" /><APARTMENT ID="112037596" OBJECTID="175609735" OBJECTGUID="204de890-6375-4183-999d-e76bf32658f7" CHANGEID="691483339" NUMBER="5" APARTTYPE="2" OPERTYPEID="10" PREVID="0" NEXTID="0" UPDATEDATE="2025-10-30" STARTDATE="2025-10-30" ENDDATE="2079-06-06" ISACTUAL="1" ISACTIVE="1" /><APARTMENT ID="112037597" OBJECTID="175609736" OBJECTGUID="dca8c900-90be-4a48-8737-51802e842350" CHANGEID="691483340" NUMBER="4" APARTTYPE="2" OPERTYPEID="10" PREVID="0" NEXTID="0" UPDATEDATE="2025-10-30" STARTDATE="2025-10-30" ENDDATE="2079-06-06" ISACTUAL="1" ISACTIVE="1" /><APARTMENT ID="112037598" OBJECTID="175609737" OBJECTGUID="13447de8-f298-4b16-8e7b-cc44c03074fc" CHANGEID="691483341" NUMBER="3" APARTTYPE="2" OPERTYPEID="10" PREVID="0" NEXTID="0" UPDATEDATE="2025-10-30" STARTDATE="2025-10-30" ENDDATE="2079-06-06" ISACTUAL="1" ISACTIVE="1" /><APARTMENT ID="112037599" OBJECTID="175609738" OBJECTGUID="1005493c-3e1d-40c5-943d-52d9ef557fd0" CHANGEID="691483342" NUMBER="2" APARTTYPE="2" OPERTYPEID="10" PREVID="0" NEXTID="0" UPDATEDATE="2025-10-30" STARTDATE="2025-10-30" ENDDATE="2079-06-06" ISACTUAL="1" ISACTIVE="1" /><APARTMENT ID="112037600" OBJECTID="175609739" OBJECTGUID="1eeff766-d8f6-41a2-b7da-ecc113f3e580" CHANGEID="691483343" NUMBER="1" APARTTYPE="2" OPERTYPEID="10" PREVID="0" NEXTID="0" UPDATEDATE="2025-10-30" STARTDATE="2025-10-30" ENDDATE="2079-06-06" ISACTUAL="1" ISACTIVE="1" /><APARTMENT ID="112037601" OBJECTID="175609740" OBJECTGUID="35255fde-d078-4317-be05-d97d5542efa4" CHANGEID="691483344" NUMBER="25" APARTTYPE="2" OPERTYPEID="10" PREVID="0" NEXTID="0" UPDATEDATE="2025-10-30" STARTDATE="2025-10-30" ENDDATE="2079-06-06" ISACTUAL="1" ISACTIVE="1" /><APARTMENT ID="112037602" OBJECTID="175609741" OBJECTGUID="0745a51a-b71a-4d37-a075-889f602f7e70" CHANGEID="691483345" NUMBER="24" APARTTYPE="2" OPERTYPEID="10" PREVID="0" NEXTID="0" UPDATEDATE="2025-10-30" STARTDATE="2025-10-30" ENDDATE="2079-06-06" ISACTUAL="1" ISACTIVE="1" /><APARTMENT ID="112037603" OBJECTID="175609742" OBJECTGUID="75491cb7-8643-4afc-aed4-8f82b29f7cda" CHANGEID="691483346" NUMBER="23" APARTTYPE="2" OPERTYPEID="10" PREVID="0" NEXTID="0" UPDATEDATE="2025-10-30" STARTDATE="2025-10-30" ENDDATE="2079-06-06" ISACTUAL="1" ISACTIVE="1" /><APARTMENT ID="112037604" OBJECTID="175609743" OBJECTGUID="0d602732-8e24-4e04-957c-393f2dfaf780" CHANGEID="691483347" NUMBER="22" APARTTYPE="2" OPERTYPEID="10" PREVID="0" NEXTID="0" UPDATEDATE="2025-10-30" STARTDATE="2025-10-30" ENDDATE="2079-06-06" ISACTUAL="1" ISACTIVE="1" /><APARTMENT ID="112037605" OBJECTID="175609744" OBJECTGUID="e6e783f7-3a5d-41b1-a113-7aa6613dd302" CHANGEID="691483348" NUMBER="21" APARTTYPE="2" OPERTYPEID="10" PREVID="0" NEXTID="0" UPDATEDATE="2025-10-30" STARTDATE="2025-10-30" ENDDATE="2079-06-06" ISACTUAL="1" ISACTIVE="1" /><APARTMENT ID="112037606" OBJECTID="175609745" OBJECTGUID="04efd191-c833-434d-812d-bf17e2d14a9f" CHANGEID="691483349" NUMBER="20" APARTTYPE="2" OPERTYPEID="10" PREVID="0" NEXTID="0" UPDATEDATE="2025-10-30" STARTDATE="2025-10-30" ENDDATE="2079-06-06" ISACTUAL="1" ISACTIVE="1" /><APARTMENT ID="112037607" OBJECTID="175609746" OBJECTGUID="cbefdc03-8c34-4079-83ca-c48fba22db73" CHANGEID="691483350" NUMBER="19" APARTTYPE="2" OPERTYPEID="10" PREVID="0" NEXTID="0" UPDATEDATE="2025-10-30" STARTDATE="2025-10-30" ENDDATE="2079-06-06" ISACTUAL="1" ISACTIVE="1" /><APARTMENT ID="112037608" OBJECTID="175609747" OBJECTGUID="d19424e8-c9bd-456c-b58b-98c9458aa55c" CHANGEID="691483351" NUMBER="18" APARTTYPE="2" OPERTYPEID="10" PREVID="0" NEXTID="0" UPDATEDATE="2025-10-30" STARTDATE="2025-10-30" ENDDATE="2079-06-06" ISACTUAL="1" ISACTIVE="1" /><APARTMENT ID="112037609" OBJECTID="175609748" OBJECTGUID="403aa365-9a79-45eb-98ef-2f70ba725dde" CHANGEID="691483352" NUMBER="17" APARTTYPE="2" OPERTYPEID="10" PREVID="0" NEXTID="0" UPDATEDATE="2025-10-30" STARTDATE="2025-10-30" ENDDATE="2079-06-06" ISACTUAL="1" ISACTIVE="1" /><APARTMENT ID="112037610" OBJECTID="175609749" OBJECTGUID="6d454ab9-4754-4eb3-b363-4b1a335b1b51" CHANGEID="691483353" NUMBER="16" APARTTYPE="2" OPERTYPEID="10" PREVID="0" NEXTID="0" UPDATEDATE="2025-10-30" STARTDATE="2025-10-30" ENDDATE="2079-06-06" ISACTUAL="1" ISACTIVE="1" /><APARTMENT ID="112037611" OBJECTID="175609750" OBJECTGUID="297b9869-8b47-45a5-b3d2-da222c7e8584" CHANGEID="691483354" NUMBER="15" APARTTYPE="2" OPERTYPEID="10" PREVID="0" NEXTID="0" UPDATEDATE="2025-10-30" STARTDATE="2025-10-30" ENDDATE="2079-06-06" ISACTUAL="1" ISACTIVE="1" /><APARTMENT ID="112037612" OBJECTID="175609751" OBJECTGUID="9ec6c084-7359-4ec2-b6e8-d2ebea4842e7" CHANGEID="691483355" NUMBER="14" APARTTYPE="2" OPERTYPEID="10" PREVID="0" NEXTID="0" UPDATEDATE="2025-10-30" STARTDATE="2025-10-30" ENDDATE="2079-06-06" ISACTUAL="1" ISACTIVE="1" /><APARTMENT ID="112037613" OBJECTID="175609752" OBJECTGUID="b0980fd2-486f-4d82-885a-46376cd660d9" CHANGEID="691483356" NUMBER="13" APARTTYPE="2" OPERTYPEID="10" PREVID="0" NEXTID="0" UPDATEDATE="2025-10-30" STARTDATE="2025-10-30" ENDDATE="2079-06-06" ISACTUAL="1" ISACTIVE="1" /><APARTMENT ID="112037614" OBJECTID="175609753" OBJECTGUID="29f96c01-6dbd-47ca-9bb4-335facd8a0c6" CHANGEID="691483357" NUMBER="12" APARTTYPE="2" OPERTYPEID="10" PREVID="0" NEXTID="0" UPDATEDATE="2025-10-30" STARTDATE="2025-10-30" ENDDATE="2079-06-06" ISACTUAL="1" ISACTIVE="1" /><APARTMENT ID="112037615" OBJECTID="175609754" OBJECTGUID="d13cea22-207a-4f5c-93cd-a7abcfb6519f" CHANGEID="691483358" NUMBER="11" APARTTYPE="2" OPERTYPEID="10" PREVID="0" NEXTID="0" UPDATEDATE="2025-10-30" STARTDATE="2025-10-30" ENDDATE="2079-06-06" ISACTUAL="1" ISACTIVE="1" /><APARTMENT ID="112037616" OBJECTID="175609755" OBJECTGUID="cd0693b2-b138-4aae-898c-40c6e124d677" CHANGEID="691483359" NUMBER="10" APARTTYPE="2" OPERTYPEID="10" PREVID="0" NEXTID="0" UPDATEDATE="2025-10-30" STARTDATE="2025-10-30" ENDDATE="2079-06-06" ISACTUAL="1" ISACTIVE="1" /><APARTMENT ID="112037617" OBJECTID="175609756" OBJECTGUID="5e390eb9-1172-4fa4-957b-3563ad3e16e8" CHANGEID="691483360" NUMBER="9" APARTTYPE="2" OPERTYPEID="10" PREVID="0" NEXTID="0" UPDATEDATE="2025-10-30" STARTDATE="2025-10-30" ENDDATE="2079-06-06" ISACTUAL="1" ISACTIVE="1" /><APARTMENT ID="112037618" OBJECTID="175609757" OBJECTGUID="e54695fc-5265-47cf-a375-d35b9d83eb0d" CHANGEID="691483361" NUMBER="8" APARTTYPE="2" OPERTYPEID="10" PREVID="0" NEXTID="0" UPDATEDATE="2025-10-30" STARTDATE="2025-10-30" ENDDATE="2079-06-06" ISACTUAL="1" ISACTIVE="1" /><APARTMENT ID="112037619" OBJECTID="175609758" OBJECTGUID="65d3e9e7-973f-4dda-93b9-2f4796534d9e" CHANGEID="691483362" NUMBER="7" APARTTYPE="2" OPERTYPEID="10" PREVID="0" NEXTID="0" UPDATEDATE="2025-10-30" STARTDATE="2025-10-30" ENDDATE="2079-06-06" ISACTUAL="1" ISACTIVE="1" /><APARTMENT ID="112037620" OBJECTID="175609759" OBJECTGUID="a6567ec9-8395-43b0-b080-f420533c6fa3" CHANGEID="691483363" NUMBER="6" APARTTYPE="2" OPERTYPEID="10" PREVID="0" NEXTID="0" UPDATEDATE="2025-10-30" STARTDATE="2025-10-30" ENDDATE="2079-06-06" ISACTUAL="1" ISACTIVE="1" /><APARTMENT ID="112037839" OBJECTID="175610641" OBJECTGUID="ef5e9489-8646-466d-887a-67d0e35c8c7d" CHANGEID="691485051" NUMBER="4" APARTTYPE="2" OPERTYPEID="10" PREVID="0" NEXTID="0" UPDATEDATE="2025-10-30" STARTDATE="2025-10-30" ENDDATE="2079-06-06" ISACTUAL="1" ISACTIVE="1" /><APARTMENT ID="112037840" OBJECTID="175610642" OBJECTGUID="5258fd7e-6608-4fa0-9951-3e8478996721" CHANGEID="691485052" NUMBER="3" APARTTYPE="2" OPERTYPEID="10" PREVID="0" NEXTID="0" UPDATEDATE="2025-10-30" STARTDATE="2025-10-30" ENDDATE="2079-06-06" ISACTUAL="1" ISACTIVE="1" /><APARTMENT ID="112037952" OBJECTID="75663134" OBJECTGUID="272ea24b-387e-4b82-b476-53460eb82c35" CHANGEID="691487064" NUMBER="3" APARTTYPE="2" OPERTYPEID="30" PREVID="45219922" NEXTID="0" UPDATEDATE="2025-10-30" STARTDATE="2025-10-30" ENDDATE="2079-06-06" ISACTUAL="1" ISACTIVE="0" /><APARTMENT ID="112037953" OBJECTID="75663154" OBJECTGUID="f20db85a-2bae-4d5d-bfd5-c9553cf2e1f6" CHANGEID="691487065" NUMBER="2" APARTTYPE="2" OPERTYPEID="30" PREVID="45219941" NEXTID="0" UPDATEDATE="2025-10-30" STARTDATE="2025-10-30" ENDDATE="2079-06-06" ISACTUAL="1" ISACTIVE="0" /><APARTMENT ID="112039100" OBJECTID="175613740" OBJECTGUID="47b54621-5f7c-4399-bb2e-53bdb9db884a" CHANGEID="691490101" NUMBER="4" APARTTYPE="2" OPERTYPEID="10" PREVID="0" NEXTID="0" UPDATEDATE="2025-10-30" STARTDATE="2025-10-30" ENDDATE="2079-06-06" ISACTUAL="1" ISACTIVE="1" /><APARTMENT ID="112045546" OBJECTID="156877319" OBJECTGUID="d4a7acef-899b-4e3f-adfa-d1803ffa51d7" CHANGEID="691519905" NUMBER="1" APARTTYPE="1" OPERTYPEID="20" PREVID="104590180" UPDATEDATE="2025-10-31" STARTDATE="2025-10-31" ENDDATE="2079-06-06" ISACTUAL="1" ISACTIVE="1" /><APARTMENT ID="104590180" OBJECTID="156877319" OBJECTGUID="d4a7acef-899b-4e3f-adfa-d1803ffa51d7" CHANGEID="461292971" NUMBER="ОИ1" APARTTYPE="1" OPERTYPEID="10" PREVID="0" NEXTID="112045546" UPDATEDATE="2025-10-31" STARTDATE="2022-11-03" ENDDATE="2025-10-31" ISACTUAL="0" ISACTIVE="0" /><APARTMENT ID="112045603" OBJECTID="175632291" OBJECTGUID="17ceac6a-eed4-4477-89f7-ca90b3063a68" CHANGEID="691520184" NUMBER="3А" APARTTYPE="1" OPERTYPEID="10" PREVID="0" NEXTID="0" UPDATEDATE="2025-10-31" STARTDATE="2025-10-31" ENDDATE="2079-06-06" ISACTUAL="1" ISACTIVE="1" /><APARTMENT ID="112045604" OBJECTID="175632292" OBJECTGUID="b9956a38-34dd-41be-b6a1-7256c73b93ff" CHANGEID="691520185" NUMBER="2А" APARTTYPE="1" OPERTYPEID="10" PREVID="0" NEXTID="0" UPDATEDATE="2025-10-31" STARTDATE="2025-10-31" ENDDATE="2079-06-06" ISACTUAL="1" ISACTIVE="1" /><APARTMENT ID="112045605" OBJECTID="175632293" OBJECTGUID="d5a71ff6-c1e4-4474-8560-50bdf364e049" CHANGEID="691520186" NUMBER="8" APARTTYPE="1" OPERTYPEID="10" PREVID="0" NEXTID="0" UPDATEDATE="2025-10-31" STARTDATE="2025-10-31" ENDDATE="2079-06-06" ISACTUAL="1" ISACTIVE="1" /><APARTMENT ID="112045606" OBJECTID="175632294" OBJECTGUID="21009393-ee54-4fb3-81dd-515295fdecb6" CHANGEID="691520187" NUMBER="7" APARTTYPE="1" OPERTYPEID="10" PREVID="0" NEXTID="0" UPDATEDATE="2025-10-31" STARTDATE="2025-10-31" ENDDATE="2079-06-06" ISACTUAL="1" ISACTIVE="1" /><APARTMENT ID="112045607" OBJECTID="175632295" OBJECTGUID="bd61f50f-dd1f-4f3d-aa94-bc04f037f49f" CHANGEID="691520188" NUMBER="6" APARTTYPE="1" OPERTYPEID="10" PREVID="0" NEXTID="0" UPDATEDATE="2025-10-31" STARTDATE="2025-10-31" ENDDATE="2079-06-06" ISACTUAL="1" ISACTIVE="1" /><APARTMENT ID="112045608" OBJECTID="175632296" OBJECTGUID="d9e57778-637d-4d2b-a4bc-09aa34663a89" CHANGEID="691520189" NUMBER="5" APARTTYPE="1" OPERTYPEID="10" PREVID="0" NEXTID="0" UPDATEDATE="2025-10-31" STARTDATE="2025-10-31" ENDDATE="2079-06-06" ISACTUAL="1" ISACTIVE="1" /><APARTMENT ID="112045609" OBJECTID="175632297" OBJECTGUID="118c803e-0c00-4485-9a33-48ed6646b369" CHANGEID="691520190" NUMBER="4" APARTTYPE="1" OPERTYPEID="10" PREVID="0" NEXTID="0" UPDATEDATE="2025-10-31" STARTDATE="2025-10-31" ENDDATE="2079-06-06" ISACTUAL="1" ISACTIVE="1" /><APARTMENT ID="112045610" OBJECTID="175632298" OBJECTGUID="8e54a26d-ad1e-481d-8884-e258698d3f7d" CHANGEID="691520191" NUMBER="3" APARTTYPE="1" OPERTYPEID="10" PREVID="0" NEXTID="0" UPDATEDATE="2025-10-31" STARTDATE="2025-10-31" ENDDATE="2079-06-06" ISACTUAL="1" ISACTIVE="1" /><APARTMENT ID="112045611" OBJECTID="175632299" OBJECTGUID="ba516d9b-8cb0-4136-b917-5bf3cdc0440f" CHANGEID="691520192" NUMBER="2" APARTTYPE="1" OPERTYPEID="10" PREVID="0" NEXTID="0" UPDATEDATE="2025-10-31" STARTDATE="2025-10-31" ENDDATE="2079-06-06" ISACTUAL="1" ISACTIVE="1" /><APARTMENT ID="112045612" OBJECTID="175632300" OBJECTGUID="674d3b0d-5acf-4d7d-a00d-0102b74d5169" CHANGEID="691520193" NUMBER="1" APARTTYPE="1" OPERTYPEID="10" PREVID="0" NEXTID="0" UPDATEDATE="2025-10-31" STARTDATE="2025-10-31" ENDDATE="2079-06-06" ISACTUAL="1" ISACTIVE="1" /><APARTMENT ID="112045613" OBJECTID="175632301" OBJECTGUID="1c5942f0-608b-4b17-b485-b2d23ec7bf04" CHANGEID="691520194" NUMBER="1А" APARTTYPE="1" OPERTYPEID="10" PREVID="0" NEXTID="0" UPDATEDATE="2025-10-31" STARTDATE="2025-10-31" ENDDATE="2079-06-06" ISACTUAL="1" ISACTIVE="1" /><APARTMENT ID="112045614" OBJECTID="175632302" OBJECTGUID="b9e1c7a2-6a4a-4cee-940a-8e173996a910" CHANGEID="691520195" NUMBER="44" APARTTYPE="1" OPERTYPEID="10" PREVID="0" NEXTID="0" UPDATEDATE="2025-10-31" STARTDATE="2025-10-31" ENDDATE="2079-06-06" ISACTUAL="1" ISACTIVE="1" /><APARTMENT ID="112045615" OBJECTID="175632303" OBJECTGUID="31770c2a-1015-44a7-846c-6c4a77c26919" CHANGEID="691520196" NUMBER="43" APARTTYPE="1" OPERTYPEID="10" PREVID="0" NEXTID="0" UPDATEDATE="2025-10-31" STARTDATE="2025-10-31" ENDDATE="2079-06-06" ISACTUAL="1" ISACTIVE="1" /><APARTMENT ID="112045616" OBJECTID="175632304" OBJECTGUID="7a020b81-de9d-4cce-a69f-a0a708904672" CHANGEID="691520197" NUMBER="42" APARTTYPE="1" OPERTYPEID="10" PREVID="0" NEXTID="0" UPDATEDATE="2025-10-31" STARTDATE="2025-10-31" ENDDATE="2079-06-06" ISACTUAL="1" ISACTIVE="1" /><APARTMENT ID="112045617" OBJECTID="175632305" OBJECTGUID="3052e08a-28e5-48d4-9167-be1d52e19f33" CHANGEID="691520198" NUMBER="41" APARTTYPE="1" OPERTYPEID="10" PREVID="0" NEXTID="0" UPDATEDATE="2025-10-31" STARTDATE="2025-10-31" ENDDATE="2079-06-06" ISACTUAL="1" ISACTIVE="1" /><APARTMENT ID="112045618" OBJECTID="175632306" OBJECTGUID="255ee4b5-9094-4aab-8820-28d4dd2fd9a0" CHANGEID="691520199" NUMBER="40" APARTTYPE="1" OPERTYPEID="10" PREVID="0" NEXTID="0" UPDATEDATE="2025-10-31" STARTDATE="2025-10-31" ENDDATE="2079-06-06" ISACTUAL="1" ISACTIVE="1" /><APARTMENT ID="112045619" OBJECTID="175632307" OBJECTGUID="190e6044-8921-4069-889c-dd44588be76a" CHANGEID="691520200" NUMBER="39" APARTTYPE="1" OPERTYPEID="10" PREVID="0" NEXTID="0" UPDATEDATE="2025-10-31" STARTDATE="2025-10-31" ENDDATE="2079-06-06" ISACTUAL="1" ISACTIVE="1" /><APARTMENT ID="112045620" OBJECTID="175632308" OBJECTGUID="e2284277-d10b-4265-b247-73afe56e3eb6" CHANGEID="691520201" NUMBER="38" APARTTYPE="1" OPERTYPEID="10" PREVID="0" NEXTID="0" UPDATEDATE="2025-10-31" STARTDATE="2025-10-31" ENDDATE="2079-06-06" ISACTUAL="1" ISACTIVE="1" /><APARTMENT ID="112045621" OBJECTID="175632309" OBJECTGUID="e2dcad76-e74a-4c0b-941d-e00151c7106f" CHANGEID="691520202" NUMBER="37" APARTTYPE="1" OPERTYPEID="10" PREVID="0" NEXTID="0" UPDATEDATE="2025-10-31" STARTDATE="2025-10-31" ENDDATE="2079-06-06" ISACTUAL="1" ISACTIVE="1" /><APARTMENT ID="112045622" OBJECTID="175632310" OBJECTGUID="d865e1d4-57c5-443b-bac6-94a485999262" CHANGEID="691520203" NUMBER="36" APARTTYPE="1" OPERTYPEID="10" PREVID="0" NEXTID="0" UPDATEDATE="2025-10-31" STARTDATE="2025-10-31" ENDDATE="2079-06-06" ISACTUAL="1" ISACTIVE="1" /><APARTMENT ID="112045623" OBJECTID="175632311" OBJECTGUID="536cdd67-c484-4232-8891-6520bd51af78" CHANGEID="691520204" NUMBER="35" APARTTYPE="1" OPERTYPEID="10" PREVID="0" NEXTID="0" UPDATEDATE="2025-10-31" STARTDATE="2025-10-31" ENDDATE="2079-06-06" ISACTUAL="1" ISACTIVE="1" /><APARTMENT ID="112045624" OBJECTID="175632312" OBJECTGUID="059ea916-07e4-420f-b207-46a2f18bc25b" CHANGEID="691520205" NUMBER="34" APARTTYPE="1" OPERTYPEID="10" PREVID="0" NEXTID="0" UPDATEDATE="2025-10-31" STARTDATE="2025-10-31" ENDDATE="2079-06-06" ISACTUAL="1" ISACTIVE="1" /><APARTMENT ID="112045625" OBJECTID="175632313" OBJECTGUID="965ce6e7-0fa1-43f5-ad45-84a261df338f" CHANGEID="691520206" NUMBER="33" APARTTYPE="1" OPERTYPEID="10" PREVID="0" NEXTID="0" UPDATEDATE="2025-10-31" STARTDATE="2025-10-31" ENDDATE="2079-06-06" ISACTUAL="1" ISACTIVE="1" /><APARTMENT ID="112045626" OBJECTID="175632314" OBJECTGUID="f1d4973a-020d-4d8d-8c88-bfd823c45d30" CHANGEID="691520207" NUMBER="32" APARTTYPE="1" OPERTYPEID="10" PREVID="0" NEXTID="0" UPDATEDATE="2025-10-31" STARTDATE="2025-10-31" ENDDATE="2079-06-06" ISACTUAL="1" ISACTIVE="1" /><APARTMENT ID="112045627" OBJECTID="175632315" OBJECTGUID="6a6a93a8-fe6c-4326-bd0a-8eab13ff4330" CHANGEID="691520208" NUMBER="31" APARTTYPE="1" OPERTYPEID="10" PREVID="0" NEXTID="0" UPDATEDATE="2025-10-31" STARTDATE="2025-10-31" ENDDATE="2079-06-06" ISACTUAL="1" ISACTIVE="1" /><APARTMENT ID="112045628" OBJECTID="175632316" OBJECTGUID="f809fe79-f387-416d-bdf3-5d27c31c337e" CHANGEID="691520209" NUMBER="30" APARTTYPE="1" OPERTYPEID="10" PREVID="0" NEXTID="0" UPDATEDATE="2025-10-31" STARTDATE="2025-10-31" ENDDATE="2079-06-06" ISACTUAL="1" ISACTIVE="1" /><APARTMENT ID="112045629" OBJECTID="175632317" OBJECTGUID="fb8b59cc-fedd-49a1-8996-9c6fe6bf8aee" CHANGEID="691520210" NUMBER="29" APARTTYPE="1" OPERTYPEID="10" PREVID="0" NEXTID="0" UPDATEDATE="2025-10-31" STARTDATE="2025-10-31" ENDDATE="2079-06-06" ISACTUAL="1" ISACTIVE="1" /><APARTMENT ID="112045630" OBJECTID="175632318" OBJECTGUID="fac8770c-fd91-49a5-a1aa-9f389dd61a64" CHANGEID="691520211" NUMBER="28" APARTTYPE="1" OPERTYPEID="10" PREVID="0" NEXTID="0" UPDATEDATE="2025-10-31" STARTDATE="2025-10-31" ENDDATE="2079-06-06" ISACTUAL="1" ISACTIVE="1" /><APARTMENT ID="112045631" OBJECTID="175632319" OBJECTGUID="c5439b3f-3443-4c4d-9799-02e0c8f0be22" CHANGEID="691520212" NUMBER="27" APARTTYPE="1" OPERTYPEID="10" PREVID="0" NEXTID="0" UPDATEDATE="2025-10-31" STARTDATE="2025-10-31" ENDDATE="2079-06-06" ISACTUAL="1" ISACTIVE="1" /><APARTMENT ID="112045632" OBJECTID="175632320" OBJECTGUID="d4164335-1159-42b1-ad2d-50c33984f994" CHANGEID="691520213" NUMBER="26" APARTTYPE="1" OPERTYPEID="10" PREVID="0" NEXTID="0" UPDATEDATE="2025-10-31" STARTDATE="2025-10-31" ENDDATE="2079-06-06" ISACTUAL="1" ISACTIVE="1" /><APARTMENT ID="112045633" OBJECTID="175632321" OBJECTGUID="e9b1e2ac-6b7a-489a-b33a-2b0c90ea08c5" CHANGEID="691520214" NUMBER="25" APARTTYPE="1" OPERTYPEID="10" PREVID="0" NEXTID="0" UPDATEDATE="2025-10-31" STARTDATE="2025-10-31" ENDDATE="2079-06-06" ISACTUAL="1" ISACTIVE="1" /><APARTMENT ID="112045634" OBJECTID="175632322" OBJECTGUID="1a28822b-0450-4406-bfe0-2b26ae9066ea" CHANGEID="691520215" NUMBER="24" APARTTYPE="1" OPERTYPEID="10" PREVID="0" NEXTID="0" UPDATEDATE="2025-10-31" STARTDATE="2025-10-31" ENDDATE="2079-06-06" ISACTUAL="1" ISACTIVE="1" /><APARTMENT ID="112045635" OBJECTID="175632323" OBJECTGUID="8162117a-b364-4998-b152-289127228cd1" CHANGEID="691520216" NUMBER="23" APARTTYPE="1" OPERTYPEID="10" PREVID="0" NEXTID="0" UPDATEDATE="2025-10-31" STARTDATE="2025-10-31" ENDDATE="2079-06-06" ISACTUAL="1" ISACTIVE="1" /><APARTMENT ID="112045636" OBJECTID="175632324" OBJECTGUID="b541e28f-aa0e-4570-aaff-e4169e7a2293" CHANGEID="691520217" NUMBER="22" APARTTYPE="1" OPERTYPEID="10" PREVID="0" NEXTID="0" UPDATEDATE="2025-10-31" STARTDATE="2025-10-31" ENDDATE="2079-06-06" ISACTUAL="1" ISACTIVE="1" /><APARTMENT ID="112045637" OBJECTID="175632325" OBJECTGUID="28539c7c-4722-481d-9f07-e513ebad65b0" CHANGEID="691520218" NUMBER="21" APARTTYPE="1" OPERTYPEID="10" PREVID="0" NEXTID="0" UPDATEDATE="2025-10-31" STARTDATE="2025-10-31" ENDDATE="2079-06-06" ISACTUAL="1" ISACTIVE="1" /><APARTMENT ID="112045638" OBJECTID="175632326" OBJECTGUID="8b0431f5-f4a2-4839-953e-0a526c9d2c02" CHANGEID="691520219" NUMBER="20" APARTTYPE="1" OPERTYPEID="10" PREVID="0" NEXTID="0" UPDATEDATE="2025-10-31" STARTDATE="2025-10-31" ENDDATE="2079-06-06" ISACTUAL="1" ISACTIVE="1" /><APARTMENT ID="112045639" OBJECTID="175632327" OBJECTGUID="85999f1f-e194-4d00-81f7-fd0b076a4a23" CHANGEID="691520220" NUMBER="19" APARTTYPE="1" OPERTYPEID="10" PREVID="0" NEXTID="0" UPDATEDATE="2025-10-31" STARTDATE="2025-10-31" ENDDATE="2079-06-06" ISACTUAL="1" ISACTIVE="1" /><APARTMENT ID="112045640" OBJECTID="175632328" OBJECTGUID="be1e8424-d7e0-4392-95b6-fbfe65c32e0d" CHANGEID="691520221" NUMBER="18" APARTTYPE="1" OPERTYPEID="10" PREVID="0" NEXTID="0" UPDATEDATE="2025-10-31" STARTDATE="2025-10-31" ENDDATE="2079-06-06" ISACTUAL="1" ISACTIVE="1" /><APARTMENT ID="112045641" OBJECTID="175632329" OBJECTGUID="76c950d1-0657-47c5-92ec-4ff27b01e67d" CHANGEID="691520222" NUMBER="17" APARTTYPE="1" OPERTYPEID="10" PREVID="0" NEXTID="0" UPDATEDATE="2025-10-31" STARTDATE="2025-10-31" ENDDATE="2079-06-06" ISACTUAL="1" ISACTIVE="1" /><APARTMENT ID="112045642" OBJECTID="175632330" OBJECTGUID="2c0d072a-80cf-4abc-8d1b-44a07e4d18a6" CHANGEID="691520223" NUMBER="16" APARTTYPE="1" OPERTYPEID="10" PREVID="0" NEXTID="0" UPDATEDATE="2025-10-31" STARTDATE="2025-10-31" ENDDATE="2079-06-06" ISACTUAL="1" ISACTIVE="1" /><APARTMENT ID="112045643" OBJECTID="175632331" OBJECTGUID="85bd17bc-e80f-45f4-8961-efc4d6f93625" CHANGEID="691520224" NUMBER="15" APARTTYPE="1" OPERTYPEID="10" PREVID="0" NEXTID="0" UPDATEDATE="2025-10-31" STARTDATE="2025-10-31" ENDDATE="2079-06-06" ISACTUAL="1" ISACTIVE="1" /><APARTMENT ID="112045644" OBJECTID="175632332" OBJECTGUID="3d1b4a3a-f574-475c-892c-905f97d1830a" CHANGEID="691520225" NUMBER="14" APARTTYPE="1" OPERTYPEID="10" PREVID="0" NEXTID="0" UPDATEDATE="2025-10-31" STARTDATE="2025-10-31" ENDDATE="2079-06-06" ISACTUAL="1" ISACTIVE="1" /><APARTMENT ID="112045645" OBJECTID="175632333" OBJECTGUID="a696a7b2-e333-4b72-a11d-f0a2a782a274" CHANGEID="691520226" NUMBER="13" APARTTYPE="1" OPERTYPEID="10" PREVID="0" NEXTID="0" UPDATEDATE="2025-10-31" STARTDATE="2025-10-31" ENDDATE="2079-06-06" ISACTUAL="1" ISACTIVE="1" /><APARTMENT ID="112045646" OBJECTID="175632334" OBJECTGUID="3439f11f-8aee-49db-972e-8b581c9c1930" CHANGEID="691520227" NUMBER="12" APARTTYPE="1" OPERTYPEID="10" PREVID="0" NEXTID="0" UPDATEDATE="2025-10-31" STARTDATE="2025-10-31" ENDDATE="2079-06-06" ISACTUAL="1" ISACTIVE="1" /><APARTMENT ID="112045647" OBJECTID="175632335" OBJECTGUID="aa6572ee-8a80-4023-9aec-e30ccb18ad97" CHANGEID="691520228" NUMBER="11" APARTTYPE="1" OPERTYPEID="10" PREVID="0" NEXTID="0" UPDATEDATE="2025-10-31" STARTDATE="2025-10-31" ENDDATE="2079-06-06" ISACTUAL="1" ISACTIVE="1" /><APARTMENT ID="112045648" OBJECTID="175632336" OBJECTGUID="10f493e9-4cbf-47e9-98bf-936a00dd5569" CHANGEID="691520229" NUMBER="10" APARTTYPE="1" OPERTYPEID="10" PREVID="0" NEXTID="0" UPDATEDATE="2025-10-31" STARTDATE="2025-10-31" ENDDATE="2079-06-06" ISACTUAL="1" ISACTIVE="1" /><APARTMENT ID="112045649" OBJECTID="175632337" OBJECTGUID="85854a1d-2036-4bfe-bbb4-55677c882686" CHANGEID="691520230" NUMBER="9" APARTTYPE="1" OPERTYPEID="10" PREVID="0" NEXTID="0" UPDATEDATE="2025-10-31" STARTDATE="2025-10-31" ENDDATE="2079-06-06" ISACTUAL="1" ISACTIVE="1" /><APARTMENT ID="112046894" OBJECTID="100222782" OBJECTGUID="f8cabf53-8cda-4a80-a255-fdad472b2c7a" CHANGEID="691523301" NUMBER="2" APARTTYPE="2" OPERTYPEID="30" PREVID="52336249" NEXTID="0" UPDATEDATE="2025-10-31" STARTDATE="2025-10-31" ENDDATE="2079-06-06" ISACTUAL="1" ISACTIVE="0" /><APARTMENT ID="52336249" OBJECTID="100222782" OBJECTGUID="f8cabf53-8cda-4a80-a255-fdad472b2c7a" CHANGEID="175260996" NUMBER="2" APARTTYPE="2" OPERTYPEID="10" PREVID="0" NEXTID="112046894" UPDATEDATE="2025-10-31" STARTDATE="2021-02-09" ENDDATE="2025-10-31" ISACTUAL="0" ISACTIVE="0" /><APARTMENT ID="112047083" OBJECTID="175635150" OBJECTGUID="b64479d5-3536-4ced-8d82-6bb1a154c5b8" CHANGEID="691524633" NUMBER="3ОИ" APARTTYPE="1" OPERTYPEID="10" PREVID="0" NEXTID="0" UPDATEDATE="2025-10-31" STARTDATE="2025-10-31" ENDDATE="2079-06-06" ISACTUAL="1" ISACTIVE="1" /><APARTMENT ID="112047084" OBJECTID="175635151" OBJECTGUID="8e008545-27cf-4509-bb2a-838e96340cff" CHANGEID="691524634" NUMBER="27" APARTTYPE="1" OPERTYPEID="10" PREVID="0" NEXTID="0" UPDATEDATE="2025-10-31" STARTDATE="2025-10-31" ENDDATE="2079-06-06" ISACTUAL="1" ISACTIVE="1" /><APARTMENT ID="112047085" OBJECTID="175635152" OBJECTGUID="2cb52bba-bd95-487f-b91a-0687db9e0bde" CHANGEID="691524635" NUMBER="26" APARTTYPE="1" OPERTYPEID="10" PREVID="0" NEXTID="0" UPDATEDATE="2025-10-31" STARTDATE="2025-10-31" ENDDATE="2079-06-06" ISACTUAL="1" ISACTIVE="1" /><APARTMENT ID="112047086" OBJECTID="175635153" OBJECTGUID="11c210c3-499a-48d6-b55c-1d251777a7ca" CHANGEID="691524636" NUMBER="25" APARTTYPE="1" OPERTYPEID="10" PREVID="0" NEXTID="0" UPDATEDATE="2025-10-31" STARTDATE="2025-10-31" ENDDATE="2079-06-06" ISACTUAL="1" ISACTIVE="1" /><APARTMENT ID="112047087" OBJECTID="175635154" OBJECTGUID="ab58311d-e980-4e9c-93be-9c9b5280b28a" CHANGEID="691524637" NUMBER="24" APARTTYPE="1" OPERTYPEID="10" PREVID="0" NEXTID="0" UPDATEDATE="2025-10-31" STARTDATE="2025-10-31" ENDDATE="2079-06-06" ISACTUAL="1" ISACTIVE="1" /><APARTMENT ID="112047088" OBJECTID="175635155" OBJECTGUID="6506e370-4549-4a0e-9166-9822a842c6ca" CHANGEID="691524638" NUMBER="23" APARTTYPE="1" OPERTYPEID="10" PREVID="0" NEXTID="0" UPDATEDATE="2025-10-31" STARTDATE="2025-10-31" ENDDATE="2079-06-06" ISACTUAL="1" ISACTIVE="1" /><APARTMENT ID="112047089" OBJECTID="175635156" OBJECTGUID="50a67867-5d7b-490f-a127-d14d6deb4d25" CHANGEID="691524639" NUMBER="22" APARTTYPE="1" OPERTYPEID="10" PREVID="0" NEXTID="0" UPDATEDATE="2025-10-31" STARTDATE="2025-10-31" ENDDATE="2079-06-06" ISACTUAL="1" ISACTIVE="1" /><APARTMENT ID="112047090" OBJECTID="175635157" OBJECTGUID="58a7b6a1-a867-4cf6-b0db-d6a08a9d223c" CHANGEID="691524640" NUMBER="21" APARTTYPE="1" OPERTYPEID="10" PREVID="0" NEXTID="0" UPDATEDATE="2025-10-31" STARTDATE="2025-10-31" ENDDATE="2079-06-06" ISACTUAL="1" ISACTIVE="1" /><APARTMENT ID="112047091" OBJECTID="175635158" OBJECTGUID="e6dd36a8-7437-4479-903e-61ab15129d33" CHANGEID="691524641" NUMBER="20" APARTTYPE="1" OPERTYPEID="10" PREVID="0" NEXTID="0" UPDATEDATE="2025-10-31" STARTDATE="2025-10-31" ENDDATE="2079-06-06" ISACTUAL="1" ISACTIVE="1" /><APARTMENT ID="112047092" OBJECTID="175635159" OBJECTGUID="ec571634-4106-4418-9055-86054862a997" CHANGEID="691524642" NUMBER="19" APARTTYPE="1" OPERTYPEID="10" PREVID="0" NEXTID="0" UPDATEDATE="2025-10-31" STARTDATE="2025-10-31" ENDDATE="2079-06-06" ISACTUAL="1" ISACTIVE="1" /><APARTMENT ID="112047093" OBJECTID="175635160" OBJECTGUID="f3ae0b73-5d45-4a91-beff-57d4b5a31349" CHANGEID="691524643" NUMBER="10" APARTTYPE="1" OPERTYPEID="10" PREVID="0" NEXTID="0" UPDATEDATE="2025-10-31" STARTDATE="2025-10-31" ENDDATE="2079-06-06" ISACTUAL="1" ISACTIVE="1" /><APARTMENT ID="112047094" OBJECTID="175635161" OBJECTGUID="663f8ef9-8bdd-462c-bd03-7720e5265186" CHANGEID="691524644" NUMBER="9" APARTTYPE="1" OPERTYPEID="10" PREVID="0" NEXTID="0" UPDATEDATE="2025-10-31" STARTDATE="2025-10-31" ENDDATE="2079-06-06" ISACTUAL="1" ISACTIVE="1" /><APARTMENT ID="112047095" OBJECTID="175635162" OBJECTGUID="1875c165-6bcc-4167-91b5-42ebfb1f9b63" CHANGEID="691524645" NUMBER="8" APARTTYPE="1" OPERTYPEID="10" PREVID="0" NEXTID="0" UPDATEDATE="2025-10-31" STARTDATE="2025-10-31" ENDDATE="2079-06-06" ISACTUAL="1" ISACTIVE="1" /><APARTMENT ID="112047096" OBJECTID="175635163" OBJECTGUID="51760ff5-850d-4063-82e4-5070fc422e86" CHANGEID="691524646" NUMBER="2ОИ" APARTTYPE="1" OPERTYPEID="10" PREVID="0" NEXTID="0" UPDATEDATE="2025-10-31" STARTDATE="2025-10-31" ENDDATE="2079-06-06" ISACTUAL="1" ISACTIVE="1" /><APARTMENT ID="112047097" OBJECTID="175635164" OBJECTGUID="32bd96aa-ad13-451d-b7c9-72858b57cab8" CHANGEID="691524647" NUMBER="1ОИ" APARTTYPE="1" OPERTYPEID="10" PREVID="0" NEXTID="0" UPDATEDATE="2025-10-31" STARTDATE="2025-10-31" ENDDATE="2079-06-06" ISACTUAL="1" ISACTIVE="1" /><APARTMENT ID="112047098" OBJECTID="175635165" OBJECTGUID="42aefceb-0908-45dc-bae6-81cab3b564ce" CHANGEID="691524648" NUMBER="18" APARTTYPE="1" OPERTYPEID="10" PREVID="0" NEXTID="0" UPDATEDATE="2025-10-31" STARTDATE="2025-10-31" ENDDATE="2079-06-06" ISACTUAL="1" ISACTIVE="1" /><APARTMENT ID="112047099" OBJECTID="175635166" OBJECTGUID="31e1ebbb-5088-4d8f-a666-bf6340728fe6" CHANGEID="691524649" NUMBER="17" APARTTYPE="1" OPERTYPEID="10" PREVID="0" NEXTID="0" UPDATEDATE="2025-10-31" STARTDATE="2025-10-31" ENDDATE="2079-06-06" ISACTUAL="1" ISACTIVE="1" /><APARTMENT ID="112047100" OBJECTID="175635167" OBJECTGUID="90ab576c-2e77-4c59-9769-3b560de88bb0" CHANGEID="691524650" NUMBER="16" APARTTYPE="1" OPERTYPEID="10" PREVID="0" NEXTID="0" UPDATEDATE="2025-10-31" STARTDATE="2025-10-31" ENDDATE="2079-06-06" ISACTUAL="1" ISACTIVE="1" /><APARTMENT ID="112047101" OBJECTID="175635168" OBJECTGUID="0b30e4f1-c880-4dd8-993e-cc1ade5c7820" CHANGEID="691524651" NUMBER="15" APARTTYPE="1" OPERTYPEID="10" PREVID="0" NEXTID="0" UPDATEDATE="2025-10-31" STARTDATE="2025-10-31" ENDDATE="2079-06-06" ISACTUAL="1" ISACTIVE="1" /><APARTMENT ID="112047102" OBJECTID="175635169" OBJECTGUID="0c59458c-261d-4556-b5ea-ea632420629a" CHANGEID="691524652" NUMBER="14" APARTTYPE="1" OPERTYPEID="10" PREVID="0" NEXTID="0" UPDATEDATE="2025-10-31" STARTDATE="2025-10-31" ENDDATE="2079-06-06" ISACTUAL="1" ISACTIVE="1" /><APARTMENT ID="112047103" OBJECTID="175635170" OBJECTGUID="1e8a1322-fb27-4c9a-b514-5b4aa24eb6d9" CHANGEID="691524653" NUMBER="13" APARTTYPE="1" OPERTYPEID="10" PREVID="0" NEXTID="0" UPDATEDATE="2025-10-31" STARTDATE="2025-10-31" ENDDATE="2079-06-06" ISACTUAL="1" ISACTIVE="1" /><APARTMENT ID="112047104" OBJECTID="175635171" OBJECTGUID="4c023c0a-f142-4139-9e39-cc2a21dc5769" CHANGEID="691524654" NUMBER="12" APARTTYPE="1" OPERTYPEID="10" PREVID="0" NEXTID="0" UPDATEDATE="2025-10-31" STARTDATE="2025-10-31" ENDDATE="2079-06-06" ISACTUAL="1" ISACTIVE="1" /><APARTMENT ID="112047105" OBJECTID="175635172" OBJECTGUID="031a9893-afe1-4765-8ab7-7e304c8eec35" CHANGEID="691524655" NUMBER="11" APARTTYPE="1" OPERTYPEID="10" PREVID="0" NEXTID="0" UPDATEDATE="2025-10-31" STARTDATE="2025-10-31" ENDDATE="2079-06-06" ISACTUAL="1" ISACTIVE="1" /><APARTMENT ID="112047106" OBJECTID="175635173" OBJECTGUID="41782ab0-c8b5-43ca-ac82-00f780bc374b" CHANGEID="691524656" NUMBER="7" APARTTYPE="1" OPERTYPEID="10" PREVID="0" NEXTID="0" UPDATEDATE="2025-10-31" STARTDATE="2025-10-31" ENDDATE="2079-06-06" ISACTUAL="1" ISACTIVE="1" /><APARTMENT ID="112047107" OBJECTID="175635174" OBJECTGUID="5184ba74-62dd-4e2f-b999-11641440dd36" CHANGEID="691524657" NUMBER="6" APARTTYPE="1" OPERTYPEID="10" PREVID="0" NEXTID="0" UPDATEDATE="2025-10-31" STARTDATE="2025-10-31" ENDDATE="2079-06-06" ISACTUAL="1" ISACTIVE="1" /><APARTMENT ID="112047108" OBJECTID="175635175" OBJECTGUID="001ed5fd-83d6-4f94-80e6-e0b1c0d2c467" CHANGEID="691524658" NUMBER="5" APARTTYPE="1" OPERTYPEID="10" PREVID="0" NEXTID="0" UPDATEDATE="2025-10-31" STARTDATE="2025-10-31" ENDDATE="2079-06-06" ISACTUAL="1" ISACTIVE="1" /><APARTMENT ID="112047109" OBJECTID="175635176" OBJECTGUID="45cf7e86-ea40-4376-ae5f-329002ea0d5c" CHANGEID="691524659" NUMBER="4" APARTTYPE="1" OPERTYPEID="10" PREVID="0" NEXTID="0" UPDATEDATE="2025-10-31" STARTDATE="2025-10-31" ENDDATE="2079-06-06" ISACTUAL="1" ISACTIVE="1" /><APARTMENT ID="112047110" OBJECTID="175635177" OBJECTGUID="fab29b96-f952-4f98-91da-192b85d418c1" CHANGEID="691524660" NUMBER="3" APARTTYPE="1" OPERTYPEID="10" PREVID="0" NEXTID="0" UPDATEDATE="2025-10-31" STARTDATE="2025-10-31" ENDDATE="2079-06-06" ISACTUAL="1" ISACTIVE="1" /><APARTMENT ID="112047111" OBJECTID="175635178" OBJECTGUID="38857fd8-5d15-4821-9978-57fce0280ad2" CHANGEID="691524661" NUMBER="2" APARTTYPE="1" OPERTYPEID="10" PREVID="0" NEXTID="0" UPDATEDATE="2025-10-31" STARTDATE="2025-10-31" ENDDATE="2079-06-06" ISACTUAL="1" ISACTIVE="1" /><APARTMENT ID="112047112" OBJECTID="175635179" OBJECTGUID="501d6b55-a56a-4e24-885b-6d7500aeb7c2" CHANGEID="691524662" NUMBER="1" APARTTYPE="1" OPERTYPEID="10" PREVID="0" NEXTID="0" UPDATEDATE="2025-10-31" STARTDATE="2025-10-31" ENDDATE="2079-06-06" ISACTUAL="1" ISACTIVE="1" /><APARTMENT ID="112047113" OBJECTID="175635180" OBJECTGUID="9b35727b-1a90-46b8-992d-e85ac1a6c727" CHANGEID="691524663" NUMBER="27" APARTTYPE="2" OPERTYPEID="10" PREVID="0" NEXTID="0" UPDATEDATE="2025-10-31" STARTDATE="2025-10-31" ENDDATE="2079-06-06" ISACTUAL="1" ISACTIVE="1" /><APARTMENT ID="112047114" OBJECTID="175635181" OBJECTGUID="68c1fd71-a653-41ff-9a1b-0501c652ed25" CHANGEID="691524664" NUMBER="26" APARTTYPE="2" OPERTYPEID="10" PREVID="0" NEXTID="0" UPDATEDATE="2025-10-31" STARTDATE="2025-10-31" ENDDATE="2079-06-06" ISACTUAL="1" ISACTIVE="1" /><APARTMENT ID="112047115" OBJECTID="175635182" OBJECTGUID="5ed2e7aa-8c40-41c1-a570-7c279da74c9a" CHANGEID="691524665" NUMBER="25" APARTTYPE="2" OPERTYPEID="10" PREVID="0" NEXTID="0" UPDATEDATE="2025-10-31" STARTDATE="2025-10-31" ENDDATE="2079-06-06" ISACTUAL="1" ISACTIVE="1" /><APARTMENT ID="112047116" OBJECTID="175635183" OBJECTGUID="3aa01899-04cc-4cec-b96b-cd78c40382e1" CHANGEID="691524666" NUMBER="24" APARTTYPE="2" OPERTYPEID="10" PREVID="0" NEXTID="0" UPDATEDATE="2025-10-31" STARTDATE="2025-10-31" ENDDATE="2079-06-06" ISACTUAL="1" ISACTIVE="1" /><APARTMENT ID="112047117" OBJECTID="175635184" OBJECTGUID="7c82ecae-92df-491f-89c8-ebea3b698279" CHANGEID="691524667" NUMBER="23" APARTTYPE="2" OPERTYPEID="10" PREVID="0" NEXTID="0" UPDATEDATE="2025-10-31" STARTDATE="2025-10-31" ENDDATE="2079-06-06" ISACTUAL="1" ISACTIVE="1" /><APARTMENT ID="112047118" OBJECTID="175635185" OBJECTGUID="c7988915-11b2-4ba6-a1b9-2fc65cd50edc" CHANGEID="691524668" NUMBER="22" APARTTYPE="2" OPERTYPEID="10" PREVID="0" NEXTID="0" UPDATEDATE="2025-10-31" STARTDATE="2025-10-31" ENDDATE="2079-06-06" ISACTUAL="1" ISACTIVE="1" /><APARTMENT ID="112047119" OBJECTID="175635186" OBJECTGUID="efa96949-d126-4646-844e-8b4ca83e0a59" CHANGEID="691524669" NUMBER="21" APARTTYPE="2" OPERTYPEID="10" PREVID="0" NEXTID="0" UPDATEDATE="2025-10-31" STARTDATE="2025-10-31" ENDDATE="2079-06-06" ISACTUAL="1" ISACTIVE="1" /><APARTMENT ID="112047120" OBJECTID="175635187" OBJECTGUID="637b3d0f-295e-409a-8e67-67cca5d84f27" CHANGEID="691524670" NUMBER="20" APARTTYPE="2" OPERTYPEID="10" PREVID="0" NEXTID="0" UPDATEDATE="2025-10-31" STARTDATE="2025-10-31" ENDDATE="2079-06-06" ISACTUAL="1" ISACTIVE="1" /><APARTMENT ID="112047121" OBJECTID="175635188" OBJECTGUID="ad86fa12-3b1f-4fdd-a311-79b1cdd6e449" CHANGEID="691524671" NUMBER="19" APARTTYPE="2" OPERTYPEID="10" PREVID="0" NEXTID="0" UPDATEDATE="2025-10-31" STARTDATE="2025-10-31" ENDDATE="2079-06-06" ISACTUAL="1" ISACTIVE="1" /><APARTMENT ID="112047122" OBJECTID="175635189" OBJECTGUID="d105b8c2-c412-4777-9220-9bb033fc4037" CHANGEID="691524672" NUMBER="18" APARTTYPE="2" OPERTYPEID="10" PREVID="0" NEXTID="0" UPDATEDATE="2025-10-31" STARTDATE="2025-10-31" ENDDATE="2079-06-06" ISACTUAL="1" ISACTIVE="1" /><APARTMENT ID="112047123" OBJECTID="175635190" OBJECTGUID="7a01b485-bff2-438a-9284-ceb6074442d2" CHANGEID="691524673" NUMBER="17" APARTTYPE="2" OPERTYPEID="10" PREVID="0" NEXTID="0" UPDATEDATE="2025-10-31" STARTDATE="2025-10-31" ENDDATE="2079-06-06" ISACTUAL="1" ISACTIVE="1" /><APARTMENT ID="112047124" OBJECTID="175635191" OBJECTGUID="f8dc577c-fc0d-465e-84bc-53b96f385393" CHANGEID="691524674" NUMBER="16" APARTTYPE="2" OPERTYPEID="10" PREVID="0" NEXTID="0" UPDATEDATE="2025-10-31" STARTDATE="2025-10-31" ENDDATE="2079-06-06" ISACTUAL="1" ISACTIVE="1" /><APARTMENT ID="112047125" OBJECTID="175635192" OBJECTGUID="870eb840-4fbc-411f-83a3-d3bbde25b374" CHANGEID="691524675" NUMBER="15" APARTTYPE="2" OPERTYPEID="10" PREVID="0" NEXTID="0" UPDATEDATE="2025-10-31" STARTDATE="2025-10-31" ENDDATE="2079-06-06" ISACTUAL="1" ISACTIVE="1" /><APARTMENT ID="112047126" OBJECTID="175635193" OBJECTGUID="77f4c0da-ebf7-45a8-a069-ad592c48a265" CHANGEID="691524676" NUMBER="14" APARTTYPE="2" OPERTYPEID="10" PREVID="0" NEXTID="0" UPDATEDATE="2025-10-31" STARTDATE="2025-10-31" ENDDATE="2079-06-06" ISACTUAL="1" ISACTIVE="1" /><APARTMENT ID="112047127" OBJECTID="175635194" OBJECTGUID="4b262d8e-6679-459a-8842-eb91b43e942f" CHANGEID="691524677" NUMBER="13" APARTTYPE="2" OPERTYPEID="10" PREVID="0" NEXTID="0" UPDATEDATE="2025-10-31" STARTDATE="2025-10-31" ENDDATE="2079-06-06" ISACTUAL="1" ISACTIVE="1" /><APARTMENT ID="112047128" OBJECTID="175635195" OBJECTGUID="3548b100-1c45-42c4-b07c-941ab928f810" CHANGEID="691524678" NUMBER="12" APARTTYPE="2" OPERTYPEID="10" PREVID="0" NEXTID="0" UPDATEDATE="2025-10-31" STARTDATE="2025-10-31" ENDDATE="2079-06-06" ISACTUAL="1" ISACTIVE="1" /><APARTMENT ID="112047129" OBJECTID="175635196" OBJECTGUID="603bafcc-4f56-40d8-afce-b8082ea15e1b" CHANGEID="691524679" NUMBER="11" APARTTYPE="2" OPERTYPEID="10" PREVID="0" NEXTID="0" UPDATEDATE="2025-10-31" STARTDATE="2025-10-31" ENDDATE="2079-06-06" ISACTUAL="1" ISACTIVE="1" /><APARTMENT ID="112047130" OBJECTID="175635197" OBJECTGUID="0d028056-0ed8-459e-9a6c-66786dfa3ac5" CHANGEID="691524680" NUMBER="10" APARTTYPE="2" OPERTYPEID="10" PREVID="0" NEXTID="0" UPDATEDATE="2025-10-31" STARTDATE="2025-10-31" ENDDATE="2079-06-06" ISACTUAL="1" ISACTIVE="1" /><APARTMENT ID="112047131" OBJECTID="175635198" OBJECTGUID="cb4deae2-8f8e-4b30-a3eb-89c8924d4337" CHANGEID="691524681" NUMBER="9" APARTTYPE="2" OPERTYPEID="10" PREVID="0" NEXTID="0" UPDATEDATE="2025-10-31" STARTDATE="2025-10-31" ENDDATE="2079-06-06" ISACTUAL="1" ISACTIVE="1" /><APARTMENT ID="112047132" OBJECTID="175635199" OBJECTGUID="b2f5a83c-f420-44b2-bac0-670898985417" CHANGEID="691524682" NUMBER="8" APARTTYPE="2" OPERTYPEID="10" PREVID="0" NEXTID="0" UPDATEDATE="2025-10-31" STARTDATE="2025-10-31" ENDDATE="2079-06-06" ISACTUAL="1" ISACTIVE="1" /><APARTMENT ID="112047133" OBJECTID="175635200" OBJECTGUID="42aa1b1c-8be8-4672-b81d-f8ce3853c457" CHANGEID="691524683" NUMBER="7" APARTTYPE="2" OPERTYPEID="10" PREVID="0" NEXTID="0" UPDATEDATE="2025-10-31" STARTDATE="2025-10-31" ENDDATE="2079-06-06" ISACTUAL="1" ISACTIVE="1" /><APARTMENT ID="112047134" OBJECTID="175635201" OBJECTGUID="9a5e0e47-4b86-417b-bdb5-fc8f77b6a5af" CHANGEID="691524684" NUMBER="6" APARTTYPE="2" OPERTYPEID="10" PREVID="0" NEXTID="0" UPDATEDATE="2025-10-31" STARTDATE="2025-10-31" ENDDATE="2079-06-06" ISACTUAL="1" ISACTIVE="1" /><APARTMENT ID="112047135" OBJECTID="175635202" OBJECTGUID="530cc445-2639-471c-bdbd-0ae048c6ef26" CHANGEID="691524685" NUMBER="5" APARTTYPE="2" OPERTYPEID="10" PREVID="0" NEXTID="0" UPDATEDATE="2025-10-31" STARTDATE="2025-10-31" ENDDATE="2079-06-06" ISACTUAL="1" ISACTIVE="1" /><APARTMENT ID="112047136" OBJECTID="175635203" OBJECTGUID="d2806d57-b0bb-4840-8f52-7d6e60cee07c" CHANGEID="691524686" NUMBER="4" APARTTYPE="2" OPERTYPEID="10" PREVID="0" NEXTID="0" UPDATEDATE="2025-10-31" STARTDATE="2025-10-31" ENDDATE="2079-06-06" ISACTUAL="1" ISACTIVE="1" /><APARTMENT ID="112047137" OBJECTID="175635204" OBJECTGUID="4d0c9581-2f64-44ac-a0b7-5e945653913e" CHANGEID="691524687" NUMBER="3" APARTTYPE="2" OPERTYPEID="10" PREVID="0" NEXTID="0" UPDATEDATE="2025-10-31" STARTDATE="2025-10-31" ENDDATE="2079-06-06" ISACTUAL="1" ISACTIVE="1" /><APARTMENT ID="112047138" OBJECTID="175635205" OBJECTGUID="36b74f87-3f53-49fa-bb04-22da5538ad99" CHANGEID="691524688" NUMBER="2" APARTTYPE="2" OPERTYPEID="10" PREVID="0" NEXTID="0" UPDATEDATE="2025-10-31" STARTDATE="2025-10-31" ENDDATE="2079-06-06" ISACTUAL="1" ISACTIVE="1" /><APARTMENT ID="112047139" OBJECTID="175635206" OBJECTGUID="1aea5ab3-bee3-4419-a2f2-e0021d1f5005" CHANGEID="691524689" NUMBER="1" APARTTYPE="2" OPERTYPEID="10" PREVID="0" NEXTID="0" UPDATEDATE="2025-10-31" STARTDATE="2025-10-31" ENDDATE="2079-06-06" ISACTUAL="1" ISACTIVE="1" /><APARTMENT ID="112048339" OBJECTID="175639927" OBJECTGUID="79f9ab86-965b-4d2b-8f44-7926d74d2b2e" CHANGEID="691532552" NUMBER="А1" APARTTYPE="1" OPERTYPEID="10" PREVID="0" NEXTID="0" UPDATEDATE="2025-10-31" STARTDATE="2025-10-31" ENDDATE="2079-06-06" ISACTUAL="1" ISACTIVE="1" /><APARTMENT ID="112049213" OBJECTID="100183956" OBJECTGUID="c445f789-85ec-4f12-95d9-06dd6ead63dd" CHANGEID="691535396" NUMBER="2" APARTTYPE="2" OPERTYPEID="30" PREVID="52317881" NEXTID="0" UPDATEDATE="2025-10-31" STARTDATE="2025-10-31" ENDDATE="2079-06-06" ISACTUAL="1" ISACTIVE="0" /><APARTMENT ID="112049214" OBJECTID="100183957" OBJECTGUID="b7f2ba12-a2ad-45aa-a4b2-e216acf23124" CHANGEID="691535397" NUMBER="1" APARTTYPE="2" OPERTYPEID="30" PREVID="52317882" NEXTID="0" UPDATEDATE="2025-10-31" STARTDATE="2025-10-31" ENDDATE="2079-06-06" ISACTUAL="1" ISACTIVE="0" /><APARTMENT ID="52317882" OBJECTID="100183957" OBJECTGUID="b7f2ba12-a2ad-45aa-a4b2-e216acf23124" CHANGEID="174134445" NUMBER="1" APARTTYPE="2" OPERTYPEID="10" PREVID="0" NEXTID="112049214" UPDATEDATE="2025-10-31" STARTDATE="2021-02-03" ENDDATE="2025-10-31" ISACTUAL="0" ISACTIVE="0" /><APARTMENT ID="112049215" OBJECTID="100460792" OBJECTGUID="f1900cc6-d817-430c-844a-4b0b7e785339" CHANGEID="691535398" NUMBER="2" APARTTYPE="2" OPERTYPEID="30" PREVID="52441361" NEXTID="0" UPDATEDATE="2025-10-31" STARTDATE="2025-10-31" ENDDATE="2079-06-06" ISACTUAL="1" ISACTIVE="0" /><APARTMENT ID="52441361" OBJECTID="100460792" OBJECTGUID="f1900cc6-d817-430c-844a-4b0b7e785339" CHANGEID="181588430" NUMBER="2" APARTTYPE="2" OPERTYPEID="10" PREVID="0" NEXTID="112049215" UPDATEDATE="2025-10-31" STARTDATE="2021-03-03" ENDDATE="2025-10-31" ISACTUAL="0" ISACTIVE="0" /><APARTMENT ID="112049216" OBJECTID="100460793" OBJECTGUID="417288d5-7252-4e99-812b-78a20e740721" CHANGEID="691535399" NUMBER="1" APARTTYPE="2" OPERTYPEID="30" PREVID="52441362" NEXTID="0" UPDATEDATE="2025-10-31" STARTDATE="2025-10-31" ENDDATE="2079-06-06" ISACTUAL="1" ISACTIVE="0" /><APARTMENT ID="52441362" OBJECTID="100460793" OBJECTGUID="417288d5-7252-4e99-812b-78a20e740721" CHANGEID="181588437" NUMBER="1" APARTTYPE="2" OPERTYPEID="10" PREVID="0" NEXTID="112049216" UPDATEDATE="2025-10-31" STARTDATE="2021-03-03" ENDDATE="2025-10-31" ISACTUAL="0" ISACTIVE="0" /><APARTMENT ID="112049217" OBJECTID="100496403" OBJECTGUID="77d196b8-9c19-49f2-8d62-cee3f3c6a4ec" CHANGEID="691535413" NUMBER="11" APARTTYPE="2" OPERTYPEID="30" PREVID="52455216" NEXTID="0" UPDATEDATE="2025-10-31" STARTDATE="2025-10-31" ENDDATE="2079-06-06" ISACTUAL="1" ISACTIVE="0" /><APARTMENT ID="52455216" OBJECTID="100496403" OBJECTGUID="77d196b8-9c19-49f2-8d62-cee3f3c6a4ec" CHANGEID="181811622" NUMBER="11" APARTTYPE="2" OPERTYPEID="10" PREVID="0" NEXTID="112049217" UPDATEDATE="2025-10-31" STARTDATE="2021-03-05" ENDDATE="2025-10-31" ISACTUAL="0" ISACTIVE="0" /><APARTMENT ID="112049289" OBJECTID="175642406" OBJECTGUID="1da1ae46-4a3f-4742-a804-ab9a0b9b097f" CHANGEID="691535541" NUMBER="4" APARTTYPE="2" OPERTYPEID="10" PREVID="0" NEXTID="0" UPDATEDATE="2025-10-31" STARTDATE="2025-10-31" ENDDATE="2079-06-06" ISACTUAL="1" ISACTIVE="1" /><APARTMENT ID="112049290" OBJECTID="175642407" OBJECTGUID="a6e751c1-97e8-473b-9a0e-9d277dacf8c8" CHANGEID="691535542" NUMBER="3" APARTTYPE="2" OPERTYPEID="10" PREVID="0" NEXTID="0" UPDATEDATE="2025-10-31" STARTDATE="2025-10-31" ENDDATE="2079-06-06" ISACTUAL="1" ISACTIVE="1" /><APARTMENT ID="112049291" OBJECTID="175642408" OBJECTGUID="78009eb9-cb61-481b-8e9a-90b5c8dd18ed" CHANGEID="691535543" NUMBER="2" APARTTYPE="2" OPERTYPEID="10" PREVID="0" NEXTID="0" UPDATEDATE="2025-10-31" STARTDATE="2025-10-31" ENDDATE="2079-06-06" ISACTUAL="1" ISACTIVE="1" /><APARTMENT ID="112049292" OBJECTID="175642409" OBJECTGUID="4df34a51-875e-488f-b1ec-5c685a298d0e" CHANGEID="691535544" NUMBER="1" APARTTYPE="2" OPERTYPEID="10" PREVID="0" NEXTID="0" UPDATEDATE="2025-10-31" STARTDATE="2025-10-31" ENDDATE="2079-06-06" ISACTUAL="1" ISACTIVE="1" /><APARTMENT ID="112049297" OBJECTID="175642422" OBJECTGUID="db5c25ac-87c9-4498-b3af-fc10289a2c30" CHANGEID="691535564" NUMBER="2" APARTTYPE="2" OPERTYPEID="10" PREVID="0" NEXTID="0" UPDATEDATE="2025-10-31" STARTDATE="2025-10-31" ENDDATE="2079-06-06" ISACTUAL="1" ISACTIVE="1" /><APARTMENT ID="112049298" OBJECTID="175642423" OBJECTGUID="295fd4f6-1187-47ae-83cb-f84267d4ac91" CHANGEID="691535565" NUMBER="1" APARTTYPE="2" OPERTYPEID="10" PREVID="0" NEXTID="0" UPDATEDATE="2025-10-31" STARTDATE="2025-10-31" ENDDATE="2079-06-06" ISACTUAL="1" ISACTIVE="1" /><APARTMENT ID="112049388" OBJECTID="175642668" OBJECTGUID="4cd70b42-15d6-4344-a9be-4602c4960795" CHANGEID="691535842" NUMBER="1А" APARTTYPE="1" OPERTYPEID="10" PREVID="0" NEXTID="0" UPDATEDATE="2025-10-31" STARTDATE="2025-10-31" ENDDATE="2079-06-06" ISACTUAL="1" ISACTIVE="1" /><APARTMENT ID="112049389" OBJECTID="175642669" OBJECTGUID="ae40cfdf-8c44-4307-83e4-806d70f119d8" CHANGEID="691535843" NUMBER="3" APARTTYPE="2" OPERTYPEID="10" PREVID="0" NEXTID="0" UPDATEDATE="2025-10-31" STARTDATE="2025-10-31" ENDDATE="2079-06-06" ISACTUAL="1" ISACTIVE="1" /><APARTMENT ID="112049390" OBJECTID="175642670" OBJECTGUID="0e23bd9d-0c39-46dd-aa71-d011a804ee5b" CHANGEID="691535844" NUMBER="2" APARTTYPE="2" OPERTYPEID="10" PREVID="0" NEXTID="0" UPDATEDATE="2025-10-31" STARTDATE="2025-10-31" ENDDATE="2079-06-06" ISACTUAL="1" ISACTIVE="1" /><APARTMENT ID="112049391" OBJECTID="175642671" OBJECTGUID="bbc54222-5c2f-4d6a-8cbd-9707cd03d500" CHANGEID="691535845" NUMBER="1" APARTTYPE="2" OPERTYPEID="10" PREVID="0" NEXTID="0" UPDATEDATE="2025-10-31" STARTDATE="2025-10-31" ENDDATE="2079-06-06" ISACTUAL="1" ISACTIVE="1" /><APARTMENT ID="112049392" OBJECTID="175642682" OBJECTGUID="a6e49e07-606b-42f0-9484-c999eb9a70ca" CHANGEID="691535865" NUMBER="6" APARTTYPE="2" OPERTYPEID="10" PREVID="0" NEXTID="0" UPDATEDATE="2025-10-31" STARTDATE="2025-10-31" ENDDATE="2079-06-06" ISACTUAL="1" ISACTIVE="1" /><APARTMENT ID="112049393" OBJECTID="175642683" OBJECTGUID="273d547d-7452-46c8-98e8-5d03fa4d4b82" CHANGEID="691535866" NUMBER="5" APARTTYPE="2" OPERTYPEID="10" PREVID="0" NEXTID="0" UPDATEDATE="2025-10-31" STARTDATE="2025-10-31" ENDDATE="2079-06-06" ISACTUAL="1" ISACTIVE="1" /><APARTMENT ID="112049394" OBJECTID="175642684" OBJECTGUID="9904c31a-072c-4037-8627-0abc734f23e7" CHANGEID="691535867" NUMBER="4" APARTTYPE="2" OPERTYPEID="10" PREVID="0" NEXTID="0" UPDATEDATE="2025-10-31" STARTDATE="2025-10-31" ENDDATE="2079-06-06" ISACTUAL="1" ISACTIVE="1" /><APARTMENT ID="112049395" OBJECTID="175642685" OBJECTGUID="9db4e9b7-5536-417d-9e1f-a2271910ebd3" CHANGEID="691535868" NUMBER="3" APARTTYPE="2" OPERTYPEID="10" PREVID="0" NEXTID="0" UPDATEDATE="2025-10-31" STARTDATE="2025-10-31" ENDDATE="2079-06-06" ISACTUAL="1" ISACTIVE="1" /><APARTMENT ID="112049396" OBJECTID="175642686" OBJECTGUID="78e3ff3e-ffb4-46a9-9ddf-dc1987a52a30" CHANGEID="691535869" NUMBER="2" APARTTYPE="2" OPERTYPEID="10" PREVID="0" NEXTID="0" UPDATEDATE="2025-10-31" STARTDATE="2025-10-31" ENDDATE="2079-06-06" ISACTUAL="1" ISACTIVE="1" /><APARTMENT ID="112049397" OBJECTID="175642687" OBJECTGUID="b7d5d462-5c11-4feb-996a-83145db35065" CHANGEID="691535870" NUMBER="1" APARTTYPE="2" OPERTYPEID="10" PREVID="0" NEXTID="0" UPDATEDATE="2025-10-31" STARTDATE="2025-10-31" ENDDATE="2079-06-06" ISACTUAL="1" ISACTIVE="1" /><APARTMENT ID="112049407" OBJECTID="175642740" OBJECTGUID="30499edf-f341-4656-b1b9-16bd2869ea04" CHANGEID="691535952" NUMBER="3" APARTTYPE="2" OPERTYPEID="10" PREVID="0" NEXTID="0" UPDATEDATE="2025-10-31" STARTDATE="2025-10-31" ENDDATE="2079-06-06" ISACTUAL="1" ISACTIVE="1" /><APARTMENT ID="112049408" OBJECTID="175642741" OBJECTGUID="c7a5f599-6121-46ab-ad1d-337bbc641442" CHANGEID="691535953" NUMBER="2" APARTTYPE="2" OPERTYPEID="10" PREVID="0" NEXTID="0" UPDATEDATE="2025-10-31" STARTDATE="2025-10-31" ENDDATE="2079-06-06" ISACTUAL="1" ISACTIVE="1" /><APARTMENT ID="112049409" OBJECTID="175642742" OBJECTGUID="f328f0fc-eb8a-42db-868f-ff7f4c339357" CHANGEID="691535954" NUMBER="1" APARTTYPE="2" OPERTYPEID="10" PREVID="0" NEXTID="0" UPDATEDATE="2025-10-31" STARTDATE="2025-10-31" ENDDATE="2079-06-06" ISACTUAL="1" ISACTIVE="1" /><APARTMENT ID="112049410" OBJECTID="175642749" OBJECTGUID="b8751c3d-cd07-445c-9604-fe987faecec1" CHANGEID="691535965" NUMBER="5" APARTTYPE="2" OPERTYPEID="10" PREVID="0" NEXTID="0" UPDATEDATE="2025-10-31" STARTDATE="2025-10-31" ENDDATE="2079-06-06" ISACTUAL="1" ISACTIVE="1" /><APARTMENT ID="112049411" OBJECTID="175642750" OBJECTGUID="9356283d-f348-410e-b40d-7c5684798134" CHANGEID="691535966" NUMBER="4" APARTTYPE="2" OPERTYPEID="10" PREVID="0" NEXTID="0" UPDATEDATE="2025-10-31" STARTDATE="2025-10-31" ENDDATE="2079-06-06" ISACTUAL="1" ISACTIVE="1" /><APARTMENT ID="112049293" OBJECTID="175642415" OBJECTGUID="331b754b-1712-4c14-93cb-2399046c05d9" CHANGEID="691535551" NUMBER="2" APARTTYPE="2" OPERTYPEID="10" PREVID="0" NEXTID="0" UPDATEDATE="2025-10-31" STARTDATE="2025-10-31" ENDDATE="2079-06-06" ISACTUAL="1" ISACTIVE="1" /><APARTMENT ID="112049294" OBJECTID="175642416" OBJECTGUID="873b4b95-e382-4b75-9e26-0abbf4b5546a" CHANGEID="691535552" NUMBER="1" APARTTYPE="2" OPERTYPEID="10" PREVID="0" NEXTID="0" UPDATEDATE="2025-10-31" STARTDATE="2025-10-31" ENDDATE="2079-06-06" ISACTUAL="1" ISACTIVE="1" /><APARTMENT ID="112049300" OBJECTID="175642429" OBJECTGUID="78adb614-7509-41b4-bad6-1b362b237013" CHANGEID="691535574" NUMBER="2" APARTTYPE="2" OPERTYPEID="10" PREVID="0" NEXTID="0" UPDATEDATE="2025-10-31" STARTDATE="2025-10-31" ENDDATE="2079-06-06" ISACTUAL="1" ISACTIVE="1" /><APARTMENT ID="112049301" OBJECTID="175642430" OBJECTGUID="fc55f065-1ac6-457c-a260-f90bb0732ba4" CHANGEID="691535575" NUMBER="1" APARTTYPE="2" OPERTYPEID="10" PREVID="0" NEXTID="0" UPDATEDATE="2025-10-31" STARTDATE="2025-10-31" ENDDATE="2079-06-06" ISACTUAL="1" ISACTIVE="1" /><APARTMENT ID="112049371" OBJECTID="175642523" OBJECTGUID="1727d37e-3b79-4354-8832-0d3a494a7768" CHANGEID="691535669" NUMBER="2" APARTTYPE="2" OPERTYPEID="10" PREVID="0" NEXTID="0" UPDATEDATE="2025-10-31" STARTDATE="2025-10-31" ENDDATE="2079-06-06" ISACTUAL="1" ISACTIVE="1" /><APARTMENT ID="112049372" OBJECTID="175642524" OBJECTGUID="2c73accc-b2fe-4c01-84d5-ce9f020606ce" CHANGEID="691535670" NUMBER="1" APARTTYPE="2" OPERTYPEID="10" PREVID="0" NEXTID="0" UPDATEDATE="2025-10-31" STARTDATE="2025-10-31" ENDDATE="2079-06-06" ISACTUAL="1" ISACTIVE="1" /><APARTMENT ID="112049373" OBJECTID="175642529" OBJECTGUID="10f1e9f3-cdea-44b2-8aad-3f2f6127b0cc" CHANGEID="691535676" NUMBER="2" APARTTYPE="2" OPERTYPEID="10" PREVID="0" NEXTID="0" UPDATEDATE="2025-10-31" STARTDATE="2025-10-31" ENDDATE="2079-06-06" ISACTUAL="1" ISACTIVE="1" /><APARTMENT ID="112049374" OBJECTID="175642530" OBJECTGUID="2fb2de57-2c58-49df-8cc1-2d8ed89d0ffa" CHANGEID="691535677" NUMBER="1" APARTTYPE="2" OPERTYPEID="10" PREVID="0" NEXTID="0" UPDATEDATE="2025-10-31" STARTDATE="2025-10-31" ENDDATE="2079-06-06" ISACTUAL="1" ISACTIVE="1" /><APARTMENT ID="112049398" OBJECTID="175642697" OBJECTGUID="4162c86a-0b3d-47d1-a540-7b74f0066a53" CHANGEID="691535880" NUMBER="3" APARTTYPE="2" OPERTYPEID="10" PREVID="0" NEXTID="0" UPDATEDATE="2025-10-31" STARTDATE="2025-10-31" ENDDATE="2079-06-06" ISACTUAL="1" ISACTIVE="1" /><APARTMENT ID="112049399" OBJECTID="175642703" OBJECTGUID="5e80c4a3-149a-4bf4-b72d-b383582cd858" CHANGEID="691535894" NUMBER="2" APARTTYPE="2" OPERTYPEID="10" PREVID="0" NEXTID="0" UPDATEDATE="2025-10-31" STARTDATE="2025-10-31" ENDDATE="2079-06-06" ISACTUAL="1" ISACTIVE="1" /><APARTMENT ID="112049400" OBJECTID="175642704" OBJECTGUID="6fad7ef0-0aa4-464d-8ab3-dcb5f380a2bc" CHANGEID="691535895" NUMBER="1" APARTTYPE="2" OPERTYPEID="10" PREVID="0" NEXTID="0" UPDATEDATE="2025-10-31" STARTDATE="2025-10-31" ENDDATE="2079-06-06" ISACTUAL="1" ISACTIVE="1" /><APARTMENT ID="112049401" OBJECTID="175642715" OBJECTGUID="6b501bcf-63c8-4276-a896-75dbbc611826" CHANGEID="691535913" NUMBER="1А" APARTTYPE="1" OPERTYPEID="10" PREVID="0" NEXTID="0" UPDATEDATE="2025-10-31" STARTDATE="2025-10-31" ENDDATE="2079-06-06" ISACTUAL="1" ISACTIVE="1" /><APARTMENT ID="112049402" OBJECTID="175642716" OBJECTGUID="70c86201-4d2d-4d5d-baac-f08a4b51593e" CHANGEID="691535914" NUMBER="1" APARTTYPE="2" OPERTYPEID="10" PREVID="0" NEXTID="0" UPDATEDATE="2025-10-31" STARTDATE="2025-10-31" ENDDATE="2079-06-06" ISACTUAL="1" ISACTIVE="1" /><APARTMENT ID="112049403" OBJECTID="175642727" OBJECTGUID="385684ff-fac6-4be2-b741-f063f91a9f4f" CHANGEID="691535936" NUMBER="4" APARTTYPE="2" OPERTYPEID="10" PREVID="0" NEXTID="0" UPDATEDATE="2025-10-31" STARTDATE="2025-10-31" ENDDATE="2079-06-06" ISACTUAL="1" ISACTIVE="1" /><APARTMENT ID="112049404" OBJECTID="175642728" OBJECTGUID="7e845090-54de-457f-945c-01716c8d0948" CHANGEID="691535937" NUMBER="3" APARTTYPE="2" OPERTYPEID="10" PREVID="0" NEXTID="0" UPDATEDATE="2025-10-31" STARTDATE="2025-10-31" ENDDATE="2079-06-06" ISACTUAL="1" ISACTIVE="1" /><APARTMENT ID="112049405" OBJECTID="175642729" OBJECTGUID="de0f1ef2-76e6-4e21-8ac6-305cfdf79524" CHANGEID="691535938" NUMBER="2" APARTTYPE="2" OPERTYPEID="10" PREVID="0" NEXTID="0" UPDATEDATE="2025-10-31" STARTDATE="2025-10-31" ENDDATE="2079-06-06" ISACTUAL="1" ISACTIVE="1" /><APARTMENT ID="112049406" OBJECTID="175642730" OBJECTGUID="a6b46a4b-b7ae-4f1f-80df-9a228eaa7490" CHANGEID="691535939" NUMBER="1" APARTTYPE="2" OPERTYPEID="10" PREVID="0" NEXTID="0" UPDATEDATE="2025-10-31" STARTDATE="2025-10-31" ENDDATE="2079-06-06" ISACTUAL="1" ISACTIVE="1" /><APARTMENT ID="112049412" OBJECTID="175642751" OBJECTGUID="3f225367-3289-4375-93d6-d66904584880" CHANGEID="691535967" NUMBER="3" APARTTYPE="2" OPERTYPEID="10" PREVID="0" NEXTID="0" UPDATEDATE="2025-10-31" STARTDATE="2025-10-31" ENDDATE="2079-06-06" ISACTUAL="1" ISACTIVE="1" /><APARTMENT ID="112049413" OBJECTID="175642752" OBJECTGUID="dbe7854d-2440-4a3d-8f68-6b5c9cf2bcde" CHANGEID="691535968" NUMBER="2" APARTTYPE="2" OPERTYPEID="10" PREVID="0" NEXTID="0" UPDATEDATE="2025-10-31" STARTDATE="2025-10-31" ENDDATE="2079-06-06" ISACTUAL="1" ISACTIVE="1" /><APARTMENT ID="112049414" OBJECTID="175642753" OBJECTGUID="96ded556-b77a-4ec0-887e-e50133b79035" CHANGEID="691535969" NUMBER="1" APARTTYPE="2" OPERTYPEID="10" PREVID="0" NEXTID="0" UPDATEDATE="2025-10-31" STARTDATE="2025-10-31" ENDDATE="2079-06-06" ISACTUAL="1" ISACTIVE="1" /><APARTMENT ID="112049415" OBJECTID="175642759" OBJECTGUID="d5ce7757-caa8-4e2c-95de-a9605796eb0e" CHANGEID="691535977" NUMBER="2" APARTTYPE="2" OPERTYPEID="10" PREVID="0" NEXTID="0" UPDATEDATE="2025-10-31" STARTDATE="2025-10-31" ENDDATE="2079-06-06" ISACTUAL="1" ISACTIVE="1" /><APARTMENT ID="112049416" OBJECTID="175642760" OBJECTGUID="9ef658c6-575f-4719-b0b7-c2d4952ec73d" CHANGEID="691535978" NUMBER="1" APARTTYPE="2" OPERTYPEID="10" PREVID="0" NEXTID="0" UPDATEDATE="2025-10-31" STARTDATE="2025-10-31" ENDDATE="2079-06-06" ISACTUAL="1" ISACTIVE="1" /><APARTMENT ID="112049417" OBJECTID="175642769" OBJECTGUID="d3a1298f-3f6c-4274-af75-aba3e5af8b98" CHANGEID="691535989" NUMBER="4" APARTTYPE="2" OPERTYPEID="10" PREVID="0" NEXTID="0" UPDATEDATE="2025-10-31" STARTDATE="2025-10-31" ENDDATE="2079-06-06" ISACTUAL="1" ISACTIVE="1" /><APARTMENT ID="112049418" OBJECTID="175642770" OBJECTGUID="0d1fe6d1-0ac9-4fde-8303-267df42fb74f" CHANGEID="691535990" NUMBER="3" APARTTYPE="2" OPERTYPEID="10" PREVID="0" NEXTID="0" UPDATEDATE="2025-10-31" STARTDATE="2025-10-31" ENDDATE="2079-06-06" ISACTUAL="1" ISACTIVE="1" /><APARTMENT ID="112049419" OBJECTID="175642771" OBJECTGUID="a456000a-dd3f-4e5e-bc93-01ecf5fd046a" CHANGEID="691535991" NUMBER="2" APARTTYPE="2" OPERTYPEID="10" PREVID="0" NEXTID="0" UPDATEDATE="2025-10-31" STARTDATE="2025-10-31" ENDDATE="2079-06-06" ISACTUAL="1" ISACTIVE="1" /><APARTMENT ID="112049420" OBJECTID="175642772" OBJECTGUID="3868dcb6-da90-49ae-a19e-ed6aefb65396" CHANGEID="691535992" NUMBER="1" APARTTYPE="2" OPERTYPEID="10" PREVID="0" NEXTID="0" UPDATEDATE="2025-10-31" STARTDATE="2025-10-31" ENDDATE="2079-06-06" ISACTUAL="1" ISACTIVE="1" /><APARTMENT ID="112049464" OBJECTID="175642826" OBJECTGUID="d8813513-cddf-4dac-a921-a55ba8a8336a" CHANGEID="691536049" NUMBER="1" APARTTYPE="2" OPERTYPEID="10" PREVID="0" NEXTID="0" UPDATEDATE="2025-10-31" STARTDATE="2025-10-31" ENDDATE="2079-06-06" ISACTUAL="1" ISACTIVE="1" /><APARTMENT ID="112049465" OBJECTID="175642832" OBJECTGUID="b2b3ed9d-6200-43f6-8cfa-dd0063dfb769" CHANGEID="691536055" NUMBER="2" APARTTYPE="2" OPERTYPEID="10" PREVID="0" NEXTID="0" UPDATEDATE="2025-10-31" STARTDATE="2025-10-31" ENDDATE="2079-06-06" ISACTUAL="1" ISACTIVE="1" /><APARTMENT ID="112049466" OBJECTID="175642833" OBJECTGUID="3ba95da1-e97e-45e8-a4a2-6e979c1bc865" CHANGEID="691536056" NUMBER="1" APARTTYPE="2" OPERTYPEID="10" PREVID="0" NEXTID="0" UPDATEDATE="2025-10-31" STARTDATE="2025-10-31" ENDDATE="2079-06-06" ISACTUAL="1" ISACTIVE="1" /><APARTMENT ID="112049463" OBJECTID="175642821" OBJECTGUID="71184923-78f4-4775-bd86-b4b903e994b6" CHANGEID="691536042" NUMBER="2" APARTTYPE="2" OPERTYPEID="10" PREVID="0" NEXTID="0" UPDATEDATE="2025-10-31" STARTDATE="2025-10-31" ENDDATE="2079-06-06" ISACTUAL="1" ISACTIVE="1" /><APARTMENT ID="112049478" OBJECTID="175643103" OBJECTGUID="a23f2b31-7b68-41ea-a91e-0d67bd1fd3c7" CHANGEID="691536392" NUMBER="2" APARTTYPE="2" OPERTYPEID="10" PREVID="0" NEXTID="0" UPDATEDATE="2025-10-31" STARTDATE="2025-10-31" ENDDATE="2079-06-06" ISACTUAL="1" ISACTIVE="1" /><APARTMENT ID="112049479" OBJECTID="175643104" OBJECTGUID="3a6cb8f2-8f4f-438d-b558-1c201614718e" CHANGEID="691536393" NUMBER="1" APARTTYPE="2" OPERTYPEID="10" PREVID="0" NEXTID="0" UPDATEDATE="2025-10-31" STARTDATE="2025-10-31" ENDDATE="2079-06-06" ISACTUAL="1" ISACTIVE="1" /><APARTMENT ID="112049480" OBJECTID="175643108" OBJECTGUID="a7357162-420a-43c4-9845-77682d06031f" CHANGEID="691536397" NUMBER="2" APARTTYPE="2" OPERTYPEID="10" PREVID="0" NEXTID="0" UPDATEDATE="2025-10-31" STARTDATE="2025-10-31" ENDDATE="2079-06-06" ISACTUAL="1" ISACTIVE="1" /><APARTMENT ID="112049481" OBJECTID="175643109" OBJECTGUID="2d10cd60-f8d2-4d1a-92dd-4ad19de3d1d0" CHANGEID="691536398" NUMBER="1" APARTTYPE="2" OPERTYPEID="10" PREVID="0" NEXTID="0" UPDATEDATE="2025-10-31" STARTDATE="2025-10-31" ENDDATE="2079-06-06" ISACTUAL="1" ISACTIVE="1" /><APARTMENT ID="112049482" OBJECTID="175643110" OBJECTGUID="97af0e0f-5438-4350-b4fe-9c2d392db593" CHANGEID="691536399" NUMBER="2" APARTTYPE="2" OPERTYPEID="10" PREVID="0" NEXTID="0" UPDATEDATE="2025-10-31" STARTDATE="2025-10-31" ENDDATE="2079-06-06" ISACTUAL="1" ISACTIVE="1" /><APARTMENT ID="112049483" OBJECTID="175643111" OBJECTGUID="909edda1-6cfc-42ae-a95d-e06a84a49bf9" CHANGEID="691536400" NUMBER="1" APARTTYPE="2" OPERTYPEID="10" PREVID="0" NEXTID="0" UPDATEDATE="2025-10-31" STARTDATE="2025-10-31" ENDDATE="2079-06-06" ISACTUAL="1" ISACTIVE="1" /><APARTMENT ID="112049484" OBJECTID="175643114" OBJECTGUID="dec84026-ef2a-4cd5-abc0-720909b28ea5" CHANGEID="691536403" NUMBER="3" APARTTYPE="2" OPERTYPEID="10" PREVID="0" NEXTID="0" UPDATEDATE="2025-10-31" STARTDATE="2025-10-31" ENDDATE="2079-06-06" ISACTUAL="1" ISACTIVE="1" /><APARTMENT ID="112049485" OBJECTID="175643115" OBJECTGUID="56ae7023-29f4-4442-993f-462e64741504" CHANGEID="691536404" NUMBER="2" APARTTYPE="2" OPERTYPEID="10" PREVID="0" NEXTID="0" UPDATEDATE="2025-10-31" STARTDATE="2025-10-31" ENDDATE="2079-06-06" ISACTUAL="1" ISACTIVE="1" /><APARTMENT ID="112049486" OBJECTID="175643116" OBJECTGUID="fdfb5083-a421-47ff-89c0-65f14f6e2c79" CHANGEID="691536405" NUMBER="1" APARTTYPE="2" OPERTYPEID="10" PREVID="0" NEXTID="0" UPDATEDATE="2025-10-31" STARTDATE="2025-10-31" ENDDATE="2079-06-06" ISACTUAL="1" ISACTIVE="1" /><APARTMENT ID="112049487" OBJECTID="175643117" OBJECTGUID="d004ff4e-f93a-4bb4-b668-33455a17a373" CHANGEID="691536406" NUMBER="8" APARTTYPE="2" OPERTYPEID="10" PREVID="0" NEXTID="0" UPDATEDATE="2025-10-31" STARTDATE="2025-10-31" ENDDATE="2079-06-06" ISACTUAL="1" ISACTIVE="1" /><APARTMENT ID="112049488" OBJECTID="175643118" OBJECTGUID="340102aa-7e58-451d-a194-b95b1c0683c8" CHANGEID="691536407" NUMBER="7" APARTTYPE="2" OPERTYPEID="10" PREVID="0" NEXTID="0" UPDATEDATE="2025-10-31" STARTDATE="2025-10-31" ENDDATE="2079-06-06" ISACTUAL="1" ISACTIVE="1" /><APARTMENT ID="112049489" OBJECTID="175643119" OBJECTGUID="2584597f-60e0-4e6c-986a-c1dd49e8345e" CHANGEID="691536408" NUMBER="6" APARTTYPE="2" OPERTYPEID="10" PREVID="0" NEXTID="0" UPDATEDATE="2025-10-31" STARTDATE="2025-10-31" ENDDATE="2079-06-06" ISACTUAL="1" ISACTIVE="1" /><APARTMENT ID="112049490" OBJECTID="175643120" OBJECTGUID="d2e33bc7-6fc3-4a24-9703-d2f7386336be" CHANGEID="691536409" NUMBER="5" APARTTYPE="2" OPERTYPEID="10" PREVID="0" NEXTID="0" UPDATEDATE="2025-10-31" STARTDATE="2025-10-31" ENDDATE="2079-06-06" ISACTUAL="1" ISACTIVE="1" /><APARTMENT ID="112049491" OBJECTID="175643121" OBJECTGUID="3a5f48db-a38f-477b-813e-da6e47d9b4da" CHANGEID="691536410" NUMBER="4" APARTTYPE="2" OPERTYPEID="10" PREVID="0" NEXTID="0" UPDATEDATE="2025-10-31" STARTDATE="2025-10-31" ENDDATE="2079-06-06" ISACTUAL="1" ISACTIVE="1" /><APARTMENT ID="112049492" OBJECTID="175643122" OBJECTGUID="2cf5eb53-47f0-4244-a31e-1f04c4b85aec" CHANGEID="691536411" NUMBER="3" APARTTYPE="2" OPERTYPEID="10" PREVID="0" NEXTID="0" UPDATEDATE="2025-10-31" STARTDATE="2025-10-31" ENDDATE="2079-06-06" ISACTUAL="1" ISACTIVE="1" /><APARTMENT ID="112049493" OBJECTID="175643123" OBJECTGUID="d6c1244f-b367-473c-9453-17cc0217bff7" CHANGEID="691536412" NUMBER="2" APARTTYPE="2" OPERTYPEID="10" PREVID="0" NEXTID="0" UPDATEDATE="2025-10-31" STARTDATE="2025-10-31" ENDDATE="2079-06-06" ISACTUAL="1" ISACTIVE="1" /><APARTMENT ID="112049494" OBJECTID="175643124" OBJECTGUID="acbe50bc-bcf9-437f-8797-848c19e55a54" CHANGEID="691536413" NUMBER="1" APARTTYPE="2" OPERTYPEID="10" PREVID="0" NEXTID="0" UPDATEDATE="2025-10-31" STARTDATE="2025-10-31" ENDDATE="2079-06-06" ISACTUAL="1" ISACTIVE="1" /><APARTMENT ID="112049495" OBJECTID="175643125" OBJECTGUID="18dd1f91-72b0-427c-b95e-1359231e2932" CHANGEID="691536414" NUMBER="2" APARTTYPE="2" OPERTYPEID="10" PREVID="0" NEXTID="0" UPDATEDATE="2025-10-31" STARTDATE="2025-10-31" ENDDATE="2079-06-06" ISACTUAL="1" ISACTIVE="1" /><APARTMENT ID="112049496" OBJECTID="175643126" OBJECTGUID="635b4246-e734-43c8-b2b7-a11a77a3926d" CHANGEID="691536415" NUMBER="1" APARTTYPE="2" OPERTYPEID="10" PREVID="0" NEXTID="0" UPDATEDATE="2025-10-31" STARTDATE="2025-10-31" ENDDATE="2079-06-06" ISACTUAL="1" ISACTIVE="1" /><APARTMENT ID="112049497" OBJECTID="175643139" OBJECTGUID="e6644f5c-8b02-4354-9892-092973650f77" CHANGEID="691536439" NUMBER="3" APARTTYPE="2" OPERTYPEID="10" PREVID="0" NEXTID="0" UPDATEDATE="2025-10-31" STARTDATE="2025-10-31" ENDDATE="2079-06-06" ISACTUAL="1" ISACTIVE="1" /><APARTMENT ID="112049498" OBJECTID="175643140" OBJECTGUID="31f44a87-1b2b-4ef4-9d57-7c1e8a047470" CHANGEID="691536440" NUMBER="2" APARTTYPE="2" OPERTYPEID="10" PREVID="0" NEXTID="0" UPDATEDATE="2025-10-31" STARTDATE="2025-10-31" ENDDATE="2079-06-06" ISACTUAL="1" ISACTIVE="1" /><APARTMENT ID="112049499" OBJECTID="175643141" OBJECTGUID="b54b2a69-a61d-42ed-8d5b-5268c0930d5c" CHANGEID="691536441" NUMBER="1" APARTTYPE="2" OPERTYPEID="10" PREVID="0" NEXTID="0" UPDATEDATE="2025-10-31" STARTDATE="2025-10-31" ENDDATE="2079-06-06" ISACTUAL="1" ISACTIVE="1" /><APARTMENT ID="112054847" OBJECTID="175657156" OBJECTGUID="e80abcaa-03a5-416f-a91c-f501f382d196" CHANGEID="691575312" NUMBER="8" APARTTYPE="2" OPERTYPEID="10" PREVID="0" NEXTID="0" UPDATEDATE="2025-11-01" STARTDATE="2025-11-01" ENDDATE="2079-06-06" ISACTUAL="1" ISACTIVE="1" /><APARTMENT ID="112054815" OBJECTID="175656887" OBJECTGUID="67b734ff-2a79-424a-8120-76a485f0be61" CHANGEID="691574851" NUMBER="1А" APARTTYPE="1" OPERTYPEID="10" PREVID="0" NEXTID="0" UPDATEDATE="2025-11-01" STARTDATE="2025-11-01" ENDDATE="2079-06-06" ISACTUAL="1" ISACTIVE="1" /><APARTMENT ID="112054816" OBJECTID="175656888" OBJECTGUID="da456214-8b7e-4a74-9107-f1d795ad5378" CHANGEID="691574852" NUMBER="1" APARTTYPE="2" OPERTYPEID="10" PREVID="0" NEXTID="0" UPDATEDATE="2025-11-01" STARTDATE="2025-11-01" ENDDATE="2079-06-06" ISACTUAL="1" ISACTIVE="1" /><APARTMENT ID="112054844" OBJECTID="175657124" OBJECTGUID="5488a64f-59f4-4ccf-ab77-29015f5ba984" CHANGEID="691575249" NUMBER="2" APARTTYPE="2" OPERTYPEID="10" PREVID="0" NEXTID="0" UPDATEDATE="2025-11-01" STARTDATE="2025-11-01" ENDDATE="2079-06-06" ISACTUAL="1" ISACTIVE="1" /><APARTMENT ID="112054845" OBJECTID="175657125" OBJECTGUID="36fd2337-49b3-46b1-b5d2-62800eafdef6" CHANGEID="691575250" NUMBER="1" APARTTYPE="2" OPERTYPEID="10" PREVID="0" NEXTID="0" UPDATEDATE="2025-11-01" STARTDATE="2025-11-01" ENDDATE="2079-06-06" ISACTUAL="1" ISACTIVE="1" /><APARTMENT ID="112056101" OBJECTID="175661731" OBJECTGUID="1c04888e-e01f-4b03-bede-a1c9ec23ba80" CHANGEID="691582834" NUMBER="2" APARTTYPE="2" OPERTYPEID="10" PREVID="0" NEXTID="0" UPDATEDATE="2025-11-01" STARTDATE="2025-11-01" ENDDATE="2079-06-06" ISACTUAL="1" ISACTIVE="1" /><APARTMENT ID="112056102" OBJECTID="175661732" OBJECTGUID="81b4c4a9-fc14-42d2-b20c-4769ef5eaf7b" CHANGEID="691582835" NUMBER="1" APARTTYPE="2" OPERTYPEID="10" PREVID="0" NEXTID="0" UPDATEDATE="2025-11-01" STARTDATE="2025-11-01" ENDDATE="2079-06-06" ISACTUAL="1" ISACTIVE="1" /><APARTMENT ID="112056104" OBJECTID="175661746" OBJECTGUID="e880b658-8229-479e-8990-7db7e401f21d" CHANGEID="691582855" NUMBER="2" APARTTYPE="2" OPERTYPEID="10" PREVID="0" NEXTID="0" UPDATEDATE="2025-11-01" STARTDATE="2025-11-01" ENDDATE="2079-06-06" ISACTUAL="1" ISACTIVE="1" /><APARTMENT ID="112056105" OBJECTID="175661747" OBJECTGUID="3e8bac47-d297-442b-96d8-61df7926acb6" CHANGEID="691582856" NUMBER="1" APARTTYPE="2" OPERTYPEID="10" PREVID="0" NEXTID="0" UPDATEDATE="2025-11-01" STARTDATE="2025-11-01" ENDDATE="2079-06-06" ISACTUAL="1" ISACTIVE="1" /><APARTMENT ID="112056106" OBJECTID="175661756" OBJECTGUID="87b7f037-cefd-419d-9a6b-86ab49fdcea7" CHANGEID="691582870" NUMBER="2" APARTTYPE="2" OPERTYPEID="10" PREVID="0" NEXTID="0" UPDATEDATE="2025-11-01" STARTDATE="2025-11-01" ENDDATE="2079-06-06" ISACTUAL="1" ISACTIVE="1" /><APARTMENT ID="112056107" OBJECTID="175661757" OBJECTGUID="2f3953be-bcc3-4af8-8138-32bc9b9dd43f" CHANGEID="691582871" NUMBER="1" APARTTYPE="2" OPERTYPEID="10" PREVID="0" NEXTID="0" UPDATEDATE="2025-11-01" STARTDATE="2025-11-01" ENDDATE="2079-06-06" ISACTUAL="1" ISACTIVE="1" /><APARTMENT ID="112056110" OBJECTID="175661778" OBJECTGUID="2a7992cd-7b3c-4eda-bdec-a1c4373ae40a" CHANGEID="691582916" NUMBER="2" APARTTYPE="2" OPERTYPEID="10" PREVID="0" NEXTID="0" UPDATEDATE="2025-11-01" STARTDATE="2025-11-01" ENDDATE="2079-06-06" ISACTUAL="1" ISACTIVE="1" /><APARTMENT ID="112056111" OBJECTID="175661779" OBJECTGUID="7315e536-9ffe-4324-8032-2166634b961b" CHANGEID="691582917" NUMBER="1" APARTTYPE="2" OPERTYPEID="10" PREVID="0" NEXTID="0" UPDATEDATE="2025-11-01" STARTDATE="2025-11-01" ENDDATE="2079-06-06" ISACTUAL="1" ISACTIVE="1" /><APARTMENT ID="112056117" OBJECTID="175661813" OBJECTGUID="2d280da5-fd9f-4c60-9181-aa24ae7e07e6" CHANGEID="691582963" NUMBER="2" APARTTYPE="2" OPERTYPEID="10" PREVID="0" NEXTID="0" UPDATEDATE="2025-11-01" STARTDATE="2025-11-01" ENDDATE="2079-06-06" ISACTUAL="1" ISACTIVE="1" /><APARTMENT ID="112056118" OBJECTID="175661814" OBJECTGUID="c984a250-79a2-4881-8258-929a09c1ff55" CHANGEID="691582964" NUMBER="1" APARTTYPE="2" OPERTYPEID="10" PREVID="0" NEXTID="0" UPDATEDATE="2025-11-01" STARTDATE="2025-11-01" ENDDATE="2079-06-06" ISACTUAL="1" ISACTIVE="1" /><APARTMENT ID="112056119" OBJECTID="175661832" OBJECTGUID="c7d91ff1-360b-4342-a8db-cfd488d64672" CHANGEID="691582997" NUMBER="2" APARTTYPE="2" OPERTYPEID="10" PREVID="0" NEXTID="0" UPDATEDATE="2025-11-01" STARTDATE="2025-11-01" ENDDATE="2079-06-06" ISACTUAL="1" ISACTIVE="1" /><APARTMENT ID="112056122" OBJECTID="175661851" OBJECTGUID="52e66077-3239-4b3b-a59b-0f10f83e9006" CHANGEID="691583033" NUMBER="3" APARTTYPE="2" OPERTYPEID="10" PREVID="0" NEXTID="0" UPDATEDATE="2025-11-01" STARTDATE="2025-11-01" ENDDATE="2079-06-06" ISACTUAL="1" ISACTIVE="1" /><APARTMENT ID="112056123" OBJECTID="175661852" OBJECTGUID="d1413749-9ee4-445c-98b4-d26a18387619" CHANGEID="691583034" NUMBER="2" APARTTYPE="2" OPERTYPEID="10" PREVID="0" NEXTID="0" UPDATEDATE="2025-11-01" STARTDATE="2025-11-01" ENDDATE="2079-06-06" ISACTUAL="1" ISACTIVE="1" /><APARTMENT ID="112056124" OBJECTID="175661853" OBJECTGUID="5b5e986d-2067-4b26-b366-46109783cf3e" CHANGEID="691583035" NUMBER="1" APARTTYPE="2" OPERTYPEID="10" PREVID="0" NEXTID="0" UPDATEDATE="2025-11-01" STARTDATE="2025-11-01" ENDDATE="2079-06-06" ISACTUAL="1" ISACTIVE="1" /><APARTMENT ID="112056108" OBJECTID="175661772" OBJECTGUID="8cc560f5-ce39-4627-9cb6-8a2b44aac239" CHANGEID="691582902" NUMBER="2" APARTTYPE="2" OPERTYPEID="10" PREVID="0" NEXTID="0" UPDATEDATE="2025-11-01" STARTDATE="2025-11-01" ENDDATE="2079-06-06" ISACTUAL="1" ISACTIVE="1" /><APARTMENT ID="112056109" OBJECTID="175661773" OBJECTGUID="277c412d-b6c0-4c14-a9f0-e28d2e773c22" CHANGEID="691582903" NUMBER="1" APARTTYPE="2" OPERTYPEID="10" PREVID="0" NEXTID="0" UPDATEDATE="2025-11-01" STARTDATE="2025-11-01" ENDDATE="2079-06-06" ISACTUAL="1" ISACTIVE="1" /><APARTMENT ID="112056112" OBJECTID="175661787" OBJECTGUID="6276944f-814b-466a-b5e6-46e695532726" CHANGEID="691582928" NUMBER="3" APARTTYPE="2" OPERTYPEID="10" PREVID="0" NEXTID="0" UPDATEDATE="2025-11-01" STARTDATE="2025-11-01" ENDDATE="2079-06-06" ISACTUAL="1" ISACTIVE="1" /><APARTMENT ID="112056113" OBJECTID="175661788" OBJECTGUID="8a32c39a-5ab9-4ed7-8679-08cdf4ce8c43" CHANGEID="691582929" NUMBER="2" APARTTYPE="2" OPERTYPEID="10" PREVID="0" NEXTID="0" UPDATEDATE="2025-11-01" STARTDATE="2025-11-01" ENDDATE="2079-06-06" ISACTUAL="1" ISACTIVE="1" /><APARTMENT ID="112056114" OBJECTID="175661789" OBJECTGUID="70d97cf6-c6bf-470d-8e53-71de41ffa92a" CHANGEID="691582930" NUMBER="1" APARTTYPE="2" OPERTYPEID="10" PREVID="0" NEXTID="0" UPDATEDATE="2025-11-01" STARTDATE="2025-11-01" ENDDATE="2079-06-06" ISACTUAL="1" ISACTIVE="1" /><APARTMENT ID="112056115" OBJECTID="175661803" OBJECTGUID="d8001c85-e209-4809-893d-1bdff04ee507" CHANGEID="691582950" NUMBER="2" APARTTYPE="2" OPERTYPEID="10" PREVID="0" NEXTID="0" UPDATEDATE="2025-11-01" STARTDATE="2025-11-01" ENDDATE="2079-06-06" ISACTUAL="1" ISACTIVE="1" /><APARTMENT ID="112056116" OBJECTID="175661804" OBJECTGUID="b26e4360-36c5-4c7f-95a0-0afd5f3e8dc8" CHANGEID="691582951" NUMBER="1" APARTTYPE="2" OPERTYPEID="10" PREVID="0" NEXTID="0" UPDATEDATE="2025-11-01" STARTDATE="2025-11-01" ENDDATE="2079-06-06" ISACTUAL="1" ISACTIVE="1" /><APARTMENT ID="112056120" OBJECTID="175661843" OBJECTGUID="b2cff3f8-3c7d-47a6-a269-495c41d2db8e" CHANGEID="691583016" NUMBER="2" APARTTYPE="2" OPERTYPEID="10" PREVID="0" NEXTID="0" UPDATEDATE="2025-11-01" STARTDATE="2025-11-01" ENDDATE="2079-06-06" ISACTUAL="1" ISACTIVE="1" /><APARTMENT ID="112056121" OBJECTID="175661844" OBJECTGUID="d60a635b-e2a1-421c-83e1-8f1b063f8484" CHANGEID="691583017" NUMBER="1" APARTTYPE="2" OPERTYPEID="10" PREVID="0" NEXTID="0" UPDATEDATE="2025-11-01" STARTDATE="2025-11-01" ENDDATE="2079-06-06" ISACTUAL="1" ISACTIVE="1" /><APARTMENT ID="112056125" OBJECTID="175661892" OBJECTGUID="6f751cc7-0b0f-4eb5-834b-242a0fa97b57" CHANGEID="691583080" NUMBER="2" APARTTYPE="2" OPERTYPEID="10" PREVID="0" NEXTID="0" UPDATEDATE="2025-11-01" STARTDATE="2025-11-01" ENDDATE="2079-06-06" ISACTUAL="1" ISACTIVE="1" /><APARTMENT ID="112056126" OBJECTID="175661893" OBJECTGUID="7a0b4e6e-c122-40f5-a600-003e01d3baef" CHANGEID="691583081" NUMBER="1" APARTTYPE="2" OPERTYPEID="10" PREVID="0" NEXTID="0" UPDATEDATE="2025-11-01" STARTDATE="2025-11-01" ENDDATE="2079-06-06" ISACTUAL="1" ISACTIVE="1" /><APARTMENT ID="112056643" OBJECTID="175662823" OBJECTGUID="36a8b1ae-767a-403d-82e7-72bfe8c80fcb" CHANGEID="691585186" NUMBER="3" APARTTYPE="2" OPERTYPEID="10" PREVID="0" NEXTID="0" UPDATEDATE="2025-11-01" STARTDATE="2025-11-01" ENDDATE="2079-06-06" ISACTUAL="1" ISACTIVE="1" /><APARTMENT ID="112056644" OBJECTID="175662824" OBJECTGUID="b765b9ca-5123-45d0-a6de-4d4a6f592f7d" CHANGEID="691585187" NUMBER="2" APARTTYPE="2" OPERTYPEID="10" PREVID="0" NEXTID="0" UPDATEDATE="2025-11-01" STARTDATE="2025-11-01" ENDDATE="2079-06-06" ISACTUAL="1" ISACTIVE="1" /><APARTMENT ID="112056645" OBJECTID="175662825" OBJECTGUID="fd7ab412-13db-441e-9139-5893b0dfc509" CHANGEID="691585188" NUMBER="1" APARTTYPE="2" OPERTYPEID="10" PREVID="0" NEXTID="0" UPDATEDATE="2025-11-01" STARTDATE="2025-11-01" ENDDATE="2079-06-06" ISACTUAL="1" ISACTIVE="1" /><APARTMENT ID="112056646" OBJECTID="175662840" OBJECTGUID="f2ce05a2-fbeb-4027-b8b2-075377e8ed1e" CHANGEID="691585214" NUMBER="2" APARTTYPE="2" OPERTYPEID="10" PREVID="0" NEXTID="0" UPDATEDATE="2025-11-01" STARTDATE="2025-11-01" ENDDATE="2079-06-06" ISACTUAL="1" ISACTIVE="1" /><APARTMENT ID="112056647" OBJECTID="175662841" OBJECTGUID="4822b81c-1886-4047-8eac-ae3aefbf0e5b" CHANGEID="691585215" NUMBER="1" APARTTYPE="2" OPERTYPEID="10" PREVID="0" NEXTID="0" UPDATEDATE="2025-11-01" STARTDATE="2025-11-01" ENDDATE="2079-06-06" ISACTUAL="1" ISACTIVE="1" /><APARTMENT ID="112056712" OBJECTID="175663184" OBJECTGUID="98498365-0727-4e8a-972f-5a1301d49630" CHANGEID="691585806" NUMBER="1" APARTTYPE="1" OPERTYPEID="10" PREVID="0" NEXTID="0" UPDATEDATE="2025-11-01" STARTDATE="2025-11-01" ENDDATE="2079-06-06" ISACTUAL="1" ISACTIVE="1" /><APARTMENT ID="112056771" OBJECTID="175663707" OBJECTGUID="080d1ed3-f535-41a2-87b2-40206d47282a" CHANGEID="691587035" NUMBER="2" APARTTYPE="2" OPERTYPEID="10" PREVID="0" NEXTID="0" UPDATEDATE="2025-11-01" STARTDATE="2025-11-01" ENDDATE="2079-06-06" ISACTUAL="1" ISACTIVE="1" /><APARTMENT ID="112056772" OBJECTID="175663708" OBJECTGUID="226c7faa-b0b1-489d-8e4b-6bda1d84440f" CHANGEID="691587036" NUMBER="1" APARTTYPE="2" OPERTYPEID="10" PREVID="0" NEXTID="0" UPDATEDATE="2025-11-01" STARTDATE="2025-11-01" ENDDATE="2079-06-06" ISACTUAL="1" ISACTIVE="1" /><APARTMENT ID="112057369" OBJECTID="83500810" OBJECTGUID="141edbab-f344-4358-9694-fd62446b13be" CHANGEID="691588912" NUMBER="8" APARTTYPE="2" OPERTYPEID="55" PREVID="49968599" NEXTID="129439036" UPDATEDATE="2025-11-01" STARTDATE="2025-11-01" ENDDATE="2079-06-06" ISACTUAL="1" ISACTIVE="0" /><APARTMENT ID="49968599" OBJECTID="83500810" OBJECTGUID="141edbab-f344-4358-9694-fd62446b13be" CHANGEID="124037896" NUMBER="8" APARTTYPE="2" OPERTYPEID="10" PREVID="0" NEXTID="112057369" UPDATEDATE="2025-11-01" STARTDATE="2018-08-29" ENDDATE="2025-11-01" ISACTUAL="0" ISACTIVE="0" /><APARTMENT ID="112057370" OBJECTID="83504721" OBJECTGUID="b4b2d291-6d17-4aa7-8f2b-db3f9fbbf857" CHANGEID="691588914" NUMBER="2" APARTTYPE="2" OPERTYPEID="55" PREVID="49970855" NEXTID="129439037" UPDATEDATE="2025-11-01" STARTDATE="2025-11-01" ENDDATE="2079-06-06" ISACTUAL="1" ISACTIVE="0" /><APARTMENT ID="49970855" OBJECTID="83504721" OBJECTGUID="b4b2d291-6d17-4aa7-8f2b-db3f9fbbf857" CHANGEID="124043948" NUMBER="2" APARTTYPE="2" OPERTYPEID="10" PREVID="0" NEXTID="112057370" UPDATEDATE="2025-11-01" STARTDATE="2018-08-29" ENDDATE="2025-11-01" ISACTUAL="0" ISACTIVE="0" /><APARTMENT ID="112057371" OBJECTID="83504724" OBJECTGUID="c6ee00b8-0197-45ed-b2b2-03a1b398c637" CHANGEID="691588916" NUMBER="4" APARTTYPE="2" OPERTYPEID="55" PREVID="49970858" NEXTID="129439038" UPDATEDATE="2025-11-01" STARTDATE="2025-11-01" ENDDATE="2079-06-06" ISACTUAL="1" ISACTIVE="0" /><APARTMENT ID="49970858" OBJECTID="83504724" OBJECTGUID="c6ee00b8-0197-45ed-b2b2-03a1b398c637" CHANGEID="124043955" NUMBER="4" APARTTYPE="2" OPERTYPEID="10" PREVID="0" NEXTID="112057371" UPDATEDATE="2025-11-01" STARTDATE="2018-08-29" ENDDATE="2025-11-01" ISACTUAL="0" ISACTIVE="0" /><APARTMENT ID="112057372" OBJECTID="83504729" OBJECTGUID="cc15d968-ac5a-4131-80c1-5e6260033c3e" CHANGEID="691588918" NUMBER="10" APARTTYPE="2" OPERTYPEID="55" PREVID="49970862" NEXTID="129439039" UPDATEDATE="2025-11-01" STARTDATE="2025-11-01" ENDDATE="2079-06-06" ISACTUAL="1" ISACTIVE="0" /><APARTMENT ID="49970862" OBJECTID="83504729" OBJECTGUID="cc15d968-ac5a-4131-80c1-5e6260033c3e" CHANGEID="124043968" NUMBER="10" APARTTYPE="2" OPERTYPEID="10" PREVID="0" NEXTID="112057372" UPDATEDATE="2025-11-01" STARTDATE="2018-08-29" ENDDATE="2025-11-01" ISACTUAL="0" ISACTIVE="0" /><APARTMENT ID="112057373" OBJECTID="83504731" OBJECTGUID="e87ebd4e-f9d9-476a-a424-7fc2b222259e" CHANGEID="691588920" NUMBER="3" APARTTYPE="2" OPERTYPEID="55" PREVID="49970864" NEXTID="129439040" UPDATEDATE="2025-11-01" STARTDATE="2025-11-01" ENDDATE="2079-06-06" ISACTUAL="1" ISACTIVE="0" /><APARTMENT ID="49970864" OBJECTID="83504731" OBJECTGUID="e87ebd4e-f9d9-476a-a424-7fc2b222259e" CHANGEID="124043974" NUMBER="3" APARTTYPE="2" OPERTYPEID="10" PREVID="0" NEXTID="112057373" UPDATEDATE="2025-11-01" STARTDATE="2018-08-29" ENDDATE="2025-11-01" ISACTUAL="0" ISACTIVE="0" /><APARTMENT ID="112057374" OBJECTID="83504738" OBJECTGUID="f096599b-c683-4090-b62f-f91331d41765" CHANGEID="691588922" NUMBER="5" APARTTYPE="2" OPERTYPEID="55" PREVID="49970869" NEXTID="129439041" UPDATEDATE="2025-11-01" STARTDATE="2025-11-01" ENDDATE="2079-06-06" ISACTUAL="1" ISACTIVE="0" /><APARTMENT ID="49970869" OBJECTID="83504738" OBJECTGUID="f096599b-c683-4090-b62f-f91331d41765" CHANGEID="124043981" NUMBER="5" APARTTYPE="2" OPERTYPEID="10" PREVID="0" NEXTID="112057374" UPDATEDATE="2025-11-01" STARTDATE="2018-08-29" ENDDATE="2025-11-01" ISACTUAL="0" ISACTIVE="0" /><APARTMENT ID="112057375" OBJECTID="83504743" OBJECTGUID="f41e0900-1e7a-4d71-8591-1f898d82126b" CHANGEID="691588924" NUMBER="7" APARTTYPE="2" OPERTYPEID="55" PREVID="49970874" NEXTID="129439042" UPDATEDATE="2025-11-01" STARTDATE="2025-11-01" ENDDATE="2079-06-06" ISACTUAL="1" ISACTIVE="0" /><APARTMENT ID="49970874" OBJECTID="83504743" OBJECTGUID="f41e0900-1e7a-4d71-8591-1f898d82126b" CHANGEID="124043989" NUMBER="7" APARTTYPE="2" OPERTYPEID="10" PREVID="0" NEXTID="112057375" UPDATEDATE="2025-11-01" STARTDATE="2018-08-29" ENDDATE="2025-11-01" ISACTUAL="0" ISACTIVE="0" /><APARTMENT ID="112057376" OBJECTID="83503511" OBJECTGUID="2125b08e-0a8e-4cb4-8451-1229efcb83db" CHANGEID="691588926" NUMBER="1" APARTTYPE="2" OPERTYPEID="55" PREVID="49970192" NEXTID="129439043" UPDATEDATE="2025-11-01" STARTDATE="2025-11-01" ENDDATE="2079-06-06" ISACTUAL="1" ISACTIVE="0" /><APARTMENT ID="49970192" OBJECTID="83503511" OBJECTGUID="2125b08e-0a8e-4cb4-8451-1229efcb83db" CHANGEID="124042115" NUMBER="1" APARTTYPE="2" OPERTYPEID="10" PREVID="0" NEXTID="112057376" UPDATEDATE="2025-11-01" STARTDATE="2018-08-29" ENDDATE="2025-11-01" ISACTUAL="0" ISACTIVE="0" /><APARTMENT ID="112057377" OBJECTID="83504689" OBJECTGUID="27bb61d6-0439-4c1b-87ed-5f9b0609cabe" CHANGEID="691588928" NUMBER="9" APARTTYPE="2" OPERTYPEID="55" PREVID="49970833" NEXTID="129439044" UPDATEDATE="2025-11-01" STARTDATE="2025-11-01" ENDDATE="2079-06-06" ISACTUAL="1" ISACTIVE="0" /><APARTMENT ID="49970833" OBJECTID="83504689" OBJECTGUID="27bb61d6-0439-4c1b-87ed-5f9b0609cabe" CHANGEID="124043909" NUMBER="9" APARTTYPE="2" OPERTYPEID="10" PREVID="0" NEXTID="112057377" UPDATEDATE="2025-11-01" STARTDATE="2018-08-29" ENDDATE="2025-11-01" ISACTUAL="0" ISACTIVE="0" /><APARTMENT ID="112057378" OBJECTID="83504702" OBJECTGUID="9b6c5c38-2400-461e-80d8-f0dd7be7138d" CHANGEID="691588930" NUMBER="6" APARTTYPE="2" OPERTYPEID="55" PREVID="49970844" NEXTID="129439045" UPDATEDATE="2025-11-01" STARTDATE="2025-11-01" ENDDATE="2079-06-06" ISACTUAL="1" ISACTIVE="0" /><APARTMENT ID="49970844" OBJECTID="83504702" OBJECTGUID="9b6c5c38-2400-461e-80d8-f0dd7be7138d" CHANGEID="124043926" NUMBER="6" APARTTYPE="2" OPERTYPEID="10" PREVID="0" NEXTID="112057378" UPDATEDATE="2025-11-01" STARTDATE="2018-08-29" ENDDATE="2025-11-01" ISACTUAL="0" ISACTIVE="0" /><APARTMENT ID="112058444" OBJECTID="14485606" OBJECTGUID="a2636e41-87d4-4ab0-81b3-3dda9d2c5856" CHANGEID="691592872" NUMBER="2" APARTTYPE="1" OPERTYPEID="30" PREVID="7898777" NEXTID="0" UPDATEDATE="2025-11-01" STARTDATE="2025-11-01" ENDDATE="2079-06-06" ISACTUAL="1" ISACTIVE="0" /><APARTMENT ID="7898777" OBJECTID="14485606" OBJECTGUID="a2636e41-87d4-4ab0-81b3-3dda9d2c5856" CHANGEID="23159373" NUMBER="2" APARTTYPE="1" OPERTYPEID="10" PREVID="0" NEXTID="112058444" UPDATEDATE="2025-11-01" STARTDATE="2018-08-20" ENDDATE="2025-11-01" ISACTUAL="0" ISACTIVE="0" /></APARTMENTS>