﻿<?xml version="1.0" encoding="utf-8"?><HOUSES><HOUSE ID="59496552" OBJECTID="40971949" OBJECTGUID="7291fc44-db3c-49ec-b027-1956c1acaaf1" CHANGEID="61978328" HOUSENUM="57" HOUSETYPE="2" OPERTYPEID="20" PREVID="24478466" NEXTID="129431354" UPDATEDATE="2025-10-31" STARTDATE="2014-03-25" ENDDATE="2025-10-31" ISACTUAL="0" ISACTIVE="0" /><HOUSE ID="59637612" OBJECTID="8379583" OBJECTGUID="748e8d2a-5af6-4d33-bd19-d9697877981a" CHANGEID="14156570" HOUSENUM="81" HOUSETYPE="2" OPERTYPEID="20" PREVID="4240567" NEXTID="129431657" UPDATEDATE="2025-10-31" STARTDATE="2014-03-25" ENDDATE="2025-10-31" ISACTUAL="0" ISACTIVE="0" /><HOUSE ID="59800383" OBJECTID="43301352" OBJECTGUID="76d7b562-8285-4b35-bfbe-a0d6aefdb404" CHANGEID="65360642" HOUSENUM="4" HOUSETYPE="2" OPERTYPEID="20" PREVID="25867056" NEXTID="129431646" UPDATEDATE="2025-10-31" STARTDATE="2014-03-25" ENDDATE="2025-10-31" ISACTUAL="0" ISACTIVE="0" /><HOUSE ID="61906111" OBJECTID="60073459" OBJECTGUID="94968f8d-a88f-44b4-8efb-9e1e447d8139" CHANGEID="89711885" HOUSENUM="3А" HOUSETYPE="2" OPERTYPEID="20" PREVID="35981057" NEXTID="129413876" UPDATEDATE="2025-10-30" STARTDATE="2014-01-04" ENDDATE="2025-10-30" ISACTUAL="0" ISACTIVE="0" /><HOUSE ID="62143191" OBJECTID="22560863" OBJECTGUID="97eb5e3f-6abc-40cf-9fe5-494f558f4a3f" CHANGEID="35155309" HOUSENUM="103" HOUSETYPE="2" OPERTYPEID="20" PREVID="13313011" NEXTID="129431684" UPDATEDATE="2025-10-31" STARTDATE="2014-03-25" ENDDATE="2025-10-31" ISACTUAL="0" ISACTIVE="0" /><HOUSE ID="64774989" OBJECTID="28126304" OBJECTGUID="bd0db9a4-45c3-4604-a0aa-737c33d90a4e" CHANGEID="43284191" HOUSENUM="24" HOUSETYPE="2" OPERTYPEID="20" PREVID="16697750" NEXTID="129423041" UPDATEDATE="2025-10-30" STARTDATE="2015-11-05" ENDDATE="2025-10-30" ISACTUAL="0" ISACTIVE="0" /><HOUSE ID="65429596" OBJECTID="43259082" OBJECTGUID="c64a4678-f30a-4f85-a00d-26a17b851e70" CHANGEID="65295831" HOUSENUM="35" HOUSETYPE="2" OPERTYPEID="20" PREVID="25839536" NEXTID="129431631" UPDATEDATE="2025-10-31" STARTDATE="2018-11-05" ENDDATE="2025-10-31" ISACTUAL="0" ISACTIVE="0" /><HOUSE ID="66176617" OBJECTID="21858367" OBJECTGUID="d0dc713c-852b-4430-b39d-ed214e1f58db" CHANGEID="34116688" HOUSENUM="65" HOUSETYPE="2" OPERTYPEID="20" PREVID="12865515" NEXTID="129438990" UPDATEDATE="2025-11-01" STARTDATE="2017-11-01" ENDDATE="2025-11-01" ISACTUAL="0" ISACTIVE="0" /><HOUSE ID="66889820" OBJECTID="77276589" OBJECTGUID="daef6348-b86e-4352-9f74-8882001f8a3f" CHANGEID="114925020" HOUSENUM="3" HOUSETYPE="2" OPERTYPEID="20" PREVID="46696718" NEXTID="129429059" UPDATEDATE="2025-10-31" STARTDATE="2015-10-01" ENDDATE="2025-10-31" ISACTUAL="0" ISACTIVE="0" /><HOUSE ID="67354012" OBJECTID="4086967" OBJECTGUID="e17bcd7c-27d9-427c-a3e1-9fb7f25d97f9" CHANGEID="7867084" HOUSENUM="23" HOUSETYPE="2" OPERTYPEID="20" PREVID="1579567" NEXTID="129431650" UPDATEDATE="2025-10-31" STARTDATE="2014-03-25" ENDDATE="2025-10-31" ISACTUAL="0" ISACTIVE="0" /><HOUSE ID="68414028" OBJECTID="8371244" OBJECTGUID="f0745de1-22b7-4642-ad37-c9cce7d4ca75" CHANGEID="14144170" HOUSENUM="28" HOUSETYPE="2" OPERTYPEID="20" PREVID="4234746" NEXTID="129431679" UPDATEDATE="2025-10-31" STARTDATE="2014-03-25" ENDDATE="2025-10-31" ISACTUAL="0" ISACTIVE="0" /><HOUSE ID="69469834" OBJECTID="65150657" OBJECTGUID="ff6492df-b7f2-4db3-8315-4155eb376907" CHANGEID="97181297" HOUSENUM="14" HOUSETYPE="2" OPERTYPEID="20" PREVID="39213333" NEXTID="129432155" UPDATEDATE="2025-10-31" STARTDATE="2014-01-04" ENDDATE="2025-10-31" ISACTUAL="0" ISACTIVE="0" /><HOUSE ID="55669095" OBJECTID="55187327" OBJECTGUID="3c8a332e-4c1c-40ae-afef-09e97a2b8860" CHANGEID="82544828" HOUSENUM="3" HOUSETYPE="2" OPERTYPEID="20" PREVID="32965415" NEXTID="129439843" UPDATEDATE="2025-11-01" STARTDATE="2014-05-12" ENDDATE="2025-11-01" ISACTUAL="0" ISACTIVE="0" /><HOUSE ID="44660056" OBJECTID="73966162" OBJECTGUID="2d8436de-237b-4d2a-952e-08ab748fbada" CHANGEID="110099465" HOUSENUM="14" HOUSETYPE="2" OPERTYPEID="10" PREVID="0" NEXTID="129432162" UPDATEDATE="2025-10-31" STARTDATE="2018-08-14" ENDDATE="2025-10-31" ISACTUAL="0" ISACTIVE="0" /><HOUSE ID="52406060" OBJECTID="34987656" OBJECTGUID="0e767e34-7af7-4053-abed-0771392a7cc3" CHANGEID="53216226" HOUSENUM="49" HOUSETYPE="2" OPERTYPEID="20" PREVID="20807659" NEXTID="129431702" UPDATEDATE="2025-10-31" STARTDATE="2014-03-25" ENDDATE="2025-10-31" ISACTUAL="0" ISACTIVE="0" /><HOUSE ID="53478386" OBJECTID="66948614" OBJECTGUID="1d9d9511-6057-4d98-9e7e-8231b7b3dddc" CHANGEID="99835981" HOUSENUM="9" HOUSETYPE="2" OPERTYPEID="20" PREVID="40323712" NEXTID="129413418" UPDATEDATE="2025-10-30" STARTDATE="2014-01-04" ENDDATE="2025-10-30" ISACTUAL="0" ISACTIVE="0" /><HOUSE ID="54073064" OBJECTID="40984811" OBJECTGUID="26032166-e92e-49dd-8225-59053b9ec3fb" CHANGEID="61996238" HOUSENUM="43" HOUSETYPE="2" OPERTYPEID="20" PREVID="24485132" NEXTID="129431630" UPDATEDATE="2025-10-31" STARTDATE="2014-03-25" ENDDATE="2025-10-31" ISACTUAL="0" ISACTIVE="0" /><HOUSE ID="126245636" OBJECTID="163672300" OBJECTGUID="966beaf1-6757-45fc-84c6-6b8c495b99bf" CHANGEID="596108448" HOUSENUM="9" HOUSETYPE="2" OPERTYPEID="10" PREVID="0" NEXTID="129439569" UPDATEDATE="2025-11-01" STARTDATE="2024-05-27" ENDDATE="2025-11-01" ISACTUAL="0" ISACTIVE="0" /><HOUSE ID="129413418" OBJECTID="66948614" OBJECTGUID="1d9d9511-6057-4d98-9e7e-8231b7b3dddc" CHANGEID="691451524" HOUSENUM="9" HOUSETYPE="2" OPERTYPEID="30" PREVID="53478386" NEXTID="0" UPDATEDATE="2025-10-30" STARTDATE="2025-10-30" ENDDATE="2079-06-06" ISACTUAL="1" ISACTIVE="0" /><HOUSE ID="129413788" OBJECTID="175591883" OBJECTGUID="52179974-9276-4745-9256-830b03aa4dc7" CHANGEID="691453994" HOUSENUM="589" HOUSETYPE="5" OPERTYPEID="10" PREVID="0" NEXTID="0" UPDATEDATE="2025-10-30" STARTDATE="2025-10-30" ENDDATE="2079-06-06" ISACTUAL="1" ISACTIVE="1" /><HOUSE ID="129413794" OBJECTID="175591902" OBJECTGUID="ca96bd1e-2845-4e0f-be7d-3d79629db86b" CHANGEID="691454015" HOUSENUM="23а/3" HOUSETYPE="2" OPERTYPEID="10" PREVID="0" NEXTID="0" UPDATEDATE="2025-10-30" STARTDATE="2025-10-30" ENDDATE="2079-06-06" ISACTUAL="1" ISACTIVE="1" /><HOUSE ID="129413876" OBJECTID="60073459" OBJECTGUID="94968f8d-a88f-44b4-8efb-9e1e447d8139" CHANGEID="691454614" HOUSENUM="3а" HOUSETYPE="2" OPERTYPEID="20" PREVID="61906111" UPDATEDATE="2025-10-30" STARTDATE="2025-10-30" ENDDATE="2079-06-06" ISACTUAL="1" ISACTIVE="1" /><HOUSE ID="129413903" OBJECTID="175592466" OBJECTGUID="83a8c8ac-5d63-4ca0-9b25-8c576f64cde2" CHANGEID="691454711" HOUSENUM="5а" HOUSETYPE="2" OPERTYPEID="10" PREVID="0" NEXTID="0" UPDATEDATE="2025-10-30" STARTDATE="2025-10-30" ENDDATE="2079-06-06" ISACTUAL="1" ISACTIVE="1" /><HOUSE ID="129413914" OBJECTID="10784943" OBJECTGUID="76e6e0a7-0027-4686-9759-194f726bce97" CHANGEID="691454748" HOUSENUM="9" HOUSETYPE="2" OPERTYPEID="30" PREVID="59804442" NEXTID="0" UPDATEDATE="2025-10-30" STARTDATE="2025-10-30" ENDDATE="2079-06-06" ISACTUAL="1" ISACTIVE="0" /><HOUSE ID="59804442" OBJECTID="10784943" OBJECTGUID="76e6e0a7-0027-4686-9759-194f726bce97" CHANGEID="17652565" HOUSENUM="9" HOUSETYPE="2" OPERTYPEID="20" PREVID="5696775" NEXTID="129413914" UPDATEDATE="2025-10-30" STARTDATE="2014-01-04" ENDDATE="2025-10-30" ISACTUAL="0" ISACTIVE="0" /><HOUSE ID="129413957" OBJECTID="175592632" OBJECTGUID="2645683d-235b-4ad4-976b-91a67a2b9876" CHANGEID="691455023" HOUSENUM="4а" HOUSETYPE="2" OPERTYPEID="10" PREVID="0" NEXTID="0" UPDATEDATE="2025-10-30" STARTDATE="2025-10-30" ENDDATE="2079-06-06" ISACTUAL="1" ISACTIVE="1" /><HOUSE ID="129413959" OBJECTID="175592640" OBJECTGUID="b7f7d1a8-b33b-4a31-8c5c-78c4a90ba3e3" CHANGEID="691455044" HOUSENUM="4а" HOUSETYPE="2" OPERTYPEID="10" PREVID="0" NEXTID="0" UPDATEDATE="2025-10-30" STARTDATE="2025-10-30" ENDDATE="2079-06-06" ISACTUAL="1" ISACTIVE="1" /><HOUSE ID="129416590" OBJECTID="175596524" OBJECTGUID="51a37aeb-a82a-4931-a39d-aa34ae2e1b07" CHANGEID="691462310" HOUSENUM="26г/240" HOUSETYPE="5" OPERTYPEID="10" PREVID="0" NEXTID="0" UPDATEDATE="2025-10-30" STARTDATE="2025-10-30" ENDDATE="2079-06-06" ISACTUAL="1" ISACTIVE="1" /><HOUSE ID="129416779" OBJECTID="175596562" OBJECTGUID="0d0fc470-91f7-4d75-9368-f5d1af609f62" CHANGEID="691462582" HOUSENUM="23г/1/1" HOUSETYPE="5" OPERTYPEID="10" PREVID="0" NEXTID="0" UPDATEDATE="2025-10-30" STARTDATE="2025-10-30" ENDDATE="2079-06-06" ISACTUAL="1" ISACTIVE="1" /><HOUSE ID="129416787" OBJECTID="175596581" OBJECTGUID="a89bda36-84cd-4363-a744-49362012039e" CHANGEID="691462609" HOUSENUM="9" HOUSETYPE="2" OPERTYPEID="10" PREVID="0" NEXTID="0" UPDATEDATE="2025-10-30" STARTDATE="2025-10-30" ENDDATE="2079-06-06" ISACTUAL="1" ISACTIVE="1" /><HOUSE ID="129416767" OBJECTID="175596528" OBJECTGUID="ffc28b14-0646-481b-8879-3f30ecd4fd30" CHANGEID="691462495" HOUSENUM="26г/291" HOUSETYPE="5" OPERTYPEID="10" PREVID="0" NEXTID="0" UPDATEDATE="2025-10-30" STARTDATE="2025-10-30" ENDDATE="2079-06-06" ISACTUAL="1" ISACTIVE="1" /><HOUSE ID="129416771" OBJECTID="175596532" OBJECTGUID="daff580b-4eaa-4512-a195-b76edb31c6b6" CHANGEID="691462542" HOUSENUM="26г/176" HOUSETYPE="5" OPERTYPEID="10" PREVID="0" NEXTID="0" UPDATEDATE="2025-10-30" STARTDATE="2025-10-30" ENDDATE="2079-06-06" ISACTUAL="1" ISACTIVE="1" /><HOUSE ID="129416774" OBJECTID="175596549" OBJECTGUID="de501bf6-2f2d-4048-9eaf-fe536731f0c3" CHANGEID="691462561" HOUSENUM="26г/239" HOUSETYPE="5" OPERTYPEID="10" PREVID="0" NEXTID="0" UPDATEDATE="2025-10-30" STARTDATE="2025-10-30" ENDDATE="2079-06-06" ISACTUAL="1" ISACTIVE="1" /><HOUSE ID="129417488" OBJECTID="175598202" OBJECTGUID="0b7b7932-50ff-4aae-9c71-a1b40b41b3a1" CHANGEID="691464911" HOUSENUM="47" HOUSETYPE="2" OPERTYPEID="10" PREVID="0" NEXTID="0" UPDATEDATE="2025-10-30" STARTDATE="2025-10-30" ENDDATE="2079-06-06" ISACTUAL="1" ISACTIVE="1" /><HOUSE ID="129417489" OBJECTID="175598203" OBJECTGUID="9b06d887-c065-48a8-96d0-47cf41757308" CHANGEID="691464912" HOUSENUM="45" HOUSETYPE="2" OPERTYPEID="10" PREVID="0" NEXTID="0" UPDATEDATE="2025-10-30" STARTDATE="2025-10-30" ENDDATE="2079-06-06" ISACTUAL="1" ISACTIVE="1" /><HOUSE ID="129417490" OBJECTID="175598204" OBJECTGUID="e7089879-92cd-4f8f-8605-2776433a9b12" CHANGEID="691464913" HOUSENUM="43" HOUSETYPE="2" OPERTYPEID="10" PREVID="0" NEXTID="0" UPDATEDATE="2025-10-30" STARTDATE="2025-10-30" ENDDATE="2079-06-06" ISACTUAL="1" ISACTIVE="1" /><HOUSE ID="129417505" OBJECTID="175598246" OBJECTGUID="dfcb1927-5791-43be-9a17-60f6f16b25ce" CHANGEID="691465033" HOUSENUM="48а" HOUSETYPE="2" OPERTYPEID="10" PREVID="0" NEXTID="0" UPDATEDATE="2025-10-30" STARTDATE="2025-10-30" ENDDATE="2079-06-06" ISACTUAL="1" ISACTIVE="1" /><HOUSE ID="129417506" OBJECTID="175598247" OBJECTGUID="6111a153-f0a5-41b2-9a97-b8704c15aa27" CHANGEID="691465034" HOUSENUM="46а" HOUSETYPE="2" OPERTYPEID="10" PREVID="0" NEXTID="0" UPDATEDATE="2025-10-30" STARTDATE="2025-10-30" ENDDATE="2079-06-06" ISACTUAL="1" ISACTIVE="1" /><HOUSE ID="129417507" OBJECTID="175598248" OBJECTGUID="fd542980-0af3-46ff-b15e-2515e03a2f2d" CHANGEID="691465035" HOUSENUM="44а" HOUSETYPE="2" OPERTYPEID="10" PREVID="0" NEXTID="0" UPDATEDATE="2025-10-30" STARTDATE="2025-10-30" ENDDATE="2079-06-06" ISACTUAL="1" ISACTIVE="1" /><HOUSE ID="129417508" OBJECTID="175598249" OBJECTGUID="f90b56c4-396c-45af-b857-e16faef0ff26" CHANGEID="691465036" HOUSENUM="42а" HOUSETYPE="2" OPERTYPEID="10" PREVID="0" NEXTID="0" UPDATEDATE="2025-10-30" STARTDATE="2025-10-30" ENDDATE="2079-06-06" ISACTUAL="1" ISACTIVE="1" /><HOUSE ID="129417509" OBJECTID="175598250" OBJECTGUID="36066c73-119a-4124-96fd-8b539badedd7" CHANGEID="691465037" HOUSENUM="47" HOUSETYPE="2" OPERTYPEID="10" PREVID="0" NEXTID="0" UPDATEDATE="2025-10-30" STARTDATE="2025-10-30" ENDDATE="2079-06-06" ISACTUAL="1" ISACTIVE="1" /><HOUSE ID="129417510" OBJECTID="175598251" OBJECTGUID="e192a99b-7b65-4876-b680-0e2d73e88535" CHANGEID="691465038" HOUSENUM="45" HOUSETYPE="2" OPERTYPEID="10" PREVID="0" NEXTID="0" UPDATEDATE="2025-10-30" STARTDATE="2025-10-30" ENDDATE="2079-06-06" ISACTUAL="1" ISACTIVE="1" /><HOUSE ID="129417511" OBJECTID="175598252" OBJECTGUID="b723711c-4f7c-4ea7-9fbd-110145419f41" CHANGEID="691465039" HOUSENUM="43" HOUSETYPE="2" OPERTYPEID="10" PREVID="0" NEXTID="0" UPDATEDATE="2025-10-30" STARTDATE="2025-10-30" ENDDATE="2079-06-06" ISACTUAL="1" ISACTIVE="1" /><HOUSE ID="129417512" OBJECTID="175598253" OBJECTGUID="a72e6457-7eab-44c3-b008-f4fdf40f70c1" CHANGEID="691465040" HOUSENUM="48" HOUSETYPE="2" OPERTYPEID="10" PREVID="0" NEXTID="0" UPDATEDATE="2025-10-30" STARTDATE="2025-10-30" ENDDATE="2079-06-06" ISACTUAL="1" ISACTIVE="1" /><HOUSE ID="129417513" OBJECTID="175598254" OBJECTGUID="39c59559-6552-4ff9-ac01-a14231f1c368" CHANGEID="691465041" HOUSENUM="46" HOUSETYPE="2" OPERTYPEID="10" PREVID="0" NEXTID="0" UPDATEDATE="2025-10-30" STARTDATE="2025-10-30" ENDDATE="2079-06-06" ISACTUAL="1" ISACTIVE="1" /><HOUSE ID="129417514" OBJECTID="175598255" OBJECTGUID="f08fa7c4-e53a-41cd-9510-046f938d2cfe" CHANGEID="691465042" HOUSENUM="44" HOUSETYPE="2" OPERTYPEID="10" PREVID="0" NEXTID="0" UPDATEDATE="2025-10-30" STARTDATE="2025-10-30" ENDDATE="2079-06-06" ISACTUAL="1" ISACTIVE="1" /><HOUSE ID="129417515" OBJECTID="175598256" OBJECTGUID="f69f3ab8-4118-43d8-9dd4-4f81724d27b7" CHANGEID="691465043" HOUSENUM="42" HOUSETYPE="2" OPERTYPEID="10" PREVID="0" NEXTID="0" UPDATEDATE="2025-10-30" STARTDATE="2025-10-30" ENDDATE="2079-06-06" ISACTUAL="1" ISACTIVE="1" /><HOUSE ID="129417587" OBJECTID="175598404" OBJECTGUID="89267037-572e-4709-b1b3-e1d5c1d8adfe" CHANGEID="691465396" HOUSENUM="4А" HOUSETYPE="5" OPERTYPEID="10" PREVID="0" NEXTID="0" UPDATEDATE="2025-10-30" STARTDATE="2025-10-30" ENDDATE="2079-06-06" ISACTUAL="1" ISACTIVE="1" /><HOUSE ID="129420278" OBJECTID="175603826" OBJECTGUID="cc6a6529-3ab5-4842-8f4d-b1469c0d1ae4" CHANGEID="691473864" HOUSENUM="26А" HOUSETYPE="8" OPERTYPEID="10" PREVID="0" NEXTID="0" UPDATEDATE="2025-10-30" STARTDATE="2025-10-30" ENDDATE="2079-06-06" ISACTUAL="1" ISACTIVE="1" /><HOUSE ID="129420305" OBJECTID="175604026" OBJECTGUID="bebce91a-a6bd-41a7-9e51-88eba949645d" CHANGEID="691474084" HOUSENUM="183" HOUSETYPE="2" OPERTYPEID="10" PREVID="0" NEXTID="0" UPDATEDATE="2025-10-30" STARTDATE="2025-10-30" ENDDATE="2079-06-06" ISACTUAL="1" ISACTIVE="1" /><HOUSE ID="129420306" OBJECTID="175604027" OBJECTGUID="9c163b67-5b05-4a0e-befe-bc7a9895699e" CHANGEID="691474085" HOUSENUM="363" HOUSETYPE="2" OPERTYPEID="10" PREVID="0" NEXTID="0" UPDATEDATE="2025-10-30" STARTDATE="2025-10-30" ENDDATE="2079-06-06" ISACTUAL="1" ISACTIVE="1" /><HOUSE ID="129420307" OBJECTID="175604028" OBJECTGUID="d16e705e-b8b6-49f3-a612-fcdc06f9873f" CHANGEID="691474086" HOUSENUM="56" HOUSETYPE="2" OPERTYPEID="10" PREVID="0" NEXTID="0" UPDATEDATE="2025-10-30" STARTDATE="2025-10-30" ENDDATE="2079-06-06" ISACTUAL="1" ISACTIVE="1" /><HOUSE ID="129420308" OBJECTID="175604029" OBJECTGUID="9de876b6-6e65-4c6f-bdf4-e83042552bd8" CHANGEID="691474087" HOUSENUM="21" HOUSETYPE="2" OPERTYPEID="10" PREVID="0" NEXTID="0" UPDATEDATE="2025-10-30" STARTDATE="2025-10-30" ENDDATE="2079-06-06" ISACTUAL="1" ISACTIVE="1" /><HOUSE ID="129420281" OBJECTID="175603829" OBJECTGUID="f171a9e5-987c-409e-83cd-29ef3ab37e88" CHANGEID="691473869" HOUSENUM="24" HOUSETYPE="2" OPERTYPEID="10" PREVID="0" NEXTID="0" UPDATEDATE="2025-10-30" STARTDATE="2025-10-30" ENDDATE="2079-06-06" ISACTUAL="1" ISACTIVE="1" /><HOUSE ID="129420286" OBJECTID="175603842" OBJECTGUID="a550c318-8297-47e3-b6f1-79ddab538da2" CHANGEID="691473884" HOUSENUM="150А" HOUSETYPE="8" OPERTYPEID="10" PREVID="0" NEXTID="0" UPDATEDATE="2025-10-30" STARTDATE="2025-10-30" ENDDATE="2079-06-06" ISACTUAL="1" ISACTIVE="1" /><HOUSE ID="129420295" OBJECTID="175603958" OBJECTGUID="23e81f08-b39c-4d64-bcbf-1d190ec94b1d" CHANGEID="691474009" HOUSENUM="306" HOUSETYPE="2" OPERTYPEID="10" PREVID="0" NEXTID="0" UPDATEDATE="2025-10-30" STARTDATE="2025-10-30" ENDDATE="2079-06-06" ISACTUAL="1" ISACTIVE="1" /><HOUSE ID="129420309" OBJECTID="175604030" OBJECTGUID="e7a2310a-b8bb-43d9-90fd-c2c17c92e2fd" CHANGEID="691474088" HOUSENUM="148" HOUSETYPE="2" OPERTYPEID="10" PREVID="0" NEXTID="0" UPDATEDATE="2025-10-30" STARTDATE="2025-10-30" ENDDATE="2079-06-06" ISACTUAL="1" ISACTIVE="1" /><HOUSE ID="129420310" OBJECTID="175604031" OBJECTGUID="7f16ce6a-3720-48ee-81fa-888321909270" CHANGEID="691474089" HOUSENUM="300а" HOUSETYPE="2" OPERTYPEID="10" PREVID="0" NEXTID="0" UPDATEDATE="2025-10-30" STARTDATE="2025-10-30" ENDDATE="2079-06-06" ISACTUAL="1" ISACTIVE="1" /><HOUSE ID="129420524" OBJECTID="175604583" OBJECTGUID="60a20795-843d-4f1d-9607-0a29b750a52d" CHANGEID="691474984" HOUSENUM="24/1" HOUSETYPE="2" OPERTYPEID="54" PREVID="112036451" NEXTID="0" UPDATEDATE="2025-10-30" STARTDATE="2025-10-30" ENDDATE="2079-06-06" ISACTUAL="1" ISACTIVE="1" /><HOUSE ID="129420525" OBJECTID="175604585" OBJECTGUID="4697e210-970d-46f1-bc81-3ca69dc5be41" CHANGEID="691474987" HOUSENUM="24/2" HOUSETYPE="2" OPERTYPEID="54" PREVID="112036452" NEXTID="0" UPDATEDATE="2025-10-30" STARTDATE="2025-10-30" ENDDATE="2079-06-06" ISACTUAL="1" ISACTIVE="1" /><HOUSE ID="129420696" OBJECTID="175605558" OBJECTGUID="47e303e1-f762-4dba-b6c9-97b0b31f4497" CHANGEID="691476376" HOUSENUM="10" HOUSETYPE="2" OPERTYPEID="10" PREVID="0" NEXTID="0" UPDATEDATE="2025-10-30" STARTDATE="2025-10-30" ENDDATE="2079-06-06" ISACTUAL="1" ISACTIVE="1" /><HOUSE ID="129422396" OBJECTID="175609289" OBJECTGUID="ecbf8eb9-76a5-4a10-95a8-270861a92754" CHANGEID="691482544" HOUSENUM="6а" HOUSETYPE="7" OPERTYPEID="10" PREVID="0" NEXTID="0" UPDATEDATE="2025-10-30" STARTDATE="2025-10-30" ENDDATE="2079-06-06" ISACTUAL="1" ISACTIVE="1" /><HOUSE ID="129422485" OBJECTID="175609582" OBJECTGUID="aca9f139-e2f2-47c1-b4f5-94aa92499216" CHANGEID="691483122" HOUSENUM="8" HOUSETYPE="2" OPERTYPEID="10" PREVID="0" NEXTID="0" UPDATEDATE="2025-10-30" STARTDATE="2025-10-30" ENDDATE="2079-06-06" ISACTUAL="1" ISACTIVE="1" /><HOUSE ID="129422558" OBJECTID="175609695" OBJECTGUID="bad94142-3922-40a0-aa54-021a7c3112a3" CHANGEID="691483271" HOUSENUM="17а" HOUSETYPE="7" OPERTYPEID="10" PREVID="0" NEXTID="0" UPDATEDATE="2025-10-30" STARTDATE="2025-10-30" ENDDATE="2079-06-06" ISACTUAL="1" ISACTIVE="1" /><HOUSE ID="129422549" OBJECTID="175609666" OBJECTGUID="fa4b57b7-390f-43b6-87e3-9f096309e553" CHANGEID="691483235" HOUSENUM="7" HOUSETYPE="2" OPERTYPEID="10" PREVID="0" NEXTID="0" UPDATEDATE="2025-10-30" STARTDATE="2025-10-30" ENDDATE="2079-06-06" ISACTUAL="1" ISACTIVE="1" /><HOUSE ID="129422561" OBJECTID="175609706" OBJECTGUID="06fd0f40-46d8-4802-8c99-0a1ddbaf5b06" CHANGEID="691483284" HOUSENUM="20г/75" HOUSETYPE="5" OPERTYPEID="10" PREVID="0" NEXTID="0" UPDATEDATE="2025-10-30" STARTDATE="2025-10-30" ENDDATE="2079-06-06" ISACTUAL="1" ISACTIVE="1" /><HOUSE ID="129422880" OBJECTID="175610452" OBJECTGUID="01e480bc-4a18-4c25-a01b-db1cd8c2539a" CHANGEID="691484690" HOUSENUM="9" HOUSETYPE="2" OPERTYPEID="10" PREVID="0" NEXTID="0" UPDATEDATE="2025-10-30" STARTDATE="2025-10-30" ENDDATE="2079-06-06" ISACTUAL="1" ISACTIVE="1" /><HOUSE ID="129422890" OBJECTID="175610472" OBJECTGUID="577eb39b-26e8-4552-ba05-f334588559eb" CHANGEID="691484718" HOUSENUM="124/2" HOUSETYPE="2" OPERTYPEID="54" PREVID="112037825" NEXTID="0" UPDATEDATE="2025-10-30" STARTDATE="2025-10-30" ENDDATE="2079-06-06" ISACTUAL="1" ISACTIVE="1" /><HOUSE ID="129422920" OBJECTID="175610588" OBJECTGUID="1190622f-4ca1-4947-ae1b-7a85299ec01b" CHANGEID="691484984" HOUSENUM="361" HOUSETYPE="2" OPERTYPEID="10" PREVID="0" NEXTID="0" UPDATEDATE="2025-10-30" STARTDATE="2025-10-30" ENDDATE="2079-06-06" ISACTUAL="1" ISACTIVE="1" /><HOUSE ID="129422921" OBJECTID="175610589" OBJECTGUID="ef23e6f2-4159-4dee-acc3-d869716f023f" CHANGEID="691484985" HOUSENUM="185" HOUSETYPE="2" OPERTYPEID="10" PREVID="0" NEXTID="0" UPDATEDATE="2025-10-30" STARTDATE="2025-10-30" ENDDATE="2079-06-06" ISACTUAL="1" ISACTIVE="1" /><HOUSE ID="129422922" OBJECTID="175610590" OBJECTGUID="1ef45c36-edc5-44aa-9a5c-de2c1f0b7d1c" CHANGEID="691484986" HOUSENUM="263" HOUSETYPE="2" OPERTYPEID="10" PREVID="0" NEXTID="0" UPDATEDATE="2025-10-30" STARTDATE="2025-10-30" ENDDATE="2079-06-06" ISACTUAL="1" ISACTIVE="1" /><HOUSE ID="129422923" OBJECTID="175610591" OBJECTGUID="69f4d1ca-c358-44d5-a8c6-7fef601752c7" CHANGEID="691484987" HOUSENUM="336" HOUSETYPE="2" OPERTYPEID="10" PREVID="0" NEXTID="0" UPDATEDATE="2025-10-30" STARTDATE="2025-10-30" ENDDATE="2079-06-06" ISACTUAL="1" ISACTIVE="1" /><HOUSE ID="129423041" OBJECTID="28126304" OBJECTGUID="bd0db9a4-45c3-4604-a0aa-737c33d90a4e" CHANGEID="691485513" HOUSENUM="24" HOUSETYPE="2" OPERTYPEID="30" PREVID="64774989" NEXTID="0" UPDATEDATE="2025-10-30" STARTDATE="2025-10-30" ENDDATE="2079-06-06" ISACTUAL="1" ISACTIVE="0" /><HOUSE ID="129423011" OBJECTID="175610772" OBJECTGUID="5623227a-5f34-4501-a60f-eb7578755d77" CHANGEID="691485330" HOUSENUM="17б" HOUSETYPE="7" OPERTYPEID="10" PREVID="0" NEXTID="0" UPDATEDATE="2025-10-30" STARTDATE="2025-10-30" ENDDATE="2079-06-06" ISACTUAL="1" ISACTIVE="1" /><HOUSE ID="129423368" OBJECTID="175611434" OBJECTGUID="7022e395-b0c4-4547-aff1-361e26fb282d" CHANGEID="691486702" HOUSENUM="12" HOUSETYPE="2" OPERTYPEID="10" PREVID="0" NEXTID="0" UPDATEDATE="2025-10-30" STARTDATE="2025-10-30" ENDDATE="2079-06-06" ISACTUAL="1" ISACTIVE="1" /><HOUSE ID="129423374" OBJECTID="175611449" OBJECTGUID="aab866bc-3cdd-498b-8c1d-aa9ab413e0c3" CHANGEID="691486730" HOUSENUM="12" HOUSETYPE="2" OPERTYPEID="10" PREVID="0" NEXTID="0" UPDATEDATE="2025-10-30" STARTDATE="2025-10-30" ENDDATE="2079-06-06" ISACTUAL="1" ISACTIVE="1" /><HOUSE ID="129423383" OBJECTID="175611492" OBJECTGUID="5068a77e-e5a0-4abc-9769-d16d949b13ab" CHANGEID="691486850" HOUSENUM="1А" HOUSETYPE="2" OPERTYPEID="10" PREVID="0" NEXTID="0" UPDATEDATE="2025-10-30" STARTDATE="2025-10-30" ENDDATE="2079-06-06" ISACTUAL="1" ISACTIVE="1" /><HOUSE ID="129423478" OBJECTID="175611652" OBJECTGUID="c755470a-c3bd-47a8-af54-9c1d444e0197" CHANGEID="691487144" HOUSENUM="53" HOUSETYPE="2" OPERTYPEID="10" PREVID="0" NEXTID="0" UPDATEDATE="2025-10-30" STARTDATE="2025-10-30" ENDDATE="2079-06-06" ISACTUAL="1" ISACTIVE="1" /><HOUSE ID="129423628" OBJECTID="175611931" OBJECTGUID="c8e5fb49-b9cc-44c0-88f7-3809c8686b16" CHANGEID="691487747" HOUSENUM="13/1" HOUSETYPE="5" OPERTYPEID="10" PREVID="0" NEXTID="0" UPDATEDATE="2025-10-30" STARTDATE="2025-10-30" ENDDATE="2079-06-06" ISACTUAL="1" ISACTIVE="1" /><HOUSE ID="129426460" OBJECTID="175620845" OBJECTGUID="b32bb638-776e-4073-bb1e-64a8c61f2204" CHANGEID="691502206" HOUSENUM="38" HOUSETYPE="2" OPERTYPEID="10" PREVID="0" NEXTID="0" UPDATEDATE="2025-10-31" STARTDATE="2025-10-31" ENDDATE="2079-06-06" ISACTUAL="1" ISACTIVE="1" /><HOUSE ID="129426437" OBJECTID="175620803" OBJECTGUID="02e6e45a-3e62-4839-a828-a93020483435" CHANGEID="691502100" HOUSENUM="9/2" HOUSETYPE="2" OPERTYPEID="54" PREVID="112042107" NEXTID="0" UPDATEDATE="2025-10-31" STARTDATE="2025-10-31" ENDDATE="2079-06-06" ISACTUAL="1" ISACTIVE="1" /><HOUSE ID="129426438" OBJECTID="175620804" OBJECTGUID="391289c0-f4bb-4edc-8dd3-1a3f957424a9" CHANGEID="691502102" HOUSENUM="9/1" HOUSETYPE="2" OPERTYPEID="54" PREVID="112042108" NEXTID="0" UPDATEDATE="2025-10-31" STARTDATE="2025-10-31" ENDDATE="2079-06-06" ISACTUAL="1" ISACTIVE="1" /><HOUSE ID="129426439" OBJECTID="35141080" OBJECTGUID="e52f78cd-28bd-491a-8bd6-05cb5f62fce5" CHANGEID="691502103" HOUSENUM="9" HOUSETYPE="2" OPERTYPEID="55" PREVID="20888666" UPDATEDATE="2025-10-31" STARTDATE="2025-10-31" ENDDATE="2079-06-06" ISACTUAL="1" ISACTIVE="0" /><HOUSE ID="20888666" OBJECTID="35141080" OBJECTGUID="e52f78cd-28bd-491a-8bd6-05cb5f62fce5" CHANGEID="53427988" HOUSENUM="9" HOUSETYPE="2" OPERTYPEID="10" PREVID="0" NEXTID="129426439" UPDATEDATE="2025-10-31" STARTDATE="1900-01-01" ENDDATE="2025-10-31" ISACTUAL="0" ISACTIVE="0" /><HOUSE ID="129426687" OBJECTID="175622000" OBJECTGUID="816a96d5-c11d-4935-a1f4-9ff3929880b0" CHANGEID="691504056" HOUSENUM="10" HOUSETYPE="2" OPERTYPEID="10" PREVID="0" NEXTID="0" UPDATEDATE="2025-10-31" STARTDATE="2025-10-31" ENDDATE="2079-06-06" ISACTUAL="1" ISACTIVE="1" /><HOUSE ID="129426688" OBJECTID="175622001" OBJECTGUID="b1694e33-24f8-4792-a77d-e84dea9f4e36" CHANGEID="691504057" HOUSENUM="43" HOUSETYPE="2" OPERTYPEID="10" PREVID="0" NEXTID="0" UPDATEDATE="2025-10-31" STARTDATE="2025-10-31" ENDDATE="2079-06-06" ISACTUAL="1" ISACTIVE="1" /><HOUSE ID="129426689" OBJECTID="175622002" OBJECTGUID="daa55fc0-cedd-4368-beaa-bbba799aefce" CHANGEID="691504058" HOUSENUM="65" HOUSETYPE="2" OPERTYPEID="10" PREVID="0" NEXTID="0" UPDATEDATE="2025-10-31" STARTDATE="2025-10-31" ENDDATE="2079-06-06" ISACTUAL="1" ISACTIVE="1" /><HOUSE ID="129426690" OBJECTID="175622003" OBJECTGUID="b37b8c82-3585-45ec-8115-51b4676fe4e5" CHANGEID="691504059" HOUSENUM="112" HOUSETYPE="2" OPERTYPEID="10" PREVID="0" NEXTID="0" UPDATEDATE="2025-10-31" STARTDATE="2025-10-31" ENDDATE="2079-06-06" ISACTUAL="1" ISACTIVE="1" /><HOUSE ID="129426691" OBJECTID="175622004" OBJECTGUID="dfa78313-9404-4633-a6a6-33bfd8a0c722" CHANGEID="691504060" HOUSENUM="158" HOUSETYPE="2" OPERTYPEID="10" PREVID="0" NEXTID="0" UPDATEDATE="2025-10-31" STARTDATE="2025-10-31" ENDDATE="2079-06-06" ISACTUAL="1" ISACTIVE="1" /><HOUSE ID="129426692" OBJECTID="175622005" OBJECTGUID="f8dbd18e-6ab1-4fb5-8882-e8f6307af8c2" CHANGEID="691504061" HOUSENUM="166" HOUSETYPE="2" OPERTYPEID="10" PREVID="0" NEXTID="0" UPDATEDATE="2025-10-31" STARTDATE="2025-10-31" ENDDATE="2079-06-06" ISACTUAL="1" ISACTIVE="1" /><HOUSE ID="129426693" OBJECTID="175622006" OBJECTGUID="fa516324-8b0c-4eb2-b5fa-ef1fa859af84" CHANGEID="691504062" HOUSENUM="278" HOUSETYPE="2" OPERTYPEID="10" PREVID="0" NEXTID="0" UPDATEDATE="2025-10-31" STARTDATE="2025-10-31" ENDDATE="2079-06-06" ISACTUAL="1" ISACTIVE="1" /><HOUSE ID="129427247" OBJECTID="175623862" OBJECTGUID="cdfc6cd5-9bc1-4720-9f59-e4520fb8e42f" CHANGEID="691507166" HOUSENUM="51/2" HOUSETYPE="7" OPERTYPEID="10" PREVID="0" NEXTID="0" UPDATEDATE="2025-10-31" STARTDATE="2025-10-31" ENDDATE="2079-06-06" ISACTUAL="1" ISACTIVE="1" /><HOUSE ID="129427248" OBJECTID="175623863" OBJECTGUID="2a9d7c06-596b-4a81-809b-56834ccc034b" CHANGEID="691507167" HOUSENUM="51/1" HOUSETYPE="7" OPERTYPEID="10" PREVID="0" NEXTID="0" UPDATEDATE="2025-10-31" STARTDATE="2025-10-31" ENDDATE="2079-06-06" ISACTUAL="1" ISACTIVE="1" /><HOUSE ID="129427249" OBJECTID="175623864" OBJECTGUID="2b28f700-20f1-4d20-8ca3-f28a89c2f35e" CHANGEID="691507168" HOUSENUM="51а" HOUSETYPE="2" OPERTYPEID="10" PREVID="0" NEXTID="0" UPDATEDATE="2025-10-31" STARTDATE="2025-10-31" ENDDATE="2079-06-06" ISACTUAL="1" ISACTIVE="1" /><HOUSE ID="129427250" OBJECTID="175623865" OBJECTGUID="2a7f1287-01a0-4b2f-9642-76a0f6db166d" CHANGEID="691507169" HOUSENUM="51" HOUSETYPE="2" OPERTYPEID="10" PREVID="0" NEXTID="0" UPDATEDATE="2025-10-31" STARTDATE="2025-10-31" ENDDATE="2079-06-06" ISACTUAL="1" ISACTIVE="1" /><HOUSE ID="129427257" OBJECTID="175623909" OBJECTGUID="a8d06e41-3bad-4a35-8166-9e94e2cf70e6" CHANGEID="691507233" HOUSENUM="6" HOUSETYPE="2" OPERTYPEID="10" PREVID="0" NEXTID="0" UPDATEDATE="2025-10-31" STARTDATE="2025-10-31" ENDDATE="2079-06-06" ISACTUAL="1" ISACTIVE="1" /><HOUSE ID="129427303" OBJECTID="175624029" OBJECTGUID="08a1aa38-1bef-4826-a588-2ae7bc2b68ff" CHANGEID="691507396" HOUSENUM="4г/30" HOUSETYPE="5" OPERTYPEID="10" PREVID="0" NEXTID="0" UPDATEDATE="2025-10-31" STARTDATE="2025-10-31" ENDDATE="2079-06-06" ISACTUAL="1" ISACTIVE="1" /><HOUSE ID="129428360" OBJECTID="175627477" OBJECTGUID="bc098b2b-9ebc-45ec-a767-5efab0ac7dce" CHANGEID="691512678" HOUSENUM="32" HOUSETYPE="2" OPERTYPEID="10" PREVID="0" NEXTID="0" UPDATEDATE="2025-10-31" STARTDATE="2025-10-31" ENDDATE="2079-06-06" ISACTUAL="1" ISACTIVE="1" /><HOUSE ID="129429059" OBJECTID="77276589" OBJECTGUID="daef6348-b86e-4352-9f74-8882001f8a3f" CHANGEID="691515327" HOUSENUM="3" HOUSETYPE="2" OPERTYPEID="30" PREVID="66889820" NEXTID="0" UPDATEDATE="2025-10-31" STARTDATE="2025-10-31" ENDDATE="2079-06-06" ISACTUAL="1" ISACTIVE="0" /><HOUSE ID="129429067" OBJECTID="175629090" OBJECTGUID="2a533f0d-d4fa-4506-9736-4336777ca6f4" CHANGEID="691515397" HOUSENUM="2г/1" HOUSETYPE="5" OPERTYPEID="10" PREVID="0" NEXTID="0" UPDATEDATE="2025-10-31" STARTDATE="2025-10-31" ENDDATE="2079-06-06" ISACTUAL="1" ISACTIVE="1" /><HOUSE ID="129430714" OBJECTID="175635573" OBJECTGUID="c5a8222e-05fa-4996-839d-ac475b2adf9a" CHANGEID="691525309" HOUSENUM="10" HOUSETYPE="2" OPERTYPEID="10" PREVID="0" NEXTID="0" UPDATEDATE="2025-10-31" STARTDATE="2025-10-31" ENDDATE="2079-06-06" ISACTUAL="1" ISACTIVE="1" /><HOUSE ID="129430961" OBJECTID="175636169" OBJECTGUID="69482e89-00d0-4047-a986-13312f13e895" CHANGEID="691526476" HOUSENUM="30/2" ADDNUM1="1" HOUSETYPE="2" ADDTYPE1="2" OPERTYPEID="10" PREVID="0" NEXTID="0" UPDATEDATE="2025-10-31" STARTDATE="2025-10-31" ENDDATE="2079-06-06" ISACTUAL="1" ISACTIVE="1" /><HOUSE ID="129431354" OBJECTID="40971949" OBJECTGUID="7291fc44-db3c-49ec-b027-1956c1acaaf1" CHANGEID="691528157" HOUSENUM="57" HOUSETYPE="2" OPERTYPEID="30" PREVID="59496552" NEXTID="0" UPDATEDATE="2025-10-31" STARTDATE="2025-10-31" ENDDATE="2079-06-06" ISACTUAL="1" ISACTIVE="0" /><HOUSE ID="129431646" OBJECTID="43301352" OBJECTGUID="76d7b562-8285-4b35-bfbe-a0d6aefdb404" CHANGEID="691529995" HOUSENUM="4" HOUSETYPE="2" OPERTYPEID="30" PREVID="59800383" NEXTID="0" UPDATEDATE="2025-10-31" STARTDATE="2025-10-31" ENDDATE="2079-06-06" ISACTUAL="1" ISACTIVE="0" /><HOUSE ID="129431650" OBJECTID="4086967" OBJECTGUID="e17bcd7c-27d9-427c-a3e1-9fb7f25d97f9" CHANGEID="691530064" HOUSENUM="23" HOUSETYPE="2" OPERTYPEID="30" PREVID="67354012" NEXTID="0" UPDATEDATE="2025-10-31" STARTDATE="2025-10-31" ENDDATE="2079-06-06" ISACTUAL="1" ISACTIVE="0" /><HOUSE ID="129431630" OBJECTID="40984811" OBJECTGUID="26032166-e92e-49dd-8225-59053b9ec3fb" CHANGEID="691529952" HOUSENUM="43" HOUSETYPE="2" OPERTYPEID="30" PREVID="54073064" NEXTID="0" UPDATEDATE="2025-10-31" STARTDATE="2025-10-31" ENDDATE="2079-06-06" ISACTUAL="1" ISACTIVE="0" /><HOUSE ID="129431631" OBJECTID="43259082" OBJECTGUID="c64a4678-f30a-4f85-a00d-26a17b851e70" CHANGEID="691529960" HOUSENUM="35" HOUSETYPE="2" OPERTYPEID="30" PREVID="65429596" NEXTID="0" UPDATEDATE="2025-10-31" STARTDATE="2025-10-31" ENDDATE="2079-06-06" ISACTUAL="1" ISACTIVE="0" /><HOUSE ID="129431657" OBJECTID="8379583" OBJECTGUID="748e8d2a-5af6-4d33-bd19-d9697877981a" CHANGEID="691530102" HOUSENUM="81" HOUSETYPE="2" OPERTYPEID="30" PREVID="59637612" NEXTID="0" UPDATEDATE="2025-10-31" STARTDATE="2025-10-31" ENDDATE="2079-06-06" ISACTUAL="1" ISACTIVE="0" /><HOUSE ID="129431685" OBJECTID="22614669" OBJECTGUID="48e48102-d3de-4993-9134-8dfe6d433d3e" CHANGEID="691530315" HOUSENUM="115" HOUSETYPE="2" OPERTYPEID="30" PREVID="56543433" NEXTID="0" UPDATEDATE="2025-10-31" STARTDATE="2025-10-31" ENDDATE="2079-06-06" ISACTUAL="1" ISACTIVE="0" /><HOUSE ID="56543433" OBJECTID="22614669" OBJECTGUID="48e48102-d3de-4993-9134-8dfe6d433d3e" CHANGEID="35234545" HOUSENUM="115" HOUSETYPE="2" OPERTYPEID="20" PREVID="13347314" NEXTID="129431685" UPDATEDATE="2025-10-31" STARTDATE="2014-03-25" ENDDATE="2025-10-31" ISACTUAL="0" ISACTIVE="0" /><HOUSE ID="129431690" OBJECTID="3292302" OBJECTGUID="fd6ecf42-e875-46af-8609-762874643bc3" CHANGEID="691530365" HOUSENUM="46" HOUSETYPE="2" OPERTYPEID="30" PREVID="69331917" NEXTID="0" UPDATEDATE="2025-10-31" STARTDATE="2025-10-31" ENDDATE="2079-06-06" ISACTUAL="1" ISACTIVE="0" /><HOUSE ID="69331917" OBJECTID="3292302" OBJECTGUID="fd6ecf42-e875-46af-8609-762874643bc3" CHANGEID="6730468" HOUSENUM="46" HOUSETYPE="2" OPERTYPEID="20" PREVID="1112486" NEXTID="129431690" UPDATEDATE="2025-10-31" STARTDATE="2014-03-25" ENDDATE="2025-10-31" ISACTUAL="0" ISACTIVE="0" /><HOUSE ID="129431695" OBJECTID="34846417" OBJECTGUID="899e9300-65cf-4093-b214-acfefd16fc64" CHANGEID="691530395" HOUSENUM="44" HOUSETYPE="2" OPERTYPEID="30" PREVID="61129631" NEXTID="0" UPDATEDATE="2025-10-31" STARTDATE="2025-10-31" ENDDATE="2079-06-06" ISACTUAL="1" ISACTIVE="0" /><HOUSE ID="61129631" OBJECTID="34846417" OBJECTGUID="899e9300-65cf-4093-b214-acfefd16fc64" CHANGEID="53016360" HOUSENUM="44" HOUSETYPE="2" OPERTYPEID="20" PREVID="20727878" NEXTID="129431695" UPDATEDATE="2025-10-31" STARTDATE="2014-03-25" ENDDATE="2025-10-31" ISACTUAL="0" ISACTIVE="0" /><HOUSE ID="129431702" OBJECTID="34987656" OBJECTGUID="0e767e34-7af7-4053-abed-0771392a7cc3" CHANGEID="691530436" HOUSENUM="49" HOUSETYPE="2" OPERTYPEID="30" PREVID="52406060" NEXTID="0" UPDATEDATE="2025-10-31" STARTDATE="2025-10-31" ENDDATE="2079-06-06" ISACTUAL="1" ISACTIVE="0" /><HOUSE ID="129431679" OBJECTID="8371244" OBJECTGUID="f0745de1-22b7-4642-ad37-c9cce7d4ca75" CHANGEID="691530243" HOUSENUM="28" HOUSETYPE="2" OPERTYPEID="30" PREVID="68414028" NEXTID="0" UPDATEDATE="2025-10-31" STARTDATE="2025-10-31" ENDDATE="2079-06-06" ISACTUAL="1" ISACTIVE="0" /><HOUSE ID="129431684" OBJECTID="22560863" OBJECTGUID="97eb5e3f-6abc-40cf-9fe5-494f558f4a3f" CHANGEID="691530262" HOUSENUM="103" HOUSETYPE="2" OPERTYPEID="30" PREVID="62143191" NEXTID="0" UPDATEDATE="2025-10-31" STARTDATE="2025-10-31" ENDDATE="2079-06-06" ISACTUAL="1" ISACTIVE="0" /><HOUSE ID="129432153" OBJECTID="175640011" OBJECTGUID="38854870-de10-40cf-a248-1399cfad1672" CHANGEID="691532684" HOUSENUM="14/2" HOUSETYPE="2" OPERTYPEID="54" PREVID="112048376" NEXTID="0" UPDATEDATE="2025-10-31" STARTDATE="2025-10-31" ENDDATE="2079-06-06" ISACTUAL="1" ISACTIVE="1" /><HOUSE ID="129432154" OBJECTID="175640012" OBJECTGUID="dc481383-2093-4ddc-8267-70544e8600fa" CHANGEID="691532686" HOUSENUM="14/1" HOUSETYPE="2" OPERTYPEID="54" PREVID="112048377" NEXTID="0" UPDATEDATE="2025-10-31" STARTDATE="2025-10-31" ENDDATE="2079-06-06" ISACTUAL="1" ISACTIVE="1" /><HOUSE ID="129432155" OBJECTID="65150657" OBJECTGUID="ff6492df-b7f2-4db3-8315-4155eb376907" CHANGEID="691532687" HOUSENUM="14" HOUSETYPE="2" OPERTYPEID="55" PREVID="69469834" UPDATEDATE="2025-10-31" STARTDATE="2025-10-31" ENDDATE="2079-06-06" ISACTUAL="1" ISACTIVE="0" /><HOUSE ID="129432162" OBJECTID="73966162" OBJECTGUID="2d8436de-237b-4d2a-952e-08ab748fbada" CHANGEID="691532745" HOUSENUM="14" HOUSETYPE="5" OPERTYPEID="20" PREVID="44660056" UPDATEDATE="2025-10-31" STARTDATE="2025-10-31" ENDDATE="2079-06-06" ISACTUAL="1" ISACTIVE="1" /><HOUSE ID="129434266" OBJECTID="175648886" OBJECTGUID="ef571c48-a429-4ab8-b737-78cc4b52d4d7" CHANGEID="691563252" HOUSENUM="17" HOUSETYPE="2" OPERTYPEID="10" PREVID="0" NEXTID="0" UPDATEDATE="2025-11-01" STARTDATE="2025-11-01" ENDDATE="2079-06-06" ISACTUAL="1" ISACTIVE="1" /><HOUSE ID="129434268" OBJECTID="175648889" OBJECTGUID="624071c7-a064-4e09-8f4e-3380018e29e4" CHANGEID="691563266" HOUSENUM="12" HOUSETYPE="2" OPERTYPEID="10" PREVID="0" NEXTID="0" UPDATEDATE="2025-11-01" STARTDATE="2025-11-01" ENDDATE="2079-06-06" ISACTUAL="1" ISACTIVE="1" /><HOUSE ID="129434281" OBJECTID="175648924" OBJECTGUID="f625f5f4-31f9-4b22-9bae-28a328ef9472" CHANGEID="691563354" HOUSENUM="87г/3/198" HOUSETYPE="5" OPERTYPEID="10" PREVID="0" NEXTID="0" UPDATEDATE="2025-11-01" STARTDATE="2025-11-01" ENDDATE="2079-06-06" ISACTUAL="1" ISACTIVE="1" /><HOUSE ID="129434284" OBJECTID="175649534" OBJECTGUID="d9e66325-8d54-494a-8b43-b4a8ac39f61d" CHANGEID="691563972" HOUSENUM="24" HOUSETYPE="2" OPERTYPEID="10" PREVID="0" NEXTID="0" UPDATEDATE="2025-11-01" STARTDATE="2025-11-01" ENDDATE="2079-06-06" ISACTUAL="1" ISACTIVE="1" /><HOUSE ID="129434286" OBJECTID="175649610" OBJECTGUID="e81ccfed-d537-4a79-a128-04853dce74e0" CHANGEID="691564051" HOUSENUM="113г/22" HOUSETYPE="5" OPERTYPEID="10" PREVID="0" NEXTID="0" UPDATEDATE="2025-11-01" STARTDATE="2025-11-01" ENDDATE="2079-06-06" ISACTUAL="1" ISACTIVE="1" /><HOUSE ID="129434287" OBJECTID="175649644" OBJECTGUID="1c361152-51bb-4f26-8810-1ec3c18daccf" CHANGEID="691564086" HOUSENUM="9г/23" HOUSETYPE="5" OPERTYPEID="10" PREVID="0" NEXTID="0" UPDATEDATE="2025-11-01" STARTDATE="2025-11-01" ENDDATE="2079-06-06" ISACTUAL="1" ISACTIVE="1" /><HOUSE ID="129434291" OBJECTID="175649651" OBJECTGUID="bba2d643-a48b-4281-97fb-c65a504f87d7" CHANGEID="691564094" HOUSENUM="32г/6" HOUSETYPE="5" OPERTYPEID="10" PREVID="0" NEXTID="0" UPDATEDATE="2025-11-01" STARTDATE="2025-11-01" ENDDATE="2079-06-06" ISACTUAL="1" ISACTIVE="1" /><HOUSE ID="129434292" OBJECTID="175649752" OBJECTGUID="7599de77-30e7-4d98-8cd1-9c078b55e7fb" CHANGEID="691564196" HOUSENUM="13г/276" HOUSETYPE="5" OPERTYPEID="10" PREVID="0" NEXTID="0" UPDATEDATE="2025-11-01" STARTDATE="2025-11-01" ENDDATE="2079-06-06" ISACTUAL="1" ISACTIVE="1" /><HOUSE ID="129434564" OBJECTID="175651909" OBJECTGUID="ca800af6-57e5-4a03-b6c9-98bd22fc1881" CHANGEID="691567032" HOUSENUM="35" HOUSETYPE="2" OPERTYPEID="10" PREVID="0" NEXTID="0" UPDATEDATE="2025-11-01" STARTDATE="2025-11-01" ENDDATE="2079-06-06" ISACTUAL="1" ISACTIVE="1" /><HOUSE ID="129434596" OBJECTID="175652014" OBJECTGUID="72c90183-d438-4935-8c9a-dfb00a436e15" CHANGEID="691567195" HOUSENUM="17г/1" HOUSETYPE="5" OPERTYPEID="10" PREVID="0" NEXTID="0" UPDATEDATE="2025-11-01" STARTDATE="2025-11-01" ENDDATE="2079-06-06" ISACTUAL="1" ISACTIVE="1" /><HOUSE ID="129434601" OBJECTID="175652020" OBJECTGUID="6459bb6b-1c5a-439e-8926-1d5ce2e4bbb6" CHANGEID="691567205" HOUSENUM="217г/3" HOUSETYPE="5" OPERTYPEID="10" PREVID="0" NEXTID="0" UPDATEDATE="2025-11-01" STARTDATE="2025-11-01" ENDDATE="2079-06-06" ISACTUAL="1" ISACTIVE="1" /><HOUSE ID="129436007" OBJECTID="175656678" OBJECTGUID="070247fb-d7c1-433f-82a6-a7f686513481" CHANGEID="691574396" HOUSENUM="2в/7" HOUSETYPE="5" OPERTYPEID="10" PREVID="0" NEXTID="0" UPDATEDATE="2025-11-01" STARTDATE="2025-11-01" ENDDATE="2079-06-06" ISACTUAL="1" ISACTIVE="1" /><HOUSE ID="129436025" OBJECTID="175656751" OBJECTGUID="4b3d3d52-1357-473d-a0cc-8f392e1ef60a" CHANGEID="691574519" HOUSENUM="27" HOUSETYPE="2" OPERTYPEID="10" PREVID="0" NEXTID="0" UPDATEDATE="2025-11-01" STARTDATE="2025-11-01" ENDDATE="2079-06-06" ISACTUAL="1" ISACTIVE="1" /><HOUSE ID="129436769" OBJECTID="175658665" OBJECTGUID="90230e91-9173-4605-8ed5-4e3701433100" CHANGEID="691577962" HOUSENUM="125г" HOUSETYPE="5" OPERTYPEID="10" PREVID="0" NEXTID="0" UPDATEDATE="2025-11-01" STARTDATE="2025-11-01" ENDDATE="2079-06-06" ISACTUAL="1" ISACTIVE="1" /><HOUSE ID="129436764" OBJECTID="175658648" OBJECTGUID="318cd794-7941-4682-a8b3-1aa6cd98d6f9" CHANGEID="691577928" HOUSENUM="17а" HOUSETYPE="2" OPERTYPEID="10" PREVID="0" NEXTID="0" UPDATEDATE="2025-11-01" STARTDATE="2025-11-01" ENDDATE="2079-06-06" ISACTUAL="1" ISACTIVE="1" /><HOUSE ID="129437147" OBJECTID="175659873" OBJECTGUID="c93c6d6d-1d03-46f5-9ca9-c6a23e0bfa3d" CHANGEID="691579970" HOUSENUM="19/2" HOUSETYPE="2" OPERTYPEID="10" PREVID="0" NEXTID="0" UPDATEDATE="2025-11-01" STARTDATE="2025-11-01" ENDDATE="2079-06-06" ISACTUAL="1" ISACTIVE="1" /><HOUSE ID="129437134" OBJECTID="175659817" OBJECTGUID="ba23234a-464a-4c95-9410-a7bf9594c0e7" CHANGEID="691579909" HOUSENUM="61" HOUSETYPE="2" OPERTYPEID="10" PREVID="0" NEXTID="0" UPDATEDATE="2025-11-01" STARTDATE="2025-11-01" ENDDATE="2079-06-06" ISACTUAL="1" ISACTIVE="1" /><HOUSE ID="129437377" OBJECTID="175660655" OBJECTGUID="4c42fcf7-b696-4685-b8f5-c5280f2f49ab" CHANGEID="691580918" HOUSENUM="7" HOUSETYPE="2" OPERTYPEID="10" PREVID="0" NEXTID="0" UPDATEDATE="2025-11-01" STARTDATE="2025-11-01" ENDDATE="2079-06-06" ISACTUAL="1" ISACTIVE="1" /><HOUSE ID="129437358" OBJECTID="175660614" OBJECTGUID="765ff5ee-ffa6-49f9-83fb-2d37bd33d609" CHANGEID="691580866" HOUSENUM="19в" HOUSETYPE="2" OPERTYPEID="10" PREVID="0" NEXTID="0" UPDATEDATE="2025-11-01" STARTDATE="2025-11-01" ENDDATE="2079-06-06" ISACTUAL="1" ISACTIVE="1" /><HOUSE ID="129438454" OBJECTID="175662835" OBJECTGUID="f14f77fb-ebdc-4592-bf7a-e4d7cda72e19" CHANGEID="691585206" HOUSENUM="24г/171" HOUSETYPE="5" OPERTYPEID="10" PREVID="0" NEXTID="0" UPDATEDATE="2025-11-01" STARTDATE="2025-11-01" ENDDATE="2079-06-06" ISACTUAL="1" ISACTIVE="1" /><HOUSE ID="129438756" OBJECTID="175663647" OBJECTGUID="bf13cca4-385d-4a08-ab25-e0def3c412a8" CHANGEID="691586956" HOUSENUM="30б/11" HOUSETYPE="5" OPERTYPEID="54" PREVID="112056762" NEXTID="0" UPDATEDATE="2025-11-01" STARTDATE="2025-11-01" ENDDATE="2079-06-06" ISACTUAL="1" ISACTIVE="1" /><HOUSE ID="129438757" OBJECTID="97846683" OBJECTGUID="f3eb1b76-8a64-470e-9bf1-eb116e4307a4" CHANGEID="691586957" HOUSENUM="30б" ADDNUM1="1" HOUSETYPE="2" ADDTYPE1="2" OPERTYPEID="55" PREVID="69933588" UPDATEDATE="2025-11-01" STARTDATE="2025-11-01" ENDDATE="2079-06-06" ISACTUAL="1" ISACTIVE="0" /><HOUSE ID="69933588" OBJECTID="97846683" OBJECTGUID="f3eb1b76-8a64-470e-9bf1-eb116e4307a4" CHANGEID="154382712" HOUSENUM="30б" ADDNUM1="1" HOUSETYPE="2" ADDTYPE1="2" OPERTYPEID="10" PREVID="0" NEXTID="129438757" UPDATEDATE="2025-11-01" STARTDATE="2020-08-10" ENDDATE="2025-11-01" ISACTUAL="0" ISACTIVE="0" /><HOUSE ID="129438988" OBJECTID="175664092" OBJECTGUID="8345c753-d1d3-450a-b1c8-2ee5079df021" CHANGEID="691588021" HOUSENUM="65/1" HOUSETYPE="2" OPERTYPEID="54" PREVID="112056904" NEXTID="0" UPDATEDATE="2025-11-01" STARTDATE="2025-11-01" ENDDATE="2079-06-06" ISACTUAL="1" ISACTIVE="1" /><HOUSE ID="129438989" OBJECTID="175664093" OBJECTGUID="c7a1fefa-1995-4b68-a57e-e57ccd9c3877" CHANGEID="691588023" HOUSENUM="65/2" HOUSETYPE="2" OPERTYPEID="54" PREVID="112056905" NEXTID="0" UPDATEDATE="2025-11-01" STARTDATE="2025-11-01" ENDDATE="2079-06-06" ISACTUAL="1" ISACTIVE="1" /><HOUSE ID="129438990" OBJECTID="21858367" OBJECTGUID="d0dc713c-852b-4430-b39d-ed214e1f58db" CHANGEID="691588024" HOUSENUM="65" HOUSETYPE="2" OPERTYPEID="55" PREVID="66176617" UPDATEDATE="2025-11-01" STARTDATE="2025-11-01" ENDDATE="2079-06-06" ISACTUAL="1" ISACTIVE="0" /><HOUSE ID="129439021" OBJECTID="175664721" OBJECTGUID="f32e6450-9ed6-443b-a049-41cb5c8f2f30" CHANGEID="691588870" HOUSENUM="8" HOUSETYPE="2" OPERTYPEID="10" PREVID="0" NEXTID="0" UPDATEDATE="2025-11-01" STARTDATE="2025-11-01" ENDDATE="2079-06-06" ISACTUAL="1" ISACTIVE="1" /><HOUSE ID="129439027" OBJECTID="175664728" OBJECTGUID="83f4ef4c-a4a4-470b-95f3-cb12b88294ae" CHANGEID="691588878" HOUSENUM="8/1" HOUSETYPE="2" OPERTYPEID="10" PREVID="0" NEXTID="0" UPDATEDATE="2025-11-01" STARTDATE="2025-11-01" ENDDATE="2079-06-06" ISACTUAL="1" ISACTIVE="1" /><HOUSE ID="129439078" OBJECTID="175664923" OBJECTGUID="23cd0d18-2024-494d-9a22-83910f74c1aa" CHANGEID="691589200" HOUSENUM="9" HOUSETYPE="2" OPERTYPEID="10" PREVID="0" NEXTID="0" UPDATEDATE="2025-11-01" STARTDATE="2025-11-01" ENDDATE="2079-06-06" ISACTUAL="1" ISACTIVE="1" /><HOUSE ID="129439569" OBJECTID="163672300" OBJECTGUID="966beaf1-6757-45fc-84c6-6b8c495b99bf" CHANGEID="691591488" HOUSENUM="9" HOUSETYPE="2" OPERTYPEID="60" PREVID="126245636" UPDATEDATE="2025-11-01" STARTDATE="2025-11-01" ENDDATE="2079-06-06" ISACTUAL="1" ISACTIVE="0" /><HOUSE ID="129439570" OBJECTID="175666409" OBJECTGUID="27d00cde-c019-479f-a438-b4d1140de937" CHANGEID="691591489" HOUSENUM="9/2" HOUSETYPE="2" OPERTYPEID="61" PREVID="129439569" NEXTID="0" UPDATEDATE="2025-11-01" STARTDATE="2025-11-01" ENDDATE="2079-06-06" ISACTUAL="1" ISACTIVE="1" /><HOUSE ID="129439571" OBJECTID="175666410" OBJECTGUID="47f76653-78e5-4617-bb68-a280e03eb5ea" CHANGEID="691591490" HOUSENUM="9/1" HOUSETYPE="2" OPERTYPEID="61" PREVID="129439569" NEXTID="0" UPDATEDATE="2025-11-01" STARTDATE="2025-11-01" ENDDATE="2079-06-06" ISACTUAL="1" ISACTIVE="1" /><HOUSE ID="129439843" OBJECTID="55187327" OBJECTGUID="3c8a332e-4c1c-40ae-afef-09e97a2b8860" CHANGEID="691592932" HOUSENUM="3а" HOUSETYPE="2" OPERTYPEID="20" PREVID="55669095" UPDATEDATE="2025-11-01" STARTDATE="2025-11-01" ENDDATE="2079-06-06" ISACTUAL="1" ISACTIVE="1" /></HOUSES>