﻿<?xml version="1.0" encoding="utf-8"?><HOUSES><HOUSE ID="123348618" OBJECTID="156383981" OBJECTGUID="ddbe6e22-dca1-42d6-9c15-b7bd09e10d25" CHANGEID="443135649" HOUSENUM="13" HOUSETYPE="2" OPERTYPEID="10" PREVID="0" NEXTID="129423592" UPDATEDATE="2025-10-30" STARTDATE="2022-09-30" ENDDATE="2025-10-30" ISACTUAL="0" ISACTIVE="0" /><HOUSE ID="123322073" OBJECTID="156356607" OBJECTGUID="16574078-7a33-4a84-80d1-50412eda5b32" CHANGEID="443108275" HOUSENUM="50" HOUSETYPE="2" OPERTYPEID="10" PREVID="0" NEXTID="129431832" UPDATEDATE="2025-10-31" STARTDATE="2022-09-30" ENDDATE="2025-10-31" ISACTUAL="0" ISACTIVE="0" /><HOUSE ID="123350084" OBJECTID="156385453" OBJECTGUID="848dcb13-3203-4e74-91e2-7ae11a02c89b" CHANGEID="443137121" HOUSENUM="160" HOUSETYPE="2" OPERTYPEID="10" PREVID="0" NEXTID="129423589" UPDATEDATE="2025-10-30" STARTDATE="2022-09-30" ENDDATE="2025-10-30" ISACTUAL="0" ISACTIVE="0" /><HOUSE ID="123342966" OBJECTID="156378272" OBJECTGUID="fa7b7522-bedf-4fac-8700-faad62d5daa9" CHANGEID="443129940" HOUSENUM="17" HOUSETYPE="2" OPERTYPEID="10" PREVID="0" NEXTID="129430305" UPDATEDATE="2025-10-31" STARTDATE="2022-09-30" ENDDATE="2025-10-31" ISACTUAL="0" ISACTIVE="0" /><HOUSE ID="123339423" OBJECTID="156374681" OBJECTGUID="12c46c98-a1af-4cd2-b1b9-37e7ac0680f6" CHANGEID="443126349" HOUSENUM="15" HOUSETYPE="2" OPERTYPEID="10" PREVID="0" NEXTID="129431435" UPDATEDATE="2025-10-31" STARTDATE="2022-09-30" ENDDATE="2025-10-31" ISACTUAL="0" ISACTIVE="0" /><HOUSE ID="123329681" OBJECTID="156364739" OBJECTGUID="b3e2d8d7-4fef-43e7-a533-3f3e62aad9d0" CHANGEID="443116407" HOUSENUM="40" HOUSETYPE="2" OPERTYPEID="10" PREVID="0" NEXTID="129431830" UPDATEDATE="2025-10-31" STARTDATE="2022-09-30" ENDDATE="2025-10-31" ISACTUAL="0" ISACTIVE="0" /><HOUSE ID="123340519" OBJECTID="156375787" OBJECTGUID="ff761879-f197-4809-a2d8-dab5f442488c" CHANGEID="443127455" HOUSENUM="2" HOUSETYPE="2" OPERTYPEID="10" PREVID="0" NEXTID="129431134" UPDATEDATE="2025-10-31" STARTDATE="2022-09-30" ENDDATE="2025-10-31" ISACTUAL="0" ISACTIVE="0" /><HOUSE ID="123347698" OBJECTID="156383051" OBJECTGUID="66a97971-a24a-4394-890b-6de7de7a40b2" CHANGEID="443134719" HOUSENUM="14" HOUSETYPE="2" OPERTYPEID="10" PREVID="0" NEXTID="129431433" UPDATEDATE="2025-10-31" STARTDATE="2022-09-30" ENDDATE="2025-10-31" ISACTUAL="0" ISACTIVE="0" /><HOUSE ID="123333486" OBJECTID="156368641" OBJECTGUID="ea824885-1a81-4a46-8e78-33b5d587ab52" CHANGEID="443120309" HOUSENUM="45" HOUSETYPE="2" OPERTYPEID="10" PREVID="0" NEXTID="129413152" UPDATEDATE="2025-10-30" STARTDATE="2022-09-30" ENDDATE="2025-10-30" ISACTUAL="0" ISACTIVE="0" /><HOUSE ID="123333444" OBJECTID="156368597" OBJECTGUID="08491aa6-6978-4d00-bb1c-445d91461a15" CHANGEID="443120265" HOUSENUM="20" HOUSETYPE="2" OPERTYPEID="10" PREVID="0" NEXTID="129429134" UPDATEDATE="2025-10-31" STARTDATE="2022-09-30" ENDDATE="2025-10-31" ISACTUAL="0" ISACTIVE="0" /><HOUSE ID="123323177" OBJECTID="156357855" OBJECTGUID="2d796ef3-2e4d-4f69-8e52-f27d849ee676" CHANGEID="443109523" HOUSENUM="25" HOUSETYPE="2" OPERTYPEID="10" PREVID="0" NEXTID="129430297" UPDATEDATE="2025-10-31" STARTDATE="2022-09-30" ENDDATE="2025-10-31" ISACTUAL="0" ISACTIVE="0" /><HOUSE ID="123344704" OBJECTID="156380030" OBJECTGUID="d4c87fc5-4fb9-44f5-8cd6-2ac9cb28a42e" CHANGEID="443131698" HOUSENUM="17" HOUSETYPE="2" OPERTYPEID="10" PREVID="0" NEXTID="129430737" UPDATEDATE="2025-10-31" STARTDATE="2022-09-30" ENDDATE="2025-10-31" ISACTUAL="0" ISACTIVE="0" /><HOUSE ID="123351210" OBJECTID="156386588" OBJECTGUID="f797e237-80f8-419d-aae0-0dbf8e1dfdee" CHANGEID="443138256" HOUSENUM="202" HOUSETYPE="2" OPERTYPEID="10" PREVID="0" NEXTID="129431826" UPDATEDATE="2025-10-31" STARTDATE="2022-09-30" ENDDATE="2025-10-31" ISACTUAL="0" ISACTIVE="0" /><HOUSE ID="123325512" OBJECTID="156360404" OBJECTGUID="8da00f79-5d2a-4a45-a431-8288ee6f5c73" CHANGEID="443112072" HOUSENUM="9" HOUSETYPE="2" OPERTYPEID="10" PREVID="0" NEXTID="129431436" UPDATEDATE="2025-10-31" STARTDATE="2022-09-30" ENDDATE="2025-10-31" ISACTUAL="0" ISACTIVE="0" /><HOUSE ID="124086848" OBJECTID="157979693" OBJECTGUID="314af5ca-6b8c-4af9-afe1-2b7e1a38b339" CHANGEID="494652602" HOUSENUM="14" HOUSETYPE="2" OPERTYPEID="10" PREVID="0" NEXTID="129439922" UPDATEDATE="2025-11-01" STARTDATE="2023-02-03" ENDDATE="2025-11-01" ISACTUAL="0" ISACTIVE="0" /><HOUSE ID="124236533" OBJECTID="158461968" OBJECTGUID="be6868c6-16e4-451d-b9ad-5fe00856ede8" CHANGEID="498819612" HOUSENUM="4" HOUSETYPE="2" OPERTYPEID="10" PREVID="0" NEXTID="129439588" UPDATEDATE="2025-11-01" STARTDATE="2023-03-31" ENDDATE="2025-11-01" ISACTUAL="0" ISACTIVE="0" /><HOUSE ID="124719312" OBJECTID="160104462" OBJECTGUID="91ecb130-740a-49d2-94b2-97ccbb698f89" CHANGEID="508847042" HOUSENUM="36" HOUSETYPE="2" OPERTYPEID="10" PREVID="0" NEXTID="129431123" UPDATEDATE="2025-10-31" STARTDATE="2023-08-29" ENDDATE="2025-10-31" ISACTUAL="0" ISACTIVE="0" /><HOUSE ID="124730309" OBJECTID="160140993" OBJECTGUID="e2129ead-0f4b-4d69-b1d3-531a9b6d18c7" CHANGEID="508883616" HOUSENUM="20" HOUSETYPE="2" OPERTYPEID="10" PREVID="0" NEXTID="129431114" UPDATEDATE="2025-10-31" STARTDATE="2023-08-29" ENDDATE="2025-10-31" ISACTUAL="0" ISACTIVE="0" /><HOUSE ID="124730434" OBJECTID="160141412" OBJECTGUID="18d6186e-1fd0-43b5-8e92-ccbc340fea6a" CHANGEID="508884035" HOUSENUM="30" HOUSETYPE="2" OPERTYPEID="10" PREVID="0" NEXTID="129418385" UPDATEDATE="2025-10-30" STARTDATE="2023-08-29" ENDDATE="2025-10-30" ISACTUAL="0" ISACTIVE="0" /><HOUSE ID="124732470" OBJECTID="160147548" OBJECTGUID="e8205364-f102-429e-a282-ccc3908d1351" CHANGEID="508890171" HOUSENUM="31" HOUSETYPE="2" OPERTYPEID="10" PREVID="0" NEXTID="129435031" UPDATEDATE="2025-11-01" STARTDATE="2023-08-29" ENDDATE="2025-11-01" ISACTUAL="0" ISACTIVE="0" /><HOUSE ID="125975157" OBJECTID="156384125" OBJECTGUID="c4d4b1e1-3fc3-4080-9002-02b3306b0eac" CHANGEID="592384024" HOUSENUM="74" HOUSETYPE="2" OPERTYPEID="20" PREVID="123348762" NEXTID="129431423" UPDATEDATE="2025-10-31" STARTDATE="2024-03-22" ENDDATE="2025-10-31" ISACTUAL="0" ISACTIVE="0" /><HOUSE ID="128876212" OBJECTID="174011282" OBJECTGUID="c923052c-4f75-41c4-a114-0b0ba3e9cff5" CHANGEID="657068093" HOUSENUM="4" HOUSETYPE="2" OPERTYPEID="10" PREVID="0" NEXTID="129439589" UPDATEDATE="2025-11-01" STARTDATE="2025-08-14" ENDDATE="2025-11-01" ISACTUAL="0" ISACTIVE="0" /><HOUSE ID="129413152" OBJECTID="156368641" OBJECTGUID="ea824885-1a81-4a46-8e78-33b5d587ab52" CHANGEID="691449757" HOUSENUM="45" HOUSETYPE="2" OPERTYPEID="20" PREVID="123333486" UPDATEDATE="2025-10-30" STARTDATE="2025-10-30" ENDDATE="2079-06-06" ISACTUAL="1" ISACTIVE="1" /><HOUSE ID="129413579" OBJECTID="175590942" OBJECTGUID="9ec8c098-99e0-4872-84f1-6ec11fc98423" CHANGEID="691452536" HOUSENUM="47" HOUSETYPE="2" OPERTYPEID="10" PREVID="0" NEXTID="0" UPDATEDATE="2025-10-30" STARTDATE="2025-10-30" ENDDATE="2079-06-06" ISACTUAL="1" ISACTIVE="1" /><HOUSE ID="129413580" OBJECTID="175590945" OBJECTGUID="9f229fad-e785-4b6c-a2e1-230156effb58" CHANGEID="691452539" HOUSENUM="5" HOUSETYPE="2" OPERTYPEID="10" PREVID="0" NEXTID="0" UPDATEDATE="2025-10-30" STARTDATE="2025-10-30" ENDDATE="2079-06-06" ISACTUAL="1" ISACTIVE="1" /><HOUSE ID="129413581" OBJECTID="175590949" OBJECTGUID="9f3dd306-bb0a-48a7-b427-376675d5dfb3" CHANGEID="691452544" HOUSENUM="28/2" HOUSETYPE="2" OPERTYPEID="10" PREVID="0" NEXTID="0" UPDATEDATE="2025-10-30" STARTDATE="2025-10-30" ENDDATE="2079-06-06" ISACTUAL="1" ISACTIVE="1" /><HOUSE ID="129413582" OBJECTID="175590950" OBJECTGUID="a76d55c9-e71d-4e18-8257-f773022348a8" CHANGEID="691452546" HOUSENUM="49/3" HOUSETYPE="2" OPERTYPEID="10" PREVID="0" NEXTID="0" UPDATEDATE="2025-10-30" STARTDATE="2025-10-30" ENDDATE="2079-06-06" ISACTUAL="1" ISACTIVE="1" /><HOUSE ID="129413598" OBJECTID="175591066" OBJECTGUID="ad75c987-d50c-4c28-94c5-4701e1b401ea" CHANGEID="691452668" HOUSENUM="33" HOUSETYPE="2" OPERTYPEID="10" PREVID="0" NEXTID="0" UPDATEDATE="2025-10-30" STARTDATE="2025-10-30" ENDDATE="2079-06-06" ISACTUAL="1" ISACTIVE="1" /><HOUSE ID="129418367" OBJECTID="175599933" OBJECTGUID="28f2c1b7-fd2f-483c-b1e1-85910bfe2c73" CHANGEID="691467337" HOUSENUM="33" HOUSETYPE="2" OPERTYPEID="10" PREVID="0" NEXTID="0" UPDATEDATE="2025-10-30" STARTDATE="2025-10-30" ENDDATE="2079-06-06" ISACTUAL="1" ISACTIVE="1" /><HOUSE ID="129418369" OBJECTID="175599944" OBJECTGUID="7c1ced09-35de-42b1-a681-04176f0e763b" CHANGEID="691467351" HOUSENUM="27" HOUSETYPE="2" OPERTYPEID="10" PREVID="0" NEXTID="0" UPDATEDATE="2025-10-30" STARTDATE="2025-10-30" ENDDATE="2079-06-06" ISACTUAL="1" ISACTIVE="1" /><HOUSE ID="129418371" OBJECTID="175599947" OBJECTGUID="2cd39227-8412-4af2-b1dd-cc508b4fbb61" CHANGEID="691467355" HOUSENUM="29" HOUSETYPE="2" OPERTYPEID="10" PREVID="0" NEXTID="0" UPDATEDATE="2025-10-30" STARTDATE="2025-10-30" ENDDATE="2079-06-06" ISACTUAL="1" ISACTIVE="1" /><HOUSE ID="129418373" OBJECTID="175599951" OBJECTGUID="4423bc90-3f82-4bbc-b90a-2ed1375d2aec" CHANGEID="691467361" HOUSENUM="218" HOUSETYPE="2" OPERTYPEID="10" PREVID="0" NEXTID="0" UPDATEDATE="2025-10-30" STARTDATE="2025-10-30" ENDDATE="2079-06-06" ISACTUAL="1" ISACTIVE="1" /><HOUSE ID="129418375" OBJECTID="175599953" OBJECTGUID="cdc99be9-cf63-40a9-9ea0-66b96d47b65d" CHANGEID="691467365" HOUSENUM="2" HOUSETYPE="2" OPERTYPEID="10" PREVID="0" NEXTID="0" UPDATEDATE="2025-10-30" STARTDATE="2025-10-30" ENDDATE="2079-06-06" ISACTUAL="1" ISACTIVE="1" /><HOUSE ID="129418377" OBJECTID="175599955" OBJECTGUID="2d80537a-cbfa-45e6-a46f-ea73e0c139ca" CHANGEID="691467367" HOUSENUM="10" HOUSETYPE="2" OPERTYPEID="10" PREVID="0" NEXTID="0" UPDATEDATE="2025-10-30" STARTDATE="2025-10-30" ENDDATE="2079-06-06" ISACTUAL="1" ISACTIVE="1" /><HOUSE ID="129418380" OBJECTID="175599957" OBJECTGUID="350d5a5f-6234-4e2d-99d7-64821209f9ef" CHANGEID="691467371" HOUSENUM="51" HOUSETYPE="2" OPERTYPEID="10" PREVID="0" NEXTID="0" UPDATEDATE="2025-10-30" STARTDATE="2025-10-30" ENDDATE="2079-06-06" ISACTUAL="1" ISACTIVE="1" /><HOUSE ID="129418382" OBJECTID="175599962" OBJECTGUID="db57a2f8-c26a-4089-809e-82eeb06a85a1" CHANGEID="691467376" HOUSENUM="3" HOUSETYPE="2" OPERTYPEID="10" PREVID="0" NEXTID="0" UPDATEDATE="2025-10-30" STARTDATE="2025-10-30" ENDDATE="2079-06-06" ISACTUAL="1" ISACTIVE="1" /><HOUSE ID="129418384" OBJECTID="175599966" OBJECTGUID="997e3981-fc9a-439a-841f-de6326dd10bf" CHANGEID="691467382" HOUSENUM="35" HOUSETYPE="2" OPERTYPEID="10" PREVID="0" NEXTID="0" UPDATEDATE="2025-10-30" STARTDATE="2025-10-30" ENDDATE="2079-06-06" ISACTUAL="1" ISACTIVE="1" /><HOUSE ID="129418386" OBJECTID="175599970" OBJECTGUID="e1323fb9-bcf3-4e23-9c03-6baf27406c29" CHANGEID="691467387" HOUSENUM="88" HOUSETYPE="2" OPERTYPEID="10" PREVID="0" NEXTID="0" UPDATEDATE="2025-10-30" STARTDATE="2025-10-30" ENDDATE="2079-06-06" ISACTUAL="1" ISACTIVE="1" /><HOUSE ID="129418390" OBJECTID="175599972" OBJECTGUID="d519e871-12a6-4b07-a98a-e8ba494caff2" CHANGEID="691467391" HOUSENUM="27" HOUSETYPE="2" OPERTYPEID="10" PREVID="0" NEXTID="0" UPDATEDATE="2025-10-30" STARTDATE="2025-10-30" ENDDATE="2079-06-06" ISACTUAL="1" ISACTIVE="1" /><HOUSE ID="129418393" OBJECTID="175599975" OBJECTGUID="589a13a9-7285-4eab-b184-8ac38676b4e6" CHANGEID="691467395" HOUSENUM="34" HOUSETYPE="2" OPERTYPEID="10" PREVID="0" NEXTID="0" UPDATEDATE="2025-10-30" STARTDATE="2025-10-30" ENDDATE="2079-06-06" ISACTUAL="1" ISACTIVE="1" /><HOUSE ID="129418395" OBJECTID="175599977" OBJECTGUID="d9a2f175-824d-4c64-8425-d24cb743b62e" CHANGEID="691467397" HOUSENUM="23" HOUSETYPE="2" OPERTYPEID="10" PREVID="0" NEXTID="0" UPDATEDATE="2025-10-30" STARTDATE="2025-10-30" ENDDATE="2079-06-06" ISACTUAL="1" ISACTIVE="1" /><HOUSE ID="129418399" OBJECTID="175599979" OBJECTGUID="cc69af73-1833-45af-9226-2a9ebc7763bf" CHANGEID="691467401" HOUSENUM="131" HOUSETYPE="2" OPERTYPEID="10" PREVID="0" NEXTID="0" UPDATEDATE="2025-10-30" STARTDATE="2025-10-30" ENDDATE="2079-06-06" ISACTUAL="1" ISACTIVE="1" /><HOUSE ID="129418405" OBJECTID="175599981" OBJECTGUID="b7cfe90c-6d50-4cc9-892f-ddd24c9c0d17" CHANGEID="691467407" HOUSENUM="55" HOUSETYPE="2" OPERTYPEID="10" PREVID="0" NEXTID="0" UPDATEDATE="2025-10-30" STARTDATE="2025-10-30" ENDDATE="2079-06-06" ISACTUAL="1" ISACTIVE="1" /><HOUSE ID="129418412" OBJECTID="175599984" OBJECTGUID="7a5afa78-1615-427e-9dd1-33faf52a411a" CHANGEID="691467415" HOUSENUM="3" HOUSETYPE="2" OPERTYPEID="10" PREVID="0" NEXTID="0" UPDATEDATE="2025-10-30" STARTDATE="2025-10-30" ENDDATE="2079-06-06" ISACTUAL="1" ISACTIVE="1" /><HOUSE ID="129418416" OBJECTID="175599986" OBJECTGUID="e7029418-4749-4f5b-99f5-7e98cb2fc68c" CHANGEID="691467419" HOUSENUM="11" HOUSETYPE="2" OPERTYPEID="10" PREVID="0" NEXTID="0" UPDATEDATE="2025-10-30" STARTDATE="2025-10-30" ENDDATE="2079-06-06" ISACTUAL="1" ISACTIVE="1" /><HOUSE ID="129418420" OBJECTID="175599994" OBJECTGUID="24a11b96-6819-4336-9a80-1c6e117de986" CHANGEID="691467429" HOUSENUM="7" HOUSETYPE="2" OPERTYPEID="10" PREVID="0" NEXTID="0" UPDATEDATE="2025-10-30" STARTDATE="2025-10-30" ENDDATE="2079-06-06" ISACTUAL="1" ISACTIVE="1" /><HOUSE ID="129418368" OBJECTID="175599936" OBJECTGUID="486cbdf7-ee8b-49de-9937-186154e14967" CHANGEID="691467340" HOUSENUM="23" HOUSETYPE="2" OPERTYPEID="10" PREVID="0" NEXTID="0" UPDATEDATE="2025-10-30" STARTDATE="2025-10-30" ENDDATE="2079-06-06" ISACTUAL="1" ISACTIVE="1" /><HOUSE ID="129418370" OBJECTID="175599945" OBJECTGUID="17623946-6672-4fde-b611-a22a8e0a618d" CHANGEID="691467353" HOUSENUM="49" HOUSETYPE="2" OPERTYPEID="10" PREVID="0" NEXTID="0" UPDATEDATE="2025-10-30" STARTDATE="2025-10-30" ENDDATE="2079-06-06" ISACTUAL="1" ISACTIVE="1" /><HOUSE ID="129418372" OBJECTID="175599948" OBJECTGUID="3d86c3e4-176a-47c7-86cc-9f9666bf55fe" CHANGEID="691467358" HOUSENUM="6" HOUSETYPE="2" OPERTYPEID="10" PREVID="0" NEXTID="0" UPDATEDATE="2025-10-30" STARTDATE="2025-10-30" ENDDATE="2079-06-06" ISACTUAL="1" ISACTIVE="1" /><HOUSE ID="129418374" OBJECTID="175599952" OBJECTGUID="a3979be6-9169-48c6-a962-09d616dc86ec" CHANGEID="691467363" HOUSENUM="220" HOUSETYPE="2" OPERTYPEID="10" PREVID="0" NEXTID="0" UPDATEDATE="2025-10-30" STARTDATE="2025-10-30" ENDDATE="2079-06-06" ISACTUAL="1" ISACTIVE="1" /><HOUSE ID="129418376" OBJECTID="175599954" OBJECTGUID="9f46cd95-785c-4ac6-ac11-6d8ebfa77e11" CHANGEID="691467366" HOUSENUM="11А" HOUSETYPE="2" OPERTYPEID="10" PREVID="0" NEXTID="0" UPDATEDATE="2025-10-30" STARTDATE="2025-10-30" ENDDATE="2079-06-06" ISACTUAL="1" ISACTIVE="1" /><HOUSE ID="129418378" OBJECTID="175599956" OBJECTGUID="759f2fb8-e982-47db-8376-c1e76921c61e" CHANGEID="691467369" HOUSENUM="83" HOUSETYPE="2" OPERTYPEID="10" PREVID="0" NEXTID="0" UPDATEDATE="2025-10-30" STARTDATE="2025-10-30" ENDDATE="2079-06-06" ISACTUAL="1" ISACTIVE="1" /><HOUSE ID="129418381" OBJECTID="175599959" OBJECTGUID="61e56d30-e75b-422e-b43f-dbedfa0643fc" CHANGEID="691467373" HOUSENUM="7А" HOUSETYPE="2" OPERTYPEID="10" PREVID="0" NEXTID="0" UPDATEDATE="2025-10-30" STARTDATE="2025-10-30" ENDDATE="2079-06-06" ISACTUAL="1" ISACTIVE="1" /><HOUSE ID="129418383" OBJECTID="175599963" OBJECTGUID="c8fa7050-62c4-42bd-9752-d691bcca3fb8" CHANGEID="691467377" HOUSENUM="3" HOUSETYPE="2" OPERTYPEID="10" PREVID="0" NEXTID="0" UPDATEDATE="2025-10-30" STARTDATE="2025-10-30" ENDDATE="2079-06-06" ISACTUAL="1" ISACTIVE="1" /><HOUSE ID="129418385" OBJECTID="160141412" OBJECTGUID="18d6186e-1fd0-43b5-8e92-ccbc340fea6a" CHANGEID="691467385" HOUSENUM="30" HOUSETYPE="2" OPERTYPEID="20" PREVID="124730434" UPDATEDATE="2025-10-30" STARTDATE="2025-10-30" ENDDATE="2079-06-06" ISACTUAL="1" ISACTIVE="1" /><HOUSE ID="129418388" OBJECTID="175599971" OBJECTGUID="8a7b8195-4ddd-47d1-922e-513a00259732" CHANGEID="691467389" HOUSENUM="35А" HOUSETYPE="2" OPERTYPEID="10" PREVID="0" NEXTID="0" UPDATEDATE="2025-10-30" STARTDATE="2025-10-30" ENDDATE="2079-06-06" ISACTUAL="1" ISACTIVE="1" /><HOUSE ID="129418392" OBJECTID="175599973" OBJECTGUID="18c55d86-335c-4368-b785-154453d15284" CHANGEID="691467393" HOUSENUM="8" HOUSETYPE="2" OPERTYPEID="10" PREVID="0" NEXTID="0" UPDATEDATE="2025-10-30" STARTDATE="2025-10-30" ENDDATE="2079-06-06" ISACTUAL="1" ISACTIVE="1" /><HOUSE ID="129418394" OBJECTID="175599976" OBJECTGUID="f04cf765-aaca-42c4-bdf9-3a7216d0d467" CHANGEID="691467396" HOUSENUM="24" HOUSETYPE="2" OPERTYPEID="10" PREVID="0" NEXTID="0" UPDATEDATE="2025-10-30" STARTDATE="2025-10-30" ENDDATE="2079-06-06" ISACTUAL="1" ISACTIVE="1" /><HOUSE ID="129418397" OBJECTID="175599978" OBJECTGUID="59690747-7de8-40e6-b6eb-3faf5e5fdcb0" CHANGEID="691467399" HOUSENUM="12" HOUSETYPE="2" OPERTYPEID="10" PREVID="0" NEXTID="0" UPDATEDATE="2025-10-30" STARTDATE="2025-10-30" ENDDATE="2079-06-06" ISACTUAL="1" ISACTIVE="1" /><HOUSE ID="129418402" OBJECTID="175599980" OBJECTGUID="a4db6d49-e286-41d0-a0f8-db821577cfc7" CHANGEID="691467404" HOUSENUM="40" HOUSETYPE="2" OPERTYPEID="10" PREVID="0" NEXTID="0" UPDATEDATE="2025-10-30" STARTDATE="2025-10-30" ENDDATE="2079-06-06" ISACTUAL="1" ISACTIVE="1" /><HOUSE ID="129418408" OBJECTID="175599982" OBJECTGUID="aeee1466-3950-4f70-8b48-d383815b27a5" CHANGEID="691467410" HOUSENUM="29" HOUSETYPE="2" OPERTYPEID="10" PREVID="0" NEXTID="0" UPDATEDATE="2025-10-30" STARTDATE="2025-10-30" ENDDATE="2079-06-06" ISACTUAL="1" ISACTIVE="1" /><HOUSE ID="129418411" OBJECTID="175599983" OBJECTGUID="1f55a730-3cbc-4a00-9b5b-4584fc39dc6f" CHANGEID="691467414" HOUSENUM="11" HOUSETYPE="2" OPERTYPEID="10" PREVID="0" NEXTID="0" UPDATEDATE="2025-10-30" STARTDATE="2025-10-30" ENDDATE="2079-06-06" ISACTUAL="1" ISACTIVE="1" /><HOUSE ID="129418414" OBJECTID="175599985" OBJECTGUID="2cfb2dd3-228d-42d8-9971-6d12f2cdee16" CHANGEID="691467417" HOUSENUM="5А" HOUSETYPE="2" OPERTYPEID="10" PREVID="0" NEXTID="0" UPDATEDATE="2025-10-30" STARTDATE="2025-10-30" ENDDATE="2079-06-06" ISACTUAL="1" ISACTIVE="1" /><HOUSE ID="129418417" OBJECTID="175599987" OBJECTGUID="3cc6f095-10ee-44a1-b630-2987d73579f5" CHANGEID="691467420" HOUSENUM="9" HOUSETYPE="2" OPERTYPEID="10" PREVID="0" NEXTID="0" UPDATEDATE="2025-10-30" STARTDATE="2025-10-30" ENDDATE="2079-06-06" ISACTUAL="1" ISACTIVE="1" /><HOUSE ID="129418418" OBJECTID="175599991" OBJECTGUID="95011814-25d7-4660-94f3-e921ae4c359b" CHANGEID="691467425" HOUSENUM="36" HOUSETYPE="2" OPERTYPEID="10" PREVID="0" NEXTID="0" UPDATEDATE="2025-10-30" STARTDATE="2025-10-30" ENDDATE="2079-06-06" ISACTUAL="1" ISACTIVE="1" /><HOUSE ID="129421284" OBJECTID="175607197" OBJECTGUID="78a7173e-493a-453d-afe2-0f9027a3fc0e" CHANGEID="691478903" HOUSENUM="82" ADDNUM1="И" HOUSETYPE="2" ADDTYPE1="2" OPERTYPEID="10" PREVID="0" NEXTID="0" UPDATEDATE="2025-10-30" STARTDATE="2025-10-30" ENDDATE="2079-06-06" ISACTUAL="1" ISACTIVE="1" /><HOUSE ID="129421285" OBJECTID="175607199" OBJECTGUID="1a2b1c14-e5e4-48ef-a56c-3c0ef0ae48ff" CHANGEID="691478905" HOUSENUM="82" ADDNUM1="Ж" HOUSETYPE="2" ADDTYPE1="2" OPERTYPEID="10" PREVID="0" NEXTID="0" UPDATEDATE="2025-10-30" STARTDATE="2025-10-30" ENDDATE="2079-06-06" ISACTUAL="1" ISACTIVE="1" /><HOUSE ID="129421286" OBJECTID="175607200" OBJECTGUID="ff974968-7e46-41a4-a4ba-ebe03177bf7f" CHANGEID="691478906" HOUSENUM="82" ADDNUM1="Б" HOUSETYPE="2" ADDTYPE1="2" OPERTYPEID="10" PREVID="0" NEXTID="0" UPDATEDATE="2025-10-30" STARTDATE="2025-10-30" ENDDATE="2079-06-06" ISACTUAL="1" ISACTIVE="1" /><HOUSE ID="129421296" OBJECTID="175607221" OBJECTGUID="988fb4aa-8959-42d9-b612-ccacce820e89" CHANGEID="691478937" HOUSENUM="50" ADDNUM1="Д" HOUSETYPE="2" ADDTYPE1="2" OPERTYPEID="10" PREVID="0" NEXTID="0" UPDATEDATE="2025-10-30" STARTDATE="2025-10-30" ENDDATE="2079-06-06" ISACTUAL="1" ISACTIVE="1" /><HOUSE ID="129421297" OBJECTID="175607222" OBJECTGUID="b3da40ca-3515-403c-8d46-363cc20336b9" CHANGEID="691478938" HOUSENUM="50" ADDNUM1="В" HOUSETYPE="2" ADDTYPE1="2" OPERTYPEID="10" PREVID="0" NEXTID="0" UPDATEDATE="2025-10-30" STARTDATE="2025-10-30" ENDDATE="2079-06-06" ISACTUAL="1" ISACTIVE="1" /><HOUSE ID="129421298" OBJECTID="175607223" OBJECTGUID="e8b6c84e-3c9c-4a36-a081-e02209893c3f" CHANGEID="691478939" HOUSENUM="50" ADDNUM1="Б" HOUSETYPE="2" ADDTYPE1="2" OPERTYPEID="10" PREVID="0" NEXTID="0" UPDATEDATE="2025-10-30" STARTDATE="2025-10-30" ENDDATE="2079-06-06" ISACTUAL="1" ISACTIVE="1" /><HOUSE ID="129421824" OBJECTID="175608315" OBJECTGUID="8f4a98c7-d226-4052-98e6-5e2456d9d659" CHANGEID="691480782" HOUSENUM="57" HOUSETYPE="2" OPERTYPEID="10" PREVID="0" NEXTID="0" UPDATEDATE="2025-10-30" STARTDATE="2025-10-30" ENDDATE="2079-06-06" ISACTUAL="1" ISACTIVE="1" /><HOUSE ID="129421832" OBJECTID="175608320" OBJECTGUID="41bdedb3-47d5-4e85-a4d4-249b4cf0442a" CHANGEID="691480824" HOUSENUM="94" ADDNUM1="Д" HOUSETYPE="2" ADDTYPE1="2" OPERTYPEID="10" PREVID="0" NEXTID="0" UPDATEDATE="2025-10-30" STARTDATE="2025-10-30" ENDDATE="2079-06-06" ISACTUAL="1" ISACTIVE="1" /><HOUSE ID="129422702" OBJECTID="175609861" OBJECTGUID="842deafb-695f-46ae-ad6e-e6bb27a96ff7" CHANGEID="691483610" HOUSENUM="91" ADDNUM1="2" HOUSETYPE="2" ADDTYPE1="2" OPERTYPEID="10" PREVID="0" NEXTID="0" UPDATEDATE="2025-10-30" STARTDATE="2025-10-30" ENDDATE="2079-06-06" ISACTUAL="1" ISACTIVE="1" /><HOUSE ID="129422703" OBJECTID="175609862" OBJECTGUID="0955d0b0-338e-4dd2-a3ab-aff9b1cc936d" CHANGEID="691483611" HOUSENUM="91" ADDNUM1="1" HOUSETYPE="2" ADDTYPE1="2" OPERTYPEID="10" PREVID="0" NEXTID="0" UPDATEDATE="2025-10-30" STARTDATE="2025-10-30" ENDDATE="2079-06-06" ISACTUAL="1" ISACTIVE="1" /><HOUSE ID="129423046" OBJECTID="175610904" OBJECTGUID="67185139-2d49-43aa-a2fa-8620cc704bff" CHANGEID="691485623" HOUSENUM="13" ADDNUM1="3" HOUSETYPE="2" ADDTYPE1="2" OPERTYPEID="10" PREVID="0" NEXTID="0" UPDATEDATE="2025-10-30" STARTDATE="2025-10-30" ENDDATE="2079-06-06" ISACTUAL="1" ISACTIVE="1" /><HOUSE ID="129423048" OBJECTID="175610907" OBJECTGUID="02ab681d-6ddc-4579-9576-0a50159f0289" CHANGEID="691485626" HOUSENUM="13" ADDNUM1="Е" HOUSETYPE="2" ADDTYPE1="2" OPERTYPEID="10" PREVID="0" NEXTID="0" UPDATEDATE="2025-10-30" STARTDATE="2025-10-30" ENDDATE="2079-06-06" ISACTUAL="1" ISACTIVE="1" /><HOUSE ID="129423049" OBJECTID="175610908" OBJECTGUID="62aa8117-0f81-4c95-bdf8-16668b674198" CHANGEID="691485627" HOUSENUM="13" ADDNUM1="Г" HOUSETYPE="2" ADDTYPE1="2" OPERTYPEID="10" PREVID="0" NEXTID="0" UPDATEDATE="2025-10-30" STARTDATE="2025-10-30" ENDDATE="2079-06-06" ISACTUAL="1" ISACTIVE="1" /><HOUSE ID="129423589" OBJECTID="156385453" OBJECTGUID="848dcb13-3203-4e74-91e2-7ae11a02c89b" CHANGEID="691487406" HOUSENUM="160" HOUSETYPE="2" OPERTYPEID="20" PREVID="123350084" UPDATEDATE="2025-10-30" STARTDATE="2025-10-30" ENDDATE="2079-06-06" ISACTUAL="1" ISACTIVE="1" /><HOUSE ID="129423592" OBJECTID="156383981" OBJECTGUID="ddbe6e22-dca1-42d6-9c15-b7bd09e10d25" CHANGEID="691487435" HOUSENUM="13" HOUSETYPE="2" OPERTYPEID="20" PREVID="123348618" UPDATEDATE="2025-10-30" STARTDATE="2025-10-30" ENDDATE="2079-06-06" ISACTUAL="1" ISACTIVE="1" /><HOUSE ID="129425945" OBJECTID="175618899" OBJECTGUID="0e6bc36f-5ec1-4bc4-b7ff-30d8334acc9e" CHANGEID="691499087" HOUSENUM="12" ADDNUM1="Б" HOUSETYPE="2" ADDTYPE1="2" OPERTYPEID="10" PREVID="0" NEXTID="0" UPDATEDATE="2025-10-31" STARTDATE="2025-10-31" ENDDATE="2079-06-06" ISACTUAL="1" ISACTIVE="1" /><HOUSE ID="129425946" OBJECTID="175618900" OBJECTGUID="e1ec4136-00a2-4def-a922-43e6652809b0" CHANGEID="691499088" HOUSENUM="66" ADDNUM1="2" HOUSETYPE="2" ADDTYPE1="2" OPERTYPEID="10" PREVID="0" NEXTID="0" UPDATEDATE="2025-10-31" STARTDATE="2025-10-31" ENDDATE="2079-06-06" ISACTUAL="1" ISACTIVE="1" /><HOUSE ID="129425947" OBJECTID="175618901" OBJECTGUID="03687d60-ef24-4d5e-ac34-c052eb8ff419" CHANGEID="691499089" HOUSENUM="66" ADDNUM1="1" HOUSETYPE="2" ADDTYPE1="2" OPERTYPEID="10" PREVID="0" NEXTID="0" UPDATEDATE="2025-10-31" STARTDATE="2025-10-31" ENDDATE="2079-06-06" ISACTUAL="1" ISACTIVE="1" /><HOUSE ID="129431123" OBJECTID="160104462" OBJECTGUID="91ecb130-740a-49d2-94b2-97ccbb698f89" CHANGEID="691527385" HOUSENUM="36" HOUSETYPE="2" OPERTYPEID="20" PREVID="124719312" UPDATEDATE="2025-10-31" STARTDATE="2025-10-31" ENDDATE="2079-06-06" ISACTUAL="1" ISACTIVE="1" /><HOUSE ID="129431134" OBJECTID="156375787" OBJECTGUID="ff761879-f197-4809-a2d8-dab5f442488c" CHANGEID="691527412" HOUSENUM="2" HOUSETYPE="2" OPERTYPEID="20" PREVID="123340519" UPDATEDATE="2025-10-31" STARTDATE="2025-10-31" ENDDATE="2079-06-06" ISACTUAL="1" ISACTIVE="1" /><HOUSE ID="129429133" OBJECTID="175629464" OBJECTGUID="0e5e1072-8e0b-4ac2-8f05-97f087f162f3" CHANGEID="691515939" HOUSENUM="39" HOUSETYPE="5" OPERTYPEID="10" PREVID="0" NEXTID="0" UPDATEDATE="2025-10-31" STARTDATE="2025-10-31" ENDDATE="2079-06-06" ISACTUAL="1" ISACTIVE="1" /><HOUSE ID="129429134" OBJECTID="156368597" OBJECTGUID="08491aa6-6978-4d00-bb1c-445d91461a15" CHANGEID="691515942" HOUSENUM="20" HOUSETYPE="2" OPERTYPEID="20" PREVID="123333444" UPDATEDATE="2025-10-31" STARTDATE="2025-10-31" ENDDATE="2079-06-06" ISACTUAL="1" ISACTIVE="1" /><HOUSE ID="129431826" OBJECTID="156386588" OBJECTGUID="f797e237-80f8-419d-aae0-0dbf8e1dfdee" CHANGEID="691531251" HOUSENUM="202" HOUSETYPE="2" OPERTYPEID="20" PREVID="123351210" UPDATEDATE="2025-10-31" STARTDATE="2025-10-31" ENDDATE="2079-06-06" ISACTUAL="1" ISACTIVE="1" /><HOUSE ID="129431830" OBJECTID="156364739" OBJECTGUID="b3e2d8d7-4fef-43e7-a533-3f3e62aad9d0" CHANGEID="691531257" HOUSENUM="40" HOUSETYPE="2" OPERTYPEID="20" PREVID="123329681" UPDATEDATE="2025-10-31" STARTDATE="2025-10-31" ENDDATE="2079-06-06" ISACTUAL="1" ISACTIVE="1" /><HOUSE ID="129431832" OBJECTID="156356607" OBJECTGUID="16574078-7a33-4a84-80d1-50412eda5b32" CHANGEID="691531260" HOUSENUM="50" HOUSETYPE="2" OPERTYPEID="20" PREVID="123322073" UPDATEDATE="2025-10-31" STARTDATE="2025-10-31" ENDDATE="2079-06-06" ISACTUAL="1" ISACTIVE="1" /><HOUSE ID="129430269" OBJECTID="175634428" OBJECTGUID="9dd5679b-fcc8-4810-b360-28c3b7d926a9" CHANGEID="691523333" HOUSENUM="102" HOUSETYPE="2" OPERTYPEID="10" PREVID="0" NEXTID="0" UPDATEDATE="2025-10-31" STARTDATE="2025-10-31" ENDDATE="2079-06-06" ISACTUAL="1" ISACTIVE="1" /><HOUSE ID="129430270" OBJECTID="175634429" OBJECTGUID="d6387e13-7d60-4d9c-9050-3660cfa5af72" CHANGEID="691523334" HOUSENUM="6" HOUSETYPE="2" OPERTYPEID="10" PREVID="0" NEXTID="0" UPDATEDATE="2025-10-31" STARTDATE="2025-10-31" ENDDATE="2079-06-06" ISACTUAL="1" ISACTIVE="1" /><HOUSE ID="129430297" OBJECTID="156357855" OBJECTGUID="2d796ef3-2e4d-4f69-8e52-f27d849ee676" CHANGEID="691523412" HOUSENUM="25" HOUSETYPE="2" OPERTYPEID="20" PREVID="123323177" UPDATEDATE="2025-10-31" STARTDATE="2025-10-31" ENDDATE="2079-06-06" ISACTUAL="1" ISACTIVE="1" /><HOUSE ID="129430305" OBJECTID="156378272" OBJECTGUID="fa7b7522-bedf-4fac-8700-faad62d5daa9" CHANGEID="691523425" HOUSENUM="17" HOUSETYPE="2" OPERTYPEID="20" PREVID="123342966" UPDATEDATE="2025-10-31" STARTDATE="2025-10-31" ENDDATE="2079-06-06" ISACTUAL="1" ISACTIVE="1" /><HOUSE ID="129430737" OBJECTID="156380030" OBJECTGUID="d4c87fc5-4fb9-44f5-8cd6-2ac9cb28a42e" CHANGEID="691525579" HOUSENUM="17" HOUSETYPE="2" OPERTYPEID="20" PREVID="123344704" UPDATEDATE="2025-10-31" STARTDATE="2025-10-31" ENDDATE="2079-06-06" ISACTUAL="1" ISACTIVE="1" /><HOUSE ID="129431114" OBJECTID="160140993" OBJECTGUID="e2129ead-0f4b-4d69-b1d3-531a9b6d18c7" CHANGEID="691527371" HOUSENUM="20" HOUSETYPE="2" OPERTYPEID="20" PREVID="124730309" UPDATEDATE="2025-10-31" STARTDATE="2025-10-31" ENDDATE="2079-06-06" ISACTUAL="1" ISACTIVE="1" /><HOUSE ID="129431423" OBJECTID="156384125" OBJECTGUID="c4d4b1e1-3fc3-4080-9002-02b3306b0eac" CHANGEID="691528862" HOUSENUM="74/1" HOUSETYPE="2" OPERTYPEID="20" PREVID="125975157" UPDATEDATE="2025-10-31" STARTDATE="2025-10-31" ENDDATE="2079-06-06" ISACTUAL="1" ISACTIVE="1" /><HOUSE ID="129431433" OBJECTID="156383051" OBJECTGUID="66a97971-a24a-4394-890b-6de7de7a40b2" CHANGEID="691528937" HOUSENUM="14" HOUSETYPE="2" OPERTYPEID="20" PREVID="123347698" UPDATEDATE="2025-10-31" STARTDATE="2025-10-31" ENDDATE="2079-06-06" ISACTUAL="1" ISACTIVE="1" /><HOUSE ID="129431436" OBJECTID="156360404" OBJECTGUID="8da00f79-5d2a-4a45-a431-8288ee6f5c73" CHANGEID="691528975" HOUSENUM="9" HOUSETYPE="2" OPERTYPEID="20" PREVID="123325512" UPDATEDATE="2025-10-31" STARTDATE="2025-10-31" ENDDATE="2079-06-06" ISACTUAL="1" ISACTIVE="1" /><HOUSE ID="129431435" OBJECTID="156374681" OBJECTGUID="12c46c98-a1af-4cd2-b1b9-37e7ac0680f6" CHANGEID="691528956" HOUSENUM="15" HOUSETYPE="2" OPERTYPEID="20" PREVID="123339423" UPDATEDATE="2025-10-31" STARTDATE="2025-10-31" ENDDATE="2079-06-06" ISACTUAL="1" ISACTIVE="1" /><HOUSE ID="129435005" OBJECTID="175653419" OBJECTGUID="cd9adad4-d9a1-4de5-86ac-342e520370e1" CHANGEID="691569286" HOUSENUM="3" ADDNUM1="1" HOUSETYPE="2" ADDTYPE1="2" OPERTYPEID="10" PREVID="0" NEXTID="0" UPDATEDATE="2025-11-01" STARTDATE="2025-11-01" ENDDATE="2079-06-06" ISACTUAL="1" ISACTIVE="1" /><HOUSE ID="129435031" OBJECTID="160147548" OBJECTGUID="e8205364-f102-429e-a282-ccc3908d1351" CHANGEID="691569335" HOUSENUM="31" HOUSETYPE="2" OPERTYPEID="20" PREVID="124732470" UPDATEDATE="2025-11-01" STARTDATE="2025-11-01" ENDDATE="2079-06-06" ISACTUAL="1" ISACTIVE="1" /><HOUSE ID="129435032" OBJECTID="175653448" OBJECTGUID="09474f3e-3a2c-4a64-9e5b-081142e3411a" CHANGEID="691569339" HOUSENUM="31" ADDNUM1="Б" HOUSETYPE="2" ADDTYPE1="2" OPERTYPEID="10" PREVID="0" NEXTID="0" UPDATEDATE="2025-11-01" STARTDATE="2025-11-01" ENDDATE="2079-06-06" ISACTUAL="1" ISACTIVE="1" /><HOUSE ID="129436573" OBJECTID="175657988" OBJECTGUID="e6f3ed3b-dcf5-4d15-93cb-e997cb2399da" CHANGEID="691576929" HOUSENUM="37" HOUSETYPE="2" OPERTYPEID="10" PREVID="0" NEXTID="0" UPDATEDATE="2025-11-01" STARTDATE="2025-11-01" ENDDATE="2079-06-06" ISACTUAL="1" ISACTIVE="1" /><HOUSE ID="129436574" OBJECTID="175657989" OBJECTGUID="8cec83e9-4ada-49ae-884b-a9f42d7a822e" CHANGEID="691576931" HOUSENUM="11" HOUSETYPE="2" OPERTYPEID="10" PREVID="0" NEXTID="0" UPDATEDATE="2025-11-01" STARTDATE="2025-11-01" ENDDATE="2079-06-06" ISACTUAL="1" ISACTIVE="1" /><HOUSE ID="129436582" OBJECTID="175658000" OBJECTGUID="0a31d747-c211-4883-96c0-34fe77851784" CHANGEID="691576942" HOUSENUM="18" HOUSETYPE="2" OPERTYPEID="10" PREVID="0" NEXTID="0" UPDATEDATE="2025-11-01" STARTDATE="2025-11-01" ENDDATE="2079-06-06" ISACTUAL="1" ISACTIVE="1" /><HOUSE ID="129436588" OBJECTID="175658006" OBJECTGUID="52b87721-ef98-47e5-a887-754773bc857a" CHANGEID="691576948" HOUSENUM="18" HOUSETYPE="2" OPERTYPEID="10" PREVID="0" NEXTID="0" UPDATEDATE="2025-11-01" STARTDATE="2025-11-01" ENDDATE="2079-06-06" ISACTUAL="1" ISACTIVE="1" /><HOUSE ID="129436610" OBJECTID="175658031" OBJECTGUID="4d85e0d6-1399-4ff7-ae3a-70fd98e14dc3" CHANGEID="691576991" HOUSENUM="3" ADDNUM1="Д" HOUSETYPE="2" ADDTYPE1="2" OPERTYPEID="10" PREVID="0" NEXTID="0" UPDATEDATE="2025-11-01" STARTDATE="2025-11-01" ENDDATE="2079-06-06" ISACTUAL="1" ISACTIVE="1" /><HOUSE ID="129436611" OBJECTID="175658032" OBJECTGUID="761c031b-acd8-47d0-81fd-0a77a003878f" CHANGEID="691576993" HOUSENUM="3" HOUSETYPE="2" OPERTYPEID="10" PREVID="0" NEXTID="0" UPDATEDATE="2025-11-01" STARTDATE="2025-11-01" ENDDATE="2079-06-06" ISACTUAL="1" ISACTIVE="1" /><HOUSE ID="129436614" OBJECTID="175658038" OBJECTGUID="a977b238-7217-40df-83f6-c7c1130ddf69" CHANGEID="691577008" HOUSENUM="3" ADDNUM1="В" HOUSETYPE="2" ADDTYPE1="2" OPERTYPEID="10" PREVID="0" NEXTID="0" UPDATEDATE="2025-11-01" STARTDATE="2025-11-01" ENDDATE="2079-06-06" ISACTUAL="1" ISACTIVE="1" /><HOUSE ID="129436578" OBJECTID="175657996" OBJECTGUID="1b85a7e6-c121-4cf6-ade8-54a5e9d1c330" CHANGEID="691576938" HOUSENUM="24" HOUSETYPE="2" OPERTYPEID="10" PREVID="0" NEXTID="0" UPDATEDATE="2025-11-01" STARTDATE="2025-11-01" ENDDATE="2079-06-06" ISACTUAL="1" ISACTIVE="1" /><HOUSE ID="129436586" OBJECTID="175658003" OBJECTGUID="2d56ba84-7c7c-4c7e-84a2-ae1fa54d8ca4" CHANGEID="691576945" HOUSENUM="1А" HOUSETYPE="2" OPERTYPEID="10" PREVID="0" NEXTID="0" UPDATEDATE="2025-11-01" STARTDATE="2025-11-01" ENDDATE="2079-06-06" ISACTUAL="1" ISACTIVE="1" /><HOUSE ID="129436590" OBJECTID="175658008" OBJECTGUID="77eac7e5-b80c-4233-b1ee-02ab0ea37415" CHANGEID="691576950" HOUSENUM="10" HOUSETYPE="2" OPERTYPEID="10" PREVID="0" NEXTID="0" UPDATEDATE="2025-11-01" STARTDATE="2025-11-01" ENDDATE="2079-06-06" ISACTUAL="1" ISACTIVE="1" /><HOUSE ID="129436604" OBJECTID="175658025" OBJECTGUID="9b3898d6-03d9-4dd2-89ed-28e498cf6a0d" CHANGEID="691576980" HOUSENUM="33" ADDNUM1="5" HOUSETYPE="2" ADDTYPE1="2" OPERTYPEID="10" PREVID="0" NEXTID="0" UPDATEDATE="2025-11-01" STARTDATE="2025-11-01" ENDDATE="2079-06-06" ISACTUAL="1" ISACTIVE="1" /><HOUSE ID="129436605" OBJECTID="175658026" OBJECTGUID="586e0d0d-0bdd-4482-9a4c-e5b731ee35c7" CHANGEID="691576982" HOUSENUM="33" ADDNUM1="Б" HOUSETYPE="2" ADDTYPE1="2" OPERTYPEID="10" PREVID="0" NEXTID="0" UPDATEDATE="2025-11-01" STARTDATE="2025-11-01" ENDDATE="2079-06-06" ISACTUAL="1" ISACTIVE="1" /><HOUSE ID="129436606" OBJECTID="175658027" OBJECTGUID="da9ae6cf-e2b6-4c01-9bbf-fa3615784c35" CHANGEID="691576983" HOUSENUM="33" ADDNUM1="4" HOUSETYPE="2" ADDTYPE1="2" OPERTYPEID="10" PREVID="0" NEXTID="0" UPDATEDATE="2025-11-01" STARTDATE="2025-11-01" ENDDATE="2079-06-06" ISACTUAL="1" ISACTIVE="1" /><HOUSE ID="129436607" OBJECTID="175658028" OBJECTGUID="6b2fc79e-59cf-45df-b128-e5580905fd38" CHANGEID="691576985" HOUSENUM="33" ADDNUM1="3" HOUSETYPE="2" ADDTYPE1="2" OPERTYPEID="10" PREVID="0" NEXTID="0" UPDATEDATE="2025-11-01" STARTDATE="2025-11-01" ENDDATE="2079-06-06" ISACTUAL="1" ISACTIVE="1" /><HOUSE ID="129436608" OBJECTID="175658029" OBJECTGUID="08fd1e3d-d42d-4066-91aa-1be49b39a4bd" CHANGEID="691576987" HOUSENUM="33" ADDNUM1="2" HOUSETYPE="2" ADDTYPE1="2" OPERTYPEID="10" PREVID="0" NEXTID="0" UPDATEDATE="2025-11-01" STARTDATE="2025-11-01" ENDDATE="2079-06-06" ISACTUAL="1" ISACTIVE="1" /><HOUSE ID="129436609" OBJECTID="175658030" OBJECTGUID="df5e7909-ff45-456d-8c7b-9b31d27f3f2b" CHANGEID="691576988" HOUSENUM="33" ADDNUM1="1" HOUSETYPE="2" ADDTYPE1="2" OPERTYPEID="10" PREVID="0" NEXTID="0" UPDATEDATE="2025-11-01" STARTDATE="2025-11-01" ENDDATE="2079-06-06" ISACTUAL="1" ISACTIVE="1" /><HOUSE ID="129436619" OBJECTID="175658052" OBJECTGUID="f465fabe-deee-478c-ab62-2e228e886d87" CHANGEID="691577030" HOUSENUM="57" ADDNUM1="Г" HOUSETYPE="2" ADDTYPE1="2" OPERTYPEID="10" PREVID="0" NEXTID="0" UPDATEDATE="2025-11-01" STARTDATE="2025-11-01" ENDDATE="2079-06-06" ISACTUAL="1" ISACTIVE="1" /><HOUSE ID="129436620" OBJECTID="175658053" OBJECTGUID="cfc350b3-dd9a-48d6-9232-939014dd3426" CHANGEID="691577031" HOUSENUM="57" ADDNUM1="Б" HOUSETYPE="2" ADDTYPE1="2" OPERTYPEID="10" PREVID="0" NEXTID="0" UPDATEDATE="2025-11-01" STARTDATE="2025-11-01" ENDDATE="2079-06-06" ISACTUAL="1" ISACTIVE="1" /><HOUSE ID="129436658" OBJECTID="175658106" OBJECTGUID="35bc2196-0b48-4577-abe2-eca8c594be08" CHANGEID="691577155" HOUSENUM="299" ADDNUM1="5" HOUSETYPE="5" ADDTYPE1="2" OPERTYPEID="10" PREVID="0" NEXTID="0" UPDATEDATE="2025-11-01" STARTDATE="2025-11-01" ENDDATE="2079-06-06" ISACTUAL="1" ISACTIVE="1" /><HOUSE ID="129436659" OBJECTID="175658109" OBJECTGUID="5b2c8373-a11e-4567-b0e2-9abb38594cfe" CHANGEID="691577158" HOUSENUM="299" ADDNUM1="4" HOUSETYPE="5" ADDTYPE1="2" OPERTYPEID="10" PREVID="0" NEXTID="0" UPDATEDATE="2025-11-01" STARTDATE="2025-11-01" ENDDATE="2079-06-06" ISACTUAL="1" ISACTIVE="1" /><HOUSE ID="129436660" OBJECTID="175658111" OBJECTGUID="e00b77ce-c484-4789-ae54-2f1adbaf6134" CHANGEID="691577160" HOUSENUM="299" ADDNUM1="3" HOUSETYPE="5" ADDTYPE1="2" OPERTYPEID="10" PREVID="0" NEXTID="0" UPDATEDATE="2025-11-01" STARTDATE="2025-11-01" ENDDATE="2079-06-06" ISACTUAL="1" ISACTIVE="1" /><HOUSE ID="129436661" OBJECTID="175658113" OBJECTGUID="67149d9b-d2eb-4234-9afb-42983c20f5d4" CHANGEID="691577162" HOUSENUM="299" ADDNUM1="2" HOUSETYPE="5" ADDTYPE1="2" OPERTYPEID="10" PREVID="0" NEXTID="0" UPDATEDATE="2025-11-01" STARTDATE="2025-11-01" ENDDATE="2079-06-06" ISACTUAL="1" ISACTIVE="1" /><HOUSE ID="129436662" OBJECTID="175658115" OBJECTGUID="0ecabb23-9897-4242-b406-cc01cbe7fb0f" CHANGEID="691577164" HOUSENUM="299" ADDNUM1="1" HOUSETYPE="5" ADDTYPE1="2" OPERTYPEID="10" PREVID="0" NEXTID="0" UPDATEDATE="2025-11-01" STARTDATE="2025-11-01" ENDDATE="2079-06-06" ISACTUAL="1" ISACTIVE="1" /><HOUSE ID="129436945" OBJECTID="175659145" OBJECTGUID="63da615e-4b25-4d7a-9208-651510e08256" CHANGEID="691578683" HOUSENUM="32" HOUSETYPE="2" OPERTYPEID="10" PREVID="0" NEXTID="0" UPDATEDATE="2025-11-01" STARTDATE="2025-11-01" ENDDATE="2079-06-06" ISACTUAL="1" ISACTIVE="1" /><HOUSE ID="129436947" OBJECTID="175659147" OBJECTGUID="0450a8f3-1591-4262-a706-ec2ab4aace63" CHANGEID="691578741" HOUSENUM="135" HOUSETYPE="2" OPERTYPEID="10" PREVID="0" NEXTID="0" UPDATEDATE="2025-11-01" STARTDATE="2025-11-01" ENDDATE="2079-06-06" ISACTUAL="1" ISACTIVE="1" /><HOUSE ID="129436949" OBJECTID="175659149" OBJECTGUID="e4ff0015-a5ef-45f3-a7dd-5cc3e562e5d3" CHANGEID="691578774" HOUSENUM="177" HOUSETYPE="2" OPERTYPEID="10" PREVID="0" NEXTID="0" UPDATEDATE="2025-11-01" STARTDATE="2025-11-01" ENDDATE="2079-06-06" ISACTUAL="1" ISACTIVE="1" /><HOUSE ID="129436951" OBJECTID="175659151" OBJECTGUID="68404c9f-d19a-4590-bb74-299298cdc32d" CHANGEID="691578778" HOUSENUM="22А" HOUSETYPE="2" OPERTYPEID="10" PREVID="0" NEXTID="0" UPDATEDATE="2025-11-01" STARTDATE="2025-11-01" ENDDATE="2079-06-06" ISACTUAL="1" ISACTIVE="1" /><HOUSE ID="129436946" OBJECTID="175659146" OBJECTGUID="de4f12b7-e4bc-40e9-81be-3f6e86bbca14" CHANGEID="691578713" HOUSENUM="44А" HOUSETYPE="2" OPERTYPEID="10" PREVID="0" NEXTID="0" UPDATEDATE="2025-11-01" STARTDATE="2025-11-01" ENDDATE="2079-06-06" ISACTUAL="1" ISACTIVE="1" /><HOUSE ID="129436948" OBJECTID="175659148" OBJECTGUID="6592ed62-9749-4567-8d97-be85050357c8" CHANGEID="691578762" HOUSENUM="146" HOUSETYPE="2" OPERTYPEID="10" PREVID="0" NEXTID="0" UPDATEDATE="2025-11-01" STARTDATE="2025-11-01" ENDDATE="2079-06-06" ISACTUAL="1" ISACTIVE="1" /><HOUSE ID="129436950" OBJECTID="175659150" OBJECTGUID="6b0cc2e7-2e08-4a16-a597-1863b38dc759" CHANGEID="691578776" HOUSENUM="54" HOUSETYPE="2" OPERTYPEID="10" PREVID="0" NEXTID="0" UPDATEDATE="2025-11-01" STARTDATE="2025-11-01" ENDDATE="2079-06-06" ISACTUAL="1" ISACTIVE="1" /><HOUSE ID="129436953" OBJECTID="175659153" OBJECTGUID="1fc69fe8-d292-4bac-8c9c-c92b5e8373c1" CHANGEID="691578780" HOUSENUM="147" HOUSETYPE="2" OPERTYPEID="10" PREVID="0" NEXTID="0" UPDATEDATE="2025-11-01" STARTDATE="2025-11-01" ENDDATE="2079-06-06" ISACTUAL="1" ISACTIVE="1" /><HOUSE ID="129439588" OBJECTID="158461968" OBJECTGUID="be6868c6-16e4-451d-b9ad-5fe00856ede8" CHANGEID="691591617" HOUSENUM="4" HOUSETYPE="2" OPERTYPEID="40" PREVID="124236533" UPDATEDATE="2025-11-01" STARTDATE="2025-11-01" ENDDATE="2079-06-06" ISACTUAL="1" ISACTIVE="1" /><HOUSE ID="129439589" OBJECTID="174011282" OBJECTGUID="c923052c-4f75-41c4-a114-0b0ba3e9cff5" CHANGEID="691591620" HOUSENUM="4" HOUSETYPE="2" OPERTYPEID="42" PREVID="128876212" NEXTID="129439588" UPDATEDATE="2025-11-01" STARTDATE="2025-11-01" ENDDATE="2079-06-06" ISACTUAL="1" ISACTIVE="0" /><HOUSE ID="129439922" OBJECTID="157979693" OBJECTGUID="314af5ca-6b8c-4af9-afe1-2b7e1a38b339" CHANGEID="691593239" HOUSENUM="14" HOUSETYPE="2" OPERTYPEID="40" PREVID="124086848" UPDATEDATE="2025-11-01" STARTDATE="2025-11-01" ENDDATE="2079-06-06" ISACTUAL="1" ISACTIVE="1" /><HOUSE ID="124875628" OBJECTID="160519191" OBJECTGUID="7b60dd68-167c-4b91-a63e-fc3fa41a7d2b" CHANGEID="555151450" HOUSENUM="14" HOUSETYPE="2" OPERTYPEID="10" PREVID="0" NEXTID="129439923" UPDATEDATE="2025-11-01" STARTDATE="2023-09-29" ENDDATE="2025-11-01" ISACTUAL="0" ISACTIVE="0" /><HOUSE ID="129439923" OBJECTID="160519191" OBJECTGUID="7b60dd68-167c-4b91-a63e-fc3fa41a7d2b" CHANGEID="691593240" HOUSENUM="14" HOUSETYPE="2" OPERTYPEID="42" PREVID="124875628" NEXTID="129439922" UPDATEDATE="2025-11-01" STARTDATE="2025-11-01" ENDDATE="2079-06-06" ISACTUAL="1" ISACTIVE="0" /></HOUSES>