﻿<?xml version="1.0" encoding="utf-8"?><STEADS><STEAD ID="74518334" OBJECTID="175589157" OBJECTGUID="24261d9d-03ad-42c4-8ca9-bac7cfcec64c" CHANGEID="691448973" NUMBER="114" OPERTYPEID="10" PREVID="0" NEXTID="0" UPDATEDATE="2025-10-30" STARTDATE="2025-10-30" ENDDATE="2079-06-06" ISACTUAL="1" ISACTIVE="1" /><STEAD ID="74518609" OBJECTID="175589707" OBJECTGUID="abf48111-64a7-4c03-b770-12f6489653d3" CHANGEID="691450451" NUMBER="592А" OPERTYPEID="10" PREVID="0" NEXTID="0" UPDATEDATE="2025-10-30" STARTDATE="2025-10-30" ENDDATE="2079-06-06" ISACTUAL="1" ISACTIVE="1" /><STEAD ID="74518611" OBJECTID="175589714" OBJECTGUID="e4b301cb-f34a-4852-8e52-f436dc233d7b" CHANGEID="691450458" NUMBER="90" OPERTYPEID="10" PREVID="0" NEXTID="0" UPDATEDATE="2025-10-30" STARTDATE="2025-10-30" ENDDATE="2079-06-06" ISACTUAL="1" ISACTIVE="1" /><STEAD ID="74518621" OBJECTID="175589725" OBJECTGUID="285d30a9-d9cc-4340-9241-e80566e79fbd" CHANGEID="691450472" NUMBER="3" OPERTYPEID="10" PREVID="0" NEXTID="0" UPDATEDATE="2025-10-30" STARTDATE="2025-10-30" ENDDATE="2079-06-06" ISACTUAL="1" ISACTIVE="1" /><STEAD ID="9001731" OBJECTID="93535075" OBJECTGUID="bbf7057b-81d3-40de-a00b-062fb0136aed" CHANGEID="136435817" NUMBER="1в" OPERTYPEID="10" NEXTID="74518706" UPDATEDATE="2025-10-30" STARTDATE="2019-11-25" ENDDATE="2025-10-30" ISACTUAL="0" ISACTIVE="0" /><STEAD ID="74518706" OBJECTID="93535075" OBJECTGUID="bbf7057b-81d3-40de-a00b-062fb0136aed" CHANGEID="691450833" NUMBER="1В" OPERTYPEID="20" PREVID="9001731" UPDATEDATE="2025-10-30" STARTDATE="2025-10-30" ENDDATE="2079-06-06" ISACTUAL="1" ISACTIVE="1" /><STEAD ID="74519221" OBJECTID="175590655" OBJECTGUID="f3ca1800-c0d9-4108-951b-875f8040a1dc" CHANGEID="691451951" NUMBER="601" OPERTYPEID="10" PREVID="0" NEXTID="0" UPDATEDATE="2025-10-30" STARTDATE="2025-10-30" ENDDATE="2079-06-06" ISACTUAL="1" ISACTIVE="1" /><STEAD ID="74519273" OBJECTID="175590797" OBJECTGUID="32298c76-6a8e-45ff-9670-e2948f8af788" CHANGEID="691452173" NUMBER="47А" OPERTYPEID="10" PREVID="0" NEXTID="0" UPDATEDATE="2025-10-30" STARTDATE="2025-10-30" ENDDATE="2079-06-06" ISACTUAL="1" ISACTIVE="1" /><STEAD ID="74519302" OBJECTID="175590854" OBJECTGUID="fa1ab7f9-23c3-4139-b51a-8d9d9dd643eb" CHANGEID="691452252" NUMBER="16/1" OPERTYPEID="10" PREVID="0" NEXTID="0" UPDATEDATE="2025-10-30" STARTDATE="2025-10-30" ENDDATE="2079-06-06" ISACTUAL="1" ISACTIVE="1" /><STEAD ID="74520249" OBJECTID="175592407" OBJECTGUID="68381430-23d8-45e0-9ea9-06601201bb8c" CHANGEID="691454609" NUMBER="51" OPERTYPEID="10" PREVID="0" NEXTID="0" UPDATEDATE="2025-10-30" STARTDATE="2025-10-30" ENDDATE="2079-06-06" ISACTUAL="1" ISACTIVE="1" /><STEAD ID="74520268" OBJECTID="164697436" OBJECTGUID="5ab1fe3b-201e-4103-9901-2e894b4df4f3" CHANGEID="691454647" NUMBER="9А" OPERTYPEID="60" PREVID="68449875" UPDATEDATE="2025-10-30" STARTDATE="2025-10-30" ENDDATE="2079-06-06" ISACTUAL="1" ISACTIVE="0" /><STEAD ID="74520269" OBJECTID="175592435" OBJECTGUID="2ac43453-f9f2-4d86-a956-e8a6849e4db0" CHANGEID="691454648" NUMBER="9А" OPERTYPEID="61" PREVID="74520268" NEXTID="0" UPDATEDATE="2025-10-30" STARTDATE="2025-10-30" ENDDATE="2079-06-06" ISACTUAL="1" ISACTIVE="1" /><STEAD ID="74520270" OBJECTID="175592436" OBJECTGUID="83532c78-4511-4249-b3e9-efe0a2651b75" CHANGEID="691454649" NUMBER="9Б" OPERTYPEID="61" PREVID="74520268" NEXTID="0" UPDATEDATE="2025-10-30" STARTDATE="2025-10-30" ENDDATE="2079-06-06" ISACTUAL="1" ISACTIVE="1" /><STEAD ID="74520344" OBJECTID="175592557" OBJECTGUID="2f5f64c3-1aa4-4825-8857-4a6acb60cda5" CHANGEID="691454853" NUMBER="2" OPERTYPEID="10" PREVID="0" NEXTID="0" UPDATEDATE="2025-10-30" STARTDATE="2025-10-30" ENDDATE="2079-06-06" ISACTUAL="1" ISACTIVE="1" /><STEAD ID="74520355" OBJECTID="175592584" OBJECTGUID="0e3f1a3a-235d-425b-b117-c02abcd2c57a" CHANGEID="691454908" NUMBER="552" OPERTYPEID="10" PREVID="0" NEXTID="0" UPDATEDATE="2025-10-30" STARTDATE="2025-10-30" ENDDATE="2079-06-06" ISACTUAL="1" ISACTIVE="1" /><STEAD ID="74521340" OBJECTID="175595120" OBJECTGUID="49d162af-c836-4fc6-9373-33b8b75e4e04" CHANGEID="691458936" NUMBER="554" OPERTYPEID="10" PREVID="0" NEXTID="0" UPDATEDATE="2025-10-30" STARTDATE="2025-10-30" ENDDATE="2079-06-06" ISACTUAL="1" ISACTIVE="1" /><STEAD ID="74523855" OBJECTID="175600432" OBJECTGUID="e83e2a05-5a2d-4b31-8298-39357f803704" CHANGEID="691468190" NUMBER="10" OPERTYPEID="10" PREVID="0" NEXTID="0" UPDATEDATE="2025-10-30" STARTDATE="2025-10-30" ENDDATE="2079-06-06" ISACTUAL="1" ISACTIVE="1" /><STEAD ID="74523877" OBJECTID="175600458" OBJECTGUID="a37c7196-366c-4801-8433-d0f1d2330abd" CHANGEID="691468226" NUMBER="20А" OPERTYPEID="10" PREVID="0" NEXTID="0" UPDATEDATE="2025-10-30" STARTDATE="2025-10-30" ENDDATE="2079-06-06" ISACTUAL="1" ISACTIVE="1" /><STEAD ID="74524006" OBJECTID="175600648" OBJECTGUID="375cabc0-b871-4bbf-b29c-9698dddb4a1d" CHANGEID="691468485" NUMBER="4/4" OPERTYPEID="10" PREVID="0" NEXTID="0" UPDATEDATE="2025-10-30" STARTDATE="2025-10-30" ENDDATE="2079-06-06" ISACTUAL="1" ISACTIVE="1" /><STEAD ID="74524054" OBJECTID="175600719" OBJECTGUID="3cbac25f-ec4b-4f4c-8a77-630b7c66d6c6" CHANGEID="691468581" NUMBER="535" OPERTYPEID="10" PREVID="0" NEXTID="0" UPDATEDATE="2025-10-30" STARTDATE="2025-10-30" ENDDATE="2079-06-06" ISACTUAL="1" ISACTIVE="1" /><STEAD ID="74475560" OBJECTID="175513915" OBJECTGUID="d439de72-9c4a-44ae-856f-38fc93a3907f" CHANGEID="691287376" NUMBER="7/2" OPERTYPEID="10" PREVID="0" NEXTID="74524190" UPDATEDATE="2025-10-30" STARTDATE="2025-10-27" ENDDATE="2025-10-30" ISACTUAL="0" ISACTIVE="0" /><STEAD ID="74524190" OBJECTID="175513915" OBJECTGUID="d439de72-9c4a-44ae-856f-38fc93a3907f" CHANGEID="691469068" NUMBER="7" OPERTYPEID="20" PREVID="74475560" UPDATEDATE="2025-10-30" STARTDATE="2025-10-30" ENDDATE="2079-06-06" ISACTUAL="1" ISACTIVE="1" /><STEAD ID="74524706" OBJECTID="175601913" OBJECTGUID="9f9ea09e-7041-4042-8934-d64750223caf" CHANGEID="691470616" NUMBER="6" OPERTYPEID="10" PREVID="0" NEXTID="0" UPDATEDATE="2025-10-30" STARTDATE="2025-10-30" ENDDATE="2079-06-06" ISACTUAL="1" ISACTIVE="1" /><STEAD ID="74525855" OBJECTID="175604002" OBJECTGUID="65f7de64-5c2c-48fb-8e50-14c1b1fe486e" CHANGEID="691474055" NUMBER="1" OPERTYPEID="10" PREVID="0" NEXTID="0" UPDATEDATE="2025-10-30" STARTDATE="2025-10-30" ENDDATE="2079-06-06" ISACTUAL="1" ISACTIVE="1" /><STEAD ID="74525277" OBJECTID="175602835" OBJECTGUID="48f15b81-8854-44c9-a48c-b07544262a01" CHANGEID="691472262" NUMBER="2Б/2" OPERTYPEID="10" PREVID="0" NEXTID="0" UPDATEDATE="2025-10-30" STARTDATE="2025-10-30" ENDDATE="2079-06-06" ISACTUAL="1" ISACTIVE="1" /><STEAD ID="74525869" OBJECTID="175604016" OBJECTGUID="db703340-294a-4bae-ae02-bfa9e3b1d5ce" CHANGEID="691474073" NUMBER="25А" OPERTYPEID="10" PREVID="0" NEXTID="0" UPDATEDATE="2025-10-30" STARTDATE="2025-10-30" ENDDATE="2079-06-06" ISACTUAL="1" ISACTIVE="1" /><STEAD ID="74525874" OBJECTID="175604021" OBJECTGUID="885ed7e4-6e25-411f-95d4-445a33a07f81" CHANGEID="691474079" NUMBER="30А" OPERTYPEID="10" PREVID="0" NEXTID="0" UPDATEDATE="2025-10-30" STARTDATE="2025-10-30" ENDDATE="2079-06-06" ISACTUAL="1" ISACTIVE="1" /><STEAD ID="74528254" OBJECTID="175608156" OBJECTGUID="9eb0da15-f62d-4bb5-ab9b-9b627e1c7c13" CHANGEID="691480509" NUMBER="535" OPERTYPEID="10" PREVID="0" NEXTID="0" UPDATEDATE="2025-10-30" STARTDATE="2025-10-30" ENDDATE="2079-06-06" ISACTUAL="1" ISACTIVE="1" /><STEAD ID="10887204" OBJECTID="95554807" OBJECTGUID="1816798a-6341-4d87-aa8c-e0e2a21b3945" CHANGEID="138887518" NUMBER="63" OPERTYPEID="10" PREVID="0" NEXTID="74529089" UPDATEDATE="2025-10-30" STARTDATE="2020-02-10" ENDDATE="2025-10-30" ISACTUAL="0" ISACTIVE="0" /><STEAD ID="74529089" OBJECTID="95554807" OBJECTGUID="1816798a-6341-4d87-aa8c-e0e2a21b3945" CHANGEID="691482771" NUMBER="34а" OPERTYPEID="50" PREVID="10887204" UPDATEDATE="2025-10-30" STARTDATE="2025-10-30" ENDDATE="2079-06-06" ISACTUAL="1" ISACTIVE="1" /><STEAD ID="74529809" OBJECTID="175610647" OBJECTGUID="71fbd9c3-b8f8-42e2-806c-fc94f2afae2d" CHANGEID="691485066" NUMBER="13" OPERTYPEID="10" PREVID="0" NEXTID="0" UPDATEDATE="2025-10-30" STARTDATE="2025-10-30" ENDDATE="2079-06-06" ISACTUAL="1" ISACTIVE="1" /><STEAD ID="74529861" OBJECTID="175610718" OBJECTGUID="52f0543b-3408-438a-8d3f-4bd33d354816" CHANGEID="691485224" NUMBER="38" OPERTYPEID="10" PREVID="0" NEXTID="0" UPDATEDATE="2025-10-30" STARTDATE="2025-10-30" ENDDATE="2079-06-06" ISACTUAL="1" ISACTIVE="1" /><STEAD ID="74534833" OBJECTID="175621556" OBJECTGUID="70b2f1cf-2f8f-48c4-a7a3-81735f919d49" CHANGEID="691503393" NUMBER="29/2" OPERTYPEID="10" PREVID="0" NEXTID="0" UPDATEDATE="2025-10-31" STARTDATE="2025-10-31" ENDDATE="2079-06-06" ISACTUAL="1" ISACTIVE="1" /><STEAD ID="74534835" OBJECTID="175621558" OBJECTGUID="a9774c72-9b16-4533-8209-7923ffcf9d3c" CHANGEID="691503397" NUMBER="31" OPERTYPEID="10" PREVID="0" NEXTID="0" UPDATEDATE="2025-10-31" STARTDATE="2025-10-31" ENDDATE="2079-06-06" ISACTUAL="1" ISACTIVE="1" /><STEAD ID="74534838" OBJECTID="175621562" OBJECTGUID="669726ca-1122-4c38-bb47-a4dd9b1ef290" CHANGEID="691503403" NUMBER="6" OPERTYPEID="10" PREVID="0" NEXTID="0" UPDATEDATE="2025-10-31" STARTDATE="2025-10-31" ENDDATE="2079-06-06" ISACTUAL="1" ISACTIVE="1" /><STEAD ID="15409008" OBJECTID="93148679" OBJECTGUID="04a2bbeb-4cba-4a2a-8030-47ec7a3b9b06" CHANGEID="282686165" NUMBER="7А/1" OPERTYPEID="20" PREVID="8615190" NEXTID="74534870" UPDATEDATE="2025-10-31" STARTDATE="2022-04-27" ENDDATE="2025-10-31" ISACTUAL="0" ISACTIVE="0" /><STEAD ID="74534870" OBJECTID="93148679" OBJECTGUID="04a2bbeb-4cba-4a2a-8030-47ec7a3b9b06" CHANGEID="691503465" NUMBER="7А/119" OPERTYPEID="20" PREVID="15409008" UPDATEDATE="2025-10-31" STARTDATE="2025-10-31" ENDDATE="2079-06-06" ISACTUAL="1" ISACTIVE="1" /><STEAD ID="74534834" OBJECTID="175621557" OBJECTGUID="f2d71273-e2c2-4394-b42e-224f156ba09c" CHANGEID="691503394" NUMBER="1А" OPERTYPEID="10" PREVID="0" NEXTID="0" UPDATEDATE="2025-10-31" STARTDATE="2025-10-31" ENDDATE="2079-06-06" ISACTUAL="1" ISACTIVE="1" /><STEAD ID="74534837" OBJECTID="175621561" OBJECTGUID="61a13d86-e8dc-4db0-a51d-36debdd24391" CHANGEID="691503402" NUMBER="6" OPERTYPEID="10" PREVID="0" NEXTID="0" UPDATEDATE="2025-10-31" STARTDATE="2025-10-31" ENDDATE="2079-06-06" ISACTUAL="1" ISACTIVE="1" /><STEAD ID="74535169" OBJECTID="175621996" OBJECTGUID="6431869b-1770-4538-aac6-283879575da7" CHANGEID="691504048" NUMBER="15" OPERTYPEID="10" PREVID="0" NEXTID="0" UPDATEDATE="2025-10-31" STARTDATE="2025-10-31" ENDDATE="2079-06-06" ISACTUAL="1" ISACTIVE="1" /><STEAD ID="10629278" OBJECTID="95162374" OBJECTGUID="4100c33b-4a64-49f9-b958-70528ed3cc62" CHANGEID="138118774" NUMBER="93" OPERTYPEID="10" NEXTID="74535250" UPDATEDATE="2025-10-31" STARTDATE="2019-11-14" ENDDATE="2025-10-31" ISACTUAL="0" ISACTIVE="0" /><STEAD ID="74535250" OBJECTID="95162374" OBJECTGUID="4100c33b-4a64-49f9-b958-70528ed3cc62" CHANGEID="691504185" NUMBER="1" OPERTYPEID="20" PREVID="10629278" UPDATEDATE="2025-10-31" STARTDATE="2025-10-31" ENDDATE="2079-06-06" ISACTUAL="1" ISACTIVE="1" /><STEAD ID="74535216" OBJECTID="175622054" OBJECTGUID="6cc0cb54-cdc9-4bb5-b6c2-8c5303edb62c" CHANGEID="691504113" NUMBER="27" OPERTYPEID="10" PREVID="0" NEXTID="0" UPDATEDATE="2025-10-31" STARTDATE="2025-10-31" ENDDATE="2079-06-06" ISACTUAL="1" ISACTIVE="1" /><STEAD ID="74535969" OBJECTID="175623103" OBJECTGUID="a2f99a13-0bb8-4773-9df3-2a751856af07" CHANGEID="691505812" NUMBER="3" OPERTYPEID="10" PREVID="0" NEXTID="0" UPDATEDATE="2025-10-31" STARTDATE="2025-10-31" ENDDATE="2079-06-06" ISACTUAL="1" ISACTIVE="1" /><STEAD ID="74536211" OBJECTID="175623432" OBJECTGUID="91c1c494-bbcc-4688-98a7-4a771be66663" CHANGEID="691506410" NUMBER="27А/1" OPERTYPEID="10" PREVID="0" NEXTID="0" UPDATEDATE="2025-10-31" STARTDATE="2025-10-31" ENDDATE="2079-06-06" ISACTUAL="1" ISACTIVE="1" /><STEAD ID="74536212" OBJECTID="175623433" OBJECTGUID="c7d1d77e-857e-4684-987e-492a4858116b" CHANGEID="691506411" NUMBER="19А" OPERTYPEID="10" PREVID="0" NEXTID="0" UPDATEDATE="2025-10-31" STARTDATE="2025-10-31" ENDDATE="2079-06-06" ISACTUAL="1" ISACTIVE="1" /><STEAD ID="74536213" OBJECTID="175623434" OBJECTGUID="ab665e29-304e-47fe-880f-818167403635" CHANGEID="691506412" NUMBER="26Е" OPERTYPEID="10" PREVID="0" NEXTID="0" UPDATEDATE="2025-10-31" STARTDATE="2025-10-31" ENDDATE="2079-06-06" ISACTUAL="1" ISACTIVE="1" /><STEAD ID="74536214" OBJECTID="175623435" OBJECTGUID="239ab3df-64b8-4034-8292-52be7c543616" CHANGEID="691506413" NUMBER="26" OPERTYPEID="10" PREVID="0" NEXTID="0" UPDATEDATE="2025-10-31" STARTDATE="2025-10-31" ENDDATE="2079-06-06" ISACTUAL="1" ISACTIVE="1" /><STEAD ID="74536218" OBJECTID="175623440" OBJECTGUID="55c7ca0d-c826-42c8-9561-2080875edd8d" CHANGEID="691506419" NUMBER="43А" OPERTYPEID="10" PREVID="0" NEXTID="0" UPDATEDATE="2025-10-31" STARTDATE="2025-10-31" ENDDATE="2079-06-06" ISACTUAL="1" ISACTIVE="1" /><STEAD ID="74536314" OBJECTID="175623564" OBJECTGUID="cefb1cc4-2083-4f94-a414-49c1d3dbfb54" CHANGEID="691506662" NUMBER="18" OPERTYPEID="10" PREVID="0" NEXTID="0" UPDATEDATE="2025-10-31" STARTDATE="2025-10-31" ENDDATE="2079-06-06" ISACTUAL="1" ISACTIVE="1" /><STEAD ID="74536323" OBJECTID="175623573" OBJECTGUID="a8161446-4230-454a-a339-7e92223c07a7" CHANGEID="691506674" NUMBER="205" OPERTYPEID="10" PREVID="0" NEXTID="0" UPDATEDATE="2025-10-31" STARTDATE="2025-10-31" ENDDATE="2079-06-06" ISACTUAL="1" ISACTIVE="1" /><STEAD ID="74536324" OBJECTID="175623574" OBJECTGUID="27d610a7-e6c1-41ff-9346-8f216f516c1d" CHANGEID="691506675" NUMBER="211" OPERTYPEID="10" PREVID="0" NEXTID="0" UPDATEDATE="2025-10-31" STARTDATE="2025-10-31" ENDDATE="2079-06-06" ISACTUAL="1" ISACTIVE="1" /><STEAD ID="74536325" OBJECTID="175623575" OBJECTGUID="d87fd718-0478-4d40-8baf-852ffbe582f6" CHANGEID="691506676" NUMBER="215" OPERTYPEID="10" PREVID="0" NEXTID="0" UPDATEDATE="2025-10-31" STARTDATE="2025-10-31" ENDDATE="2079-06-06" ISACTUAL="1" ISACTIVE="1" /><STEAD ID="74536326" OBJECTID="175623576" OBJECTGUID="a141f2ed-1f5a-439b-9ab2-f511592da538" CHANGEID="691506677" NUMBER="183" OPERTYPEID="10" PREVID="0" NEXTID="0" UPDATEDATE="2025-10-31" STARTDATE="2025-10-31" ENDDATE="2079-06-06" ISACTUAL="1" ISACTIVE="1" /><STEAD ID="74536334" OBJECTID="175623591" OBJECTGUID="248c8f1f-1344-4cf5-a889-0e99418c6925" CHANGEID="691506717" NUMBER="16" OPERTYPEID="10" PREVID="0" NEXTID="0" UPDATEDATE="2025-10-31" STARTDATE="2025-10-31" ENDDATE="2079-06-06" ISACTUAL="1" ISACTIVE="1" /><STEAD ID="74536594" OBJECTID="175623930" OBJECTGUID="75ff48a9-0679-4050-8b68-cb33d9cc4943" CHANGEID="691507263" NUMBER="70" OPERTYPEID="10" PREVID="0" NEXTID="0" UPDATEDATE="2025-10-31" STARTDATE="2025-10-31" ENDDATE="2079-06-06" ISACTUAL="1" ISACTIVE="1" /><STEAD ID="74543939" OBJECTID="175638882" OBJECTGUID="5e5e3292-ac87-4e8a-9705-be7b7420db14" CHANGEID="691530689" NUMBER="358" OPERTYPEID="10" PREVID="0" NEXTID="0" UPDATEDATE="2025-10-31" STARTDATE="2025-10-31" ENDDATE="2079-06-06" ISACTUAL="1" ISACTIVE="1" /><STEAD ID="74537196" OBJECTID="175625083" OBJECTGUID="2c80259b-f870-4612-afba-f1814c65d60f" CHANGEID="691509356" NUMBER="6А" OPERTYPEID="10" PREVID="0" NEXTID="0" UPDATEDATE="2025-10-31" STARTDATE="2025-10-31" ENDDATE="2079-06-06" ISACTUAL="1" ISACTIVE="1" /><STEAD ID="74537187" OBJECTID="175625072" OBJECTGUID="11877162-0910-403d-99ce-d9081bcd2a04" CHANGEID="691509344" NUMBER="213/1" OPERTYPEID="10" PREVID="0" NEXTID="0" UPDATEDATE="2025-10-31" STARTDATE="2025-10-31" ENDDATE="2079-06-06" ISACTUAL="1" ISACTIVE="1" /><STEAD ID="74537189" OBJECTID="175625076" OBJECTGUID="79c42017-0bf2-46f0-8c16-8edddfe068e6" CHANGEID="691509348" NUMBER="18/2" OPERTYPEID="10" PREVID="0" NEXTID="0" UPDATEDATE="2025-10-31" STARTDATE="2025-10-31" ENDDATE="2079-06-06" ISACTUAL="1" ISACTIVE="1" /><STEAD ID="74537190" OBJECTID="175625077" OBJECTGUID="416fe952-c872-40fc-90d3-f38af6677095" CHANGEID="691509349" NUMBER="18/1" OPERTYPEID="10" PREVID="0" NEXTID="0" UPDATEDATE="2025-10-31" STARTDATE="2025-10-31" ENDDATE="2079-06-06" ISACTUAL="1" ISACTIVE="1" /><STEAD ID="74537191" OBJECTID="175625078" OBJECTGUID="0a15ba29-5b26-4425-83dc-5dbd8767d4cf" CHANGEID="691509350" NUMBER="16А" OPERTYPEID="10" PREVID="0" NEXTID="0" UPDATEDATE="2025-10-31" STARTDATE="2025-10-31" ENDDATE="2079-06-06" ISACTUAL="1" ISACTIVE="1" /><STEAD ID="74537192" OBJECTID="175625079" OBJECTGUID="9e0f6ee2-834d-4457-96fd-c4642b139dab" CHANGEID="691509351" NUMBER="16/3" OPERTYPEID="10" PREVID="0" NEXTID="0" UPDATEDATE="2025-10-31" STARTDATE="2025-10-31" ENDDATE="2079-06-06" ISACTUAL="1" ISACTIVE="1" /><STEAD ID="74537193" OBJECTID="175625080" OBJECTGUID="06af2bc8-90e8-4717-a4ba-434f0576de6d" CHANGEID="691509352" NUMBER="16/2" OPERTYPEID="10" PREVID="0" NEXTID="0" UPDATEDATE="2025-10-31" STARTDATE="2025-10-31" ENDDATE="2079-06-06" ISACTUAL="1" ISACTIVE="1" /><STEAD ID="74537194" OBJECTID="175625081" OBJECTGUID="3d3506c4-7c25-47be-af21-7b1a92df52fa" CHANGEID="691509353" NUMBER="16/1" OPERTYPEID="10" PREVID="0" NEXTID="0" UPDATEDATE="2025-10-31" STARTDATE="2025-10-31" ENDDATE="2079-06-06" ISACTUAL="1" ISACTIVE="1" /><STEAD ID="74537200" OBJECTID="175625087" OBJECTGUID="b8e1c837-8f72-428d-b68f-836c3b0e218a" CHANGEID="691509360" NUMBER="29А" OPERTYPEID="10" PREVID="0" NEXTID="0" UPDATEDATE="2025-10-31" STARTDATE="2025-10-31" ENDDATE="2079-06-06" ISACTUAL="1" ISACTIVE="1" /><STEAD ID="74537201" OBJECTID="175625089" OBJECTGUID="bcced5f8-2a21-4695-ad9e-94996f1438cd" CHANGEID="691509362" NUMBER="21А" OPERTYPEID="10" PREVID="0" NEXTID="0" UPDATEDATE="2025-10-31" STARTDATE="2025-10-31" ENDDATE="2079-06-06" ISACTUAL="1" ISACTIVE="1" /><STEAD ID="74537213" OBJECTID="175625107" OBJECTGUID="bfab0438-fd5b-4f23-a6ce-a6b04097846a" CHANGEID="691509421" NUMBER="1А" OPERTYPEID="10" PREVID="0" NEXTID="0" UPDATEDATE="2025-10-31" STARTDATE="2025-10-31" ENDDATE="2079-06-06" ISACTUAL="1" ISACTIVE="1" /><STEAD ID="74537338" OBJECTID="175625277" OBJECTGUID="8a1a93e5-154b-418d-90ee-59489dd8846a" CHANGEID="691509630" NUMBER="3" OPERTYPEID="10" PREVID="0" NEXTID="0" UPDATEDATE="2025-10-31" STARTDATE="2025-10-31" ENDDATE="2079-06-06" ISACTUAL="1" ISACTIVE="1" /><STEAD ID="74543140" OBJECTID="175637574" OBJECTGUID="25ec4e1b-5ee9-403e-9ea7-450f5916eeb9" CHANGEID="691528728" NUMBER="9" OPERTYPEID="10" PREVID="0" NEXTID="0" UPDATEDATE="2025-10-31" STARTDATE="2025-10-31" ENDDATE="2079-06-06" ISACTUAL="1" ISACTIVE="1" /><STEAD ID="74543144" OBJECTID="175637591" OBJECTGUID="c6b97634-2629-4350-9aa0-7de4eceb92e2" CHANGEID="691528747" NUMBER="7" OPERTYPEID="10" PREVID="0" NEXTID="0" UPDATEDATE="2025-10-31" STARTDATE="2025-10-31" ENDDATE="2079-06-06" ISACTUAL="1" ISACTIVE="1" /><STEAD ID="74538170" OBJECTID="175627563" OBJECTGUID="6628950a-7f3d-4bf1-9da1-da344b1f058f" CHANGEID="691512874" NUMBER="359" OPERTYPEID="10" PREVID="0" NEXTID="0" UPDATEDATE="2025-10-31" STARTDATE="2025-10-31" ENDDATE="2079-06-06" ISACTUAL="1" ISACTIVE="1" /><STEAD ID="74543995" OBJECTID="175639008" OBJECTGUID="35c997e0-e7d1-4c1a-8e28-dfaf9b06b9f7" CHANGEID="691530853" NUMBER="68" OPERTYPEID="10" PREVID="0" NEXTID="0" UPDATEDATE="2025-10-31" STARTDATE="2025-10-31" ENDDATE="2079-06-06" ISACTUAL="1" ISACTIVE="1" /><STEAD ID="74538895" OBJECTID="175628997" OBJECTGUID="c3bd4a6c-4d5c-40e2-9cc4-ca17c8b55ba8" CHANGEID="691515239" NUMBER="5а" OPERTYPEID="10" PREVID="0" NEXTID="0" UPDATEDATE="2025-10-31" STARTDATE="2025-10-31" ENDDATE="2079-06-06" ISACTUAL="1" ISACTIVE="1" /><STEAD ID="74539069" OBJECTID="175629226" OBJECTGUID="015c97b6-3048-4f85-baa0-2d5904934448" CHANGEID="691515544" NUMBER="379" OPERTYPEID="10" PREVID="0" NEXTID="0" UPDATEDATE="2025-10-31" STARTDATE="2025-10-31" ENDDATE="2079-06-06" ISACTUAL="1" ISACTIVE="1" /><STEAD ID="74541595" OBJECTID="175634920" OBJECTGUID="6b55f518-4f70-4ad2-b833-57bbefc7e1e3" CHANGEID="691524299" NUMBER="2В" OPERTYPEID="10" PREVID="0" NEXTID="0" UPDATEDATE="2025-10-31" STARTDATE="2025-10-31" ENDDATE="2079-06-06" ISACTUAL="1" ISACTIVE="1" /><STEAD ID="74541767" OBJECTID="175635347" OBJECTGUID="e2b3f150-2d9e-4237-a5c7-ed8629579ce6" CHANGEID="691524875" NUMBER="37Б" OPERTYPEID="10" PREVID="0" NEXTID="0" UPDATEDATE="2025-10-31" STARTDATE="2025-10-31" ENDDATE="2079-06-06" ISACTUAL="1" ISACTIVE="1" /><STEAD ID="74541770" OBJECTID="175635353" OBJECTGUID="6cd7281c-b222-4636-a2ac-445f67168e23" CHANGEID="691524884" NUMBER="521" OPERTYPEID="10" PREVID="0" NEXTID="0" UPDATEDATE="2025-10-31" STARTDATE="2025-10-31" ENDDATE="2079-06-06" ISACTUAL="1" ISACTIVE="1" /><STEAD ID="74543808" OBJECTID="175638645" OBJECTGUID="0bf3da8d-71f3-4f3b-8f64-dbc42f875d90" CHANGEID="691530386" NUMBER="80" OPERTYPEID="10" PREVID="0" NEXTID="0" UPDATEDATE="2025-10-31" STARTDATE="2025-10-31" ENDDATE="2079-06-06" ISACTUAL="1" ISACTIVE="1" /><STEAD ID="74544370" OBJECTID="175639984" OBJECTGUID="b3fe6600-eb6f-4bdb-9111-700b9c229e7e" CHANGEID="691532636" NUMBER="5" OPERTYPEID="10" PREVID="0" NEXTID="0" UPDATEDATE="2025-10-31" STARTDATE="2025-10-31" ENDDATE="2079-06-06" ISACTUAL="1" ISACTIVE="1" /><STEAD ID="74545153" OBJECTID="175641486" OBJECTGUID="682abe7b-752d-4984-91bc-2a930ea34c74" CHANGEID="691534483" NUMBER="12/1" OPERTYPEID="10" PREVID="0" NEXTID="0" UPDATEDATE="2025-10-31" STARTDATE="2025-10-31" ENDDATE="2079-06-06" ISACTUAL="1" ISACTIVE="1" /><STEAD ID="74549202" OBJECTID="175651935" OBJECTGUID="e645e67d-5722-40a3-aa68-c16b19c7638f" CHANGEID="691567071" NUMBER="55В" OPERTYPEID="10" PREVID="0" NEXTID="0" UPDATEDATE="2025-11-01" STARTDATE="2025-11-01" ENDDATE="2079-06-06" ISACTUAL="1" ISACTIVE="1" /><STEAD ID="74549261" OBJECTID="175652161" OBJECTGUID="c60a1960-9a3b-4033-a7ce-185b8d63964e" CHANGEID="691567374" NUMBER="11" OPERTYPEID="10" PREVID="0" NEXTID="0" UPDATEDATE="2025-11-01" STARTDATE="2025-11-01" ENDDATE="2079-06-06" ISACTUAL="1" ISACTIVE="1" /><STEAD ID="74549264" OBJECTID="175652173" OBJECTGUID="890e0316-dd62-4607-bbbb-05b6d94b4857" CHANGEID="691567501" NUMBER="1В" OPERTYPEID="10" PREVID="0" NEXTID="0" UPDATEDATE="2025-11-01" STARTDATE="2025-11-01" ENDDATE="2079-06-06" ISACTUAL="1" ISACTIVE="1" /><STEAD ID="74549266" OBJECTID="175652179" OBJECTGUID="eacb0f68-8c3a-4ebc-a778-343169b57c35" CHANGEID="691567513" NUMBER="2" OPERTYPEID="10" PREVID="0" NEXTID="0" UPDATEDATE="2025-11-01" STARTDATE="2025-11-01" ENDDATE="2079-06-06" ISACTUAL="1" ISACTIVE="1" /><STEAD ID="74549268" OBJECTID="175652293" OBJECTGUID="13125c07-99d1-4ef4-8d7c-5333f95bc3ca" CHANGEID="691567628" NUMBER="361" OPERTYPEID="10" PREVID="0" NEXTID="0" UPDATEDATE="2025-11-01" STARTDATE="2025-11-01" ENDDATE="2079-06-06" ISACTUAL="1" ISACTIVE="1" /><STEAD ID="74549278" OBJECTID="97663546" OBJECTGUID="32a2ebe0-f3be-41ff-b5bb-d13d9087901c" CHANGEID="691567989" NUMBER="26" OPERTYPEID="30" PREVID="12083356" NEXTID="0" UPDATEDATE="2025-11-01" STARTDATE="2025-11-01" ENDDATE="2079-06-06" ISACTUAL="1" ISACTIVE="0" /><STEAD ID="12083356" OBJECTID="97663546" OBJECTGUID="32a2ebe0-f3be-41ff-b5bb-d13d9087901c" CHANGEID="153889997" NUMBER="26" OPERTYPEID="10" PREVID="0" NEXTID="74549278" UPDATEDATE="2025-11-01" STARTDATE="2020-07-27" ENDDATE="2025-11-01" ISACTUAL="0" ISACTIVE="0" /><STEAD ID="74549262" OBJECTID="175652163" OBJECTGUID="56ea32bf-0734-4fa2-8d20-19ba124bb2c4" CHANGEID="691567377" NUMBER="61" OPERTYPEID="10" PREVID="0" NEXTID="0" UPDATEDATE="2025-11-01" STARTDATE="2025-11-01" ENDDATE="2079-06-06" ISACTUAL="1" ISACTIVE="1" /><STEAD ID="74549267" OBJECTID="175652282" OBJECTGUID="a678a0fb-7fcd-4aea-8148-ad8a503e2cd4" CHANGEID="691567617" NUMBER="142" OPERTYPEID="10" PREVID="0" NEXTID="0" UPDATEDATE="2025-11-01" STARTDATE="2025-11-01" ENDDATE="2079-06-06" ISACTUAL="1" ISACTIVE="1" /><STEAD ID="74549279" OBJECTID="175652627" OBJECTGUID="9aaf18ec-80b6-4c30-8da6-40f06c7fcefc" CHANGEID="691567990" NUMBER="116" OPERTYPEID="10" PREVID="0" NEXTID="0" UPDATEDATE="2025-11-01" STARTDATE="2025-11-01" ENDDATE="2079-06-06" ISACTUAL="1" ISACTIVE="1" /><STEAD ID="74550300" OBJECTID="175654792" OBJECTGUID="3e992860-c5e9-4b78-89f8-1dbfab3b7b48" CHANGEID="691571608" NUMBER="82" OPERTYPEID="10" PREVID="0" NEXTID="0" UPDATEDATE="2025-11-01" STARTDATE="2025-11-01" ENDDATE="2079-06-06" ISACTUAL="1" ISACTIVE="1" /><STEAD ID="74551245" OBJECTID="175656902" OBJECTGUID="b99c38de-f5fe-4b7b-b487-2de5979dd41b" CHANGEID="691574872" NUMBER="8" OPERTYPEID="10" PREVID="0" NEXTID="0" UPDATEDATE="2025-11-01" STARTDATE="2025-11-01" ENDDATE="2079-06-06" ISACTUAL="1" ISACTIVE="1" /><STEAD ID="74551445" OBJECTID="175657181" OBJECTGUID="a29f292a-ad1e-4e6c-bb24-9933ed86445c" CHANGEID="691575352" NUMBER="6" OPERTYPEID="10" PREVID="0" NEXTID="0" UPDATEDATE="2025-11-01" STARTDATE="2025-11-01" ENDDATE="2079-06-06" ISACTUAL="1" ISACTIVE="1" /><STEAD ID="74551888" OBJECTID="175657821" OBJECTGUID="12765d8b-1b13-48c8-b7a2-26190566650a" CHANGEID="691576583" NUMBER="82" OPERTYPEID="10" PREVID="0" NEXTID="0" UPDATEDATE="2025-11-01" STARTDATE="2025-11-01" ENDDATE="2079-06-06" ISACTUAL="1" ISACTIVE="1" /><STEAD ID="74552481" OBJECTID="175658718" OBJECTGUID="a98e71e6-a379-4f61-a3e9-0d2767b18b67" CHANGEID="691578043" NUMBER="3б" OPERTYPEID="10" PREVID="0" NEXTID="0" UPDATEDATE="2025-11-01" STARTDATE="2025-11-01" ENDDATE="2079-06-06" ISACTUAL="1" ISACTIVE="1" /><STEAD ID="74552486" OBJECTID="175658725" OBJECTGUID="8cc49d50-775e-4e80-94a6-cadc17c6f911" CHANGEID="691578053" NUMBER="1д" OPERTYPEID="10" PREVID="0" NEXTID="0" UPDATEDATE="2025-11-01" STARTDATE="2025-11-01" ENDDATE="2079-06-06" ISACTUAL="1" ISACTIVE="1" /><STEAD ID="74552524" OBJECTID="175658768" OBJECTGUID="c212ac8a-ba33-4248-b3cb-6ae371cc1a18" CHANGEID="691578129" NUMBER="2" OPERTYPEID="10" PREVID="0" NEXTID="0" UPDATEDATE="2025-11-01" STARTDATE="2025-11-01" ENDDATE="2079-06-06" ISACTUAL="1" ISACTIVE="1" /><STEAD ID="74552503" OBJECTID="175658744" OBJECTGUID="b0359a78-19ea-4f30-bf13-82cb2a33255e" CHANGEID="691578078" NUMBER="12" OPERTYPEID="10" PREVID="0" NEXTID="0" UPDATEDATE="2025-11-01" STARTDATE="2025-11-01" ENDDATE="2079-06-06" ISACTUAL="1" ISACTIVE="1" /><STEAD ID="74552520" OBJECTID="175658753" OBJECTGUID="79d071c8-b218-46ee-bf77-e4266063e157" CHANGEID="691578105" NUMBER="84" OPERTYPEID="10" PREVID="0" NEXTID="0" UPDATEDATE="2025-11-01" STARTDATE="2025-11-01" ENDDATE="2079-06-06" ISACTUAL="1" ISACTIVE="1" /><STEAD ID="74552523" OBJECTID="175658756" OBJECTGUID="ae24070e-c8d0-4ca3-90bc-23186eedac46" CHANGEID="691578109" NUMBER="1" OPERTYPEID="10" PREVID="0" NEXTID="0" UPDATEDATE="2025-11-01" STARTDATE="2025-11-01" ENDDATE="2079-06-06" ISACTUAL="1" ISACTIVE="1" /><STEAD ID="74552531" OBJECTID="175658776" OBJECTGUID="9e00953b-5e65-4292-b89f-da3bd9a620ae" CHANGEID="691578144" NUMBER="63" OPERTYPEID="10" PREVID="0" NEXTID="0" UPDATEDATE="2025-11-01" STARTDATE="2025-11-01" ENDDATE="2079-06-06" ISACTUAL="1" ISACTIVE="1" /><STEAD ID="74552557" OBJECTID="175658811" OBJECTGUID="96cdf86b-95ad-4993-890a-ecf270505f50" CHANGEID="691578184" NUMBER="15" OPERTYPEID="10" PREVID="0" NEXTID="0" UPDATEDATE="2025-11-01" STARTDATE="2025-11-01" ENDDATE="2079-06-06" ISACTUAL="1" ISACTIVE="1" /><STEAD ID="74552568" OBJECTID="175658837" OBJECTGUID="5cf15e92-28b6-4f82-af82-4bdedc11fe46" CHANGEID="691578217" NUMBER="2А" OPERTYPEID="10" PREVID="0" NEXTID="0" UPDATEDATE="2025-11-01" STARTDATE="2025-11-01" ENDDATE="2079-06-06" ISACTUAL="1" ISACTIVE="1" /><STEAD ID="74552625" OBJECTID="175658937" OBJECTGUID="0e73e018-1c31-41ff-a353-07562544552d" CHANGEID="691578372" NUMBER="5" OPERTYPEID="10" PREVID="0" NEXTID="0" UPDATEDATE="2025-11-01" STARTDATE="2025-11-01" ENDDATE="2079-06-06" ISACTUAL="1" ISACTIVE="1" /><STEAD ID="74552627" OBJECTID="175658940" OBJECTGUID="c9b99f26-b5af-4db2-8bd4-02cb75c88f23" CHANGEID="691578375" NUMBER="42" OPERTYPEID="10" PREVID="0" NEXTID="0" UPDATEDATE="2025-11-01" STARTDATE="2025-11-01" ENDDATE="2079-06-06" ISACTUAL="1" ISACTIVE="1" /><STEAD ID="74553396" OBJECTID="175660369" OBJECTGUID="47fe2dc3-5156-40f4-afdc-3a0cd57a7216" CHANGEID="691580521" NUMBER="1" OPERTYPEID="10" PREVID="0" NEXTID="0" UPDATEDATE="2025-11-01" STARTDATE="2025-11-01" ENDDATE="2079-06-06" ISACTUAL="1" ISACTIVE="1" /><STEAD ID="74553399" OBJECTID="175660375" OBJECTGUID="d89d84cc-98bd-452c-b621-ec3b58765959" CHANGEID="691580528" NUMBER="80" OPERTYPEID="10" PREVID="0" NEXTID="0" UPDATEDATE="2025-11-01" STARTDATE="2025-11-01" ENDDATE="2079-06-06" ISACTUAL="1" ISACTIVE="1" /><STEAD ID="74553405" OBJECTID="175660382" OBJECTGUID="c1bfbf08-30fe-4da5-bbfb-da0a320a6973" CHANGEID="691580538" NUMBER="113" OPERTYPEID="10" PREVID="0" NEXTID="0" UPDATEDATE="2025-11-01" STARTDATE="2025-11-01" ENDDATE="2079-06-06" ISACTUAL="1" ISACTIVE="1" /><STEAD ID="74553412" OBJECTID="175660412" OBJECTGUID="8cdca781-6b92-454d-bad4-1288d951bc10" CHANGEID="691580577" NUMBER="5" OPERTYPEID="10" PREVID="0" NEXTID="0" UPDATEDATE="2025-11-01" STARTDATE="2025-11-01" ENDDATE="2079-06-06" ISACTUAL="1" ISACTIVE="1" /><STEAD ID="74553427" OBJECTID="175660472" OBJECTGUID="86b0e371-c45f-4e06-a4f8-d42d1a4ca305" CHANGEID="691580642" NUMBER="35" OPERTYPEID="10" PREVID="0" NEXTID="0" UPDATEDATE="2025-11-01" STARTDATE="2025-11-01" ENDDATE="2079-06-06" ISACTUAL="1" ISACTIVE="1" /><STEAD ID="74553471" OBJECTID="175660519" OBJECTGUID="c6c10864-a6e2-4aa6-b668-bbff6ed9fd05" CHANGEID="691580706" NUMBER="15" OPERTYPEID="10" PREVID="0" NEXTID="0" UPDATEDATE="2025-11-01" STARTDATE="2025-11-01" ENDDATE="2079-06-06" ISACTUAL="1" ISACTIVE="1" /><STEAD ID="74553541" OBJECTID="175660653" OBJECTGUID="2d34a3fb-3717-4f6f-b9c3-2581184c7cd3" CHANGEID="691580914" NUMBER="33" OPERTYPEID="10" PREVID="0" NEXTID="0" UPDATEDATE="2025-11-01" STARTDATE="2025-11-01" ENDDATE="2079-06-06" ISACTUAL="1" ISACTIVE="1" /><STEAD ID="74553545" OBJECTID="175660663" OBJECTGUID="ba7dc30f-fb73-44b1-ba71-2d8c7ba30191" CHANGEID="691580928" NUMBER="18" OPERTYPEID="10" PREVID="0" NEXTID="0" UPDATEDATE="2025-11-01" STARTDATE="2025-11-01" ENDDATE="2079-06-06" ISACTUAL="1" ISACTIVE="1" /><STEAD ID="74553551" OBJECTID="175660671" OBJECTGUID="b76f90df-a94c-4741-8bf8-4ea07640f594" CHANGEID="691580941" NUMBER="16" OPERTYPEID="10" PREVID="0" NEXTID="0" UPDATEDATE="2025-11-01" STARTDATE="2025-11-01" ENDDATE="2079-06-06" ISACTUAL="1" ISACTIVE="1" /><STEAD ID="74556581" OBJECTID="175666433" OBJECTGUID="2a711026-55f5-4422-998f-92db0e0dbce0" CHANGEID="691591525" NUMBER="1" OPERTYPEID="10" PREVID="0" NEXTID="0" UPDATEDATE="2025-11-01" STARTDATE="2025-11-01" ENDDATE="2079-06-06" ISACTUAL="1" ISACTIVE="1" /><STEAD ID="68449875" OBJECTID="164697436" OBJECTGUID="5ab1fe3b-201e-4103-9901-2e894b4df4f3" CHANGEID="599633197" NUMBER="9А" OPERTYPEID="10" PREVID="0" NEXTID="74520268" UPDATEDATE="2025-10-30" STARTDATE="2024-08-14" ENDDATE="2025-10-30" ISACTUAL="0" ISACTIVE="0" /></STEADS>