﻿<?xml version="1.0" encoding="utf-8"?><REESTR_OBJECTS><OBJECT OBJECTID="58036779" OBJECTGUID="9ffa0b96-7706-4c71-8081-8988fd48a820" CHANGEID="691520756" ISACTIVE="1" LEVELID="11" CREATEDATE="2017-03-24" UPDATEDATE="2025-10-31" /><OBJECT OBJECTID="30609225" OBJECTGUID="f988779b-f87d-42d7-9936-358a9c750889" CHANGEID="691451766" ISACTIVE="1" LEVELID="11" CREATEDATE="2017-05-19" UPDATEDATE="2025-10-30" /><OBJECT OBJECTID="9811427" OBJECTGUID="cf83570d-2fb7-46bb-9090-7d4f58e4c895" CHANGEID="691478684" ISACTIVE="1" LEVELID="10" CREATEDATE="2017-12-18" UPDATEDATE="2025-10-30" /><OBJECT OBJECTID="20276112" OBJECTGUID="b51fcacf-80c3-4519-94ba-3cb32c390489" CHANGEID="691474309" ISACTIVE="1" LEVELID="10" CREATEDATE="2015-11-26" UPDATEDATE="2025-10-30" /><OBJECT OBJECTID="167791312" OBJECTGUID="fecbc782-e753-468d-94cd-1bb253432aa4" CHANGEID="691540067" ISACTIVE="1" LEVELID="9" CREATEDATE="2024-11-21" UPDATEDATE="2025-11-01" /><OBJECT OBJECTID="167791304" OBJECTGUID="9b571058-6bbf-4d0a-971e-c96d35f58086" CHANGEID="691539180" ISACTIVE="1" LEVELID="9" CREATEDATE="2024-11-21" UPDATEDATE="2025-11-01" /><OBJECT OBJECTID="45116167" OBJECTGUID="41aa26d8-71e9-414c-9775-8622921b84f0" CHANGEID="691528388" ISACTIVE="1" LEVELID="11" CREATEDATE="2018-09-27" UPDATEDATE="2025-10-31" /><OBJECT OBJECTID="45117632" OBJECTGUID="75ddf805-dd4c-44e5-92c4-2e8bbc322062" CHANGEID="691528402" ISACTIVE="1" LEVELID="11" CREATEDATE="2018-09-27" UPDATEDATE="2025-10-31" /><OBJECT OBJECTID="45127159" OBJECTGUID="bc2477d2-7eb2-4094-9e9e-d9adfcb9cdb8" CHANGEID="691525196" ISACTIVE="1" LEVELID="11" CREATEDATE="2018-09-27" UPDATEDATE="2025-10-31" /><OBJECT OBJECTID="45127721" OBJECTGUID="fff99bf6-cba7-47a7-9662-9b76f9c3ffec" CHANGEID="691525205" ISACTIVE="1" LEVELID="11" CREATEDATE="2018-09-27" UPDATEDATE="2025-10-31" /><OBJECT OBJECTID="45134121" OBJECTGUID="b818c63e-7346-444d-b18a-c3e993fb7e22" CHANGEID="691528512" ISACTIVE="1" LEVELID="11" CREATEDATE="2018-09-27" UPDATEDATE="2025-10-31" /><OBJECT OBJECTID="38738762" OBJECTGUID="7237047f-0340-4f5c-812b-0b7f0fb242df" CHANGEID="691478754" ISACTIVE="1" LEVELID="11" CREATEDATE="2017-08-09" UPDATEDATE="2025-10-30" /><OBJECT OBJECTID="164714740" OBJECTGUID="3cd4b7ef-6bc8-4b36-9275-9ae896eb5b41" CHANGEID="691458600" ISACTIVE="1" LEVELID="9" CREATEDATE="2024-08-15" UPDATEDATE="2025-10-30" /><OBJECT OBJECTID="29244593" OBJECTGUID="72b1dddf-9544-46b7-9415-6b899417c9d0" CHANGEID="691570931" ISACTIVE="1" LEVELID="10" CREATEDATE="2019-07-10" UPDATEDATE="2025-11-01" /><OBJECT OBJECTID="94840379" OBJECTGUID="de55073a-aa9f-42f0-867f-e3b4a6162e63" CHANGEID="691571136" ISACTIVE="1" LEVELID="9" CREATEDATE="2019-07-09" UPDATEDATE="2025-11-01" /><OBJECT OBJECTID="595329" OBJECTGUID="e049f3ea-78e4-4fe6-b570-04566886da0e" CHANGEID="691478167" ISACTIVE="1" LEVELID="8" CREATEDATE="2015-08-12" UPDATEDATE="2025-10-30" /><OBJECT OBJECTID="73802677" OBJECTGUID="94c89b32-d72b-4740-be32-91b8027a4f70" CHANGEID="691470173" ISACTIVE="1" LEVELID="11" CREATEDATE="2017-06-16" UPDATEDATE="2025-10-30" /><OBJECT OBJECTID="73804510" OBJECTGUID="fb6e5d50-850f-44aa-936a-d3eaf0538971" CHANGEID="691452055" ISACTIVE="1" LEVELID="11" CREATEDATE="2017-06-16" UPDATEDATE="2025-10-30" /><OBJECT OBJECTID="73797645" OBJECTGUID="28fad988-5e21-4c7a-8014-384169b2db94" CHANGEID="691451934" ISACTIVE="1" LEVELID="11" CREATEDATE="2017-06-16" UPDATEDATE="2025-10-30" /><OBJECT OBJECTID="73802658" OBJECTGUID="921d7196-edb7-4db1-937d-4e4bc298405a" CHANGEID="691452299" ISACTIVE="1" LEVELID="11" CREATEDATE="2017-06-16" UPDATEDATE="2025-10-30" /><OBJECT OBJECTID="73802604" OBJECTGUID="85eb021e-2d1b-45c2-b5fd-15ffa810f476" CHANGEID="691468606" ISACTIVE="1" LEVELID="11" CREATEDATE="2017-06-16" UPDATEDATE="2025-10-30" /><OBJECT OBJECTID="167791305" OBJECTGUID="a6ea9eb3-8690-48fd-b22f-9667ca3eebc2" CHANGEID="691539340" ISACTIVE="1" LEVELID="9" CREATEDATE="2024-11-21" UPDATEDATE="2025-11-01" /><OBJECT OBJECTID="91944519" OBJECTGUID="d515a876-a1e2-46f8-9368-4b25df8bb50d" CHANGEID="691578081" ISACTIVE="1" LEVELID="9" CREATEDATE="2019-07-09" UPDATEDATE="2025-11-01" /><OBJECT OBJECTID="30609194" OBJECTGUID="f7246df4-f57f-4e03-bc6e-41c777fc1939" CHANGEID="691458925" ISACTIVE="1" LEVELID="11" CREATEDATE="2017-05-19" UPDATEDATE="2025-10-30" /><OBJECT OBJECTID="42199541" OBJECTGUID="6e96c087-8e3b-44f2-aaa9-5fd6034eb758" CHANGEID="691532700" ISACTIVE="1" LEVELID="10" CREATEDATE="2017-12-18" UPDATEDATE="2025-10-31" /><OBJECT OBJECTID="76745218" OBJECTGUID="55051e37-dc40-467f-a339-b5c803dc98cb" CHANGEID="691458539" ISACTIVE="0" LEVELID="10" CREATEDATE="2018-01-09" UPDATEDATE="2025-10-30" /><OBJECT OBJECTID="73790067" OBJECTGUID="01d78e63-f69e-47c6-bdad-5d2682f8d0c7" CHANGEID="691454650" ISACTIVE="1" LEVELID="11" CREATEDATE="2017-06-16" UPDATEDATE="2025-10-30" /><OBJECT OBJECTID="73803184" OBJECTGUID="c049d5c8-c2fe-4fb9-afa4-28195024d9a3" CHANGEID="691454845" ISACTIVE="1" LEVELID="11" CREATEDATE="2017-06-16" UPDATEDATE="2025-10-30" /><OBJECT OBJECTID="73802338" OBJECTGUID="5c8dab71-7f57-4e1f-b2a8-2693e7e77b4d" CHANGEID="691454810" ISACTIVE="1" LEVELID="11" CREATEDATE="2017-06-16" UPDATEDATE="2025-10-30" /><OBJECT OBJECTID="73797589" OBJECTGUID="237921fd-b831-4ad6-a7e9-817a353345a5" CHANGEID="691454673" ISACTIVE="1" LEVELID="11" CREATEDATE="2017-06-16" UPDATEDATE="2025-10-30" /><OBJECT OBJECTID="73803050" OBJECTGUID="ad1fc0a5-8c59-4d21-ab51-bfd672f8eee8" CHANGEID="691452241" ISACTIVE="1" LEVELID="11" CREATEDATE="2017-06-16" UPDATEDATE="2025-10-30" /><OBJECT OBJECTID="73803737" OBJECTGUID="d4ab4486-0a6e-418d-a670-977290a9bcb2" CHANGEID="691454471" ISACTIVE="1" LEVELID="11" CREATEDATE="2017-06-16" UPDATEDATE="2025-10-30" /><OBJECT OBJECTID="73797582" OBJECTGUID="21f2c306-889f-4126-a15e-f8b413f6dcd4" CHANGEID="691452314" ISACTIVE="1" LEVELID="11" CREATEDATE="2017-06-16" UPDATEDATE="2025-10-30" /><OBJECT OBJECTID="73803039" OBJECTGUID="9f8c6501-d3dc-40d4-9b1e-c9bec2df1e1a" CHANGEID="691452292" ISACTIVE="1" LEVELID="11" CREATEDATE="2017-06-16" UPDATEDATE="2025-10-30" /><OBJECT OBJECTID="73803826" OBJECTGUID="ed172c1e-af7b-4490-aaf5-e9f0c559d592" CHANGEID="691452304" ISACTIVE="1" LEVELID="11" CREATEDATE="2017-06-16" UPDATEDATE="2025-10-30" /><OBJECT OBJECTID="73799333" OBJECTGUID="4133b88a-7d6e-474f-af87-e38c56bc4f5d" CHANGEID="691452187" ISACTIVE="1" LEVELID="11" CREATEDATE="2017-06-16" UPDATEDATE="2025-10-30" /><OBJECT OBJECTID="73803988" OBJECTGUID="f1823561-7e12-42de-833f-3d908999a161" CHANGEID="691452193" ISACTIVE="1" LEVELID="11" CREATEDATE="2017-06-16" UPDATEDATE="2025-10-30" /><OBJECT OBJECTID="73800941" OBJECTGUID="4cdbe742-f7ae-4346-9835-f75aa99e6e52" CHANGEID="691452205" ISACTIVE="1" LEVELID="11" CREATEDATE="2017-06-16" UPDATEDATE="2025-10-30" /><OBJECT OBJECTID="73798599" OBJECTGUID="3d7ba0db-4b01-412c-84f1-af140f7c8b30" CHANGEID="691452218" ISACTIVE="1" LEVELID="11" CREATEDATE="2017-06-16" UPDATEDATE="2025-10-30" /><OBJECT OBJECTID="73797662" OBJECTGUID="2a5d6543-c12f-4016-8a89-dac2716f0f26" CHANGEID="691452227" ISACTIVE="1" LEVELID="11" CREATEDATE="2017-06-16" UPDATEDATE="2025-10-30" /><OBJECT OBJECTID="73802483" OBJECTGUID="73699516-8cce-4c43-8127-1d07eed2399e" CHANGEID="691452279" ISACTIVE="1" LEVELID="11" CREATEDATE="2017-06-16" UPDATEDATE="2025-10-30" /><OBJECT OBJECTID="73803587" OBJECTGUID="d43fb4f2-0ce0-4a45-9e33-0ca3f16a7a9b" CHANGEID="691452288" ISACTIVE="1" LEVELID="11" CREATEDATE="2017-06-16" UPDATEDATE="2025-10-30" /><OBJECT OBJECTID="73802667" OBJECTGUID="931deb51-b7f4-4909-8a62-141c4d143ce9" CHANGEID="691452308" ISACTIVE="1" LEVELID="11" CREATEDATE="2017-06-16" UPDATEDATE="2025-10-30" /><OBJECT OBJECTID="175589369" OBJECTGUID="f75e6ca0-cfca-4a94-b65b-67051c39816d" CHANGEID="691449568" ISACTIVE="1" LEVELID="10" CREATEDATE="2025-10-30" UPDATEDATE="2025-10-30" /><OBJECT OBJECTID="41589480" OBJECTGUID="71123b24-0f8c-4fbc-8cd3-17ded67a8e1c" CHANGEID="691451728" ISACTIVE="0" LEVELID="10" CREATEDATE="2016-04-09" UPDATEDATE="2025-10-30" /><OBJECT OBJECTID="40433516" OBJECTGUID="92f641dc-7309-401c-ae23-b28ec32f5c1b" CHANGEID="691452006" ISACTIVE="1" LEVELID="10" CREATEDATE="2015-12-11" UPDATEDATE="2025-10-30" /><OBJECT OBJECTID="73802882" OBJECTGUID="98918022-5077-4cea-af42-26a00429a421" CHANGEID="691452009" ISACTIVE="1" LEVELID="11" CREATEDATE="2017-06-16" UPDATEDATE="2025-10-30" /><OBJECT OBJECTID="73803822" OBJECTGUID="ea310720-0df9-4ae7-b665-8da6c4ac796d" CHANGEID="691452074" ISACTIVE="1" LEVELID="11" CREATEDATE="2017-06-16" UPDATEDATE="2025-10-30" /><OBJECT OBJECTID="73802389" OBJECTGUID="67798dff-0422-4f39-9f1e-deb8c3294d2e" CHANGEID="691452108" ISACTIVE="1" LEVELID="11" CREATEDATE="2017-06-16" UPDATEDATE="2025-10-30" /><OBJECT OBJECTID="73803310" OBJECTGUID="ca603dea-8f51-406f-aff7-5b99018f291c" CHANGEID="691454729" ISACTIVE="1" LEVELID="11" CREATEDATE="2017-06-16" UPDATEDATE="2025-10-30" /><OBJECT OBJECTID="73797801" OBJECTGUID="2c57904b-2743-4d82-a1e6-bb5f18f47b1e" CHANGEID="691454823" ISACTIVE="1" LEVELID="11" CREATEDATE="2017-06-16" UPDATEDATE="2025-10-30" /><OBJECT OBJECTID="175592561" OBJECTGUID="42e6f24f-1197-49ab-b9fb-71ee68cb0d81" CHANGEID="691454860" ISACTIVE="1" LEVELID="11" CREATEDATE="2025-10-30" UPDATEDATE="2025-10-30" /><OBJECT OBJECTID="73800887" OBJECTGUID="4c7c475f-70bc-498a-8ed6-1ad41a223ed5" CHANGEID="691454876" ISACTIVE="1" LEVELID="11" CREATEDATE="2017-06-16" UPDATEDATE="2025-10-30" /><OBJECT OBJECTID="175592572" OBJECTGUID="cc15b98e-1ebe-410c-8351-b4294a90c7cc" CHANGEID="691454888" ISACTIVE="1" LEVELID="10" CREATEDATE="2025-10-30" UPDATEDATE="2025-10-30" /><OBJECT OBJECTID="73804483" OBJECTGUID="f94928d3-e098-481b-8a27-f65d332365c9" CHANGEID="691454900" ISACTIVE="1" LEVELID="11" CREATEDATE="2017-06-16" UPDATEDATE="2025-10-30" /><OBJECT OBJECTID="73800244" OBJECTGUID="4c41727c-e71c-41ab-bfe9-ccfe59695006" CHANGEID="691454961" ISACTIVE="1" LEVELID="11" CREATEDATE="2017-06-16" UPDATEDATE="2025-10-30" /><OBJECT OBJECTID="73802582" OBJECTGUID="82bc43f6-ebb6-422b-8b69-17f875c4eca0" CHANGEID="691454972" ISACTIVE="1" LEVELID="11" CREATEDATE="2017-06-16" UPDATEDATE="2025-10-30" /><OBJECT OBJECTID="175592631" OBJECTGUID="7a0a0ffb-6df3-438e-8d61-f61810807b3e" CHANGEID="691455022" ISACTIVE="1" LEVELID="10" CREATEDATE="2025-10-30" UPDATEDATE="2025-10-30" /><OBJECT OBJECTID="175592644" OBJECTGUID="79cd295a-18a1-48bf-8a81-6918f803e598" CHANGEID="691455051" ISACTIVE="1" LEVELID="10" CREATEDATE="2025-10-30" UPDATEDATE="2025-10-30" /><OBJECT OBJECTID="175592654" OBJECTGUID="8ee7df89-5fe2-409f-be0a-84e6ea28b428" CHANGEID="691455068" ISACTIVE="1" LEVELID="10" CREATEDATE="2025-10-30" UPDATEDATE="2025-10-30" /><OBJECT OBJECTID="175592673" OBJECTGUID="0fd304f7-5c70-4554-ad09-10765f41a399" CHANGEID="691455094" ISACTIVE="1" LEVELID="10" CREATEDATE="2025-10-30" UPDATEDATE="2025-10-30" /><OBJECT OBJECTID="73801697" OBJECTGUID="5784e114-a1c2-456d-b122-b749cbb03d4b" CHANGEID="691454523" ISACTIVE="1" LEVELID="11" CREATEDATE="2017-06-16" UPDATEDATE="2025-10-30" /><OBJECT OBJECTID="73802599" OBJECTGUID="836c23bb-6a24-4924-b7a6-a5a7c1bf63e8" CHANGEID="691454552" ISACTIVE="1" LEVELID="11" CREATEDATE="2017-06-16" UPDATEDATE="2025-10-30" /><OBJECT OBJECTID="73803820" OBJECTGUID="ea054d2d-5c5b-4833-8e33-032c60e0436f" CHANGEID="691454596" ISACTIVE="1" LEVELID="11" CREATEDATE="2017-06-16" UPDATEDATE="2025-10-30" /><OBJECT OBJECTID="73804092" OBJECTGUID="f295b5a9-49c5-4983-b017-3feee5fbd0c0" CHANGEID="691454619" ISACTIVE="1" LEVELID="11" CREATEDATE="2017-06-16" UPDATEDATE="2025-10-30" /><OBJECT OBJECTID="175592418" OBJECTGUID="70e8d451-fa40-4ccf-b2f6-1634643a8523" CHANGEID="691454625" ISACTIVE="1" LEVELID="10" CREATEDATE="2025-10-30" UPDATEDATE="2025-10-30" /><OBJECT OBJECTID="73802644" OBJECTGUID="89f29375-d4ae-41b1-af42-5fd56e30bbf5" CHANGEID="691454720" ISACTIVE="1" LEVELID="11" CREATEDATE="2017-06-16" UPDATEDATE="2025-10-30" /><OBJECT OBJECTID="175594807" OBJECTGUID="2742a655-3320-49ac-8ac8-d39e998243ea" CHANGEID="691458491" ISACTIVE="1" LEVELID="10" CREATEDATE="2025-10-30" UPDATEDATE="2025-10-30" /><OBJECT OBJECTID="175594825" OBJECTGUID="38f61663-2a4f-4068-be2d-be3b99053d31" CHANGEID="691458524" ISACTIVE="1" LEVELID="10" CREATEDATE="2025-10-30" UPDATEDATE="2025-10-30" /><OBJECT OBJECTID="175594912" OBJECTGUID="d125323c-9d33-4508-92c0-cda103f166da" CHANGEID="691458665" ISACTIVE="1" LEVELID="10" CREATEDATE="2025-10-30" UPDATEDATE="2025-10-30" /><OBJECT OBJECTID="175594971" OBJECTGUID="fb2e03f9-4bac-4968-9046-545c51ffad6a" CHANGEID="691458752" ISACTIVE="1" LEVELID="10" CREATEDATE="2025-10-30" UPDATEDATE="2025-10-30" /><OBJECT OBJECTID="175594999" OBJECTGUID="4d4adb2a-0864-45a7-8526-fcc9ceeb1ad6" CHANGEID="691458797" ISACTIVE="1" LEVELID="10" CREATEDATE="2025-10-30" UPDATEDATE="2025-10-30" /><OBJECT OBJECTID="33327667" OBJECTGUID="1d398910-14f0-4039-beb7-23211d16ced6" CHANGEID="691458803" ISACTIVE="0" LEVELID="10" CREATEDATE="2016-04-09" UPDATEDATE="2025-10-30" /><OBJECT OBJECTID="175597084" OBJECTGUID="c79912b4-86ba-43a2-b55c-d74f6043a0dc" CHANGEID="691463401" ISACTIVE="1" LEVELID="11" CREATEDATE="2025-10-30" UPDATEDATE="2025-10-30" /><OBJECT OBJECTID="175597085" OBJECTGUID="e581b32e-c485-4aa6-b7e5-749ad557d187" CHANGEID="691463402" ISACTIVE="1" LEVELID="9" CREATEDATE="2025-10-30" UPDATEDATE="2025-10-30" /><OBJECT OBJECTID="175597090" OBJECTGUID="b89a73ad-b44c-4ad2-bfb1-8049d5d324cc" CHANGEID="691463407" ISACTIVE="1" LEVELID="9" CREATEDATE="2025-10-30" UPDATEDATE="2025-10-30" /><OBJECT OBJECTID="175597102" OBJECTGUID="f457fc41-8dbc-4264-b468-a1ed074e0544" CHANGEID="691463420" ISACTIVE="1" LEVELID="10" CREATEDATE="2025-10-30" UPDATEDATE="2025-10-30" /><OBJECT OBJECTID="175598770" OBJECTGUID="c0958e0b-86e3-4e0d-9ac2-eeb020515c64" CHANGEID="691465843" ISACTIVE="1" LEVELID="10" CREATEDATE="2025-10-30" UPDATEDATE="2025-10-30" /><OBJECT OBJECTID="175598897" OBJECTGUID="77120a95-e86b-4878-bf18-cea3f496addb" CHANGEID="691466030" ISACTIVE="1" LEVELID="10" CREATEDATE="2025-10-30" UPDATEDATE="2025-10-30" /><OBJECT OBJECTID="66533047" OBJECTGUID="ea754fb3-2cc7-473f-9bce-ce4314f1e1ce" CHANGEID="691466042" ISACTIVE="1" LEVELID="10" CREATEDATE="2019-07-10" UPDATEDATE="2025-10-30" /><OBJECT OBJECTID="175598990" OBJECTGUID="18d8cbab-2112-4ec0-8ea0-418a53e83e98" CHANGEID="691466167" ISACTIVE="1" LEVELID="9" CREATEDATE="2025-10-30" UPDATEDATE="2025-10-30" /><OBJECT OBJECTID="175598991" OBJECTGUID="1a5716e9-8167-4cee-9328-4a00726c2064" CHANGEID="691466170" ISACTIVE="1" LEVELID="10" CREATEDATE="2025-10-30" UPDATEDATE="2025-10-30" /><OBJECT OBJECTID="175598995" OBJECTGUID="ec7da3f5-ad63-47a3-972a-0faa37639615" CHANGEID="691466176" ISACTIVE="1" LEVELID="9" CREATEDATE="2025-10-30" UPDATEDATE="2025-10-30" /><OBJECT OBJECTID="175600460" OBJECTGUID="6b299351-f8ec-431e-9af9-08140b1529ad" CHANGEID="691468228" ISACTIVE="1" LEVELID="10" CREATEDATE="2025-10-30" UPDATEDATE="2025-10-30" /><OBJECT OBJECTID="175600468" OBJECTGUID="26de5708-b8ee-40d1-aabe-13c8ae2ecd98" CHANGEID="691468240" ISACTIVE="1" LEVELID="10" CREATEDATE="2025-10-30" UPDATEDATE="2025-10-30" /><OBJECT OBJECTID="175600501" OBJECTGUID="0ee952ee-f1d6-484b-972b-341de78edd13" CHANGEID="691468283" ISACTIVE="1" LEVELID="10" CREATEDATE="2025-10-30" UPDATEDATE="2025-10-30" /><OBJECT OBJECTID="175600547" OBJECTGUID="e0d09d57-7dc8-415b-9a36-946227fc2308" CHANGEID="691468345" ISACTIVE="1" LEVELID="9" CREATEDATE="2025-10-30" UPDATEDATE="2025-10-30" /><OBJECT OBJECTID="175600552" OBJECTGUID="b72e74e8-80ad-4fe7-a156-43a9264b4a50" CHANGEID="691468353" ISACTIVE="1" LEVELID="10" CREATEDATE="2025-10-30" UPDATEDATE="2025-10-30" /><OBJECT OBJECTID="175600579" OBJECTGUID="b5f198c3-2113-42c3-8bd0-0071698fe876" CHANGEID="691468395" ISACTIVE="1" LEVELID="9" CREATEDATE="2025-10-30" UPDATEDATE="2025-10-30" /><OBJECT OBJECTID="175600687" OBJECTGUID="5313a8f3-e0c9-4629-931a-15bdd66fa34b" CHANGEID="691468541" ISACTIVE="1" LEVELID="10" CREATEDATE="2025-10-30" UPDATEDATE="2025-10-30" /><OBJECT OBJECTID="175600729" OBJECTGUID="173dc9f2-f487-47f7-8caa-7f9e0dff5b4c" CHANGEID="691468591" ISACTIVE="1" LEVELID="9" CREATEDATE="2025-10-30" UPDATEDATE="2025-10-30" /><OBJECT OBJECTID="51203579" OBJECTGUID="c15b7ca1-62cc-4317-9d59-300d58e499b1" CHANGEID="691470181" ISACTIVE="0" LEVELID="10" CREATEDATE="2017-06-02" UPDATEDATE="2025-10-30" /><OBJECT OBJECTID="175603814" OBJECTGUID="377c8b73-fe7e-4d32-9d48-d21d7ce3c9cd" CHANGEID="691473847" ISACTIVE="1" LEVELID="10" CREATEDATE="2025-10-30" UPDATEDATE="2025-10-30" /><OBJECT OBJECTID="175603840" OBJECTGUID="e6c2ff27-56ca-4a3e-b171-f4168c952e83" CHANGEID="691473881" ISACTIVE="1" LEVELID="9" CREATEDATE="2025-10-30" UPDATEDATE="2025-10-30" /><OBJECT OBJECTID="175604125" OBJECTGUID="0ced1354-a953-42b5-9ea1-7cb7ef2de038" CHANGEID="691474228" ISACTIVE="1" LEVELID="10" CREATEDATE="2025-10-30" UPDATEDATE="2025-10-30" /><OBJECT OBJECTID="60200296" OBJECTGUID="21d43253-2667-4edf-802b-72d33bd69e9c" CHANGEID="691478155" ISACTIVE="1" LEVELID="10" CREATEDATE="2019-07-10" UPDATEDATE="2025-10-30" /><OBJECT OBJECTID="175606764" OBJECTGUID="65b62816-dad3-4766-a6db-cba7aa219efd" CHANGEID="691478295" ISACTIVE="1" LEVELID="9" CREATEDATE="2025-10-30" UPDATEDATE="2025-10-30" /><OBJECT OBJECTID="175606809" OBJECTGUID="1d400ded-a94f-4074-b0ae-9a5412c5fdec" CHANGEID="691478343" ISACTIVE="1" LEVELID="10" CREATEDATE="2025-10-30" UPDATEDATE="2025-10-30" /><OBJECT OBJECTID="47307858" OBJECTGUID="920a1f32-12d0-4edb-adf6-0561d33f7f02" CHANGEID="691478440" ISACTIVE="0" LEVELID="12" CREATEDATE="2017-03-30" UPDATEDATE="2025-10-30" /><OBJECT OBJECTID="47308368" OBJECTGUID="960eca76-66b4-4053-b01c-843e6fa6a31f" CHANGEID="691478441" ISACTIVE="0" LEVELID="12" CREATEDATE="2017-03-30" UPDATEDATE="2025-10-30" /><OBJECT OBJECTID="175606902" OBJECTGUID="f1485482-5a59-4664-a681-0046f340c045" CHANGEID="691478501" ISACTIVE="1" LEVELID="9" CREATEDATE="2025-10-30" UPDATEDATE="2025-10-30" /><OBJECT OBJECTID="44532839" OBJECTGUID="88c495c5-466f-4e54-bd03-75e9f144ac4e" CHANGEID="691478594" ISACTIVE="1" LEVELID="10" CREATEDATE="2019-07-10" UPDATEDATE="2025-10-30" /><OBJECT OBJECTID="175608238" OBJECTGUID="e02cd162-6831-4e22-9792-49634715758d" CHANGEID="691480655" ISACTIVE="1" LEVELID="10" CREATEDATE="2025-10-30" UPDATEDATE="2025-10-30" /><OBJECT OBJECTID="175607944" OBJECTGUID="34e7972e-6d7d-4f34-8f32-534db0c30c00" CHANGEID="691480137" ISACTIVE="1" LEVELID="7" CREATEDATE="2025-10-30" UPDATEDATE="2025-10-30" /><OBJECT OBJECTID="175610745" OBJECTGUID="92a4d8e6-db28-419e-8b0e-931256d80bed" CHANGEID="691485273" ISACTIVE="1" LEVELID="10" CREATEDATE="2025-10-30" UPDATEDATE="2025-10-30" /><OBJECT OBJECTID="175610755" OBJECTGUID="108fde13-105a-44f0-a43b-7211d27b9590" CHANGEID="691485309" ISACTIVE="1" LEVELID="10" CREATEDATE="2025-10-30" UPDATEDATE="2025-10-30" /><OBJECT OBJECTID="175610775" OBJECTGUID="7ee0685c-2988-4a4e-b2a0-ed9bce679905" CHANGEID="691485333" ISACTIVE="1" LEVELID="9" CREATEDATE="2025-10-30" UPDATEDATE="2025-10-30" /><OBJECT OBJECTID="175611423" OBJECTGUID="8e8c9399-0c54-4ce9-a129-64a811e4fbe0" CHANGEID="691486630" ISACTIVE="1" LEVELID="9" CREATEDATE="2025-10-30" UPDATEDATE="2025-10-30" /><OBJECT OBJECTID="175612102" OBJECTGUID="bcafb207-ff9a-4fef-8bf6-a1f0244c91f3" CHANGEID="691487995" ISACTIVE="1" LEVELID="9" CREATEDATE="2025-10-30" UPDATEDATE="2025-10-30" /><OBJECT OBJECTID="175621830" OBJECTGUID="1a7b2271-e442-415d-a8e4-15133cbe3b90" CHANGEID="691503762" ISACTIVE="1" LEVELID="11" CREATEDATE="2025-10-31" UPDATEDATE="2025-10-31" /><OBJECT OBJECTID="175621832" OBJECTGUID="72365978-3160-4ac5-88ac-8b279c0f7f4c" CHANGEID="691503766" ISACTIVE="1" LEVELID="11" CREATEDATE="2025-10-31" UPDATEDATE="2025-10-31" /><OBJECT OBJECTID="175621835" OBJECTGUID="89618787-d04d-447d-80c0-34bd7f83c9e7" CHANGEID="691503769" ISACTIVE="1" LEVELID="11" CREATEDATE="2025-10-31" UPDATEDATE="2025-10-31" /><OBJECT OBJECTID="175621982" OBJECTGUID="905e37a6-a695-4005-987c-ea64b553c720" CHANGEID="691504032" ISACTIVE="1" LEVELID="11" CREATEDATE="2025-10-31" UPDATEDATE="2025-10-31" /><OBJECT OBJECTID="175622343" OBJECTGUID="0ce5043b-b8f5-4dd4-97f8-cd470191423d" CHANGEID="691504561" ISACTIVE="1" LEVELID="9" CREATEDATE="2025-10-31" UPDATEDATE="2025-10-31" /><OBJECT OBJECTID="175627422" OBJECTGUID="a63600cc-714a-4a08-84ec-b600d0f1ec32" CHANGEID="691512553" ISACTIVE="1" LEVELID="9" CREATEDATE="2025-10-31" UPDATEDATE="2025-10-31" /><OBJECT OBJECTID="175628939" OBJECTGUID="aa0fe9ae-728b-4083-afbe-f0623d89d124" CHANGEID="691515146" ISACTIVE="1" LEVELID="11" CREATEDATE="2025-10-31" UPDATEDATE="2025-10-31" /><OBJECT OBJECTID="175628978" OBJECTGUID="1be375d8-54b5-4cdb-912b-fda3571f22e1" CHANGEID="691515195" ISACTIVE="1" LEVELID="11" CREATEDATE="2025-10-31" UPDATEDATE="2025-10-31" /><OBJECT OBJECTID="175628982" OBJECTGUID="3f207aba-9b5c-46d4-bbc4-1c0a4ded4f0d" CHANGEID="691515217" ISACTIVE="1" LEVELID="9" CREATEDATE="2025-10-31" UPDATEDATE="2025-10-31" /><OBJECT OBJECTID="175567308" OBJECTGUID="2b3d2513-cd05-491d-84ad-d2ecc13ad4d2" CHANGEID="691515315" ISACTIVE="1" LEVELID="10" CREATEDATE="2025-10-29" UPDATEDATE="2025-10-31" /><OBJECT OBJECTID="175629423" OBJECTGUID="df59f13a-eb38-475d-a701-babd0a5c1a4d" CHANGEID="691515876" ISACTIVE="1" LEVELID="9" CREATEDATE="2025-10-31" UPDATEDATE="2025-10-31" /><OBJECT OBJECTID="175631839" OBJECTGUID="ff2d8423-1cdd-470f-a734-057b017bc1f1" CHANGEID="691519414" ISACTIVE="1" LEVELID="9" CREATEDATE="2025-10-31" UPDATEDATE="2025-10-31" /><OBJECT OBJECTID="175631870" OBJECTGUID="6871d0c6-2317-4005-8ea4-4511402f421c" CHANGEID="691519547" ISACTIVE="1" LEVELID="9" CREATEDATE="2025-10-31" UPDATEDATE="2025-10-31" /><OBJECT OBJECTID="80237222" OBJECTGUID="a8d81a0a-63b9-4fad-a043-0b3a5f9e2453" CHANGEID="691520399" ISACTIVE="1" LEVELID="10" CREATEDATE="2015-11-09" UPDATEDATE="2025-10-31" /><OBJECT OBJECTID="54639989" OBJECTGUID="8295385e-790f-4e53-8cf9-315f1ea70aef" CHANGEID="691520503" ISACTIVE="1" LEVELID="10" CREATEDATE="2017-12-18" UPDATEDATE="2025-10-31" /><OBJECT OBJECTID="58035811" OBJECTGUID="3c20139e-5259-4afd-9d53-bd0cecec9c06" CHANGEID="691520695" ISACTIVE="1" LEVELID="11" CREATEDATE="2017-03-24" UPDATEDATE="2025-10-31" /><OBJECT OBJECTID="58035797" OBJECTGUID="0f069e57-ce96-4e3e-80a3-5dd9f4dbffeb" CHANGEID="691520703" ISACTIVE="1" LEVELID="11" CREATEDATE="2017-03-24" UPDATEDATE="2025-10-31" /><OBJECT OBJECTID="58037115" OBJECTGUID="e4fe8abb-2a57-429a-9f0c-5e460eaf1dc0" CHANGEID="691520733" ISACTIVE="1" LEVELID="11" CREATEDATE="2017-03-24" UPDATEDATE="2025-10-31" /><OBJECT OBJECTID="58035804" OBJECTGUID="21b27fe0-ee47-4802-81f9-86419cd12b13" CHANGEID="691520763" ISACTIVE="1" LEVELID="11" CREATEDATE="2017-03-24" UPDATEDATE="2025-10-31" /><OBJECT OBJECTID="175632727" OBJECTGUID="5ec0d08b-6660-49bc-8801-2597973e5163" CHANGEID="691521004" ISACTIVE="1" LEVELID="9" CREATEDATE="2025-10-31" UPDATEDATE="2025-10-31" /><OBJECT OBJECTID="175634668" OBJECTGUID="575d0609-e810-4356-949e-a094d80c0aff" CHANGEID="691523830" ISACTIVE="1" LEVELID="9" CREATEDATE="2025-10-31" UPDATEDATE="2025-10-31" /><OBJECT OBJECTID="175634672" OBJECTGUID="514de47e-f84b-42a7-9f04-b042d23e9252" CHANGEID="691523839" ISACTIVE="1" LEVELID="10" CREATEDATE="2025-10-31" UPDATEDATE="2025-10-31" /><OBJECT OBJECTID="175635493" OBJECTGUID="c29c09b3-436f-47c7-865b-91d7165dadcc" CHANGEID="691525103" ISACTIVE="1" LEVELID="9" CREATEDATE="2025-10-31" UPDATEDATE="2025-10-31" /><OBJECT OBJECTID="175635502" OBJECTGUID="a9a6a211-0c09-4b7e-8a00-afa0fc92dd04" CHANGEID="691525123" ISACTIVE="1" LEVELID="9" CREATEDATE="2025-10-31" UPDATEDATE="2025-10-31" /><OBJECT OBJECTID="45126570" OBJECTGUID="1e426358-b091-4dbb-8c01-946e57c4f5f2" CHANGEID="691525183" ISACTIVE="1" LEVELID="11" CREATEDATE="2018-09-27" UPDATEDATE="2025-10-31" /><OBJECT OBJECTID="45126576" OBJECTGUID="20aab610-93fe-4de0-93b4-0c6fe2df402e" CHANGEID="691525184" ISACTIVE="1" LEVELID="11" CREATEDATE="2018-09-27" UPDATEDATE="2025-10-31" /><OBJECT OBJECTID="45126659" OBJECTGUID="2d4c32f6-5afd-4b62-9fe7-794cb56fb079" CHANGEID="691525185" ISACTIVE="1" LEVELID="11" CREATEDATE="2018-09-27" UPDATEDATE="2025-10-31" /><OBJECT OBJECTID="45126760" OBJECTGUID="44a7d1e6-294d-4412-8c60-c5942742feee" CHANGEID="691525186" ISACTIVE="1" LEVELID="11" CREATEDATE="2018-09-27" UPDATEDATE="2025-10-31" /><OBJECT OBJECTID="45126896" OBJECTGUID="5efd4e0e-ccb1-4718-97e6-5be187295af7" CHANGEID="691525187" ISACTIVE="1" LEVELID="11" CREATEDATE="2018-09-27" UPDATEDATE="2025-10-31" /><OBJECT OBJECTID="45126902" OBJECTGUID="666ffdbe-bf40-41d0-9420-2c9c908d8e54" CHANGEID="691525188" ISACTIVE="1" LEVELID="11" CREATEDATE="2018-09-27" UPDATEDATE="2025-10-31" /><OBJECT OBJECTID="45126906" OBJECTGUID="6b0f1614-1614-4f13-ba26-a7ca857a69a4" CHANGEID="691525189" ISACTIVE="1" LEVELID="11" CREATEDATE="2018-09-27" UPDATEDATE="2025-10-31" /><OBJECT OBJECTID="45126921" OBJECTGUID="6cc6813e-7fdb-491b-b92d-a0dac48e61a6" CHANGEID="691525190" ISACTIVE="1" LEVELID="11" CREATEDATE="2018-09-27" UPDATEDATE="2025-10-31" /><OBJECT OBJECTID="45126933" OBJECTGUID="7dee6c09-1cf6-4e8f-9bce-f8cbf454a5b5" CHANGEID="691525191" ISACTIVE="1" LEVELID="11" CREATEDATE="2018-09-27" UPDATEDATE="2025-10-31" /><OBJECT OBJECTID="45126939" OBJECTGUID="8c1e97e7-0e0c-4952-94d6-21a9a534782d" CHANGEID="691525192" ISACTIVE="1" LEVELID="11" CREATEDATE="2018-09-27" UPDATEDATE="2025-10-31" /><OBJECT OBJECTID="45126946" OBJECTGUID="94f0c2bd-421b-480b-9911-06a7d3a51412" CHANGEID="691525193" ISACTIVE="1" LEVELID="11" CREATEDATE="2018-09-27" UPDATEDATE="2025-10-31" /><OBJECT OBJECTID="45126952" OBJECTGUID="b1f873cd-a3b1-4762-8a2a-c5d2375eee51" CHANGEID="691525194" ISACTIVE="1" LEVELID="11" CREATEDATE="2018-09-27" UPDATEDATE="2025-10-31" /><OBJECT OBJECTID="45127011" OBJECTGUID="b782c5f1-f5d5-474a-ab10-4c8c2ed485be" CHANGEID="691525195" ISACTIVE="1" LEVELID="11" CREATEDATE="2018-09-27" UPDATEDATE="2025-10-31" /><OBJECT OBJECTID="45127164" OBJECTGUID="bd5ac1c0-0c36-467d-9294-6659d81b9656" CHANGEID="691525197" ISACTIVE="1" LEVELID="11" CREATEDATE="2018-09-27" UPDATEDATE="2025-10-31" /><OBJECT OBJECTID="45127168" OBJECTGUID="c528b520-34e2-49bc-a4f7-0b02158062de" CHANGEID="691525198" ISACTIVE="1" LEVELID="11" CREATEDATE="2018-09-27" UPDATEDATE="2025-10-31" /><OBJECT OBJECTID="45127374" OBJECTGUID="cfed4d8b-0ceb-4364-a339-5032b7584a7d" CHANGEID="691525199" ISACTIVE="1" LEVELID="11" CREATEDATE="2018-09-27" UPDATEDATE="2025-10-31" /><OBJECT OBJECTID="45127582" OBJECTGUID="e40293e9-67d5-44ad-92f2-a98e58340e7f" CHANGEID="691525201" ISACTIVE="1" LEVELID="11" CREATEDATE="2018-09-27" UPDATEDATE="2025-10-31" /><OBJECT OBJECTID="45127594" OBJECTGUID="e4b163c1-45d4-4fcc-8314-b02a26622df4" CHANGEID="691525202" ISACTIVE="1" LEVELID="11" CREATEDATE="2018-09-27" UPDATEDATE="2025-10-31" /><OBJECT OBJECTID="45127681" OBJECTGUID="edd24328-f7c5-45a0-9b3c-3b274807635e" CHANGEID="691525203" ISACTIVE="1" LEVELID="11" CREATEDATE="2018-09-27" UPDATEDATE="2025-10-31" /><OBJECT OBJECTID="45127696" OBJECTGUID="fd240e9d-d5ab-4aaf-85c6-36f2c7259165" CHANGEID="691525204" ISACTIVE="1" LEVELID="11" CREATEDATE="2018-09-27" UPDATEDATE="2025-10-31" /><OBJECT OBJECTID="175636174" OBJECTGUID="f518a540-165f-425d-a7dd-70daf7ea59df" CHANGEID="691526494" ISACTIVE="1" LEVELID="11" CREATEDATE="2025-10-31" UPDATEDATE="2025-10-31" /><OBJECT OBJECTID="45124349" OBJECTGUID="ed289b7b-1457-466f-9091-ce37007cf33a" CHANGEID="691526559" ISACTIVE="1" LEVELID="11" CREATEDATE="2018-09-27" UPDATEDATE="2025-10-31" /><OBJECT OBJECTID="45124480" OBJECTGUID="f6176dfc-d8d1-4855-b85b-0d9064a2563a" CHANGEID="691526560" ISACTIVE="1" LEVELID="11" CREATEDATE="2018-09-27" UPDATEDATE="2025-10-31" /><OBJECT OBJECTID="45124512" OBJECTGUID="fea98edc-b641-4a02-936b-757890331386" CHANGEID="691526561" ISACTIVE="1" LEVELID="11" CREATEDATE="2018-09-27" UPDATEDATE="2025-10-31" /><OBJECT OBJECTID="175636252" OBJECTGUID="20b3a352-b1ff-4551-ab94-5e16db2d2cf4" CHANGEID="691526675" ISACTIVE="1" LEVELID="10" CREATEDATE="2025-10-31" UPDATEDATE="2025-10-31" /><OBJECT OBJECTID="175636291" OBJECTGUID="a5e35741-6f77-432b-8016-6fbab53e7d79" CHANGEID="691526738" ISACTIVE="1" LEVELID="11" CREATEDATE="2025-10-31" UPDATEDATE="2025-10-31" /><OBJECT OBJECTID="175636346" OBJECTGUID="2fda352c-aecc-4d13-b5ce-7fc85a16ef7a" CHANGEID="691526844" ISACTIVE="1" LEVELID="10" CREATEDATE="2025-10-31" UPDATEDATE="2025-10-31" /><OBJECT OBJECTID="175636371" OBJECTGUID="588c910d-dab7-490b-88a3-e6958a0a7969" CHANGEID="691526884" ISACTIVE="1" LEVELID="10" CREATEDATE="2025-10-31" UPDATEDATE="2025-10-31" /><OBJECT OBJECTID="175636405" OBJECTGUID="7febb5a1-e4a5-4df5-9634-fc6c0259c102" CHANGEID="691526941" ISACTIVE="1" LEVELID="10" CREATEDATE="2025-10-31" UPDATEDATE="2025-10-31" /><OBJECT OBJECTID="175636431" OBJECTGUID="af296ad8-4c83-4434-9070-63c3dcfbac18" CHANGEID="691526978" ISACTIVE="1" LEVELID="11" CREATEDATE="2025-10-31" UPDATEDATE="2025-10-31" /><OBJECT OBJECTID="175636477" OBJECTGUID="b77366f3-4fad-4b8f-9b8c-61588b0f251b" CHANGEID="691527041" ISACTIVE="1" LEVELID="10" CREATEDATE="2025-10-31" UPDATEDATE="2025-10-31" /><OBJECT OBJECTID="175637081" OBJECTGUID="af1351cc-67cf-4b14-9e7a-b8c77ceafcec" CHANGEID="691527946" ISACTIVE="1" LEVELID="9" CREATEDATE="2025-10-31" UPDATEDATE="2025-10-31" /><OBJECT OBJECTID="175637082" OBJECTGUID="3f0c2172-ccdb-4f76-81bf-fa6758dd2d91" CHANGEID="691527947" ISACTIVE="1" LEVELID="9" CREATEDATE="2025-10-31" UPDATEDATE="2025-10-31" /><OBJECT OBJECTID="175637083" OBJECTGUID="67a7c324-0a19-4582-b54c-a262960ab124" CHANGEID="691527948" ISACTIVE="1" LEVELID="9" CREATEDATE="2025-10-31" UPDATEDATE="2025-10-31" /><OBJECT OBJECTID="45115998" OBJECTGUID="39b59f75-452e-4a91-9205-292bed845f3e" CHANGEID="691528386" ISACTIVE="1" LEVELID="11" CREATEDATE="2018-09-27" UPDATEDATE="2025-10-31" /><OBJECT OBJECTID="45116010" OBJECTGUID="3e8ae4f6-f516-44a3-a16b-7b0a95d35309" CHANGEID="691528387" ISACTIVE="1" LEVELID="11" CREATEDATE="2018-09-27" UPDATEDATE="2025-10-31" /><OBJECT OBJECTID="45116462" OBJECTGUID="4ba02517-3938-42e6-b36b-11fe53084f52" CHANGEID="691528389" ISACTIVE="1" LEVELID="11" CREATEDATE="2018-09-27" UPDATEDATE="2025-10-31" /><OBJECT OBJECTID="45116957" OBJECTGUID="4ca4acc1-0c35-4694-8ed7-50594ca69971" CHANGEID="691528390" ISACTIVE="1" LEVELID="11" CREATEDATE="2018-09-27" UPDATEDATE="2025-10-31" /><OBJECT OBJECTID="45117075" OBJECTGUID="56db650a-2bac-4e0c-a855-716524c39a3a" CHANGEID="691528391" ISACTIVE="1" LEVELID="11" CREATEDATE="2018-09-27" UPDATEDATE="2025-10-31" /><OBJECT OBJECTID="45118993" OBJECTGUID="d5fe0d01-f2fe-4c8f-8d30-5c05b3dcab29" CHANGEID="691528392" ISACTIVE="1" LEVELID="11" CREATEDATE="2018-09-27" UPDATEDATE="2025-10-31" /><OBJECT OBJECTID="45119172" OBJECTGUID="df266767-19a5-424c-8ff0-5e05543daacb" CHANGEID="691528393" ISACTIVE="1" LEVELID="11" CREATEDATE="2018-09-27" UPDATEDATE="2025-10-31" /><OBJECT OBJECTID="45119194" OBJECTGUID="e0bd77be-9fef-409c-ae40-801a84e8a6f0" CHANGEID="691528394" ISACTIVE="1" LEVELID="11" CREATEDATE="2018-09-27" UPDATEDATE="2025-10-31" /><OBJECT OBJECTID="45119492" OBJECTGUID="e29ed156-dcbf-47de-a2a6-cc918bd7ab83" CHANGEID="691528395" ISACTIVE="1" LEVELID="11" CREATEDATE="2018-09-27" UPDATEDATE="2025-10-31" /><OBJECT OBJECTID="45120329" OBJECTGUID="f0526d21-fb1b-471d-8785-2cf2f3a984e0" CHANGEID="691528396" ISACTIVE="1" LEVELID="11" CREATEDATE="2018-09-27" UPDATEDATE="2025-10-31" /><OBJECT OBJECTID="45120586" OBJECTGUID="f24b6919-726c-4140-890a-31890fdba808" CHANGEID="691528397" ISACTIVE="1" LEVELID="11" CREATEDATE="2018-09-27" UPDATEDATE="2025-10-31" /><OBJECT OBJECTID="45121103" OBJECTGUID="fe7a5519-6a9e-4bd8-93fd-9bc1e43d103a" CHANGEID="691528398" ISACTIVE="1" LEVELID="11" CREATEDATE="2018-09-27" UPDATEDATE="2025-10-31" /><OBJECT OBJECTID="45115380" OBJECTGUID="0613823b-f3cd-46d3-ace0-40395d9b3bb5" CHANGEID="691528399" ISACTIVE="1" LEVELID="11" CREATEDATE="2018-09-27" UPDATEDATE="2025-10-31" /><OBJECT OBJECTID="45115981" OBJECTGUID="2ef5e9ca-8cdf-4a6b-9be4-285ef4ca571b" CHANGEID="691528400" ISACTIVE="1" LEVELID="11" CREATEDATE="2018-09-27" UPDATEDATE="2025-10-31" /><OBJECT OBJECTID="45117514" OBJECTGUID="5b5104f7-7b2f-49bc-939e-d2f0605f9450" CHANGEID="691528401" ISACTIVE="1" LEVELID="11" CREATEDATE="2018-09-27" UPDATEDATE="2025-10-31" /><OBJECT OBJECTID="45117635" OBJECTGUID="7851b408-6a2e-48b3-bfb1-cf7781b8e219" CHANGEID="691528403" ISACTIVE="1" LEVELID="11" CREATEDATE="2018-09-27" UPDATEDATE="2025-10-31" /><OBJECT OBJECTID="45117639" OBJECTGUID="79add6cd-fd90-4583-8a0f-9bc3ee20821a" CHANGEID="691528404" ISACTIVE="1" LEVELID="11" CREATEDATE="2018-09-27" UPDATEDATE="2025-10-31" /><OBJECT OBJECTID="45117881" OBJECTGUID="7f5c9157-281e-4ccc-afee-4eabea0fd918" CHANGEID="691528405" ISACTIVE="1" LEVELID="11" CREATEDATE="2018-09-27" UPDATEDATE="2025-10-31" /><OBJECT OBJECTID="45117890" OBJECTGUID="863874bf-674b-45d3-bd3d-95f2c752e9aa" CHANGEID="691528406" ISACTIVE="1" LEVELID="11" CREATEDATE="2018-09-27" UPDATEDATE="2025-10-31" /><OBJECT OBJECTID="45117898" OBJECTGUID="8bd41e3e-b5dc-476e-aa53-4875c13d90b0" CHANGEID="691528407" ISACTIVE="1" LEVELID="11" CREATEDATE="2018-09-27" UPDATEDATE="2025-10-31" /><OBJECT OBJECTID="45117960" OBJECTGUID="b26c6580-beef-4329-8056-14be2d172a93" CHANGEID="691528408" ISACTIVE="1" LEVELID="11" CREATEDATE="2018-09-27" UPDATEDATE="2025-10-31" /><OBJECT OBJECTID="45117975" OBJECTGUID="ba012ddd-bdff-4142-b8a2-8f4f5b9c0d30" CHANGEID="691528409" ISACTIVE="1" LEVELID="11" CREATEDATE="2018-09-27" UPDATEDATE="2025-10-31" /><OBJECT OBJECTID="45117982" OBJECTGUID="c230b700-156f-487e-9681-7368f36dbbdd" CHANGEID="691528410" ISACTIVE="1" LEVELID="11" CREATEDATE="2018-09-27" UPDATEDATE="2025-10-31" /><OBJECT OBJECTID="45118029" OBJECTGUID="c3212fc2-a3c7-4ef2-b72d-e9592548f103" CHANGEID="691528411" ISACTIVE="1" LEVELID="11" CREATEDATE="2018-09-27" UPDATEDATE="2025-10-31" /><OBJECT OBJECTID="45118202" OBJECTGUID="c5b04ce6-e677-443d-bab5-696f5eac0dcd" CHANGEID="691528412" ISACTIVE="1" LEVELID="11" CREATEDATE="2018-09-27" UPDATEDATE="2025-10-31" /><OBJECT OBJECTID="45118533" OBJECTGUID="ccb7269d-b824-4952-b8e7-1aa53789e4e7" CHANGEID="691528413" ISACTIVE="1" LEVELID="11" CREATEDATE="2018-09-27" UPDATEDATE="2025-10-31" /><OBJECT OBJECTID="45118539" OBJECTGUID="cd60a408-20d0-4f23-b482-78f430af5663" CHANGEID="691528414" ISACTIVE="1" LEVELID="11" CREATEDATE="2018-09-27" UPDATEDATE="2025-10-31" /><OBJECT OBJECTID="45130920" OBJECTGUID="1b30d0c9-2b31-4055-b988-62e686feba12" CHANGEID="691528500" ISACTIVE="1" LEVELID="11" CREATEDATE="2018-09-27" UPDATEDATE="2025-10-31" /><OBJECT OBJECTID="45131470" OBJECTGUID="23a72f29-01e5-45a8-9d12-ce010e42f164" CHANGEID="691528501" ISACTIVE="1" LEVELID="11" CREATEDATE="2018-09-27" UPDATEDATE="2025-10-31" /><OBJECT OBJECTID="45134372" OBJECTGUID="e5d321ba-eedc-4f83-9efd-a2068f5fc871" CHANGEID="691528502" ISACTIVE="1" LEVELID="11" CREATEDATE="2018-09-27" UPDATEDATE="2025-10-31" /><OBJECT OBJECTID="45133426" OBJECTGUID="46f0007d-4b29-4b40-a30f-be10e133e413" CHANGEID="691528505" ISACTIVE="1" LEVELID="11" CREATEDATE="2018-09-27" UPDATEDATE="2025-10-31" /><OBJECT OBJECTID="45133485" OBJECTGUID="516c865b-d685-4355-a99c-40f6b800c1a4" CHANGEID="691528506" ISACTIVE="1" LEVELID="11" CREATEDATE="2018-09-27" UPDATEDATE="2025-10-31" /><OBJECT OBJECTID="45133515" OBJECTGUID="5c880ffd-7473-4cd3-95c5-a678a29b23b6" CHANGEID="691528507" ISACTIVE="1" LEVELID="11" CREATEDATE="2018-09-27" UPDATEDATE="2025-10-31" /><OBJECT OBJECTID="45133670" OBJECTGUID="76670443-47b1-426d-b3e2-afe8b4040401" CHANGEID="691528508" ISACTIVE="1" LEVELID="11" CREATEDATE="2018-09-27" UPDATEDATE="2025-10-31" /><OBJECT OBJECTID="45133852" OBJECTGUID="888fc4cc-229b-4534-8f60-04e209608599" CHANGEID="691528509" ISACTIVE="1" LEVELID="11" CREATEDATE="2018-09-27" UPDATEDATE="2025-10-31" /><OBJECT OBJECTID="45133951" OBJECTGUID="96b426d6-2823-48ea-b3f5-58e5b0c311ec" CHANGEID="691528510" ISACTIVE="1" LEVELID="11" CREATEDATE="2018-09-27" UPDATEDATE="2025-10-31" /><OBJECT OBJECTID="45133986" OBJECTGUID="9b11e895-36d5-44e1-bc31-c9d5f1160564" CHANGEID="691528511" ISACTIVE="1" LEVELID="11" CREATEDATE="2018-09-27" UPDATEDATE="2025-10-31" /><OBJECT OBJECTID="45134206" OBJECTGUID="d0768535-4f58-442d-8044-fc065a852fc8" CHANGEID="691528513" ISACTIVE="1" LEVELID="11" CREATEDATE="2018-09-27" UPDATEDATE="2025-10-31" /><OBJECT OBJECTID="45134266" OBJECTGUID="d5f4db21-684d-45b4-8b96-02b82174416b" CHANGEID="691528514" ISACTIVE="1" LEVELID="11" CREATEDATE="2018-09-27" UPDATEDATE="2025-10-31" /><OBJECT OBJECTID="175641410" OBJECTGUID="3de275a5-f393-4cde-b5b7-dfb3603c1358" CHANGEID="691534395" ISACTIVE="1" LEVELID="10" CREATEDATE="2025-10-31" UPDATEDATE="2025-10-31" /><OBJECT OBJECTID="167791307" OBJECTGUID="2ea39a97-14a2-44dc-94b9-b6f77eca2476" CHANGEID="691538413" ISACTIVE="1" LEVELID="9" CREATEDATE="2024-11-21" UPDATEDATE="2025-11-01" /><OBJECT OBJECTID="167791306" OBJECTGUID="3a51f75e-c116-4447-8706-9a21618e11a5" CHANGEID="691538458" ISACTIVE="1" LEVELID="9" CREATEDATE="2024-11-21" UPDATEDATE="2025-11-01" /><OBJECT OBJECTID="167791309" OBJECTGUID="35af798c-df4d-47ae-b10a-09c39a249612" CHANGEID="691538486" ISACTIVE="1" LEVELID="9" CREATEDATE="2024-11-21" UPDATEDATE="2025-11-01" /><OBJECT OBJECTID="167791308" OBJECTGUID="3ab19cbc-4cea-4c09-bfca-c3558a9f0220" CHANGEID="691538507" ISACTIVE="1" LEVELID="9" CREATEDATE="2024-11-21" UPDATEDATE="2025-11-01" /><OBJECT OBJECTID="167791310" OBJECTGUID="8e16e37f-f906-4401-b4cd-3d8fe76da276" CHANGEID="691539216" ISACTIVE="1" LEVELID="9" CREATEDATE="2024-11-21" UPDATEDATE="2025-11-01" /><OBJECT OBJECTID="175638687" OBJECTGUID="a36a43d6-6493-4e64-a0ba-0a92c6dacc40" CHANGEID="691530444" ISACTIVE="1" LEVELID="9" CREATEDATE="2025-10-31" UPDATEDATE="2025-10-31" /><OBJECT OBJECTID="175638688" OBJECTGUID="34dbf907-18c6-49bc-9840-ba320dd2f4a6" CHANGEID="691530445" ISACTIVE="1" LEVELID="9" CREATEDATE="2025-10-31" UPDATEDATE="2025-10-31" /><OBJECT OBJECTID="175638711" OBJECTGUID="450084ae-9a15-4c68-a0e7-78bfa88d4fe9" CHANGEID="691530486" ISACTIVE="1" LEVELID="10" CREATEDATE="2025-10-31" UPDATEDATE="2025-10-31" /><OBJECT OBJECTID="175654430" OBJECTGUID="395d2411-1de9-4f8e-98fd-dfa6ed34f6ed" CHANGEID="691570921" ISACTIVE="1" LEVELID="10" CREATEDATE="2025-11-01" UPDATEDATE="2025-11-01" /><OBJECT OBJECTID="175654432" OBJECTGUID="32df6b58-212d-4a0b-ba26-60a7a34e342e" CHANGEID="691570962" ISACTIVE="1" LEVELID="9" CREATEDATE="2025-11-01" UPDATEDATE="2025-11-01" /><OBJECT OBJECTID="175654651" OBJECTGUID="64c57b84-6cb2-4ede-86bd-1868803e0324" CHANGEID="691571354" ISACTIVE="1" LEVELID="7" CREATEDATE="2025-11-01" UPDATEDATE="2025-11-01" /><OBJECT OBJECTID="175654771" OBJECTGUID="9162115d-39d3-4a7a-a8cb-40317744e026" CHANGEID="691571582" ISACTIVE="1" LEVELID="9" CREATEDATE="2025-11-01" UPDATEDATE="2025-11-01" /><OBJECT OBJECTID="175654772" OBJECTGUID="e6d98530-d104-458b-ad5d-f61dd36b511c" CHANGEID="691571583" ISACTIVE="1" LEVELID="9" CREATEDATE="2025-11-01" UPDATEDATE="2025-11-01" /><OBJECT OBJECTID="175654773" OBJECTGUID="8c673c81-c29d-4bde-8ba1-636ea4d5be0d" CHANGEID="691571584" ISACTIVE="1" LEVELID="9" CREATEDATE="2025-11-01" UPDATEDATE="2025-11-01" /><OBJECT OBJECTID="175654774" OBJECTGUID="270c63b6-e428-43c1-8a25-0bcea3e03644" CHANGEID="691571585" ISACTIVE="1" LEVELID="9" CREATEDATE="2025-11-01" UPDATEDATE="2025-11-01" /><OBJECT OBJECTID="175654775" OBJECTGUID="db61cdb3-5dac-4f56-a65b-bebe650f8305" CHANGEID="691571586" ISACTIVE="1" LEVELID="9" CREATEDATE="2025-11-01" UPDATEDATE="2025-11-01" /><OBJECT OBJECTID="175654776" OBJECTGUID="2e4cc0dc-b42f-4c6b-accc-6b4bea5afe28" CHANGEID="691571587" ISACTIVE="1" LEVELID="9" CREATEDATE="2025-11-01" UPDATEDATE="2025-11-01" /><OBJECT OBJECTID="175654777" OBJECTGUID="6edad6cb-857b-4488-b247-80079281aa4f" CHANGEID="691571588" ISACTIVE="1" LEVELID="9" CREATEDATE="2025-11-01" UPDATEDATE="2025-11-01" /><OBJECT OBJECTID="175654778" OBJECTGUID="fc555f95-f758-49e2-8b39-2cf0d66e832d" CHANGEID="691571589" ISACTIVE="1" LEVELID="9" CREATEDATE="2025-11-01" UPDATEDATE="2025-11-01" /><OBJECT OBJECTID="175654779" OBJECTGUID="bcfc9cb5-3672-4ad6-ad73-cec0ca59727b" CHANGEID="691571590" ISACTIVE="1" LEVELID="9" CREATEDATE="2025-11-01" UPDATEDATE="2025-11-01" /><OBJECT OBJECTID="175654780" OBJECTGUID="4cf87d75-eece-49fc-9640-dd176d4c4650" CHANGEID="691571591" ISACTIVE="1" LEVELID="9" CREATEDATE="2025-11-01" UPDATEDATE="2025-11-01" /><OBJECT OBJECTID="175654781" OBJECTGUID="86daa1aa-9073-4ea3-bf8d-61befea5b8f9" CHANGEID="691571592" ISACTIVE="1" LEVELID="9" CREATEDATE="2025-11-01" UPDATEDATE="2025-11-01" /><OBJECT OBJECTID="175654849" OBJECTGUID="e3cb5f9a-4efc-40b6-aaf6-6d62dbb5f846" CHANGEID="691571700" ISACTIVE="1" LEVELID="10" CREATEDATE="2025-11-01" UPDATEDATE="2025-11-01" /><OBJECT OBJECTID="175654860" OBJECTGUID="8c1a8e3c-6aaf-4987-86fb-d679979b85a3" CHANGEID="691571721" ISACTIVE="1" LEVELID="9" CREATEDATE="2025-11-01" UPDATEDATE="2025-11-01" /><OBJECT OBJECTID="175654861" OBJECTGUID="3d469c19-1f7e-4a8f-b52b-e9d42c572c94" CHANGEID="691571722" ISACTIVE="1" LEVELID="9" CREATEDATE="2025-11-01" UPDATEDATE="2025-11-01" /><OBJECT OBJECTID="175654862" OBJECTGUID="d02af561-96bd-4969-9b0e-92343e0cc312" CHANGEID="691571723" ISACTIVE="1" LEVELID="9" CREATEDATE="2025-11-01" UPDATEDATE="2025-11-01" /><OBJECT OBJECTID="175654863" OBJECTGUID="2b074e49-1af5-4b67-ac67-03d349e7e918" CHANGEID="691571724" ISACTIVE="1" LEVELID="9" CREATEDATE="2025-11-01" UPDATEDATE="2025-11-01" /><OBJECT OBJECTID="175654864" OBJECTGUID="0f0a42c9-a5f5-4dfc-a436-791425a990ad" CHANGEID="691571725" ISACTIVE="1" LEVELID="9" CREATEDATE="2025-11-01" UPDATEDATE="2025-11-01" /><OBJECT OBJECTID="175654865" OBJECTGUID="cd092dd8-47d6-426d-96e1-115ff1094aa9" CHANGEID="691571726" ISACTIVE="1" LEVELID="9" CREATEDATE="2025-11-01" UPDATEDATE="2025-11-01" /><OBJECT OBJECTID="175654866" OBJECTGUID="b5c40568-1d6b-4684-9a2d-a5eb850069f4" CHANGEID="691571727" ISACTIVE="1" LEVELID="9" CREATEDATE="2025-11-01" UPDATEDATE="2025-11-01" /><OBJECT OBJECTID="175654867" OBJECTGUID="db6d6c81-d414-4e24-a257-84e9f7437238" CHANGEID="691571728" ISACTIVE="1" LEVELID="9" CREATEDATE="2025-11-01" UPDATEDATE="2025-11-01" /><OBJECT OBJECTID="175654868" OBJECTGUID="89993e48-b13d-4b5d-a339-0a03e91955ab" CHANGEID="691571729" ISACTIVE="1" LEVELID="9" CREATEDATE="2025-11-01" UPDATEDATE="2025-11-01" /><OBJECT OBJECTID="175654869" OBJECTGUID="8bb68876-4b0a-4c75-b018-562236b4bea1" CHANGEID="691571730" ISACTIVE="1" LEVELID="9" CREATEDATE="2025-11-01" UPDATEDATE="2025-11-01" /><OBJECT OBJECTID="175654870" OBJECTGUID="6474954d-969e-459c-add3-5d5f15f6fa39" CHANGEID="691571731" ISACTIVE="1" LEVELID="9" CREATEDATE="2025-11-01" UPDATEDATE="2025-11-01" /><OBJECT OBJECTID="175654871" OBJECTGUID="5d2044a3-106b-4b62-800b-6895bd108e8f" CHANGEID="691571732" ISACTIVE="1" LEVELID="9" CREATEDATE="2025-11-01" UPDATEDATE="2025-11-01" /><OBJECT OBJECTID="175654872" OBJECTGUID="29495aff-ccf2-48dc-8ab1-75199b896f0c" CHANGEID="691571733" ISACTIVE="1" LEVELID="9" CREATEDATE="2025-11-01" UPDATEDATE="2025-11-01" /><OBJECT OBJECTID="175654873" OBJECTGUID="a5bd8744-7e2f-4e6f-8dbf-75185fbe6ff5" CHANGEID="691571734" ISACTIVE="1" LEVELID="9" CREATEDATE="2025-11-01" UPDATEDATE="2025-11-01" /><OBJECT OBJECTID="175654874" OBJECTGUID="e0766385-abb4-4ce3-9342-f3498b80aedd" CHANGEID="691571735" ISACTIVE="1" LEVELID="9" CREATEDATE="2025-11-01" UPDATEDATE="2025-11-01" /><OBJECT OBJECTID="175654875" OBJECTGUID="e8fd215d-1dae-4e97-b571-dd6d2739cc01" CHANGEID="691571736" ISACTIVE="1" LEVELID="9" CREATEDATE="2025-11-01" UPDATEDATE="2025-11-01" /><OBJECT OBJECTID="175654876" OBJECTGUID="123e1c5e-01da-4d52-b112-293b88536459" CHANGEID="691571737" ISACTIVE="1" LEVELID="9" CREATEDATE="2025-11-01" UPDATEDATE="2025-11-01" /><OBJECT OBJECTID="175654877" OBJECTGUID="f9e56b16-452c-4fae-a141-450f1893552f" CHANGEID="691571738" ISACTIVE="1" LEVELID="9" CREATEDATE="2025-11-01" UPDATEDATE="2025-11-01" /><OBJECT OBJECTID="175654878" OBJECTGUID="9eb243a5-37af-467a-826c-b66107f0a999" CHANGEID="691571739" ISACTIVE="1" LEVELID="9" CREATEDATE="2025-11-01" UPDATEDATE="2025-11-01" /><OBJECT OBJECTID="175654879" OBJECTGUID="193699c5-49cb-4400-a2bd-51e0c4ac3b0a" CHANGEID="691571740" ISACTIVE="1" LEVELID="9" CREATEDATE="2025-11-01" UPDATEDATE="2025-11-01" /><OBJECT OBJECTID="175654880" OBJECTGUID="21d6538e-32d4-483d-9def-e4c2a7650ac3" CHANGEID="691571741" ISACTIVE="1" LEVELID="9" CREATEDATE="2025-11-01" UPDATEDATE="2025-11-01" /><OBJECT OBJECTID="175654881" OBJECTGUID="f47af1df-9b83-4534-a056-cf59caaf3f30" CHANGEID="691571742" ISACTIVE="1" LEVELID="9" CREATEDATE="2025-11-01" UPDATEDATE="2025-11-01" /><OBJECT OBJECTID="175654882" OBJECTGUID="fc07eab2-d555-46c2-a33f-b4c3059dc6f2" CHANGEID="691571743" ISACTIVE="1" LEVELID="9" CREATEDATE="2025-11-01" UPDATEDATE="2025-11-01" /><OBJECT OBJECTID="175656777" OBJECTGUID="c43cf276-b31d-4b4b-8184-f3526fb76155" CHANGEID="691574578" ISACTIVE="1" LEVELID="9" CREATEDATE="2025-11-01" UPDATEDATE="2025-11-01" /><OBJECT OBJECTID="175656781" OBJECTGUID="075b21d0-cf26-428f-b1f0-1369ddb11f87" CHANGEID="691574584" ISACTIVE="1" LEVELID="10" CREATEDATE="2025-11-01" UPDATEDATE="2025-11-01" /><OBJECT OBJECTID="175656792" OBJECTGUID="b470226c-c411-4844-bf3e-c2d72bc79e88" CHANGEID="691574606" ISACTIVE="1" LEVELID="9" CREATEDATE="2025-11-01" UPDATEDATE="2025-11-01" /><OBJECT OBJECTID="175656860" OBJECTGUID="90b721cf-6eaf-477a-b585-72ae2ccd4a6d" CHANGEID="691574698" ISACTIVE="1" LEVELID="10" CREATEDATE="2025-11-01" UPDATEDATE="2025-11-01" /><OBJECT OBJECTID="175656909" OBJECTGUID="54257b32-6f38-45fa-b6fb-97d77e83c879" CHANGEID="691574887" ISACTIVE="1" LEVELID="10" CREATEDATE="2025-11-01" UPDATEDATE="2025-11-01" /><OBJECT OBJECTID="175657076" OBJECTGUID="65830700-fbad-4aaf-a4c8-6e039dd97f27" CHANGEID="691575150" ISACTIVE="1" LEVELID="11" CREATEDATE="2025-11-01" UPDATEDATE="2025-11-01" /><OBJECT OBJECTID="175657077" OBJECTGUID="8d2fb975-9060-4e89-b68e-ff089723fdc8" CHANGEID="691575151" ISACTIVE="1" LEVELID="11" CREATEDATE="2025-11-01" UPDATEDATE="2025-11-01" /><OBJECT OBJECTID="175657855" OBJECTGUID="b7c2f58d-af9b-40ca-8b59-1a8ab0db96de" CHANGEID="691576709" ISACTIVE="1" LEVELID="10" CREATEDATE="2025-11-01" UPDATEDATE="2025-11-01" /><OBJECT OBJECTID="175660308" OBJECTGUID="343f3960-acaf-41d0-94ce-eca75310cc13" CHANGEID="691580451" ISACTIVE="1" LEVELID="9" CREATEDATE="2025-11-01" UPDATEDATE="2025-11-01" /><OBJECT OBJECTID="175660309" OBJECTGUID="ec2374b2-b981-4125-929f-30deeeac3cfe" CHANGEID="691580452" ISACTIVE="1" LEVELID="9" CREATEDATE="2025-11-01" UPDATEDATE="2025-11-01" /><OBJECT OBJECTID="175660310" OBJECTGUID="bc552750-db77-476b-931d-850d2e765303" CHANGEID="691580453" ISACTIVE="1" LEVELID="9" CREATEDATE="2025-11-01" UPDATEDATE="2025-11-01" /><OBJECT OBJECTID="175660311" OBJECTGUID="c0ef8baf-d597-48e3-b0e9-d36b56c20601" CHANGEID="691580454" ISACTIVE="1" LEVELID="9" CREATEDATE="2025-11-01" UPDATEDATE="2025-11-01" /><OBJECT OBJECTID="175660312" OBJECTGUID="3a8226f2-fb7c-49fa-a14a-20a9b59e50fc" CHANGEID="691580455" ISACTIVE="1" LEVELID="9" CREATEDATE="2025-11-01" UPDATEDATE="2025-11-01" /><OBJECT OBJECTID="175660313" OBJECTGUID="f082b283-6b7f-44f6-a016-912e23dce462" CHANGEID="691580456" ISACTIVE="1" LEVELID="9" CREATEDATE="2025-11-01" UPDATEDATE="2025-11-01" /><OBJECT OBJECTID="175660314" OBJECTGUID="50fda28b-77db-491d-ad6e-ef4a91d84885" CHANGEID="691580457" ISACTIVE="1" LEVELID="9" CREATEDATE="2025-11-01" UPDATEDATE="2025-11-01" /><OBJECT OBJECTID="175660315" OBJECTGUID="1c9c1022-eebc-49c2-ba84-76de900ac564" CHANGEID="691580458" ISACTIVE="1" LEVELID="9" CREATEDATE="2025-11-01" UPDATEDATE="2025-11-01" /><OBJECT OBJECTID="175660316" OBJECTGUID="b7ae0799-1d41-43ec-96cf-382cc01ee311" CHANGEID="691580459" ISACTIVE="1" LEVELID="9" CREATEDATE="2025-11-01" UPDATEDATE="2025-11-01" /><OBJECT OBJECTID="175660317" OBJECTGUID="89749631-6fee-4a1c-8713-713cd9bfd383" CHANGEID="691580460" ISACTIVE="1" LEVELID="9" CREATEDATE="2025-11-01" UPDATEDATE="2025-11-01" /><OBJECT OBJECTID="175660318" OBJECTGUID="a6da665d-c1ce-4c6a-a438-a3e99be57baa" CHANGEID="691580461" ISACTIVE="1" LEVELID="9" CREATEDATE="2025-11-01" UPDATEDATE="2025-11-01" /><OBJECT OBJECTID="175660319" OBJECTGUID="16fdbaca-9afd-411c-82b1-75df4d30f137" CHANGEID="691580462" ISACTIVE="1" LEVELID="9" CREATEDATE="2025-11-01" UPDATEDATE="2025-11-01" /><OBJECT OBJECTID="175660320" OBJECTGUID="397a1888-f048-441c-9159-73a87158dd7a" CHANGEID="691580463" ISACTIVE="1" LEVELID="9" CREATEDATE="2025-11-01" UPDATEDATE="2025-11-01" /><OBJECT OBJECTID="175664027" OBJECTGUID="7035be2e-a3db-49c4-9fc5-a95f496375e1" CHANGEID="691587943" ISACTIVE="1" LEVELID="9" CREATEDATE="2025-11-01" UPDATEDATE="2025-11-01" /><OBJECT OBJECTID="175664028" OBJECTGUID="857857dc-19c5-4bd2-b5c7-c5e0558440d9" CHANGEID="691587944" ISACTIVE="1" LEVELID="9" CREATEDATE="2025-11-01" UPDATEDATE="2025-11-01" /><OBJECT OBJECTID="175664029" OBJECTGUID="c89aa064-9287-4f40-900c-e42083033b62" CHANGEID="691587945" ISACTIVE="1" LEVELID="9" CREATEDATE="2025-11-01" UPDATEDATE="2025-11-01" /><OBJECT OBJECTID="175664030" OBJECTGUID="e4ca0690-083c-4291-b3f4-aa9793148abe" CHANGEID="691587946" ISACTIVE="1" LEVELID="9" CREATEDATE="2025-11-01" UPDATEDATE="2025-11-01" /><OBJECT OBJECTID="175664031" OBJECTGUID="879f8229-030a-4c87-bb21-c5eba803cc10" CHANGEID="691587947" ISACTIVE="1" LEVELID="9" CREATEDATE="2025-11-01" UPDATEDATE="2025-11-01" /><OBJECT OBJECTID="175664032" OBJECTGUID="a2940742-1ffc-4194-b069-dd7da3b24ff0" CHANGEID="691587948" ISACTIVE="1" LEVELID="9" CREATEDATE="2025-11-01" UPDATEDATE="2025-11-01" /><OBJECT OBJECTID="175664033" OBJECTGUID="da594e29-3dbb-4c82-a99f-305c7786569e" CHANGEID="691587949" ISACTIVE="1" LEVELID="9" CREATEDATE="2025-11-01" UPDATEDATE="2025-11-01" /><OBJECT OBJECTID="175664034" OBJECTGUID="db515767-f4c4-4629-ab0f-fda7dc66988b" CHANGEID="691587950" ISACTIVE="1" LEVELID="9" CREATEDATE="2025-11-01" UPDATEDATE="2025-11-01" /><OBJECT OBJECTID="175664035" OBJECTGUID="9c544c1f-0a71-488f-b076-bef42fbcff38" CHANGEID="691587951" ISACTIVE="1" LEVELID="9" CREATEDATE="2025-11-01" UPDATEDATE="2025-11-01" /><OBJECT OBJECTID="175664036" OBJECTGUID="13e34184-794d-48d0-a92e-238990ff84af" CHANGEID="691587952" ISACTIVE="1" LEVELID="9" CREATEDATE="2025-11-01" UPDATEDATE="2025-11-01" /><OBJECT OBJECTID="175664037" OBJECTGUID="6723c285-fbe8-4e39-8750-7cc7a942542d" CHANGEID="691587953" ISACTIVE="1" LEVELID="9" CREATEDATE="2025-11-01" UPDATEDATE="2025-11-01" /><OBJECT OBJECTID="175664038" OBJECTGUID="a6eac285-aebb-4945-8935-37b4e10dfd9a" CHANGEID="691587954" ISACTIVE="1" LEVELID="9" CREATEDATE="2025-11-01" UPDATEDATE="2025-11-01" /><OBJECT OBJECTID="175664039" OBJECTGUID="1b49d54b-5b40-4e8c-80c3-3be6e466041b" CHANGEID="691587955" ISACTIVE="1" LEVELID="9" CREATEDATE="2025-11-01" UPDATEDATE="2025-11-01" /><OBJECT OBJECTID="175664040" OBJECTGUID="a7392e6b-8077-499e-81f6-80175b04233d" CHANGEID="691587956" ISACTIVE="1" LEVELID="9" CREATEDATE="2025-11-01" UPDATEDATE="2025-11-01" /><OBJECT OBJECTID="175664041" OBJECTGUID="c2ddd7a0-6c9e-4a44-87ea-eb514faf35d8" CHANGEID="691587957" ISACTIVE="1" LEVELID="9" CREATEDATE="2025-11-01" UPDATEDATE="2025-11-01" /><OBJECT OBJECTID="175664042" OBJECTGUID="054e3d46-387d-4a89-8304-f38c357f8201" CHANGEID="691587958" ISACTIVE="1" LEVELID="9" CREATEDATE="2025-11-01" UPDATEDATE="2025-11-01" /><OBJECT OBJECTID="175664043" OBJECTGUID="3a7f0179-f854-4cf7-a412-fd277923bf9b" CHANGEID="691587959" ISACTIVE="1" LEVELID="9" CREATEDATE="2025-11-01" UPDATEDATE="2025-11-01" /><OBJECT OBJECTID="175664044" OBJECTGUID="194bb719-9aad-46fd-b4a7-30e1b630240b" CHANGEID="691587960" ISACTIVE="1" LEVELID="9" CREATEDATE="2025-11-01" UPDATEDATE="2025-11-01" /><OBJECT OBJECTID="175664047" OBJECTGUID="f220b2d5-9b78-410b-ace9-a6030956f5ca" CHANGEID="691587963" ISACTIVE="1" LEVELID="9" CREATEDATE="2025-11-01" UPDATEDATE="2025-11-01" /><OBJECT OBJECTID="175664048" OBJECTGUID="eab0819f-6062-4cd8-b54b-ff4cc79bc1e4" CHANGEID="691587964" ISACTIVE="1" LEVELID="9" CREATEDATE="2025-11-01" UPDATEDATE="2025-11-01" /><OBJECT OBJECTID="175664049" OBJECTGUID="ad8b85a2-df7f-4570-a4af-199d5dfde488" CHANGEID="691587965" ISACTIVE="1" LEVELID="9" CREATEDATE="2025-11-01" UPDATEDATE="2025-11-01" /><OBJECT OBJECTID="175664050" OBJECTGUID="fc650066-98d9-4cfa-99ee-2c0badec87e0" CHANGEID="691587966" ISACTIVE="1" LEVELID="9" CREATEDATE="2025-11-01" UPDATEDATE="2025-11-01" /><OBJECT OBJECTID="175664051" OBJECTGUID="c1bd9027-aeea-4611-8af3-66a9c00e2873" CHANGEID="691587967" ISACTIVE="1" LEVELID="9" CREATEDATE="2025-11-01" UPDATEDATE="2025-11-01" /><OBJECT OBJECTID="175664052" OBJECTGUID="5c950405-3102-4e8b-b734-6a5fa416f038" CHANGEID="691587968" ISACTIVE="1" LEVELID="9" CREATEDATE="2025-11-01" UPDATEDATE="2025-11-01" /><OBJECT OBJECTID="175664057" OBJECTGUID="e4404a91-1a02-4b4a-bdc1-e63609d4b5c8" CHANGEID="691587973" ISACTIVE="1" LEVELID="9" CREATEDATE="2025-11-01" UPDATEDATE="2025-11-01" /><OBJECT OBJECTID="175664058" OBJECTGUID="cb1b4272-1332-4cdb-9e2a-051d20c0c93b" CHANGEID="691587974" ISACTIVE="1" LEVELID="9" CREATEDATE="2025-11-01" UPDATEDATE="2025-11-01" /><OBJECT OBJECTID="175664059" OBJECTGUID="35f4d5f7-8329-4fa9-b8ca-e3f24759101d" CHANGEID="691587975" ISACTIVE="1" LEVELID="9" CREATEDATE="2025-11-01" UPDATEDATE="2025-11-01" /><OBJECT OBJECTID="175664060" OBJECTGUID="4bd0fea9-1d44-4c42-a02c-87ca5354e16c" CHANGEID="691587976" ISACTIVE="1" LEVELID="9" CREATEDATE="2025-11-01" UPDATEDATE="2025-11-01" /><OBJECT OBJECTID="175664061" OBJECTGUID="0196c5d4-3f2a-4520-92fb-b07e68c9cbdd" CHANGEID="691587977" ISACTIVE="1" LEVELID="9" CREATEDATE="2025-11-01" UPDATEDATE="2025-11-01" /><OBJECT OBJECTID="175664063" OBJECTGUID="9a97836a-0772-4592-9fee-7148594e21c3" CHANGEID="691587979" ISACTIVE="1" LEVELID="9" CREATEDATE="2025-11-01" UPDATEDATE="2025-11-01" /><OBJECT OBJECTID="175664062" OBJECTGUID="78fcc3d6-3027-4afa-9a15-9389adbf051d" CHANGEID="691587978" ISACTIVE="1" LEVELID="9" CREATEDATE="2025-11-01" UPDATEDATE="2025-11-01" /><OBJECT OBJECTID="175664064" OBJECTGUID="a0ae6235-8044-42c6-a9e2-619adcb69756" CHANGEID="691587982" ISACTIVE="1" LEVELID="9" CREATEDATE="2025-11-01" UPDATEDATE="2025-11-01" /><OBJECT OBJECTID="175664065" OBJECTGUID="a173f10c-71e8-4f52-90aa-8c2c5f4daf85" CHANGEID="691587983" ISACTIVE="1" LEVELID="9" CREATEDATE="2025-11-01" UPDATEDATE="2025-11-01" /><OBJECT OBJECTID="175664067" OBJECTGUID="796ce683-e4da-4bcc-8180-f4f16baf5b5d" CHANGEID="691587987" ISACTIVE="1" LEVELID="9" CREATEDATE="2025-11-01" UPDATEDATE="2025-11-01" /><OBJECT OBJECTID="175664068" OBJECTGUID="d9bdf71c-f764-475e-89ef-baab66eac67e" CHANGEID="691587988" ISACTIVE="1" LEVELID="9" CREATEDATE="2025-11-01" UPDATEDATE="2025-11-01" /><OBJECT OBJECTID="175664069" OBJECTGUID="d88070c3-051d-4ed4-9e42-a1938aaa5c41" CHANGEID="691587989" ISACTIVE="1" LEVELID="9" CREATEDATE="2025-11-01" UPDATEDATE="2025-11-01" /><OBJECT OBJECTID="175664070" OBJECTGUID="0114062b-1b6a-4b59-949b-b364b70d688c" CHANGEID="691587990" ISACTIVE="1" LEVELID="9" CREATEDATE="2025-11-01" UPDATEDATE="2025-11-01" /><OBJECT OBJECTID="175664071" OBJECTGUID="ebccdc0f-075c-4dfa-bf41-675605da71ff" CHANGEID="691587991" ISACTIVE="1" LEVELID="9" CREATEDATE="2025-11-01" UPDATEDATE="2025-11-01" /><OBJECT OBJECTID="175664079" OBJECTGUID="c4ff397d-4874-4279-ae6b-559cb1a2272d" CHANGEID="691587999" ISACTIVE="1" LEVELID="9" CREATEDATE="2025-11-01" UPDATEDATE="2025-11-01" /><OBJECT OBJECTID="175664080" OBJECTGUID="c496d630-193e-4bdb-b609-0de51e448835" CHANGEID="691588000" ISACTIVE="1" LEVELID="9" CREATEDATE="2025-11-01" UPDATEDATE="2025-11-01" /><OBJECT OBJECTID="175664081" OBJECTGUID="549821fd-e28a-4d1a-9076-201979b8d925" CHANGEID="691588001" ISACTIVE="1" LEVELID="9" CREATEDATE="2025-11-01" UPDATEDATE="2025-11-01" /><OBJECT OBJECTID="175664082" OBJECTGUID="8284c7e6-ed82-4f52-86b0-680710cb6689" CHANGEID="691588002" ISACTIVE="1" LEVELID="9" CREATEDATE="2025-11-01" UPDATEDATE="2025-11-01" /><OBJECT OBJECTID="175664083" OBJECTGUID="bf73c06b-872f-46f0-9b42-809170e1af6e" CHANGEID="691588003" ISACTIVE="1" LEVELID="9" CREATEDATE="2025-11-01" UPDATEDATE="2025-11-01" /><OBJECT OBJECTID="175664086" OBJECTGUID="233de0c3-dc4b-40ff-b481-56d048324d18" CHANGEID="691588011" ISACTIVE="1" LEVELID="9" CREATEDATE="2025-11-01" UPDATEDATE="2025-11-01" /><OBJECT OBJECTID="175664087" OBJECTGUID="6086b57a-5c37-4845-b70e-8ea052a1be29" CHANGEID="691588012" ISACTIVE="1" LEVELID="9" CREATEDATE="2025-11-01" UPDATEDATE="2025-11-01" /><OBJECT OBJECTID="175664088" OBJECTGUID="610e705f-b16c-43e3-acbe-f9b1acde1fa1" CHANGEID="691588013" ISACTIVE="1" LEVELID="9" CREATEDATE="2025-11-01" UPDATEDATE="2025-11-01" /><OBJECT OBJECTID="175664089" OBJECTGUID="e93afc30-f8a6-46b3-ad9f-93088fe0bbfc" CHANGEID="691588014" ISACTIVE="1" LEVELID="9" CREATEDATE="2025-11-01" UPDATEDATE="2025-11-01" /><OBJECT OBJECTID="175664090" OBJECTGUID="b5696b39-e2ae-4f43-8a8a-4a26355de1aa" CHANGEID="691588015" ISACTIVE="1" LEVELID="9" CREATEDATE="2025-11-01" UPDATEDATE="2025-11-01" /><OBJECT OBJECTID="175664094" OBJECTGUID="35db1056-1919-409d-b2e4-27c5be0cb7fc" CHANGEID="691588027" ISACTIVE="1" LEVELID="9" CREATEDATE="2025-11-01" UPDATEDATE="2025-11-01" /><OBJECT OBJECTID="175664095" OBJECTGUID="4d1ff5c0-9a31-4cba-9240-2db52e24e94d" CHANGEID="691588028" ISACTIVE="1" LEVELID="9" CREATEDATE="2025-11-01" UPDATEDATE="2025-11-01" /><OBJECT OBJECTID="175664096" OBJECTGUID="b1771977-ab1e-43f4-a040-a7ac09c7027a" CHANGEID="691588029" ISACTIVE="1" LEVELID="9" CREATEDATE="2025-11-01" UPDATEDATE="2025-11-01" /><OBJECT OBJECTID="175664097" OBJECTGUID="cca5fafa-6b0e-4130-908d-c4702ea65a7e" CHANGEID="691588030" ISACTIVE="1" LEVELID="9" CREATEDATE="2025-11-01" UPDATEDATE="2025-11-01" /><OBJECT OBJECTID="175664098" OBJECTGUID="c8a2b5fb-e7bc-4711-902c-35b2752758a7" CHANGEID="691588031" ISACTIVE="1" LEVELID="9" CREATEDATE="2025-11-01" UPDATEDATE="2025-11-01" /><OBJECT OBJECTID="175664104" OBJECTGUID="d1be569f-af26-4266-91e0-a8452688deed" CHANGEID="691588052" ISACTIVE="1" LEVELID="9" CREATEDATE="2025-11-01" UPDATEDATE="2025-11-01" /><OBJECT OBJECTID="175664105" OBJECTGUID="2d2d975d-9141-4437-8a31-92279c333487" CHANGEID="691588062" ISACTIVE="1" LEVELID="9" CREATEDATE="2025-11-01" UPDATEDATE="2025-11-01" /><OBJECT OBJECTID="175664106" OBJECTGUID="a71fadc8-4764-44cf-b3b8-e3b6f69c488b" CHANGEID="691588063" ISACTIVE="1" LEVELID="9" CREATEDATE="2025-11-01" UPDATEDATE="2025-11-01" /><OBJECT OBJECTID="175664107" OBJECTGUID="01bb1ea1-c22c-4d31-8d36-1f5a7af702d7" CHANGEID="691588064" ISACTIVE="1" LEVELID="9" CREATEDATE="2025-11-01" UPDATEDATE="2025-11-01" /><OBJECT OBJECTID="175664108" OBJECTGUID="6fccb2cf-7418-42b8-b8e4-103b9249e6c8" CHANGEID="691588065" ISACTIVE="1" LEVELID="9" CREATEDATE="2025-11-01" UPDATEDATE="2025-11-01" /><OBJECT OBJECTID="175664129" OBJECTGUID="8e5b3d7c-1478-40be-9b7d-93b100443092" CHANGEID="691588088" ISACTIVE="1" LEVELID="9" CREATEDATE="2025-11-01" UPDATEDATE="2025-11-01" /><OBJECT OBJECTID="175664141" OBJECTGUID="07690036-a1b8-4424-bde3-3af36b6ae5e9" CHANGEID="691588125" ISACTIVE="1" LEVELID="9" CREATEDATE="2025-11-01" UPDATEDATE="2025-11-01" /><OBJECT OBJECTID="175664142" OBJECTGUID="b96ed91c-2aa0-40e4-90c3-9e54da3c5d07" CHANGEID="691588126" ISACTIVE="1" LEVELID="9" CREATEDATE="2025-11-01" UPDATEDATE="2025-11-01" /><OBJECT OBJECTID="175664143" OBJECTGUID="a725e798-1da7-4314-a20c-22544effa5f5" CHANGEID="691588127" ISACTIVE="1" LEVELID="9" CREATEDATE="2025-11-01" UPDATEDATE="2025-11-01" /><OBJECT OBJECTID="175664144" OBJECTGUID="c7968128-a5a4-447d-9fec-7e934d0618a4" CHANGEID="691588128" ISACTIVE="1" LEVELID="9" CREATEDATE="2025-11-01" UPDATEDATE="2025-11-01" /><OBJECT OBJECTID="175664145" OBJECTGUID="c8a54363-4ec1-4de2-be3e-8f48321b960e" CHANGEID="691588129" ISACTIVE="1" LEVELID="9" CREATEDATE="2025-11-01" UPDATEDATE="2025-11-01" /><OBJECT OBJECTID="175664146" OBJECTGUID="4a4b8340-4b72-42f6-a276-4fc842b8080e" CHANGEID="691588130" ISACTIVE="1" LEVELID="9" CREATEDATE="2025-11-01" UPDATEDATE="2025-11-01" /><OBJECT OBJECTID="175664250" OBJECTGUID="e995c2bc-f209-4e4d-9b91-bba40437d8d1" CHANGEID="691588255" ISACTIVE="1" LEVELID="9" CREATEDATE="2025-11-01" UPDATEDATE="2025-11-01" /><OBJECT OBJECTID="175664251" OBJECTGUID="76d75dda-ea7d-4e7c-8a8d-579282782cd9" CHANGEID="691588256" ISACTIVE="1" LEVELID="9" CREATEDATE="2025-11-01" UPDATEDATE="2025-11-01" /><OBJECT OBJECTID="175666222" OBJECTGUID="6b46fca1-644e-4da1-b70f-e7784c4b6c95" CHANGEID="691591095" ISACTIVE="1" LEVELID="9" CREATEDATE="2025-11-01" UPDATEDATE="2025-11-01" /><OBJECT OBJECTID="175666223" OBJECTGUID="cbf9bb72-c532-4674-96a2-80d31eec37f0" CHANGEID="691591096" ISACTIVE="1" LEVELID="9" CREATEDATE="2025-11-01" UPDATEDATE="2025-11-01" /><OBJECT OBJECTID="175666242" OBJECTGUID="06f05735-6da9-48c3-a2cf-f9aaf12cd90f" CHANGEID="691591117" ISACTIVE="1" LEVELID="9" CREATEDATE="2025-11-01" UPDATEDATE="2025-11-01" /><OBJECT OBJECTID="175666246" OBJECTGUID="05366ec9-395a-447c-b5fd-09686b01f168" CHANGEID="691591123" ISACTIVE="1" LEVELID="9" CREATEDATE="2025-11-01" UPDATEDATE="2025-11-01" /><OBJECT OBJECTID="175666251" OBJECTGUID="558e779c-b846-4457-9beb-00d4ad9cd782" CHANGEID="691591130" ISACTIVE="1" LEVELID="9" CREATEDATE="2025-11-01" UPDATEDATE="2025-11-01" /><OBJECT OBJECTID="175666278" OBJECTGUID="828ab749-dbde-471a-a35c-91cba4ab69f1" CHANGEID="691591161" ISACTIVE="1" LEVELID="9" CREATEDATE="2025-11-01" UPDATEDATE="2025-11-01" /><OBJECT OBJECTID="175666297" OBJECTGUID="c2bf511e-7d5b-4b3d-aff1-579d78d1a8af" CHANGEID="691591182" ISACTIVE="1" LEVELID="9" CREATEDATE="2025-11-01" UPDATEDATE="2025-11-01" /><OBJECT OBJECTID="175666333" OBJECTGUID="a49f1d52-b3de-4a13-941f-7947e1457650" CHANGEID="691591235" ISACTIVE="1" LEVELID="10" CREATEDATE="2025-11-01" UPDATEDATE="2025-11-01" /><OBJECT OBJECTID="175666343" OBJECTGUID="e5a0fef3-02f7-43d8-aa69-5506274094a4" CHANGEID="691591249" ISACTIVE="1" LEVELID="9" CREATEDATE="2025-11-01" UPDATEDATE="2025-11-01" /><OBJECT OBJECTID="58036477" OBJECTGUID="91500a2b-6c10-4be7-b6ea-ec317177c70e" CHANGEID="691520711" ISACTIVE="1" LEVELID="11" CREATEDATE="2017-03-24" UPDATEDATE="2025-10-31" /><OBJECT OBJECTID="58035656" OBJECTGUID="037ff562-b792-4855-b8e8-9de0d71acf00" CHANGEID="691520747" ISACTIVE="1" LEVELID="11" CREATEDATE="2017-03-24" UPDATEDATE="2025-10-31" /><OBJECT OBJECTID="19033979" OBJECTGUID="8cda9c59-5082-453f-85a7-9dfec2409fff" CHANGEID="691480113" ISACTIVE="0" LEVELID="10" CREATEDATE="2019-07-10" UPDATEDATE="2025-10-30" /><OBJECT OBJECTID="19132283" OBJECTGUID="ba1dd3db-c17a-405e-b80e-2feed229bb8d" CHANGEID="691519544" ISACTIVE="1" LEVELID="11" CREATEDATE="2017-05-18" UPDATEDATE="2025-10-31" /><OBJECT OBJECTID="100180980" OBJECTGUID="0b45eb22-a003-4202-ae86-a713da53ba02" CHANGEID="691468378" ISACTIVE="1" LEVELID="9" CREATEDATE="2021-02-03" UPDATEDATE="2025-10-30" /><OBJECT OBJECTID="158562419" OBJECTGUID="7307aa6a-d17c-4d67-9276-db8cef4a93f9" CHANGEID="691468268" ISACTIVE="1" LEVELID="9" CREATEDATE="2023-04-11" UPDATEDATE="2025-10-30" /><OBJECT OBJECTID="45127424" OBJECTGUID="d603775f-db45-4516-affa-fa174324916b" CHANGEID="691525200" ISACTIVE="1" LEVELID="11" CREATEDATE="2018-09-27" UPDATEDATE="2025-10-31" /><OBJECT OBJECTID="27148104" OBJECTGUID="2ffd2a89-6a6f-451f-bf5b-15e94ef63ee4" CHANGEID="691520680" ISACTIVE="1" LEVELID="11" CREATEDATE="2017-03-24" UPDATEDATE="2025-10-31" /><OBJECT OBJECTID="27156222" OBJECTGUID="70573daa-b9cb-4e1e-ace4-aa9ec2dfb451" CHANGEID="691459001" ISACTIVE="1" LEVELID="11" CREATEDATE="2017-03-24" UPDATEDATE="2025-10-30" /><OBJECT OBJECTID="27156248" OBJECTGUID="d98d94c9-551a-4476-b269-ffe6b8017139" CHANGEID="691459007" ISACTIVE="1" LEVELID="11" CREATEDATE="2017-03-24" UPDATEDATE="2025-10-30" /><OBJECT OBJECTID="27156194" OBJECTGUID="3d1b599f-62ec-403e-b42c-3e3400398895" CHANGEID="691459013" ISACTIVE="1" LEVELID="11" CREATEDATE="2017-03-24" UPDATEDATE="2025-10-30" /><OBJECT OBJECTID="27156290" OBJECTGUID="f3d356c3-d662-4817-84ce-c463c865d47c" CHANGEID="691459019" ISACTIVE="1" LEVELID="11" CREATEDATE="2017-03-24" UPDATEDATE="2025-10-30" /><OBJECT OBJECTID="45130370" OBJECTGUID="169d7faf-ac17-4d01-93c4-5b60a1c738a7" CHANGEID="691528498" ISACTIVE="1" LEVELID="11" CREATEDATE="2018-09-27" UPDATEDATE="2025-10-31" /><OBJECT OBJECTID="45130915" OBJECTGUID="16f4b685-2802-4fdd-9462-0f9c1e9be555" CHANGEID="691528499" ISACTIVE="1" LEVELID="11" CREATEDATE="2018-09-27" UPDATEDATE="2025-10-31" /><OBJECT OBJECTID="45115732" OBJECTGUID="07263c0d-318c-40bc-bf99-fe058503d399" CHANGEID="691528381" ISACTIVE="1" LEVELID="11" CREATEDATE="2018-09-27" UPDATEDATE="2025-10-31" /><OBJECT OBJECTID="45115740" OBJECTGUID="0c369347-1459-4d3f-8414-c8fb592c0277" CHANGEID="691528382" ISACTIVE="1" LEVELID="11" CREATEDATE="2018-09-27" UPDATEDATE="2025-10-31" /><OBJECT OBJECTID="45115768" OBJECTGUID="13808385-e7b5-45f7-b24f-829a6f797f77" CHANGEID="691528383" ISACTIVE="1" LEVELID="11" CREATEDATE="2018-09-27" UPDATEDATE="2025-10-31" /><OBJECT OBJECTID="45115987" OBJECTGUID="2f78f9af-71d5-4c04-8866-3d38e9464ede" CHANGEID="691528384" ISACTIVE="1" LEVELID="11" CREATEDATE="2018-09-27" UPDATEDATE="2025-10-31" /><OBJECT OBJECTID="45115990" OBJECTGUID="344042c4-3e73-4c3a-9acb-78d74b3486b2" CHANGEID="691528385" ISACTIVE="1" LEVELID="11" CREATEDATE="2018-09-27" UPDATEDATE="2025-10-31" /><OBJECT OBJECTID="45126314" OBJECTGUID="12edb1fd-32ed-4c18-9dd7-60357b2ec5b9" CHANGEID="691525181" ISACTIVE="1" LEVELID="11" CREATEDATE="2018-09-27" UPDATEDATE="2025-10-31" /><OBJECT OBJECTID="45126421" OBJECTGUID="19e2dab5-fa93-4f62-aa03-332e2f4c9a83" CHANGEID="691525182" ISACTIVE="1" LEVELID="11" CREATEDATE="2018-09-27" UPDATEDATE="2025-10-31" /><OBJECT OBJECTID="45121847" OBJECTGUID="0d7ee741-59e9-4ac3-a35d-7f2b88a98863" CHANGEID="691526539" ISACTIVE="1" LEVELID="11" CREATEDATE="2018-09-27" UPDATEDATE="2025-10-31" /><OBJECT OBJECTID="45122038" OBJECTGUID="0da6758c-afe3-4907-9bfe-5f072d04e977" CHANGEID="691526540" ISACTIVE="1" LEVELID="11" CREATEDATE="2018-09-27" UPDATEDATE="2025-10-31" /><OBJECT OBJECTID="45122254" OBJECTGUID="1e68e64e-406e-4b9a-b6ad-3f802fc94b72" CHANGEID="691526541" ISACTIVE="1" LEVELID="11" CREATEDATE="2018-09-27" UPDATEDATE="2025-10-31" /><OBJECT OBJECTID="45122277" OBJECTGUID="246c5425-41e6-4eb5-b72f-a7c9d1630e11" CHANGEID="691526542" ISACTIVE="1" LEVELID="11" CREATEDATE="2018-09-27" UPDATEDATE="2025-10-31" /><OBJECT OBJECTID="45122389" OBJECTGUID="2b1ba000-409f-4c04-9f24-7111b07a7352" CHANGEID="691526543" ISACTIVE="1" LEVELID="11" CREATEDATE="2018-09-27" UPDATEDATE="2025-10-31" /><OBJECT OBJECTID="45122510" OBJECTGUID="311f9502-4f9a-480c-a5d9-6d6b70597cf1" CHANGEID="691526544" ISACTIVE="1" LEVELID="11" CREATEDATE="2018-09-27" UPDATEDATE="2025-10-31" /><OBJECT OBJECTID="45122719" OBJECTGUID="332d3da0-3e74-46b5-88a5-d7d1a6ca2df3" CHANGEID="691526545" ISACTIVE="1" LEVELID="11" CREATEDATE="2018-09-27" UPDATEDATE="2025-10-31" /><OBJECT OBJECTID="45123123" OBJECTGUID="3423cb33-fa08-4fa3-a125-65ce3b6e9c48" CHANGEID="691526546" ISACTIVE="1" LEVELID="11" CREATEDATE="2018-09-27" UPDATEDATE="2025-10-31" /><OBJECT OBJECTID="45123196" OBJECTGUID="533fd6d3-32ac-4ccf-8257-8c39655ac5ff" CHANGEID="691526547" ISACTIVE="1" LEVELID="11" CREATEDATE="2018-09-27" UPDATEDATE="2025-10-31" /><OBJECT OBJECTID="45123215" OBJECTGUID="576cede5-cf4d-4e92-ab69-b88169b67518" CHANGEID="691526548" ISACTIVE="1" LEVELID="11" CREATEDATE="2018-09-27" UPDATEDATE="2025-10-31" /><OBJECT OBJECTID="45123409" OBJECTGUID="5ee3903d-85e1-4dec-ae07-1355ea9cd757" CHANGEID="691526549" ISACTIVE="1" LEVELID="11" CREATEDATE="2018-09-27" UPDATEDATE="2025-10-31" /><OBJECT OBJECTID="45123473" OBJECTGUID="904f2151-2428-42ea-b641-a97f49d5aa29" CHANGEID="691526550" ISACTIVE="1" LEVELID="11" CREATEDATE="2018-09-27" UPDATEDATE="2025-10-31" /><OBJECT OBJECTID="45123479" OBJECTGUID="93b73a26-9df9-45e0-9782-fdbf83aafb6a" CHANGEID="691526551" ISACTIVE="1" LEVELID="11" CREATEDATE="2018-09-27" UPDATEDATE="2025-10-31" /><OBJECT OBJECTID="45123486" OBJECTGUID="ab79b3d4-2ae7-44fc-9e5a-6ac6f60a9cde" CHANGEID="691526552" ISACTIVE="1" LEVELID="11" CREATEDATE="2018-09-27" UPDATEDATE="2025-10-31" /><OBJECT OBJECTID="45123801" OBJECTGUID="b10ce84c-a7e3-4a71-a4b4-e277c0c31ee4" CHANGEID="691526553" ISACTIVE="1" LEVELID="11" CREATEDATE="2018-09-27" UPDATEDATE="2025-10-31" /><OBJECT OBJECTID="45123807" OBJECTGUID="be425803-ed27-4e11-8754-cbeb2d8b328a" CHANGEID="691526554" ISACTIVE="1" LEVELID="11" CREATEDATE="2018-09-27" UPDATEDATE="2025-10-31" /><OBJECT OBJECTID="45124150" OBJECTGUID="e1d228d6-1080-48bd-b815-3d7f3af49a7b" CHANGEID="691526555" ISACTIVE="1" LEVELID="11" CREATEDATE="2018-09-27" UPDATEDATE="2025-10-31" /><OBJECT OBJECTID="45124155" OBJECTGUID="e8478003-05a0-4dcd-a731-3d0f01ed8073" CHANGEID="691526556" ISACTIVE="1" LEVELID="11" CREATEDATE="2018-09-27" UPDATEDATE="2025-10-31" /><OBJECT OBJECTID="45124331" OBJECTGUID="e98350c4-7ddb-4e9c-9fe6-318c0d45a166" CHANGEID="691526557" ISACTIVE="1" LEVELID="11" CREATEDATE="2018-09-27" UPDATEDATE="2025-10-31" /><OBJECT OBJECTID="45124340" OBJECTGUID="ec6dff80-4659-48fa-ad32-6fc16aec7b76" CHANGEID="691526558" ISACTIVE="1" LEVELID="11" CREATEDATE="2018-09-27" UPDATEDATE="2025-10-31" /><OBJECT OBJECTID="45134404" OBJECTGUID="edaf9fae-246c-448c-bb8f-364e7a1b0173" CHANGEID="691528503" ISACTIVE="1" LEVELID="11" CREATEDATE="2018-09-27" UPDATEDATE="2025-10-31" /><OBJECT OBJECTID="45134431" OBJECTGUID="fe7149e5-a969-4818-a54c-6a964ee0183e" CHANGEID="691528504" ISACTIVE="1" LEVELID="11" CREATEDATE="2018-09-27" UPDATEDATE="2025-10-31" /><OBJECT OBJECTID="73803187" OBJECTGUID="c88239cb-743b-476f-a861-88d44bb7409f" CHANGEID="691454682" ISACTIVE="1" LEVELID="11" CREATEDATE="2017-06-16" UPDATEDATE="2025-10-30" /><OBJECT OBJECTID="73802505" OBJECTGUID="76fe9f6a-df56-496d-ba48-d082b8965c82" CHANGEID="691454487" ISACTIVE="1" LEVELID="11" CREATEDATE="2017-06-16" UPDATEDATE="2025-10-30" /><OBJECT OBJECTID="73803321" OBJECTGUID="cc25827e-7715-42d6-b65f-c6181b79e008" CHANGEID="691452113" ISACTIVE="1" LEVELID="11" CREATEDATE="2017-06-16" UPDATEDATE="2025-10-30" /><OBJECT OBJECTID="73802404" OBJECTGUID="6c782c00-be21-48d9-8267-6bec7d55c759" CHANGEID="691454610" ISACTIVE="1" LEVELID="11" CREATEDATE="2017-06-16" UPDATEDATE="2025-10-30" /><OBJECT OBJECTID="73802873" OBJECTGUID="968f9314-d8c9-4e19-8529-4fd629e52805" CHANGEID="691454839" ISACTIVE="1" LEVELID="11" CREATEDATE="2017-06-16" UPDATEDATE="2025-10-30" /><OBJECT OBJECTID="73803398" OBJECTGUID="d17e6d19-46a5-40c4-a66e-e73fa393d47e" CHANGEID="691454734" ISACTIVE="1" LEVELID="11" CREATEDATE="2017-06-16" UPDATEDATE="2025-10-30" /><OBJECT OBJECTID="73803083" OBJECTGUID="b7b7fea9-f468-4d8c-81ec-fdae40ff821e" CHANGEID="691452066" ISACTIVE="1" LEVELID="11" CREATEDATE="2017-06-16" UPDATEDATE="2025-10-30" /><OBJECT OBJECTID="73799014" OBJECTGUID="40ee4d7d-c83a-4247-b08c-07569fde8939" CHANGEID="691452286" ISACTIVE="1" LEVELID="11" CREATEDATE="2017-06-16" UPDATEDATE="2025-10-30" /><OBJECT OBJECTID="73803172" OBJECTGUID="bd549f1c-4239-4610-aad0-020ed7652998" CHANGEID="691454562" ISACTIVE="1" LEVELID="11" CREATEDATE="2017-06-16" UPDATEDATE="2025-10-30" /><OBJECT OBJECTID="73802495" OBJECTGUID="764dc0f8-3212-4eca-841e-f0a3bf894323" CHANGEID="691452138" ISACTIVE="1" LEVELID="11" CREATEDATE="2017-06-16" UPDATEDATE="2025-10-30" /><OBJECT OBJECTID="73797962" OBJECTGUID="2c6f67eb-1d4c-4efc-8e3c-e950c06c0784" CHANGEID="691452174" ISACTIVE="1" LEVELID="11" CREATEDATE="2017-06-16" UPDATEDATE="2025-10-30" /><OBJECT OBJECTID="73802471" OBJECTGUID="70e79498-5e79-49d9-9d8b-6520dd8bc4cd" CHANGEID="691454704" ISACTIVE="1" LEVELID="11" CREATEDATE="2017-06-16" UPDATEDATE="2025-10-30" /><OBJECT OBJECTID="73798178" OBJECTGUID="36dc5abb-f429-4e71-8b60-a666a3b930e2" CHANGEID="691454556" ISACTIVE="1" LEVELID="11" CREATEDATE="2017-06-16" UPDATEDATE="2025-10-30" /><OBJECT OBJECTID="73802394" OBJECTGUID="6aca9200-9870-4ae2-ba52-1246433727c0" CHANGEID="691451954" ISACTIVE="1" LEVELID="11" CREATEDATE="2017-06-16" UPDATEDATE="2025-10-30" /><OBJECT OBJECTID="73799728" OBJECTGUID="423ae5e2-ba37-4438-bf1a-acab5525daf4" CHANGEID="691454528" ISACTIVE="1" LEVELID="11" CREATEDATE="2017-06-16" UPDATEDATE="2025-10-30" /><OBJECT OBJECTID="73803165" OBJECTGUID="bd31ead8-a585-4fe6-8c71-9ab72a4cc882" CHANGEID="691452249" ISACTIVE="1" LEVELID="11" CREATEDATE="2017-06-16" UPDATEDATE="2025-10-30" /><OBJECT OBJECTID="73802509" OBJECTGUID="7c3f0387-0662-46e2-9db9-217387c7b414" CHANGEID="691454495" ISACTIVE="1" LEVELID="11" CREATEDATE="2017-06-16" UPDATEDATE="2025-10-30" /><OBJECT OBJECTID="73797655" OBJECTGUID="2a040fcd-7463-47c1-a64e-acdafbefb521" CHANGEID="691452120" ISACTIVE="1" LEVELID="11" CREATEDATE="2017-06-16" UPDATEDATE="2025-10-30" /><OBJECT OBJECTID="73803833" OBJECTGUID="f1118bfc-659f-4ac3-b6e5-32f77059c753" CHANGEID="691452234" ISACTIVE="1" LEVELID="11" CREATEDATE="2017-06-16" UPDATEDATE="2025-10-30" /><OBJECT OBJECTID="73800702" OBJECTGUID="4c74910d-223c-48e8-a2ba-4ba87cb48534" CHANGEID="691452268" ISACTIVE="1" LEVELID="11" CREATEDATE="2017-06-16" UPDATEDATE="2025-10-30" /><OBJECT OBJECTID="73804117" OBJECTGUID="f7588326-fa86-4bd2-89ad-cb15a1aff961" CHANGEID="691454745" ISACTIVE="1" LEVELID="11" CREATEDATE="2017-06-16" UPDATEDATE="2025-10-30" /><OBJECT OBJECTID="73801701" OBJECTGUID="582a2a52-a22d-485b-9cd8-f858420a7a0a" CHANGEID="691452047" ISACTIVE="1" LEVELID="11" CREATEDATE="2017-06-16" UPDATEDATE="2025-10-30" /><OBJECT OBJECTID="73800991" OBJECTGUID="532db0fa-a55c-4315-8ad1-a356d81c37fa" CHANGEID="691452318" ISACTIVE="1" LEVELID="11" CREATEDATE="2017-06-16" UPDATEDATE="2025-10-30" /><OBJECT OBJECTID="73802400" OBJECTGUID="6c1af3ec-9065-4e57-b841-ae0a68d7b485" CHANGEID="691454600" ISACTIVE="1" LEVELID="11" CREATEDATE="2017-06-16" UPDATEDATE="2025-10-30" /><OBJECT OBJECTID="73799874" OBJECTGUID="4467d5b8-3c9c-4cd0-b7a9-fdaf81df4e94" CHANGEID="691454636" ISACTIVE="1" LEVELID="11" CREATEDATE="2017-06-16" UPDATEDATE="2025-10-30" /><OBJECT OBJECTID="73803046" OBJECTGUID="a28c8bdc-3af6-48c6-8fd0-fd5142cdf97c" CHANGEID="691454913" ISACTIVE="1" LEVELID="11" CREATEDATE="2017-06-16" UPDATEDATE="2025-10-30" /><OBJECT OBJECTID="73799883" OBJECTGUID="470e514c-b11b-4d46-b692-ac665ffa6c61" CHANGEID="691454712" ISACTIVE="1" LEVELID="11" CREATEDATE="2017-06-16" UPDATEDATE="2025-10-30" /><OBJECT OBJECTID="73802806" OBJECTGUID="956d8707-a889-4b4d-aa75-d197002cd62c" CHANGEID="691452021" ISACTIVE="1" LEVELID="11" CREATEDATE="2017-06-16" UPDATEDATE="2025-10-30" /><OBJECT OBJECTID="73797441" OBJECTGUID="17db38fa-4609-4bd0-8a16-0bcf530abc88" CHANGEID="691454739" ISACTIVE="1" LEVELID="11" CREATEDATE="2017-06-16" UPDATEDATE="2025-10-30" /><OBJECT OBJECTID="73794759" OBJECTGUID="17d83526-34a6-416a-9345-508920d31fe2" CHANGEID="691451995" ISACTIVE="1" LEVELID="11" CREATEDATE="2017-06-16" UPDATEDATE="2025-10-30" /><OBJECT OBJECTID="73798199" OBJECTGUID="3cb6ce27-f909-4177-8a73-feb0144319d7" CHANGEID="691452090" ISACTIVE="1" LEVELID="11" CREATEDATE="2017-06-16" UPDATEDATE="2025-10-30" /><OBJECT OBJECTID="73802375" OBJECTGUID="649fc9f6-40a1-4776-bd9c-9bdbc060b0cc" CHANGEID="691454626" ISACTIVE="1" LEVELID="11" CREATEDATE="2017-06-16" UPDATEDATE="2025-10-30" /><OBJECT OBJECTID="73798139" OBJECTGUID="2f29ccba-acf7-48e3-9523-8b4b5160f7d9" CHANGEID="691454868" ISACTIVE="1" LEVELID="11" CREATEDATE="2017-06-16" UPDATEDATE="2025-10-30" /><OBJECT OBJECTID="73802378" OBJECTGUID="668888ee-d240-4beb-8a94-f0fbd1541f81" CHANGEID="691454886" ISACTIVE="1" LEVELID="11" CREATEDATE="2017-06-16" UPDATEDATE="2025-10-30" /><OBJECT OBJECTID="73802943" OBJECTGUID="9a8fc3f7-f231-480b-9feb-de9828cf7e9a" CHANGEID="691452015" ISACTIVE="1" LEVELID="11" CREATEDATE="2017-06-16" UPDATEDATE="2025-10-30" /><OBJECT OBJECTID="73798995" OBJECTGUID="3fbd35cb-dce9-444c-bf60-22d2014a9b26" CHANGEID="691454677" ISACTIVE="1" LEVELID="11" CREATEDATE="2017-06-16" UPDATEDATE="2025-10-30" /><OBJECT OBJECTID="90970819" OBJECTGUID="d79d2488-9912-43b7-81b7-34c2f3cba50e" CHANGEID="691510078" ISACTIVE="0" LEVELID="9" CREATEDATE="2019-04-10" UPDATEDATE="2025-10-31" /><OBJECT OBJECTID="69596407" OBJECTGUID="291dc264-10fd-42cd-80b2-1bbe7473d987" CHANGEID="691473865" ISACTIVE="1" LEVELID="10" CREATEDATE="2017-06-02" UPDATEDATE="2025-10-30" /><OBJECT OBJECTID="27763215" OBJECTGUID="bf92f786-ea5b-4f31-bf59-e3ce09fad25b" CHANGEID="691574850" ISACTIVE="1" LEVELID="10" CREATEDATE="2017-06-02" UPDATEDATE="2025-11-01" /><OBJECT OBJECTID="28889041" OBJECTGUID="b2edada8-cef1-42fd-9924-9aa9e7197d09" CHANGEID="691454978" ISACTIVE="1" LEVELID="10" CREATEDATE="2017-06-02" UPDATEDATE="2025-10-30" /><OBJECT OBJECTID="50235099" OBJECTGUID="17dcf959-41fb-43ce-95d5-23271e4f2169" CHANGEID="691451717" ISACTIVE="1" LEVELID="11" CREATEDATE="2017-06-16" UPDATEDATE="2025-10-30" /><OBJECT OBJECTID="166649091" OBJECTGUID="5e03bac4-c20e-4ca2-b9bb-e44ee6373be7" CHANGEID="691475789" ISACTIVE="1" LEVELID="9" CREATEDATE="2024-10-23" UPDATEDATE="2025-10-30" /><OBJECT OBJECTID="167791317" OBJECTGUID="033cb2f7-b3f8-40ca-a904-12f9c40caca5" CHANGEID="691537248" ISACTIVE="1" LEVELID="9" CREATEDATE="2024-11-21" UPDATEDATE="2025-11-01" /><OBJECT OBJECTID="167791319" OBJECTGUID="1815038e-78ce-4132-be6a-2b3a4deed01d" CHANGEID="691538219" ISACTIVE="1" LEVELID="9" CREATEDATE="2024-11-21" UPDATEDATE="2025-11-01" /><OBJECT OBJECTID="167791322" OBJECTGUID="680c4e2c-fa5b-451d-b779-62dea8adffef" CHANGEID="691538931" ISACTIVE="1" LEVELID="9" CREATEDATE="2024-11-21" UPDATEDATE="2025-11-01" /><OBJECT OBJECTID="167791321" OBJECTGUID="7ce24437-1fbc-448a-8898-deec1d829727" CHANGEID="691539030" ISACTIVE="1" LEVELID="9" CREATEDATE="2024-11-21" UPDATEDATE="2025-11-01" /><OBJECT OBJECTID="167791314" OBJECTGUID="95e122ad-b057-4a54-b2c2-bd9b0392dd2b" CHANGEID="691539185" ISACTIVE="1" LEVELID="9" CREATEDATE="2024-11-21" UPDATEDATE="2025-11-01" /><OBJECT OBJECTID="167791313" OBJECTGUID="ba793d8f-f197-4e53-bc0e-e79ad4486403" CHANGEID="691539472" ISACTIVE="1" LEVELID="9" CREATEDATE="2024-11-21" UPDATEDATE="2025-11-01" /><OBJECT OBJECTID="167791315" OBJECTGUID="cbfd2483-cdd9-4a01-8646-3c8ea7245070" CHANGEID="691539606" ISACTIVE="1" LEVELID="9" CREATEDATE="2024-11-21" UPDATEDATE="2025-11-01" /><OBJECT OBJECTID="167791316" OBJECTGUID="df44dce3-cb45-4a71-b4e5-5a74bb273217" CHANGEID="691539706" ISACTIVE="1" LEVELID="9" CREATEDATE="2024-11-21" UPDATEDATE="2025-11-01" /><OBJECT OBJECTID="167791323" OBJECTGUID="ee1c2c66-cb62-4d76-9b8f-eaa537acf914" CHANGEID="691539956" ISACTIVE="1" LEVELID="9" CREATEDATE="2024-11-21" UPDATEDATE="2025-11-01" /><OBJECT OBJECTID="167791318" OBJECTGUID="f2b9b17c-e707-4bfc-b685-91ea7a9af777" CHANGEID="691540031" ISACTIVE="1" LEVELID="9" CREATEDATE="2024-11-21" UPDATEDATE="2025-11-01" /><OBJECT OBJECTID="167791320" OBJECTGUID="fed4b4ad-102f-42c7-ad7c-c735b5a0bf89" CHANGEID="691540071" ISACTIVE="1" LEVELID="9" CREATEDATE="2024-11-21" UPDATEDATE="2025-11-01" /><OBJECT OBJECTID="104034681" OBJECTGUID="136aa62c-047c-429c-b2e6-ae7b24011d35" CHANGEID="691483364" ISACTIVE="1" LEVELID="9" CREATEDATE="2022-03-23" UPDATEDATE="2025-10-30" /><OBJECT OBJECTID="90971275" OBJECTGUID="1f9cf5e4-820c-4635-bbbd-ecb34487bf43" CHANGEID="691515804" ISACTIVE="0" LEVELID="9" CREATEDATE="2019-04-15" UPDATEDATE="2025-10-31" /><OBJECT OBJECTID="104988524" OBJECTGUID="939ce137-44a5-4165-b3ba-a0ad6d1c9d91" CHANGEID="691517639" ISACTIVE="1" LEVELID="9" CREATEDATE="2022-07-14" UPDATEDATE="2025-10-31" /><OBJECT OBJECTID="91210965" OBJECTGUID="963b5fa7-6bb7-4373-afd8-e2a71dc26b48" CHANGEID="691532902" ISACTIVE="1" LEVELID="9" CREATEDATE="2019-11-20" UPDATEDATE="2025-10-31" /><OBJECT OBJECTID="93247255" OBJECTGUID="8cf99b33-47c9-4dbb-bf36-5380aa920d5d" CHANGEID="691466029" ISACTIVE="1" LEVELID="9" CREATEDATE="2019-09-20" UPDATEDATE="2025-10-30" /><OBJECT OBJECTID="89777040" OBJECTGUID="9e91d64e-0486-4afb-879d-2de35141b114" CHANGEID="691576577" ISACTIVE="1" LEVELID="9" CREATEDATE="2019-07-07" UPDATEDATE="2025-11-01" /><OBJECT OBJECTID="90945176" OBJECTGUID="caab12eb-5c76-4793-ae2b-5db9b3c47e22" CHANGEID="691486718" ISACTIVE="0" LEVELID="9" CREATEDATE="2019-04-10" UPDATEDATE="2025-10-30" /><OBJECT OBJECTID="95075146" OBJECTGUID="bc8c7fd2-7790-4fb7-b18d-4c58372d0e29" CHANGEID="691487071" ISACTIVE="0" LEVELID="9" CREATEDATE="2019-07-23" UPDATEDATE="2025-10-30" /></REESTR_OBJECTS>