﻿<?xml version="1.0" encoding="utf-8"?><STEADS><STEAD ID="6410395" OBJECTID="90945176" OBJECTGUID="caab12eb-5c76-4793-ae2b-5db9b3c47e22" CHANGEID="133605024" NUMBER="31" OPERTYPEID="10" NEXTID="74530201" UPDATEDATE="2025-10-30" STARTDATE="2019-04-10" ENDDATE="2025-10-30" ISACTUAL="0" ISACTIVE="0" /><STEAD ID="6436509" OBJECTID="90971275" OBJECTGUID="1f9cf5e4-820c-4635-bbbd-ecb34487bf43" CHANGEID="133635630" NUMBER="25" OPERTYPEID="10" NEXTID="74539152" UPDATEDATE="2025-10-31" STARTDATE="2019-04-13" ENDDATE="2025-10-31" ISACTUAL="0" ISACTIVE="0" /><STEAD ID="68455499" OBJECTID="164714740" OBJECTGUID="3cd4b7ef-6bc8-4b36-9275-9ae896eb5b41" CHANGEID="599662896" NUMBER="7/1" OPERTYPEID="10" PREVID="0" NEXTID="74521161" UPDATEDATE="2025-10-30" STARTDATE="2024-08-15" ENDDATE="2025-10-30" ISACTUAL="0" ISACTIVE="0" /><STEAD ID="74521161" OBJECTID="164714740" OBJECTGUID="3cd4b7ef-6bc8-4b36-9275-9ae896eb5b41" CHANGEID="691458600" NUMBER="24а" OPERTYPEID="50" PREVID="68455499" UPDATEDATE="2025-10-30" STARTDATE="2025-10-30" ENDDATE="2079-06-06" ISACTUAL="1" ISACTIVE="1" /><STEAD ID="74522556" OBJECTID="175597085" OBJECTGUID="e581b32e-c485-4aa6-b7e5-749ad557d187" CHANGEID="691463402" NUMBER="7А" OPERTYPEID="10" PREVID="0" NEXTID="0" UPDATEDATE="2025-10-30" STARTDATE="2025-10-30" ENDDATE="2079-06-06" ISACTUAL="1" ISACTIVE="1" /><STEAD ID="74522559" OBJECTID="175597090" OBJECTGUID="b89a73ad-b44c-4ad2-bfb1-8049d5d324cc" CHANGEID="691463407" NUMBER="64" OPERTYPEID="10" PREVID="0" NEXTID="0" UPDATEDATE="2025-10-30" STARTDATE="2025-10-30" ENDDATE="2079-06-06" ISACTUAL="1" ISACTIVE="1" /><STEAD ID="74523432" OBJECTID="175598995" OBJECTGUID="ec7da3f5-ad63-47a3-972a-0faa37639615" CHANGEID="691466176" NUMBER="35А" OPERTYPEID="10" PREVID="0" NEXTID="0" UPDATEDATE="2025-10-30" STARTDATE="2025-10-30" ENDDATE="2079-06-06" ISACTUAL="1" ISACTIVE="1" /><STEAD ID="74523427" OBJECTID="175598990" OBJECTGUID="18d8cbab-2112-4ec0-8ea0-418a53e83e98" CHANGEID="691466167" NUMBER="6Б" OPERTYPEID="10" PREVID="0" NEXTID="0" UPDATEDATE="2025-10-30" STARTDATE="2025-10-30" ENDDATE="2079-06-06" ISACTUAL="1" ISACTIVE="1" /><STEAD ID="74523961" OBJECTID="175600579" OBJECTGUID="b5f198c3-2113-42c3-8bd0-0071698fe876" CHANGEID="691468395" NUMBER="4" OPERTYPEID="10" PREVID="0" NEXTID="0" UPDATEDATE="2025-10-30" STARTDATE="2025-10-30" ENDDATE="2079-06-06" ISACTUAL="1" ISACTIVE="1" /><STEAD ID="74523938" OBJECTID="175600547" OBJECTGUID="e0d09d57-7dc8-415b-9a36-946227fc2308" CHANGEID="691468345" NUMBER="14А" OPERTYPEID="10" PREVID="0" NEXTID="0" UPDATEDATE="2025-10-30" STARTDATE="2025-10-30" ENDDATE="2079-06-06" ISACTUAL="1" ISACTIVE="1" /><STEAD ID="74524055" OBJECTID="175600729" OBJECTGUID="173dc9f2-f487-47f7-8caa-7f9e0dff5b4c" CHANGEID="691468591" NUMBER="25А" OPERTYPEID="10" PREVID="0" NEXTID="0" UPDATEDATE="2025-10-30" STARTDATE="2025-10-30" ENDDATE="2079-06-06" ISACTUAL="1" ISACTIVE="1" /><STEAD ID="74525733" OBJECTID="175603840" OBJECTGUID="e6c2ff27-56ca-4a3e-b171-f4168c952e83" CHANGEID="691473881" NUMBER="28" OPERTYPEID="10" PREVID="0" NEXTID="0" UPDATEDATE="2025-10-30" STARTDATE="2025-10-30" ENDDATE="2079-06-06" ISACTUAL="1" ISACTIVE="1" /><STEAD ID="69573998" OBJECTID="166649091" OBJECTGUID="5e03bac4-c20e-4ca2-b9bb-e44ee6373be7" CHANGEID="605370658" NUMBER="2" OPERTYPEID="10" PREVID="0" NEXTID="74526764" UPDATEDATE="2025-10-30" STARTDATE="2024-10-23" ENDDATE="2025-10-30" ISACTUAL="0" ISACTIVE="0" /><STEAD ID="74526764" OBJECTID="166649091" OBJECTGUID="5e03bac4-c20e-4ca2-b9bb-e44ee6373be7" CHANGEID="691475789" NUMBER="4" OPERTYPEID="20" PREVID="69573998" UPDATEDATE="2025-10-30" STARTDATE="2025-10-30" ENDDATE="2079-06-06" ISACTUAL="1" ISACTIVE="1" /><STEAD ID="74527592" OBJECTID="175606764" OBJECTGUID="65b62816-dad3-4766-a6db-cba7aa219efd" CHANGEID="691478295" NUMBER="31" OPERTYPEID="10" PREVID="0" NEXTID="0" UPDATEDATE="2025-10-30" STARTDATE="2025-10-30" ENDDATE="2079-06-06" ISACTUAL="1" ISACTIVE="1" /><STEAD ID="74527657" OBJECTID="175606902" OBJECTGUID="f1485482-5a59-4664-a681-0046f340c045" CHANGEID="691478501" NUMBER="71" OPERTYPEID="10" PREVID="0" NEXTID="0" UPDATEDATE="2025-10-30" STARTDATE="2025-10-30" ENDDATE="2079-06-06" ISACTUAL="1" ISACTIVE="1" /><STEAD ID="74529900" OBJECTID="175610775" OBJECTGUID="7ee0685c-2988-4a4e-b2a0-ed9bce679905" CHANGEID="691485333" NUMBER="18" OPERTYPEID="10" PREVID="0" NEXTID="0" UPDATEDATE="2025-10-30" STARTDATE="2025-10-30" ENDDATE="2079-06-06" ISACTUAL="1" ISACTIVE="1" /><STEAD ID="74530187" OBJECTID="175611423" OBJECTGUID="8e8c9399-0c54-4ce9-a129-64a811e4fbe0" CHANGEID="691486630" NUMBER="11" OPERTYPEID="10" PREVID="0" NEXTID="0" UPDATEDATE="2025-10-30" STARTDATE="2025-10-30" ENDDATE="2079-06-06" ISACTUAL="1" ISACTIVE="1" /><STEAD ID="74530201" OBJECTID="90945176" OBJECTGUID="caab12eb-5c76-4793-ae2b-5db9b3c47e22" CHANGEID="691486718" NUMBER="31" OPERTYPEID="30" PREVID="6410395" NEXTID="0" UPDATEDATE="2025-10-30" STARTDATE="2025-10-30" ENDDATE="2079-06-06" ISACTUAL="1" ISACTIVE="0" /><STEAD ID="74530293" OBJECTID="95075146" OBJECTGUID="bc8c7fd2-7790-4fb7-b18d-4c58372d0e29" CHANGEID="691487071" NUMBER="13" OPERTYPEID="30" PREVID="10541974" NEXTID="0" UPDATEDATE="2025-10-30" STARTDATE="2025-10-30" ENDDATE="2079-06-06" ISACTUAL="1" ISACTIVE="0" /><STEAD ID="10541974" OBJECTID="95075146" OBJECTGUID="bc8c7fd2-7790-4fb7-b18d-4c58372d0e29" CHANGEID="138031242" NUMBER="13" OPERTYPEID="10" NEXTID="74530293" UPDATEDATE="2025-10-30" STARTDATE="2019-07-23" ENDDATE="2025-10-30" ISACTUAL="0" ISACTIVE="0" /><STEAD ID="74530641" OBJECTID="175612102" OBJECTGUID="bcafb207-ff9a-4fef-8bf6-a1f0244c91f3" CHANGEID="691487995" NUMBER="74Б" OPERTYPEID="10" PREVID="0" NEXTID="0" UPDATEDATE="2025-10-30" STARTDATE="2025-10-30" ENDDATE="2079-06-06" ISACTUAL="1" ISACTIVE="1" /><STEAD ID="74535474" OBJECTID="175622343" OBJECTGUID="0ce5043b-b8f5-4dd4-97f8-cd470191423d" CHANGEID="691504561" NUMBER="268" OPERTYPEID="10" PREVID="0" NEXTID="0" UPDATEDATE="2025-10-31" STARTDATE="2025-10-31" ENDDATE="2079-06-06" ISACTUAL="1" ISACTIVE="1" /><STEAD ID="74542861" OBJECTID="175637081" OBJECTGUID="af1351cc-67cf-4b14-9e7a-b8c77ceafcec" CHANGEID="691527946" NUMBER="5" OPERTYPEID="10" PREVID="0" NEXTID="0" UPDATEDATE="2025-10-31" STARTDATE="2025-10-31" ENDDATE="2079-06-06" ISACTUAL="1" ISACTIVE="1" /><STEAD ID="74542862" OBJECTID="175637082" OBJECTGUID="3f0c2172-ccdb-4f76-81bf-fa6758dd2d91" CHANGEID="691527947" NUMBER="2" OPERTYPEID="10" PREVID="0" NEXTID="0" UPDATEDATE="2025-10-31" STARTDATE="2025-10-31" ENDDATE="2079-06-06" ISACTUAL="1" ISACTIVE="1" /><STEAD ID="74542863" OBJECTID="175637083" OBJECTGUID="67a7c324-0a19-4582-b54c-a262960ab124" CHANGEID="691527948" NUMBER="7" OPERTYPEID="10" PREVID="0" NEXTID="0" UPDATEDATE="2025-10-31" STARTDATE="2025-10-31" ENDDATE="2079-06-06" ISACTUAL="1" ISACTIVE="1" /><STEAD ID="74537559" OBJECTID="90970819" OBJECTGUID="d79d2488-9912-43b7-81b7-34c2f3cba50e" CHANGEID="691510078" NUMBER="34" OPERTYPEID="30" PREVID="6436053" NEXTID="0" UPDATEDATE="2025-10-31" STARTDATE="2025-10-31" ENDDATE="2079-06-06" ISACTUAL="1" ISACTIVE="0" /><STEAD ID="6436053" OBJECTID="90970819" OBJECTGUID="d79d2488-9912-43b7-81b7-34c2f3cba50e" CHANGEID="133635140" NUMBER="34" OPERTYPEID="10" NEXTID="74537559" UPDATEDATE="2025-10-31" STARTDATE="2019-04-10" ENDDATE="2025-10-31" ISACTUAL="0" ISACTIVE="0" /><STEAD ID="74538076" OBJECTID="175627422" OBJECTGUID="a63600cc-714a-4a08-84ec-b600d0f1ec32" CHANGEID="691512553" NUMBER="31" OPERTYPEID="10" PREVID="0" NEXTID="0" UPDATEDATE="2025-10-31" STARTDATE="2025-10-31" ENDDATE="2079-06-06" ISACTUAL="1" ISACTIVE="1" /><STEAD ID="74538891" OBJECTID="175628982" OBJECTGUID="3f207aba-9b5c-46d4-bbc4-1c0a4ded4f0d" CHANGEID="691515217" NUMBER="7" OPERTYPEID="10" PREVID="0" NEXTID="0" UPDATEDATE="2025-10-31" STARTDATE="2025-10-31" ENDDATE="2079-06-06" ISACTUAL="1" ISACTIVE="1" /><STEAD ID="74539152" OBJECTID="90971275" OBJECTGUID="1f9cf5e4-820c-4635-bbbd-ecb34487bf43" CHANGEID="691515804" NUMBER="25" OPERTYPEID="30" PREVID="6436509" NEXTID="0" UPDATEDATE="2025-10-31" STARTDATE="2025-10-31" ENDDATE="2079-06-06" ISACTUAL="1" ISACTIVE="0" /><STEAD ID="74539173" OBJECTID="175629423" OBJECTGUID="df59f13a-eb38-475d-a701-babd0a5c1a4d" CHANGEID="691515876" NUMBER="13" OPERTYPEID="10" PREVID="0" NEXTID="0" UPDATEDATE="2025-10-31" STARTDATE="2025-10-31" ENDDATE="2079-06-06" ISACTUAL="1" ISACTIVE="1" /><STEAD ID="74540352" OBJECTID="175631839" OBJECTGUID="ff2d8423-1cdd-470f-a734-057b017bc1f1" CHANGEID="691519414" NUMBER="34" OPERTYPEID="10" PREVID="0" NEXTID="0" UPDATEDATE="2025-10-31" STARTDATE="2025-10-31" ENDDATE="2079-06-06" ISACTUAL="1" ISACTIVE="1" /><STEAD ID="74540368" OBJECTID="175631870" OBJECTGUID="6871d0c6-2317-4005-8ea4-4511402f421c" CHANGEID="691519547" NUMBER="20" OPERTYPEID="10" PREVID="0" NEXTID="0" UPDATEDATE="2025-10-31" STARTDATE="2025-10-31" ENDDATE="2079-06-06" ISACTUAL="1" ISACTIVE="1" /><STEAD ID="74540886" OBJECTID="175632727" OBJECTGUID="5ec0d08b-6660-49bc-8801-2597973e5163" CHANGEID="691521004" NUMBER="25" OPERTYPEID="10" PREVID="0" NEXTID="0" UPDATEDATE="2025-10-31" STARTDATE="2025-10-31" ENDDATE="2079-06-06" ISACTUAL="1" ISACTIVE="1" /><STEAD ID="74541469" OBJECTID="175634668" OBJECTGUID="575d0609-e810-4356-949e-a094d80c0aff" CHANGEID="691523830" NUMBER="1г" OPERTYPEID="10" PREVID="0" NEXTID="0" UPDATEDATE="2025-10-31" STARTDATE="2025-10-31" ENDDATE="2079-06-06" ISACTUAL="1" ISACTIVE="1" /><STEAD ID="74541880" OBJECTID="175635493" OBJECTGUID="c29c09b3-436f-47c7-865b-91d7165dadcc" CHANGEID="691525103" NUMBER="3" OPERTYPEID="10" PREVID="0" NEXTID="0" UPDATEDATE="2025-10-31" STARTDATE="2025-10-31" ENDDATE="2079-06-06" ISACTUAL="1" ISACTIVE="1" /><STEAD ID="74541888" OBJECTID="175635502" OBJECTGUID="a9a6a211-0c09-4b7e-8a00-afa0fc92dd04" CHANGEID="691525123" NUMBER="4" OPERTYPEID="10" PREVID="0" NEXTID="0" UPDATEDATE="2025-10-31" STARTDATE="2025-10-31" ENDDATE="2079-06-06" ISACTUAL="1" ISACTIVE="1" /><STEAD ID="74543826" OBJECTID="175638688" OBJECTGUID="34dbf907-18c6-49bc-9840-ba320dd2f4a6" CHANGEID="691530445" NUMBER="20" OPERTYPEID="10" PREVID="0" NEXTID="0" UPDATEDATE="2025-10-31" STARTDATE="2025-10-31" ENDDATE="2079-06-06" ISACTUAL="1" ISACTIVE="1" /><STEAD ID="74543825" OBJECTID="175638687" OBJECTGUID="a36a43d6-6493-4e64-a0ba-0a92c6dacc40" CHANGEID="691530444" NUMBER="4А" OPERTYPEID="10" PREVID="0" NEXTID="0" UPDATEDATE="2025-10-31" STARTDATE="2025-10-31" ENDDATE="2079-06-06" ISACTUAL="1" ISACTIVE="1" /><STEAD ID="74550138" OBJECTID="175654432" OBJECTGUID="32df6b58-212d-4a0b-ba26-60a7a34e342e" CHANGEID="691570962" NUMBER="2/2" OPERTYPEID="10" PREVID="0" NEXTID="0" UPDATEDATE="2025-11-01" STARTDATE="2025-11-01" ENDDATE="2079-06-06" ISACTUAL="1" ISACTIVE="1" /><STEAD ID="10307249" OBJECTID="94840379" OBJECTGUID="de55073a-aa9f-42f0-867f-e3b4a6162e63" CHANGEID="137793434" NUMBER="40" OPERTYPEID="10" NEXTID="74550167" UPDATEDATE="2025-11-01" STARTDATE="2019-07-08" ENDDATE="2025-11-01" ISACTUAL="0" ISACTIVE="0" /><STEAD ID="74550167" OBJECTID="94840379" OBJECTGUID="de55073a-aa9f-42f0-867f-e3b4a6162e63" CHANGEID="691571136" NUMBER="46" OPERTYPEID="20" PREVID="10307249" UPDATEDATE="2025-11-01" STARTDATE="2025-11-01" ENDDATE="2079-06-06" ISACTUAL="1" ISACTIVE="1" /><STEAD ID="74550283" OBJECTID="175654771" OBJECTGUID="9162115d-39d3-4a7a-a8cb-40317744e026" CHANGEID="691571582" NUMBER="1/44" OPERTYPEID="10" PREVID="0" NEXTID="0" UPDATEDATE="2025-11-01" STARTDATE="2025-11-01" ENDDATE="2079-06-06" ISACTUAL="1" ISACTIVE="1" /><STEAD ID="74550284" OBJECTID="175654772" OBJECTGUID="e6d98530-d104-458b-ad5d-f61dd36b511c" CHANGEID="691571583" NUMBER="1/41" OPERTYPEID="10" PREVID="0" NEXTID="0" UPDATEDATE="2025-11-01" STARTDATE="2025-11-01" ENDDATE="2079-06-06" ISACTUAL="1" ISACTIVE="1" /><STEAD ID="74550285" OBJECTID="175654773" OBJECTGUID="8c673c81-c29d-4bde-8ba1-636ea4d5be0d" CHANGEID="691571584" NUMBER="1/37" OPERTYPEID="10" PREVID="0" NEXTID="0" UPDATEDATE="2025-11-01" STARTDATE="2025-11-01" ENDDATE="2079-06-06" ISACTUAL="1" ISACTIVE="1" /><STEAD ID="74550286" OBJECTID="175654774" OBJECTGUID="270c63b6-e428-43c1-8a25-0bcea3e03644" CHANGEID="691571585" NUMBER="1/27" OPERTYPEID="10" PREVID="0" NEXTID="0" UPDATEDATE="2025-11-01" STARTDATE="2025-11-01" ENDDATE="2079-06-06" ISACTUAL="1" ISACTIVE="1" /><STEAD ID="74550287" OBJECTID="175654775" OBJECTGUID="db61cdb3-5dac-4f56-a65b-bebe650f8305" CHANGEID="691571586" NUMBER="1/24" OPERTYPEID="10" PREVID="0" NEXTID="0" UPDATEDATE="2025-11-01" STARTDATE="2025-11-01" ENDDATE="2079-06-06" ISACTUAL="1" ISACTIVE="1" /><STEAD ID="74550288" OBJECTID="175654776" OBJECTGUID="2e4cc0dc-b42f-4c6b-accc-6b4bea5afe28" CHANGEID="691571587" NUMBER="1/2" OPERTYPEID="10" PREVID="0" NEXTID="0" UPDATEDATE="2025-11-01" STARTDATE="2025-11-01" ENDDATE="2079-06-06" ISACTUAL="1" ISACTIVE="1" /><STEAD ID="74550289" OBJECTID="175654777" OBJECTGUID="6edad6cb-857b-4488-b247-80079281aa4f" CHANGEID="691571588" NUMBER="19" OPERTYPEID="10" PREVID="0" NEXTID="0" UPDATEDATE="2025-11-01" STARTDATE="2025-11-01" ENDDATE="2079-06-06" ISACTUAL="1" ISACTIVE="1" /><STEAD ID="74550290" OBJECTID="175654778" OBJECTGUID="fc555f95-f758-49e2-8b39-2cf0d66e832d" CHANGEID="691571589" NUMBER="17А" OPERTYPEID="10" PREVID="0" NEXTID="0" UPDATEDATE="2025-11-01" STARTDATE="2025-11-01" ENDDATE="2079-06-06" ISACTUAL="1" ISACTIVE="1" /><STEAD ID="74550291" OBJECTID="175654779" OBJECTGUID="bcfc9cb5-3672-4ad6-ad73-cec0ca59727b" CHANGEID="691571590" NUMBER="17В" OPERTYPEID="10" PREVID="0" NEXTID="0" UPDATEDATE="2025-11-01" STARTDATE="2025-11-01" ENDDATE="2079-06-06" ISACTUAL="1" ISACTIVE="1" /><STEAD ID="74550292" OBJECTID="175654780" OBJECTGUID="4cf87d75-eece-49fc-9640-dd176d4c4650" CHANGEID="691571591" NUMBER="17Б" OPERTYPEID="10" PREVID="0" NEXTID="0" UPDATEDATE="2025-11-01" STARTDATE="2025-11-01" ENDDATE="2079-06-06" ISACTUAL="1" ISACTIVE="1" /><STEAD ID="74550293" OBJECTID="175654781" OBJECTGUID="86daa1aa-9073-4ea3-bf8d-61befea5b8f9" CHANGEID="691571592" NUMBER="13А" OPERTYPEID="10" PREVID="0" NEXTID="0" UPDATEDATE="2025-11-01" STARTDATE="2025-11-01" ENDDATE="2079-06-06" ISACTUAL="1" ISACTIVE="1" /><STEAD ID="74550348" OBJECTID="175654860" OBJECTGUID="8c1a8e3c-6aaf-4987-86fb-d679979b85a3" CHANGEID="691571721" NUMBER="1/15" OPERTYPEID="10" PREVID="0" NEXTID="0" UPDATEDATE="2025-11-01" STARTDATE="2025-11-01" ENDDATE="2079-06-06" ISACTUAL="1" ISACTIVE="1" /><STEAD ID="74550349" OBJECTID="175654861" OBJECTGUID="3d469c19-1f7e-4a8f-b52b-e9d42c572c94" CHANGEID="691571722" NUMBER="1/14" OPERTYPEID="10" PREVID="0" NEXTID="0" UPDATEDATE="2025-11-01" STARTDATE="2025-11-01" ENDDATE="2079-06-06" ISACTUAL="1" ISACTIVE="1" /><STEAD ID="74550350" OBJECTID="175654862" OBJECTGUID="d02af561-96bd-4969-9b0e-92343e0cc312" CHANGEID="691571723" NUMBER="1/9" OPERTYPEID="10" PREVID="0" NEXTID="0" UPDATEDATE="2025-11-01" STARTDATE="2025-11-01" ENDDATE="2079-06-06" ISACTUAL="1" ISACTIVE="1" /><STEAD ID="74550351" OBJECTID="175654863" OBJECTGUID="2b074e49-1af5-4b67-ac67-03d349e7e918" CHANGEID="691571724" NUMBER="1/8" OPERTYPEID="10" PREVID="0" NEXTID="0" UPDATEDATE="2025-11-01" STARTDATE="2025-11-01" ENDDATE="2079-06-06" ISACTUAL="1" ISACTIVE="1" /><STEAD ID="74550352" OBJECTID="175654864" OBJECTGUID="0f0a42c9-a5f5-4dfc-a436-791425a990ad" CHANGEID="691571725" NUMBER="75" OPERTYPEID="10" PREVID="0" NEXTID="0" UPDATEDATE="2025-11-01" STARTDATE="2025-11-01" ENDDATE="2079-06-06" ISACTUAL="1" ISACTIVE="1" /><STEAD ID="74550353" OBJECTID="175654865" OBJECTGUID="cd092dd8-47d6-426d-96e1-115ff1094aa9" CHANGEID="691571726" NUMBER="45" OPERTYPEID="10" PREVID="0" NEXTID="0" UPDATEDATE="2025-11-01" STARTDATE="2025-11-01" ENDDATE="2079-06-06" ISACTUAL="1" ISACTIVE="1" /><STEAD ID="74550354" OBJECTID="175654866" OBJECTGUID="b5c40568-1d6b-4684-9a2d-a5eb850069f4" CHANGEID="691571727" NUMBER="24" OPERTYPEID="10" PREVID="0" NEXTID="0" UPDATEDATE="2025-11-01" STARTDATE="2025-11-01" ENDDATE="2079-06-06" ISACTUAL="1" ISACTIVE="1" /><STEAD ID="74550355" OBJECTID="175654867" OBJECTGUID="db6d6c81-d414-4e24-a257-84e9f7437238" CHANGEID="691571728" NUMBER="19А" OPERTYPEID="10" PREVID="0" NEXTID="0" UPDATEDATE="2025-11-01" STARTDATE="2025-11-01" ENDDATE="2079-06-06" ISACTUAL="1" ISACTIVE="1" /><STEAD ID="74550356" OBJECTID="175654868" OBJECTGUID="89993e48-b13d-4b5d-a339-0a03e91955ab" CHANGEID="691571729" NUMBER="73А" OPERTYPEID="10" PREVID="0" NEXTID="0" UPDATEDATE="2025-11-01" STARTDATE="2025-11-01" ENDDATE="2079-06-06" ISACTUAL="1" ISACTIVE="1" /><STEAD ID="74550357" OBJECTID="175654869" OBJECTGUID="8bb68876-4b0a-4c75-b018-562236b4bea1" CHANGEID="691571730" NUMBER="56А" OPERTYPEID="10" PREVID="0" NEXTID="0" UPDATEDATE="2025-11-01" STARTDATE="2025-11-01" ENDDATE="2079-06-06" ISACTUAL="1" ISACTIVE="1" /><STEAD ID="74550358" OBJECTID="175654870" OBJECTGUID="6474954d-969e-459c-add3-5d5f15f6fa39" CHANGEID="691571731" NUMBER="12" OPERTYPEID="10" PREVID="0" NEXTID="0" UPDATEDATE="2025-11-01" STARTDATE="2025-11-01" ENDDATE="2079-06-06" ISACTUAL="1" ISACTIVE="1" /><STEAD ID="74550359" OBJECTID="175654871" OBJECTGUID="5d2044a3-106b-4b62-800b-6895bd108e8f" CHANGEID="691571732" NUMBER="8" OPERTYPEID="10" PREVID="0" NEXTID="0" UPDATEDATE="2025-11-01" STARTDATE="2025-11-01" ENDDATE="2079-06-06" ISACTUAL="1" ISACTIVE="1" /><STEAD ID="74550360" OBJECTID="175654872" OBJECTGUID="29495aff-ccf2-48dc-8ab1-75199b896f0c" CHANGEID="691571733" NUMBER="5А" OPERTYPEID="10" PREVID="0" NEXTID="0" UPDATEDATE="2025-11-01" STARTDATE="2025-11-01" ENDDATE="2079-06-06" ISACTUAL="1" ISACTIVE="1" /><STEAD ID="74550361" OBJECTID="175654873" OBJECTGUID="a5bd8744-7e2f-4e6f-8dbf-75185fbe6ff5" CHANGEID="691571734" NUMBER="30" OPERTYPEID="10" PREVID="0" NEXTID="0" UPDATEDATE="2025-11-01" STARTDATE="2025-11-01" ENDDATE="2079-06-06" ISACTUAL="1" ISACTIVE="1" /><STEAD ID="74550362" OBJECTID="175654874" OBJECTGUID="e0766385-abb4-4ce3-9342-f3498b80aedd" CHANGEID="691571735" NUMBER="30А" OPERTYPEID="10" PREVID="0" NEXTID="0" UPDATEDATE="2025-11-01" STARTDATE="2025-11-01" ENDDATE="2079-06-06" ISACTUAL="1" ISACTIVE="1" /><STEAD ID="74550363" OBJECTID="175654875" OBJECTGUID="e8fd215d-1dae-4e97-b571-dd6d2739cc01" CHANGEID="691571736" NUMBER="42А" OPERTYPEID="10" PREVID="0" NEXTID="0" UPDATEDATE="2025-11-01" STARTDATE="2025-11-01" ENDDATE="2079-06-06" ISACTUAL="1" ISACTIVE="1" /><STEAD ID="74550364" OBJECTID="175654876" OBJECTGUID="123e1c5e-01da-4d52-b112-293b88536459" CHANGEID="691571737" NUMBER="79А" OPERTYPEID="10" PREVID="0" NEXTID="0" UPDATEDATE="2025-11-01" STARTDATE="2025-11-01" ENDDATE="2079-06-06" ISACTUAL="1" ISACTIVE="1" /><STEAD ID="74550365" OBJECTID="175654877" OBJECTGUID="f9e56b16-452c-4fae-a141-450f1893552f" CHANGEID="691571738" NUMBER="12А" OPERTYPEID="10" PREVID="0" NEXTID="0" UPDATEDATE="2025-11-01" STARTDATE="2025-11-01" ENDDATE="2079-06-06" ISACTUAL="1" ISACTIVE="1" /><STEAD ID="74550366" OBJECTID="175654878" OBJECTGUID="9eb243a5-37af-467a-826c-b66107f0a999" CHANGEID="691571739" NUMBER="62" OPERTYPEID="10" PREVID="0" NEXTID="0" UPDATEDATE="2025-11-01" STARTDATE="2025-11-01" ENDDATE="2079-06-06" ISACTUAL="1" ISACTIVE="1" /><STEAD ID="74550367" OBJECTID="175654879" OBJECTGUID="193699c5-49cb-4400-a2bd-51e0c4ac3b0a" CHANGEID="691571740" NUMBER="53" OPERTYPEID="10" PREVID="0" NEXTID="0" UPDATEDATE="2025-11-01" STARTDATE="2025-11-01" ENDDATE="2079-06-06" ISACTUAL="1" ISACTIVE="1" /><STEAD ID="74550368" OBJECTID="175654880" OBJECTGUID="21d6538e-32d4-483d-9def-e4c2a7650ac3" CHANGEID="691571741" NUMBER="50" OPERTYPEID="10" PREVID="0" NEXTID="0" UPDATEDATE="2025-11-01" STARTDATE="2025-11-01" ENDDATE="2079-06-06" ISACTUAL="1" ISACTIVE="1" /><STEAD ID="74550369" OBJECTID="175654881" OBJECTGUID="f47af1df-9b83-4534-a056-cf59caaf3f30" CHANGEID="691571742" NUMBER="56" OPERTYPEID="10" PREVID="0" NEXTID="0" UPDATEDATE="2025-11-01" STARTDATE="2025-11-01" ENDDATE="2079-06-06" ISACTUAL="1" ISACTIVE="1" /><STEAD ID="74550370" OBJECTID="175654882" OBJECTGUID="fc07eab2-d555-46c2-a33f-b4c3059dc6f2" CHANGEID="691571743" NUMBER="46" OPERTYPEID="10" PREVID="0" NEXTID="0" UPDATEDATE="2025-11-01" STARTDATE="2025-11-01" ENDDATE="2079-06-06" ISACTUAL="1" ISACTIVE="1" /><STEAD ID="74551155" OBJECTID="175656777" OBJECTGUID="c43cf276-b31d-4b4b-8184-f3526fb76155" CHANGEID="691574578" NUMBER="208Б" OPERTYPEID="10" PREVID="0" NEXTID="0" UPDATEDATE="2025-11-01" STARTDATE="2025-11-01" ENDDATE="2079-06-06" ISACTUAL="1" ISACTIVE="1" /><STEAD ID="74551167" OBJECTID="175656792" OBJECTGUID="b470226c-c411-4844-bf3e-c2d72bc79e88" CHANGEID="691574606" NUMBER="4А" OPERTYPEID="10" PREVID="0" NEXTID="0" UPDATEDATE="2025-11-01" STARTDATE="2025-11-01" ENDDATE="2079-06-06" ISACTUAL="1" ISACTIVE="1" /><STEAD ID="5240955" OBJECTID="89777040" OBJECTGUID="9e91d64e-0486-4afb-879d-2de35141b114" CHANGEID="132290126" NUMBER="57" OPERTYPEID="10" NEXTID="74551885" UPDATEDATE="2025-11-01" STARTDATE="2019-07-04" ENDDATE="2025-11-01" ISACTUAL="0" ISACTIVE="0" /><STEAD ID="74551885" OBJECTID="89777040" OBJECTGUID="9e91d64e-0486-4afb-879d-2de35141b114" CHANGEID="691576577" NUMBER="40" OPERTYPEID="20" PREVID="5240955" UPDATEDATE="2025-11-01" STARTDATE="2025-11-01" ENDDATE="2079-06-06" ISACTUAL="1" ISACTIVE="1" /><STEAD ID="74553352" OBJECTID="175660308" OBJECTGUID="343f3960-acaf-41d0-94ce-eca75310cc13" CHANGEID="691580451" NUMBER="369" OPERTYPEID="10" PREVID="0" NEXTID="0" UPDATEDATE="2025-11-01" STARTDATE="2025-11-01" ENDDATE="2079-06-06" ISACTUAL="1" ISACTIVE="1" /><STEAD ID="74553353" OBJECTID="175660309" OBJECTGUID="ec2374b2-b981-4125-929f-30deeeac3cfe" CHANGEID="691580452" NUMBER="276" OPERTYPEID="10" PREVID="0" NEXTID="0" UPDATEDATE="2025-11-01" STARTDATE="2025-11-01" ENDDATE="2079-06-06" ISACTUAL="1" ISACTIVE="1" /><STEAD ID="74553354" OBJECTID="175660310" OBJECTGUID="bc552750-db77-476b-931d-850d2e765303" CHANGEID="691580453" NUMBER="5" OPERTYPEID="10" PREVID="0" NEXTID="0" UPDATEDATE="2025-11-01" STARTDATE="2025-11-01" ENDDATE="2079-06-06" ISACTUAL="1" ISACTIVE="1" /><STEAD ID="74553355" OBJECTID="175660311" OBJECTGUID="c0ef8baf-d597-48e3-b0e9-d36b56c20601" CHANGEID="691580454" NUMBER="50" OPERTYPEID="10" PREVID="0" NEXTID="0" UPDATEDATE="2025-11-01" STARTDATE="2025-11-01" ENDDATE="2079-06-06" ISACTUAL="1" ISACTIVE="1" /><STEAD ID="74553356" OBJECTID="175660312" OBJECTGUID="3a8226f2-fb7c-49fa-a14a-20a9b59e50fc" CHANGEID="691580455" NUMBER="74" OPERTYPEID="10" PREVID="0" NEXTID="0" UPDATEDATE="2025-11-01" STARTDATE="2025-11-01" ENDDATE="2079-06-06" ISACTUAL="1" ISACTIVE="1" /><STEAD ID="74553357" OBJECTID="175660313" OBJECTGUID="f082b283-6b7f-44f6-a016-912e23dce462" CHANGEID="691580456" NUMBER="174" OPERTYPEID="10" PREVID="0" NEXTID="0" UPDATEDATE="2025-11-01" STARTDATE="2025-11-01" ENDDATE="2079-06-06" ISACTUAL="1" ISACTIVE="1" /><STEAD ID="74553358" OBJECTID="175660314" OBJECTGUID="50fda28b-77db-491d-ad6e-ef4a91d84885" CHANGEID="691580457" NUMBER="15А" OPERTYPEID="10" PREVID="0" NEXTID="0" UPDATEDATE="2025-11-01" STARTDATE="2025-11-01" ENDDATE="2079-06-06" ISACTUAL="1" ISACTIVE="1" /><STEAD ID="74553359" OBJECTID="175660315" OBJECTGUID="1c9c1022-eebc-49c2-ba84-76de900ac564" CHANGEID="691580458" NUMBER="109" OPERTYPEID="10" PREVID="0" NEXTID="0" UPDATEDATE="2025-11-01" STARTDATE="2025-11-01" ENDDATE="2079-06-06" ISACTUAL="1" ISACTIVE="1" /><STEAD ID="74553360" OBJECTID="175660316" OBJECTGUID="b7ae0799-1d41-43ec-96cf-382cc01ee311" CHANGEID="691580459" NUMBER="84" OPERTYPEID="10" PREVID="0" NEXTID="0" UPDATEDATE="2025-11-01" STARTDATE="2025-11-01" ENDDATE="2079-06-06" ISACTUAL="1" ISACTIVE="1" /><STEAD ID="74553361" OBJECTID="175660317" OBJECTGUID="89749631-6fee-4a1c-8713-713cd9bfd383" CHANGEID="691580460" NUMBER="14А/2" OPERTYPEID="10" PREVID="0" NEXTID="0" UPDATEDATE="2025-11-01" STARTDATE="2025-11-01" ENDDATE="2079-06-06" ISACTUAL="1" ISACTIVE="1" /><STEAD ID="74553362" OBJECTID="175660318" OBJECTGUID="a6da665d-c1ce-4c6a-a438-a3e99be57baa" CHANGEID="691580461" NUMBER="22" OPERTYPEID="10" PREVID="0" NEXTID="0" UPDATEDATE="2025-11-01" STARTDATE="2025-11-01" ENDDATE="2079-06-06" ISACTUAL="1" ISACTIVE="1" /><STEAD ID="74553363" OBJECTID="175660319" OBJECTGUID="16fdbaca-9afd-411c-82b1-75df4d30f137" CHANGEID="691580462" NUMBER="21" OPERTYPEID="10" PREVID="0" NEXTID="0" UPDATEDATE="2025-11-01" STARTDATE="2025-11-01" ENDDATE="2079-06-06" ISACTUAL="1" ISACTIVE="1" /><STEAD ID="74553364" OBJECTID="175660320" OBJECTGUID="397a1888-f048-441c-9159-73a87158dd7a" CHANGEID="691580463" NUMBER="67А" OPERTYPEID="10" PREVID="0" NEXTID="0" UPDATEDATE="2025-11-01" STARTDATE="2025-11-01" ENDDATE="2079-06-06" ISACTUAL="1" ISACTIVE="1" /><STEAD ID="74555554" OBJECTID="175664047" OBJECTGUID="f220b2d5-9b78-410b-ace9-a6030956f5ca" CHANGEID="691587963" NUMBER="91" OPERTYPEID="10" PREVID="0" NEXTID="0" UPDATEDATE="2025-11-01" STARTDATE="2025-11-01" ENDDATE="2079-06-06" ISACTUAL="1" ISACTIVE="1" /><STEAD ID="74555555" OBJECTID="175664048" OBJECTGUID="eab0819f-6062-4cd8-b54b-ff4cc79bc1e4" CHANGEID="691587964" NUMBER="81" OPERTYPEID="10" PREVID="0" NEXTID="0" UPDATEDATE="2025-11-01" STARTDATE="2025-11-01" ENDDATE="2079-06-06" ISACTUAL="1" ISACTIVE="1" /><STEAD ID="74555556" OBJECTID="175664049" OBJECTGUID="ad8b85a2-df7f-4570-a4af-199d5dfde488" CHANGEID="691587965" NUMBER="51" OPERTYPEID="10" PREVID="0" NEXTID="0" UPDATEDATE="2025-11-01" STARTDATE="2025-11-01" ENDDATE="2079-06-06" ISACTUAL="1" ISACTIVE="1" /><STEAD ID="74555557" OBJECTID="175664050" OBJECTGUID="fc650066-98d9-4cfa-99ee-2c0badec87e0" CHANGEID="691587966" NUMBER="364" OPERTYPEID="10" PREVID="0" NEXTID="0" UPDATEDATE="2025-11-01" STARTDATE="2025-11-01" ENDDATE="2079-06-06" ISACTUAL="1" ISACTIVE="1" /><STEAD ID="74555558" OBJECTID="175664051" OBJECTGUID="c1bd9027-aeea-4611-8af3-66a9c00e2873" CHANGEID="691587967" NUMBER="255" OPERTYPEID="10" PREVID="0" NEXTID="0" UPDATEDATE="2025-11-01" STARTDATE="2025-11-01" ENDDATE="2079-06-06" ISACTUAL="1" ISACTIVE="1" /><STEAD ID="74555559" OBJECTID="175664052" OBJECTGUID="5c950405-3102-4e8b-b734-6a5fa416f038" CHANGEID="691587968" NUMBER="230" OPERTYPEID="10" PREVID="0" NEXTID="0" UPDATEDATE="2025-11-01" STARTDATE="2025-11-01" ENDDATE="2079-06-06" ISACTUAL="1" ISACTIVE="1" /><STEAD ID="74555534" OBJECTID="175664027" OBJECTGUID="7035be2e-a3db-49c4-9fc5-a95f496375e1" CHANGEID="691587943" NUMBER="4В" OPERTYPEID="10" PREVID="0" NEXTID="0" UPDATEDATE="2025-11-01" STARTDATE="2025-11-01" ENDDATE="2079-06-06" ISACTUAL="1" ISACTIVE="1" /><STEAD ID="74555535" OBJECTID="175664028" OBJECTGUID="857857dc-19c5-4bd2-b5c7-c5e0558440d9" CHANGEID="691587944" NUMBER="12А" OPERTYPEID="10" PREVID="0" NEXTID="0" UPDATEDATE="2025-11-01" STARTDATE="2025-11-01" ENDDATE="2079-06-06" ISACTUAL="1" ISACTIVE="1" /><STEAD ID="74555536" OBJECTID="175664029" OBJECTGUID="c89aa064-9287-4f40-900c-e42083033b62" CHANGEID="691587945" NUMBER="303" OPERTYPEID="10" PREVID="0" NEXTID="0" UPDATEDATE="2025-11-01" STARTDATE="2025-11-01" ENDDATE="2079-06-06" ISACTUAL="1" ISACTIVE="1" /><STEAD ID="74555537" OBJECTID="175664030" OBJECTGUID="e4ca0690-083c-4291-b3f4-aa9793148abe" CHANGEID="691587946" NUMBER="295" OPERTYPEID="10" PREVID="0" NEXTID="0" UPDATEDATE="2025-11-01" STARTDATE="2025-11-01" ENDDATE="2079-06-06" ISACTUAL="1" ISACTIVE="1" /><STEAD ID="74555538" OBJECTID="175664031" OBJECTGUID="879f8229-030a-4c87-bb21-c5eba803cc10" CHANGEID="691587947" NUMBER="15А" OPERTYPEID="10" PREVID="0" NEXTID="0" UPDATEDATE="2025-11-01" STARTDATE="2025-11-01" ENDDATE="2079-06-06" ISACTUAL="1" ISACTIVE="1" /><STEAD ID="74555539" OBJECTID="175664032" OBJECTGUID="a2940742-1ffc-4194-b069-dd7da3b24ff0" CHANGEID="691587948" NUMBER="45" OPERTYPEID="10" PREVID="0" NEXTID="0" UPDATEDATE="2025-11-01" STARTDATE="2025-11-01" ENDDATE="2079-06-06" ISACTUAL="1" ISACTIVE="1" /><STEAD ID="74555540" OBJECTID="175664033" OBJECTGUID="da594e29-3dbb-4c82-a99f-305c7786569e" CHANGEID="691587949" NUMBER="55А" OPERTYPEID="10" PREVID="0" NEXTID="0" UPDATEDATE="2025-11-01" STARTDATE="2025-11-01" ENDDATE="2079-06-06" ISACTUAL="1" ISACTIVE="1" /><STEAD ID="74555541" OBJECTID="175664034" OBJECTGUID="db515767-f4c4-4629-ab0f-fda7dc66988b" CHANGEID="691587950" NUMBER="156А" OPERTYPEID="10" PREVID="0" NEXTID="0" UPDATEDATE="2025-11-01" STARTDATE="2025-11-01" ENDDATE="2079-06-06" ISACTUAL="1" ISACTIVE="1" /><STEAD ID="74555542" OBJECTID="175664035" OBJECTGUID="9c544c1f-0a71-488f-b076-bef42fbcff38" CHANGEID="691587951" NUMBER="12" OPERTYPEID="10" PREVID="0" NEXTID="0" UPDATEDATE="2025-11-01" STARTDATE="2025-11-01" ENDDATE="2079-06-06" ISACTUAL="1" ISACTIVE="1" /><STEAD ID="74555543" OBJECTID="175664036" OBJECTGUID="13e34184-794d-48d0-a92e-238990ff84af" CHANGEID="691587952" NUMBER="97" OPERTYPEID="10" PREVID="0" NEXTID="0" UPDATEDATE="2025-11-01" STARTDATE="2025-11-01" ENDDATE="2079-06-06" ISACTUAL="1" ISACTIVE="1" /><STEAD ID="74555544" OBJECTID="175664037" OBJECTGUID="6723c285-fbe8-4e39-8750-7cc7a942542d" CHANGEID="691587953" NUMBER="32А" OPERTYPEID="10" PREVID="0" NEXTID="0" UPDATEDATE="2025-11-01" STARTDATE="2025-11-01" ENDDATE="2079-06-06" ISACTUAL="1" ISACTIVE="1" /><STEAD ID="74555545" OBJECTID="175664038" OBJECTGUID="a6eac285-aebb-4945-8935-37b4e10dfd9a" CHANGEID="691587954" NUMBER="315" OPERTYPEID="10" PREVID="0" NEXTID="0" UPDATEDATE="2025-11-01" STARTDATE="2025-11-01" ENDDATE="2079-06-06" ISACTUAL="1" ISACTIVE="1" /><STEAD ID="74555546" OBJECTID="175664039" OBJECTGUID="1b49d54b-5b40-4e8c-80c3-3be6e466041b" CHANGEID="691587955" NUMBER="309" OPERTYPEID="10" PREVID="0" NEXTID="0" UPDATEDATE="2025-11-01" STARTDATE="2025-11-01" ENDDATE="2079-06-06" ISACTUAL="1" ISACTIVE="1" /><STEAD ID="74555547" OBJECTID="175664040" OBJECTGUID="a7392e6b-8077-499e-81f6-80175b04233d" CHANGEID="691587956" NUMBER="291" OPERTYPEID="10" PREVID="0" NEXTID="0" UPDATEDATE="2025-11-01" STARTDATE="2025-11-01" ENDDATE="2079-06-06" ISACTUAL="1" ISACTIVE="1" /><STEAD ID="74555548" OBJECTID="175664041" OBJECTGUID="c2ddd7a0-6c9e-4a44-87ea-eb514faf35d8" CHANGEID="691587957" NUMBER="289" OPERTYPEID="10" PREVID="0" NEXTID="0" UPDATEDATE="2025-11-01" STARTDATE="2025-11-01" ENDDATE="2079-06-06" ISACTUAL="1" ISACTIVE="1" /><STEAD ID="74555549" OBJECTID="175664042" OBJECTGUID="054e3d46-387d-4a89-8304-f38c357f8201" CHANGEID="691587958" NUMBER="249" OPERTYPEID="10" PREVID="0" NEXTID="0" UPDATEDATE="2025-11-01" STARTDATE="2025-11-01" ENDDATE="2079-06-06" ISACTUAL="1" ISACTIVE="1" /><STEAD ID="74555550" OBJECTID="175664043" OBJECTGUID="3a7f0179-f854-4cf7-a412-fd277923bf9b" CHANGEID="691587959" NUMBER="246" OPERTYPEID="10" PREVID="0" NEXTID="0" UPDATEDATE="2025-11-01" STARTDATE="2025-11-01" ENDDATE="2079-06-06" ISACTUAL="1" ISACTIVE="1" /><STEAD ID="74555551" OBJECTID="175664044" OBJECTGUID="194bb719-9aad-46fd-b4a7-30e1b630240b" CHANGEID="691587960" NUMBER="222" OPERTYPEID="10" PREVID="0" NEXTID="0" UPDATEDATE="2025-11-01" STARTDATE="2025-11-01" ENDDATE="2079-06-06" ISACTUAL="1" ISACTIVE="1" /><STEAD ID="74555561" OBJECTID="175664057" OBJECTGUID="e4404a91-1a02-4b4a-bdc1-e63609d4b5c8" CHANGEID="691587973" NUMBER="131" OPERTYPEID="10" PREVID="0" NEXTID="0" UPDATEDATE="2025-11-01" STARTDATE="2025-11-01" ENDDATE="2079-06-06" ISACTUAL="1" ISACTIVE="1" /><STEAD ID="74555562" OBJECTID="175664058" OBJECTGUID="cb1b4272-1332-4cdb-9e2a-051d20c0c93b" CHANGEID="691587974" NUMBER="232" OPERTYPEID="10" PREVID="0" NEXTID="0" UPDATEDATE="2025-11-01" STARTDATE="2025-11-01" ENDDATE="2079-06-06" ISACTUAL="1" ISACTIVE="1" /><STEAD ID="74555563" OBJECTID="175664059" OBJECTGUID="35f4d5f7-8329-4fa9-b8ca-e3f24759101d" CHANGEID="691587975" NUMBER="503" OPERTYPEID="10" PREVID="0" NEXTID="0" UPDATEDATE="2025-11-01" STARTDATE="2025-11-01" ENDDATE="2079-06-06" ISACTUAL="1" ISACTIVE="1" /><STEAD ID="74555564" OBJECTID="175664060" OBJECTGUID="4bd0fea9-1d44-4c42-a02c-87ca5354e16c" CHANGEID="691587976" NUMBER="83" OPERTYPEID="10" PREVID="0" NEXTID="0" UPDATEDATE="2025-11-01" STARTDATE="2025-11-01" ENDDATE="2079-06-06" ISACTUAL="1" ISACTIVE="1" /><STEAD ID="74555565" OBJECTID="175664061" OBJECTGUID="0196c5d4-3f2a-4520-92fb-b07e68c9cbdd" CHANGEID="691587977" NUMBER="25" OPERTYPEID="10" PREVID="0" NEXTID="0" UPDATEDATE="2025-11-01" STARTDATE="2025-11-01" ENDDATE="2079-06-06" ISACTUAL="1" ISACTIVE="1" /><STEAD ID="74555567" OBJECTID="175664063" OBJECTGUID="9a97836a-0772-4592-9fee-7148594e21c3" CHANGEID="691587979" NUMBER="247" OPERTYPEID="10" PREVID="0" NEXTID="0" UPDATEDATE="2025-11-01" STARTDATE="2025-11-01" ENDDATE="2079-06-06" ISACTUAL="1" ISACTIVE="1" /><STEAD ID="74555573" OBJECTID="175664067" OBJECTGUID="796ce683-e4da-4bcc-8180-f4f16baf5b5d" CHANGEID="691587987" NUMBER="124" OPERTYPEID="10" PREVID="0" NEXTID="0" UPDATEDATE="2025-11-01" STARTDATE="2025-11-01" ENDDATE="2079-06-06" ISACTUAL="1" ISACTIVE="1" /><STEAD ID="74555574" OBJECTID="175664068" OBJECTGUID="d9bdf71c-f764-475e-89ef-baab66eac67e" CHANGEID="691587988" NUMBER="405А" OPERTYPEID="10" PREVID="0" NEXTID="0" UPDATEDATE="2025-11-01" STARTDATE="2025-11-01" ENDDATE="2079-06-06" ISACTUAL="1" ISACTIVE="1" /><STEAD ID="74555566" OBJECTID="175664062" OBJECTGUID="78fcc3d6-3027-4afa-9a15-9389adbf051d" CHANGEID="691587978" NUMBER="13б" OPERTYPEID="10" PREVID="0" NEXTID="0" UPDATEDATE="2025-11-01" STARTDATE="2025-11-01" ENDDATE="2079-06-06" ISACTUAL="1" ISACTIVE="1" /><STEAD ID="74555568" OBJECTID="175664064" OBJECTGUID="a0ae6235-8044-42c6-a9e2-619adcb69756" CHANGEID="691587982" NUMBER="8/1" OPERTYPEID="10" PREVID="0" NEXTID="0" UPDATEDATE="2025-11-01" STARTDATE="2025-11-01" ENDDATE="2079-06-06" ISACTUAL="1" ISACTIVE="1" /><STEAD ID="74555569" OBJECTID="175664065" OBJECTGUID="a173f10c-71e8-4f52-90aa-8c2c5f4daf85" CHANGEID="691587983" NUMBER="29" OPERTYPEID="10" PREVID="0" NEXTID="0" UPDATEDATE="2025-11-01" STARTDATE="2025-11-01" ENDDATE="2079-06-06" ISACTUAL="1" ISACTIVE="1" /><STEAD ID="74555575" OBJECTID="175664069" OBJECTGUID="d88070c3-051d-4ed4-9e42-a1938aaa5c41" CHANGEID="691587989" NUMBER="82" OPERTYPEID="10" PREVID="0" NEXTID="0" UPDATEDATE="2025-11-01" STARTDATE="2025-11-01" ENDDATE="2079-06-06" ISACTUAL="1" ISACTIVE="1" /><STEAD ID="74555576" OBJECTID="175664070" OBJECTGUID="0114062b-1b6a-4b59-949b-b364b70d688c" CHANGEID="691587990" NUMBER="340" OPERTYPEID="10" PREVID="0" NEXTID="0" UPDATEDATE="2025-11-01" STARTDATE="2025-11-01" ENDDATE="2079-06-06" ISACTUAL="1" ISACTIVE="1" /><STEAD ID="74555577" OBJECTID="175664071" OBJECTGUID="ebccdc0f-075c-4dfa-bf41-675605da71ff" CHANGEID="691587991" NUMBER="304" OPERTYPEID="10" PREVID="0" NEXTID="0" UPDATEDATE="2025-11-01" STARTDATE="2025-11-01" ENDDATE="2079-06-06" ISACTUAL="1" ISACTIVE="1" /><STEAD ID="74555580" OBJECTID="175664079" OBJECTGUID="c4ff397d-4874-4279-ae6b-559cb1a2272d" CHANGEID="691587999" NUMBER="13А" OPERTYPEID="10" PREVID="0" NEXTID="0" UPDATEDATE="2025-11-01" STARTDATE="2025-11-01" ENDDATE="2079-06-06" ISACTUAL="1" ISACTIVE="1" /><STEAD ID="74555581" OBJECTID="175664080" OBJECTGUID="c496d630-193e-4bdb-b609-0de51e448835" CHANGEID="691588000" NUMBER="380" OPERTYPEID="10" PREVID="0" NEXTID="0" UPDATEDATE="2025-11-01" STARTDATE="2025-11-01" ENDDATE="2079-06-06" ISACTUAL="1" ISACTIVE="1" /><STEAD ID="74555582" OBJECTID="175664081" OBJECTGUID="549821fd-e28a-4d1a-9076-201979b8d925" CHANGEID="691588001" NUMBER="288" OPERTYPEID="10" PREVID="0" NEXTID="0" UPDATEDATE="2025-11-01" STARTDATE="2025-11-01" ENDDATE="2079-06-06" ISACTUAL="1" ISACTIVE="1" /><STEAD ID="74555583" OBJECTID="175664082" OBJECTGUID="8284c7e6-ed82-4f52-86b0-680710cb6689" CHANGEID="691588002" NUMBER="214" OPERTYPEID="10" PREVID="0" NEXTID="0" UPDATEDATE="2025-11-01" STARTDATE="2025-11-01" ENDDATE="2079-06-06" ISACTUAL="1" ISACTIVE="1" /><STEAD ID="74555584" OBJECTID="175664083" OBJECTGUID="bf73c06b-872f-46f0-9b42-809170e1af6e" CHANGEID="691588003" NUMBER="31" OPERTYPEID="10" PREVID="0" NEXTID="0" UPDATEDATE="2025-11-01" STARTDATE="2025-11-01" ENDDATE="2079-06-06" ISACTUAL="1" ISACTIVE="1" /><STEAD ID="74555592" OBJECTID="175664086" OBJECTGUID="233de0c3-dc4b-40ff-b481-56d048324d18" CHANGEID="691588011" NUMBER="2А" OPERTYPEID="10" PREVID="0" NEXTID="0" UPDATEDATE="2025-11-01" STARTDATE="2025-11-01" ENDDATE="2079-06-06" ISACTUAL="1" ISACTIVE="1" /><STEAD ID="74555593" OBJECTID="175664087" OBJECTGUID="6086b57a-5c37-4845-b70e-8ea052a1be29" CHANGEID="691588012" NUMBER="11/2" OPERTYPEID="10" PREVID="0" NEXTID="0" UPDATEDATE="2025-11-01" STARTDATE="2025-11-01" ENDDATE="2079-06-06" ISACTUAL="1" ISACTIVE="1" /><STEAD ID="74555594" OBJECTID="175664088" OBJECTGUID="610e705f-b16c-43e3-acbe-f9b1acde1fa1" CHANGEID="691588013" NUMBER="11/1" OPERTYPEID="10" PREVID="0" NEXTID="0" UPDATEDATE="2025-11-01" STARTDATE="2025-11-01" ENDDATE="2079-06-06" ISACTUAL="1" ISACTIVE="1" /><STEAD ID="74555595" OBJECTID="175664089" OBJECTGUID="e93afc30-f8a6-46b3-ad9f-93088fe0bbfc" CHANGEID="691588014" NUMBER="10/2" OPERTYPEID="10" PREVID="0" NEXTID="0" UPDATEDATE="2025-11-01" STARTDATE="2025-11-01" ENDDATE="2079-06-06" ISACTUAL="1" ISACTIVE="1" /><STEAD ID="74555596" OBJECTID="175664090" OBJECTGUID="b5696b39-e2ae-4f43-8a8a-4a26355de1aa" CHANGEID="691588015" NUMBER="5/2" OPERTYPEID="10" PREVID="0" NEXTID="0" UPDATEDATE="2025-11-01" STARTDATE="2025-11-01" ENDDATE="2079-06-06" ISACTUAL="1" ISACTIVE="1" /><STEAD ID="74555602" OBJECTID="175664094" OBJECTGUID="35db1056-1919-409d-b2e4-27c5be0cb7fc" CHANGEID="691588027" NUMBER="141" OPERTYPEID="10" PREVID="0" NEXTID="0" UPDATEDATE="2025-11-01" STARTDATE="2025-11-01" ENDDATE="2079-06-06" ISACTUAL="1" ISACTIVE="1" /><STEAD ID="74555603" OBJECTID="175664095" OBJECTGUID="4d1ff5c0-9a31-4cba-9240-2db52e24e94d" CHANGEID="691588028" NUMBER="127" OPERTYPEID="10" PREVID="0" NEXTID="0" UPDATEDATE="2025-11-01" STARTDATE="2025-11-01" ENDDATE="2079-06-06" ISACTUAL="1" ISACTIVE="1" /><STEAD ID="74555604" OBJECTID="175664096" OBJECTGUID="b1771977-ab1e-43f4-a040-a7ac09c7027a" CHANGEID="691588029" NUMBER="505А" OPERTYPEID="10" PREVID="0" NEXTID="0" UPDATEDATE="2025-11-01" STARTDATE="2025-11-01" ENDDATE="2079-06-06" ISACTUAL="1" ISACTIVE="1" /><STEAD ID="74555605" OBJECTID="175664097" OBJECTGUID="cca5fafa-6b0e-4130-908d-c4702ea65a7e" CHANGEID="691588030" NUMBER="402" OPERTYPEID="10" PREVID="0" NEXTID="0" UPDATEDATE="2025-11-01" STARTDATE="2025-11-01" ENDDATE="2079-06-06" ISACTUAL="1" ISACTIVE="1" /><STEAD ID="74555606" OBJECTID="175664098" OBJECTGUID="c8a2b5fb-e7bc-4711-902c-35b2752758a7" CHANGEID="691588031" NUMBER="142А" OPERTYPEID="10" PREVID="0" NEXTID="0" UPDATEDATE="2025-11-01" STARTDATE="2025-11-01" ENDDATE="2079-06-06" ISACTUAL="1" ISACTIVE="1" /><STEAD ID="74555622" OBJECTID="175664104" OBJECTGUID="d1be569f-af26-4266-91e0-a8452688deed" CHANGEID="691588052" NUMBER="72" OPERTYPEID="10" PREVID="0" NEXTID="0" UPDATEDATE="2025-11-01" STARTDATE="2025-11-01" ENDDATE="2079-06-06" ISACTUAL="1" ISACTIVE="1" /><STEAD ID="74555632" OBJECTID="175664105" OBJECTGUID="2d2d975d-9141-4437-8a31-92279c333487" CHANGEID="691588062" NUMBER="18/1" OPERTYPEID="10" PREVID="0" NEXTID="0" UPDATEDATE="2025-11-01" STARTDATE="2025-11-01" ENDDATE="2079-06-06" ISACTUAL="1" ISACTIVE="1" /><STEAD ID="74555633" OBJECTID="175664106" OBJECTGUID="a71fadc8-4764-44cf-b3b8-e3b6f69c488b" CHANGEID="691588063" NUMBER="15/2" OPERTYPEID="10" PREVID="0" NEXTID="0" UPDATEDATE="2025-11-01" STARTDATE="2025-11-01" ENDDATE="2079-06-06" ISACTUAL="1" ISACTIVE="1" /><STEAD ID="74555634" OBJECTID="175664107" OBJECTGUID="01bb1ea1-c22c-4d31-8d36-1f5a7af702d7" CHANGEID="691588064" NUMBER="8/1" OPERTYPEID="10" PREVID="0" NEXTID="0" UPDATEDATE="2025-11-01" STARTDATE="2025-11-01" ENDDATE="2079-06-06" ISACTUAL="1" ISACTIVE="1" /><STEAD ID="74555635" OBJECTID="175664108" OBJECTGUID="6fccb2cf-7418-42b8-b8e4-103b9249e6c8" CHANGEID="691588065" NUMBER="6/1" OPERTYPEID="10" PREVID="0" NEXTID="0" UPDATEDATE="2025-11-01" STARTDATE="2025-11-01" ENDDATE="2079-06-06" ISACTUAL="1" ISACTIVE="1" /><STEAD ID="74555638" OBJECTID="175664129" OBJECTGUID="8e5b3d7c-1478-40be-9b7d-93b100443092" CHANGEID="691588088" NUMBER="3" OPERTYPEID="10" PREVID="0" NEXTID="0" UPDATEDATE="2025-11-01" STARTDATE="2025-11-01" ENDDATE="2079-06-06" ISACTUAL="1" ISACTIVE="1" /><STEAD ID="74555690" OBJECTID="175664250" OBJECTGUID="e995c2bc-f209-4e4d-9b91-bba40437d8d1" CHANGEID="691588255" NUMBER="2Б" OPERTYPEID="10" PREVID="0" NEXTID="0" UPDATEDATE="2025-11-01" STARTDATE="2025-11-01" ENDDATE="2079-06-06" ISACTUAL="1" ISACTIVE="1" /><STEAD ID="74555691" OBJECTID="175664251" OBJECTGUID="76d75dda-ea7d-4e7c-8a8d-579282782cd9" CHANGEID="691588256" NUMBER="4" OPERTYPEID="10" PREVID="0" NEXTID="0" UPDATEDATE="2025-11-01" STARTDATE="2025-11-01" ENDDATE="2079-06-06" ISACTUAL="1" ISACTIVE="1" /><STEAD ID="74555665" OBJECTID="175664141" OBJECTGUID="07690036-a1b8-4424-bde3-3af36b6ae5e9" CHANGEID="691588125" NUMBER="20" OPERTYPEID="10" PREVID="0" NEXTID="0" UPDATEDATE="2025-11-01" STARTDATE="2025-11-01" ENDDATE="2079-06-06" ISACTUAL="1" ISACTIVE="1" /><STEAD ID="74555666" OBJECTID="175664142" OBJECTGUID="b96ed91c-2aa0-40e4-90c3-9e54da3c5d07" CHANGEID="691588126" NUMBER="132" OPERTYPEID="10" PREVID="0" NEXTID="0" UPDATEDATE="2025-11-01" STARTDATE="2025-11-01" ENDDATE="2079-06-06" ISACTUAL="1" ISACTIVE="1" /><STEAD ID="74555667" OBJECTID="175664143" OBJECTGUID="a725e798-1da7-4314-a20c-22544effa5f5" CHANGEID="691588127" NUMBER="10/1" OPERTYPEID="10" PREVID="0" NEXTID="0" UPDATEDATE="2025-11-01" STARTDATE="2025-11-01" ENDDATE="2079-06-06" ISACTUAL="1" ISACTIVE="1" /><STEAD ID="74555668" OBJECTID="175664144" OBJECTGUID="c7968128-a5a4-447d-9fec-7e934d0618a4" CHANGEID="691588128" NUMBER="5/4" OPERTYPEID="10" PREVID="0" NEXTID="0" UPDATEDATE="2025-11-01" STARTDATE="2025-11-01" ENDDATE="2079-06-06" ISACTUAL="1" ISACTIVE="1" /><STEAD ID="74555669" OBJECTID="175664145" OBJECTGUID="c8a54363-4ec1-4de2-be3e-8f48321b960e" CHANGEID="691588129" NUMBER="5/2" OPERTYPEID="10" PREVID="0" NEXTID="0" UPDATEDATE="2025-11-01" STARTDATE="2025-11-01" ENDDATE="2079-06-06" ISACTUAL="1" ISACTIVE="1" /><STEAD ID="74555670" OBJECTID="175664146" OBJECTGUID="4a4b8340-4b72-42f6-a276-4fc842b8080e" CHANGEID="691588130" NUMBER="3/2" OPERTYPEID="10" PREVID="0" NEXTID="0" UPDATEDATE="2025-11-01" STARTDATE="2025-11-01" ENDDATE="2079-06-06" ISACTUAL="1" ISACTIVE="1" /><STEAD ID="74556485" OBJECTID="175666222" OBJECTGUID="6b46fca1-644e-4da1-b70f-e7784c4b6c95" CHANGEID="691591095" NUMBER="277А" OPERTYPEID="10" PREVID="0" NEXTID="0" UPDATEDATE="2025-11-01" STARTDATE="2025-11-01" ENDDATE="2079-06-06" ISACTUAL="1" ISACTIVE="1" /><STEAD ID="74556486" OBJECTID="175666223" OBJECTGUID="cbf9bb72-c532-4674-96a2-80d31eec37f0" CHANGEID="691591096" NUMBER="275" OPERTYPEID="10" PREVID="0" NEXTID="0" UPDATEDATE="2025-11-01" STARTDATE="2025-11-01" ENDDATE="2079-06-06" ISACTUAL="1" ISACTIVE="1" /><STEAD ID="74556490" OBJECTID="175666242" OBJECTGUID="06f05735-6da9-48c3-a2cf-f9aaf12cd90f" CHANGEID="691591117" NUMBER="160А" OPERTYPEID="10" PREVID="0" NEXTID="0" UPDATEDATE="2025-11-01" STARTDATE="2025-11-01" ENDDATE="2079-06-06" ISACTUAL="1" ISACTIVE="1" /><STEAD ID="74556493" OBJECTID="175666246" OBJECTGUID="05366ec9-395a-447c-b5fd-09686b01f168" CHANGEID="691591123" NUMBER="6/2" OPERTYPEID="10" PREVID="0" NEXTID="0" UPDATEDATE="2025-11-01" STARTDATE="2025-11-01" ENDDATE="2079-06-06" ISACTUAL="1" ISACTIVE="1" /><STEAD ID="74556498" OBJECTID="175666251" OBJECTGUID="558e779c-b846-4457-9beb-00d4ad9cd782" CHANGEID="691591130" NUMBER="9А" OPERTYPEID="10" PREVID="0" NEXTID="0" UPDATEDATE="2025-11-01" STARTDATE="2025-11-01" ENDDATE="2079-06-06" ISACTUAL="1" ISACTIVE="1" /><STEAD ID="74556525" OBJECTID="175666297" OBJECTGUID="c2bf511e-7d5b-4b3d-aff1-579d78d1a8af" CHANGEID="691591182" NUMBER="42А" OPERTYPEID="10" PREVID="0" NEXTID="0" UPDATEDATE="2025-11-01" STARTDATE="2025-11-01" ENDDATE="2079-06-06" ISACTUAL="1" ISACTIVE="1" /><STEAD ID="74556519" OBJECTID="175666278" OBJECTGUID="828ab749-dbde-471a-a35c-91cba4ab69f1" CHANGEID="691591161" NUMBER="1Б" OPERTYPEID="10" PREVID="0" NEXTID="0" UPDATEDATE="2025-11-01" STARTDATE="2025-11-01" ENDDATE="2079-06-06" ISACTUAL="1" ISACTIVE="1" /><STEAD ID="74556554" OBJECTID="175666343" OBJECTGUID="e5a0fef3-02f7-43d8-aa69-5506274094a4" CHANGEID="691591249" NUMBER="21/1" OPERTYPEID="10" PREVID="0" NEXTID="0" UPDATEDATE="2025-11-01" STARTDATE="2025-11-01" ENDDATE="2079-06-06" ISACTUAL="1" ISACTIVE="1" /></STEADS>