﻿<?xml version="1.0" encoding="utf-8"?><APARTMENTS><APARTMENT ID="50173035" OBJECTID="83843051" OBJECTGUID="6bb45faa-a276-477a-9e21-218490a23be2" CHANGEID="124549108" NUMBER="1" APARTTYPE="2" OPERTYPEID="10" PREVID="0" NEXTID="112040101" UPDATEDATE="2025-10-31" STARTDATE="2017-05-15" ENDDATE="2025-10-31" ISACTUAL="0" ISACTIVE="0" /><APARTMENT ID="4214732" OBJECTID="8370847" OBJECTGUID="dbfb3281-f9cc-4542-a916-d6261c612e64" CHANGEID="14142590" NUMBER="10" APARTTYPE="2" OPERTYPEID="10" PREVID="0" NEXTID="112041586" UPDATEDATE="2025-10-31" STARTDATE="2018-10-12" ENDDATE="2025-10-31" ISACTUAL="0" ISACTIVE="0" /><APARTMENT ID="9975669" OBJECTID="18012500" OBJECTGUID="0b4e0418-e98d-4f89-a320-2cd563422e6b" CHANGEID="28400111" NUMBER="29" APARTTYPE="2" OPERTYPEID="10" PREVID="0" NEXTID="112032334" UPDATEDATE="2025-10-30" STARTDATE="2018-12-22" ENDDATE="2025-10-30" ISACTUAL="0" ISACTIVE="0" /><APARTMENT ID="9975785" OBJECTID="18012738" OBJECTGUID="cc4827a2-cc72-4904-b47e-fa1c2a47ddd6" CHANGEID="28400515" NUMBER="28" APARTTYPE="2" OPERTYPEID="10" PREVID="0" NEXTID="112032332" UPDATEDATE="2025-10-30" STARTDATE="2018-12-22" ENDDATE="2025-10-30" ISACTUAL="0" ISACTIVE="0" /><APARTMENT ID="108963170" OBJECTID="166433701" OBJECTGUID="162ddb65-b647-4314-85ea-2d1d7038e8cb" CHANGEID="604912294" NUMBER="2" APARTTYPE="2" OPERTYPEID="10" PREVID="0" NEXTID="112043065" UPDATEDATE="2025-10-31" STARTDATE="2024-10-18" ENDDATE="2025-10-31" ISACTUAL="0" ISACTIVE="0" /><APARTMENT ID="110823741" OBJECTID="172020774" OBJECTGUID="4858e293-c58b-415d-8780-ca8db46a8617" CHANGEID="645439235" NUMBER="82" APARTTYPE="1" OPERTYPEID="10" PREVID="0" NEXTID="112043747" UPDATEDATE="2025-10-31" STARTDATE="2025-04-30" ENDDATE="2025-10-31" ISACTUAL="0" ISACTIVE="0" /><APARTMENT ID="112031848" OBJECTID="175587136" OBJECTGUID="306ed0ad-08dc-4bc6-92b2-9f8a548d2ecf" CHANGEID="691444759" NUMBER="2" APARTTYPE="2" OPERTYPEID="10" PREVID="0" NEXTID="0" UPDATEDATE="2025-10-30" STARTDATE="2025-10-30" ENDDATE="2079-06-06" ISACTUAL="1" ISACTIVE="1" /><APARTMENT ID="112031850" OBJECTID="83843174" OBJECTGUID="d5454a9c-191f-4c9c-866f-6910db55ef5b" CHANGEID="691444809" NUMBER="2" APARTTYPE="2" OPERTYPEID="30" PREVID="50173086" NEXTID="0" UPDATEDATE="2025-10-30" STARTDATE="2025-10-30" ENDDATE="2079-06-06" ISACTUAL="1" ISACTIVE="0" /><APARTMENT ID="50173086" OBJECTID="83843174" OBJECTGUID="d5454a9c-191f-4c9c-866f-6910db55ef5b" CHANGEID="124549327" NUMBER="2" APARTTYPE="2" OPERTYPEID="10" PREVID="0" NEXTID="112031850" UPDATEDATE="2025-10-30" STARTDATE="2017-05-15" ENDDATE="2025-10-30" ISACTUAL="0" ISACTIVE="0" /><APARTMENT ID="112032335" OBJECTID="39697484" OBJECTGUID="30d7484a-59ed-4ad5-a8fd-cdd2402f81d4" CHANGEID="691448044" NUMBER="201" APARTTYPE="2" OPERTYPEID="30" PREVID="23193918" NEXTID="0" UPDATEDATE="2025-10-30" STARTDATE="2025-10-30" ENDDATE="2079-06-06" ISACTUAL="1" ISACTIVE="0" /><APARTMENT ID="23193918" OBJECTID="39697484" OBJECTGUID="30d7484a-59ed-4ad5-a8fd-cdd2402f81d4" CHANGEID="60127004" NUMBER="201" APARTTYPE="2" OPERTYPEID="10" PREVID="0" NEXTID="112032335" UPDATEDATE="2025-10-30" STARTDATE="2017-06-02" ENDDATE="2025-10-30" ISACTUAL="0" ISACTIVE="0" /><APARTMENT ID="112032336" OBJECTID="39697991" OBJECTGUID="8550115a-449b-4036-b7fa-4e1658f42436" CHANGEID="691448045" NUMBER="213" APARTTYPE="2" OPERTYPEID="30" PREVID="23194220" NEXTID="0" UPDATEDATE="2025-10-30" STARTDATE="2025-10-30" ENDDATE="2079-06-06" ISACTUAL="1" ISACTIVE="0" /><APARTMENT ID="23194220" OBJECTID="39697991" OBJECTGUID="8550115a-449b-4036-b7fa-4e1658f42436" CHANGEID="60127758" NUMBER="213" APARTTYPE="2" OPERTYPEID="10" PREVID="0" NEXTID="112032336" UPDATEDATE="2025-10-30" STARTDATE="2018-11-09" ENDDATE="2025-10-30" ISACTUAL="0" ISACTIVE="0" /><APARTMENT ID="112032337" OBJECTID="39698039" OBJECTGUID="b66385d8-ed38-4805-8fe4-7553e24ebe8c" CHANGEID="691448046" NUMBER="207" APARTTYPE="2" OPERTYPEID="30" PREVID="23194244" NEXTID="0" UPDATEDATE="2025-10-30" STARTDATE="2025-10-30" ENDDATE="2079-06-06" ISACTUAL="1" ISACTIVE="0" /><APARTMENT ID="23194244" OBJECTID="39698039" OBJECTGUID="b66385d8-ed38-4805-8fe4-7553e24ebe8c" CHANGEID="60127831" NUMBER="207" APARTTYPE="2" OPERTYPEID="10" PREVID="0" NEXTID="112032337" UPDATEDATE="2025-10-30" STARTDATE="2018-11-09" ENDDATE="2025-10-30" ISACTUAL="0" ISACTIVE="0" /><APARTMENT ID="112032338" OBJECTID="39698047" OBJECTGUID="bbedbe9d-0477-452e-afdb-8cc35fa15762" CHANGEID="691448047" NUMBER="130" APARTTYPE="2" OPERTYPEID="30" PREVID="23194252" NEXTID="0" UPDATEDATE="2025-10-30" STARTDATE="2025-10-30" ENDDATE="2079-06-06" ISACTUAL="1" ISACTIVE="0" /><APARTMENT ID="23194252" OBJECTID="39698047" OBJECTGUID="bbedbe9d-0477-452e-afdb-8cc35fa15762" CHANGEID="60127840" NUMBER="130" APARTTYPE="2" OPERTYPEID="10" PREVID="0" NEXTID="112032338" UPDATEDATE="2025-10-30" STARTDATE="2018-11-09" ENDDATE="2025-10-30" ISACTUAL="0" ISACTIVE="0" /><APARTMENT ID="112032339" OBJECTID="39698053" OBJECTGUID="eacfd81e-ad5b-4264-ad2d-bc42c455b9ec" CHANGEID="691448048" NUMBER="110" APARTTYPE="2" OPERTYPEID="30" PREVID="23194257" NEXTID="0" UPDATEDATE="2025-10-30" STARTDATE="2025-10-30" ENDDATE="2079-06-06" ISACTUAL="1" ISACTIVE="0" /><APARTMENT ID="23194257" OBJECTID="39698053" OBJECTGUID="eacfd81e-ad5b-4264-ad2d-bc42c455b9ec" CHANGEID="60127849" NUMBER="110" APARTTYPE="2" OPERTYPEID="10" PREVID="0" NEXTID="112032339" UPDATEDATE="2025-10-30" STARTDATE="2018-11-09" ENDDATE="2025-10-30" ISACTUAL="0" ISACTIVE="0" /><APARTMENT ID="112032340" OBJECTID="39698169" OBJECTGUID="f5ad67df-599f-45c9-884a-d15cfffc0ab9" CHANGEID="691448049" NUMBER="128" APARTTYPE="2" OPERTYPEID="30" PREVID="23194356" NEXTID="0" UPDATEDATE="2025-10-30" STARTDATE="2025-10-30" ENDDATE="2079-06-06" ISACTUAL="1" ISACTIVE="0" /><APARTMENT ID="23194356" OBJECTID="39698169" OBJECTGUID="f5ad67df-599f-45c9-884a-d15cfffc0ab9" CHANGEID="60128020" NUMBER="128" APARTTYPE="2" OPERTYPEID="10" PREVID="0" NEXTID="112032340" UPDATEDATE="2025-10-30" STARTDATE="2018-11-09" ENDDATE="2025-10-30" ISACTUAL="0" ISACTIVE="0" /><APARTMENT ID="112032332" OBJECTID="18012738" OBJECTGUID="cc4827a2-cc72-4904-b47e-fa1c2a47ddd6" CHANGEID="691448039" NUMBER="28" APARTTYPE="2" OPERTYPEID="30" PREVID="9975785" NEXTID="0" UPDATEDATE="2025-10-30" STARTDATE="2025-10-30" ENDDATE="2079-06-06" ISACTUAL="1" ISACTIVE="0" /><APARTMENT ID="112032333" OBJECTID="18012748" OBJECTGUID="d2bd6369-db9a-4ec6-88d2-05f8dec2fa96" CHANGEID="691448040" NUMBER="30" APARTTYPE="2" OPERTYPEID="30" PREVID="9975794" NEXTID="0" UPDATEDATE="2025-10-30" STARTDATE="2025-10-30" ENDDATE="2079-06-06" ISACTUAL="1" ISACTIVE="0" /><APARTMENT ID="9975794" OBJECTID="18012748" OBJECTGUID="d2bd6369-db9a-4ec6-88d2-05f8dec2fa96" CHANGEID="28400529" NUMBER="30" APARTTYPE="2" OPERTYPEID="10" PREVID="0" NEXTID="112032333" UPDATEDATE="2025-10-30" STARTDATE="2018-12-22" ENDDATE="2025-10-30" ISACTUAL="0" ISACTIVE="0" /><APARTMENT ID="112032334" OBJECTID="18012500" OBJECTGUID="0b4e0418-e98d-4f89-a320-2cd563422e6b" CHANGEID="691448041" NUMBER="29" APARTTYPE="2" OPERTYPEID="30" PREVID="9975669" NEXTID="0" UPDATEDATE="2025-10-30" STARTDATE="2025-10-30" ENDDATE="2079-06-06" ISACTUAL="1" ISACTIVE="0" /><APARTMENT ID="112032443" OBJECTID="175589395" OBJECTGUID="a5823b9e-424e-4eec-95db-0216e945b520" CHANGEID="691449608" NUMBER="282" APARTTYPE="2" OPERTYPEID="10" PREVID="0" NEXTID="0" UPDATEDATE="2025-10-30" STARTDATE="2025-10-30" ENDDATE="2079-06-06" ISACTUAL="1" ISACTIVE="1" /><APARTMENT ID="112032444" OBJECTID="175589396" OBJECTGUID="001527a8-cc7f-4c0b-8b65-38ca576ce9f3" CHANGEID="691449609" NUMBER="266" APARTTYPE="2" OPERTYPEID="10" PREVID="0" NEXTID="0" UPDATEDATE="2025-10-30" STARTDATE="2025-10-30" ENDDATE="2079-06-06" ISACTUAL="1" ISACTIVE="1" /><APARTMENT ID="112032445" OBJECTID="175589397" OBJECTGUID="a6b4e410-a18d-4c90-86ae-b64ba8e2e529" CHANGEID="691449610" NUMBER="262" APARTTYPE="2" OPERTYPEID="10" PREVID="0" NEXTID="0" UPDATEDATE="2025-10-30" STARTDATE="2025-10-30" ENDDATE="2079-06-06" ISACTUAL="1" ISACTIVE="1" /><APARTMENT ID="112032446" OBJECTID="175589398" OBJECTGUID="5da0748d-858e-4707-9247-e6cca66acbc2" CHANGEID="691449611" NUMBER="276" APARTTYPE="2" OPERTYPEID="10" PREVID="0" NEXTID="0" UPDATEDATE="2025-10-30" STARTDATE="2025-10-30" ENDDATE="2079-06-06" ISACTUAL="1" ISACTIVE="1" /><APARTMENT ID="112032447" OBJECTID="175589399" OBJECTGUID="008863ff-bde0-49d7-aef4-ed0409208d7b" CHANGEID="691449612" NUMBER="275" APARTTYPE="2" OPERTYPEID="10" PREVID="0" NEXTID="0" UPDATEDATE="2025-10-30" STARTDATE="2025-10-30" ENDDATE="2079-06-06" ISACTUAL="1" ISACTIVE="1" /><APARTMENT ID="112032448" OBJECTID="175589400" OBJECTGUID="6d7b804a-e804-477a-a7d7-59d9e1a51eeb" CHANGEID="691449613" NUMBER="277" APARTTYPE="2" OPERTYPEID="10" PREVID="0" NEXTID="0" UPDATEDATE="2025-10-30" STARTDATE="2025-10-30" ENDDATE="2079-06-06" ISACTUAL="1" ISACTIVE="1" /><APARTMENT ID="112032449" OBJECTID="175589401" OBJECTGUID="9880d15b-ef3f-4df1-bfcf-e483fdea95da" CHANGEID="691449614" NUMBER="274" APARTTYPE="2" OPERTYPEID="10" PREVID="0" NEXTID="0" UPDATEDATE="2025-10-30" STARTDATE="2025-10-30" ENDDATE="2079-06-06" ISACTUAL="1" ISACTIVE="1" /><APARTMENT ID="112032450" OBJECTID="175589402" OBJECTGUID="4a07962a-d8ed-431f-b7f8-4d5fa476e837" CHANGEID="691449615" NUMBER="272" APARTTYPE="2" OPERTYPEID="10" PREVID="0" NEXTID="0" UPDATEDATE="2025-10-30" STARTDATE="2025-10-30" ENDDATE="2079-06-06" ISACTUAL="1" ISACTIVE="1" /><APARTMENT ID="112032451" OBJECTID="175589403" OBJECTGUID="69d41b24-841e-451e-8014-1e722bee12ee" CHANGEID="691449616" NUMBER="273" APARTTYPE="2" OPERTYPEID="10" PREVID="0" NEXTID="0" UPDATEDATE="2025-10-30" STARTDATE="2025-10-30" ENDDATE="2079-06-06" ISACTUAL="1" ISACTIVE="1" /><APARTMENT ID="112032452" OBJECTID="175589404" OBJECTGUID="66442254-11f9-4eb0-83e6-094c28d1d8fe" CHANGEID="691449617" NUMBER="271" APARTTYPE="2" OPERTYPEID="10" PREVID="0" NEXTID="0" UPDATEDATE="2025-10-30" STARTDATE="2025-10-30" ENDDATE="2079-06-06" ISACTUAL="1" ISACTIVE="1" /><APARTMENT ID="112032453" OBJECTID="175589405" OBJECTGUID="b9db9cc6-0fcb-4c88-8239-84742a470f76" CHANGEID="691449618" NUMBER="284" APARTTYPE="2" OPERTYPEID="10" PREVID="0" NEXTID="0" UPDATEDATE="2025-10-30" STARTDATE="2025-10-30" ENDDATE="2079-06-06" ISACTUAL="1" ISACTIVE="1" /><APARTMENT ID="112033121" OBJECTID="83599952" OBJECTGUID="5e44ef00-7fd6-4513-82fb-bba13dc4436a" CHANGEID="691453679" NUMBER="2" APARTTYPE="2" OPERTYPEID="30" PREVID="50028409" NEXTID="0" UPDATEDATE="2025-10-30" STARTDATE="2025-10-30" ENDDATE="2079-06-06" ISACTUAL="1" ISACTIVE="0" /><APARTMENT ID="50028409" OBJECTID="83599952" OBJECTGUID="5e44ef00-7fd6-4513-82fb-bba13dc4436a" CHANGEID="124185536" NUMBER="2" APARTTYPE="2" OPERTYPEID="10" PREVID="0" NEXTID="112033121" UPDATEDATE="2025-10-30" STARTDATE="2018-11-02" ENDDATE="2025-10-30" ISACTUAL="0" ISACTIVE="0" /><APARTMENT ID="112033500" OBJECTID="175592687" OBJECTGUID="2734df2d-3f5a-496f-827b-be764b47451f" CHANGEID="691455119" NUMBER="286" APARTTYPE="2" OPERTYPEID="10" PREVID="0" NEXTID="0" UPDATEDATE="2025-10-30" STARTDATE="2025-10-30" ENDDATE="2079-06-06" ISACTUAL="1" ISACTIVE="1" /><APARTMENT ID="112033501" OBJECTID="175592688" OBJECTGUID="24901587-351a-4a9e-bc45-8616601547c3" CHANGEID="691455120" NUMBER="292" APARTTYPE="1" OPERTYPEID="10" PREVID="0" NEXTID="0" UPDATEDATE="2025-10-30" STARTDATE="2025-10-30" ENDDATE="2079-06-06" ISACTUAL="1" ISACTIVE="1" /><APARTMENT ID="112033502" OBJECTID="175592689" OBJECTGUID="9c47a8e6-66c3-4e4f-aa7b-186b02011f91" CHANGEID="691455121" NUMBER="288" APARTTYPE="1" OPERTYPEID="10" PREVID="0" NEXTID="0" UPDATEDATE="2025-10-30" STARTDATE="2025-10-30" ENDDATE="2079-06-06" ISACTUAL="1" ISACTIVE="1" /><APARTMENT ID="112033503" OBJECTID="175592690" OBJECTGUID="75f2805e-fa1d-47e1-bf28-70054f610c4e" CHANGEID="691455122" NUMBER="281" APARTTYPE="2" OPERTYPEID="10" PREVID="0" NEXTID="0" UPDATEDATE="2025-10-30" STARTDATE="2025-10-30" ENDDATE="2079-06-06" ISACTUAL="1" ISACTIVE="1" /><APARTMENT ID="112033504" OBJECTID="175592691" OBJECTGUID="b5f2311c-fdff-437c-bf45-b15a1f45efa1" CHANGEID="691455123" NUMBER="280" APARTTYPE="2" OPERTYPEID="10" PREVID="0" NEXTID="0" UPDATEDATE="2025-10-30" STARTDATE="2025-10-30" ENDDATE="2079-06-06" ISACTUAL="1" ISACTIVE="1" /><APARTMENT ID="112033505" OBJECTID="175592692" OBJECTGUID="ad0272b8-b963-495a-a225-1ab9900b8603" CHANGEID="691455124" NUMBER="269" APARTTYPE="2" OPERTYPEID="10" PREVID="0" NEXTID="0" UPDATEDATE="2025-10-30" STARTDATE="2025-10-30" ENDDATE="2079-06-06" ISACTUAL="1" ISACTIVE="1" /><APARTMENT ID="112033506" OBJECTID="175592693" OBJECTGUID="fd2f176d-51d5-4885-be3d-5b9c08a30d11" CHANGEID="691455125" NUMBER="285" APARTTYPE="2" OPERTYPEID="10" PREVID="0" NEXTID="0" UPDATEDATE="2025-10-30" STARTDATE="2025-10-30" ENDDATE="2079-06-06" ISACTUAL="1" ISACTIVE="1" /><APARTMENT ID="112033507" OBJECTID="175592694" OBJECTGUID="73b93fe7-5fa2-4dcc-babf-28b84dee8361" CHANGEID="691455126" NUMBER="268" APARTTYPE="2" OPERTYPEID="10" PREVID="0" NEXTID="0" UPDATEDATE="2025-10-30" STARTDATE="2025-10-30" ENDDATE="2079-06-06" ISACTUAL="1" ISACTIVE="1" /><APARTMENT ID="112033508" OBJECTID="175592695" OBJECTGUID="d9fb1f6b-455f-4e65-b31c-152d1be6988d" CHANGEID="691455127" NUMBER="267" APARTTYPE="2" OPERTYPEID="10" PREVID="0" NEXTID="0" UPDATEDATE="2025-10-30" STARTDATE="2025-10-30" ENDDATE="2079-06-06" ISACTUAL="1" ISACTIVE="1" /><APARTMENT ID="112033509" OBJECTID="175592696" OBJECTGUID="ea23a1cd-a662-45fc-b2bf-1a089d4a1f95" CHANGEID="691455128" NUMBER="283" APARTTYPE="2" OPERTYPEID="10" PREVID="0" NEXTID="0" UPDATEDATE="2025-10-30" STARTDATE="2025-10-30" ENDDATE="2079-06-06" ISACTUAL="1" ISACTIVE="1" /><APARTMENT ID="112033510" OBJECTID="175592697" OBJECTGUID="f00e0122-ca8d-4b41-b674-29bf839c5909" CHANGEID="691455129" NUMBER="270" APARTTYPE="2" OPERTYPEID="10" PREVID="0" NEXTID="0" UPDATEDATE="2025-10-30" STARTDATE="2025-10-30" ENDDATE="2079-06-06" ISACTUAL="1" ISACTIVE="1" /><APARTMENT ID="112033511" OBJECTID="175592698" OBJECTGUID="e94b0037-9237-45fc-9148-e7b6f3bfb5c6" CHANGEID="691455130" NUMBER="265" APARTTYPE="2" OPERTYPEID="10" PREVID="0" NEXTID="0" UPDATEDATE="2025-10-30" STARTDATE="2025-10-30" ENDDATE="2079-06-06" ISACTUAL="1" ISACTIVE="1" /><APARTMENT ID="112033512" OBJECTID="175592699" OBJECTGUID="795d9c72-ef4c-40a6-ac2d-37dab64b84c7" CHANGEID="691455131" NUMBER="279" APARTTYPE="2" OPERTYPEID="10" PREVID="0" NEXTID="0" UPDATEDATE="2025-10-30" STARTDATE="2025-10-30" ENDDATE="2079-06-06" ISACTUAL="1" ISACTIVE="1" /><APARTMENT ID="112033513" OBJECTID="175592700" OBJECTGUID="39f198c4-e71e-49bc-a38e-f7063c8029cb" CHANGEID="691455132" NUMBER="264" APARTTYPE="2" OPERTYPEID="10" PREVID="0" NEXTID="0" UPDATEDATE="2025-10-30" STARTDATE="2025-10-30" ENDDATE="2079-06-06" ISACTUAL="1" ISACTIVE="1" /><APARTMENT ID="112033514" OBJECTID="175592701" OBJECTGUID="256c3ad5-abdb-4487-bcea-31d3c7561142" CHANGEID="691455133" NUMBER="263" APARTTYPE="2" OPERTYPEID="10" PREVID="0" NEXTID="0" UPDATEDATE="2025-10-30" STARTDATE="2025-10-30" ENDDATE="2079-06-06" ISACTUAL="1" ISACTIVE="1" /><APARTMENT ID="112035052" OBJECTID="175598306" OBJECTGUID="975653d2-ccb2-404b-8303-ac7f4878e390" CHANGEID="691465177" NUMBER="1" APARTTYPE="2" OPERTYPEID="10" PREVID="0" NEXTID="0" UPDATEDATE="2025-10-30" STARTDATE="2025-10-30" ENDDATE="2079-06-06" ISACTUAL="1" ISACTIVE="1" /><APARTMENT ID="112035053" OBJECTID="175598313" OBJECTGUID="bd4773d2-496d-469d-a18b-7a786d13b9c1" CHANGEID="691465189" NUMBER="2" APARTTYPE="2" OPERTYPEID="10" PREVID="0" NEXTID="0" UPDATEDATE="2025-10-30" STARTDATE="2025-10-30" ENDDATE="2079-06-06" ISACTUAL="1" ISACTIVE="1" /><APARTMENT ID="112035054" OBJECTID="175598314" OBJECTGUID="a6fdbe65-85e4-4bb9-84e9-32c97e82926c" CHANGEID="691465190" NUMBER="1" APARTTYPE="2" OPERTYPEID="10" PREVID="0" NEXTID="0" UPDATEDATE="2025-10-30" STARTDATE="2025-10-30" ENDDATE="2079-06-06" ISACTUAL="1" ISACTIVE="1" /><APARTMENT ID="112035649" OBJECTID="175601038" OBJECTGUID="eff36b32-663d-45db-95d9-fd15af86a15f" CHANGEID="691468979" NUMBER="76" APARTTYPE="2" OPERTYPEID="10" PREVID="0" NEXTID="0" UPDATEDATE="2025-10-30" STARTDATE="2025-10-30" ENDDATE="2079-06-06" ISACTUAL="1" ISACTIVE="1" /><APARTMENT ID="112035651" OBJECTID="175601041" OBJECTGUID="739a9801-d856-4b12-a807-a9daf7ed720b" CHANGEID="691468984" NUMBER="5" APARTTYPE="2" OPERTYPEID="10" PREVID="0" NEXTID="0" UPDATEDATE="2025-10-30" STARTDATE="2025-10-30" ENDDATE="2079-06-06" ISACTUAL="1" ISACTIVE="1" /><APARTMENT ID="112035650" OBJECTID="175601039" OBJECTGUID="73c3344b-b89f-4953-ae24-b12fc677d176" CHANGEID="691468980" NUMBER="41" APARTTYPE="2" OPERTYPEID="10" PREVID="0" NEXTID="0" UPDATEDATE="2025-10-30" STARTDATE="2025-10-30" ENDDATE="2079-06-06" ISACTUAL="1" ISACTIVE="1" /><APARTMENT ID="112035653" OBJECTID="175601043" OBJECTGUID="977f3506-0c64-443b-9ef9-7afb874672be" CHANGEID="691468997" NUMBER="6" APARTTYPE="2" OPERTYPEID="10" PREVID="0" NEXTID="0" UPDATEDATE="2025-10-30" STARTDATE="2025-10-30" ENDDATE="2079-06-06" ISACTUAL="1" ISACTIVE="1" /><APARTMENT ID="112035654" OBJECTID="175601045" OBJECTGUID="cc41b888-3464-4b25-8420-18200af3417d" CHANGEID="691469014" NUMBER="64" APARTTYPE="2" OPERTYPEID="10" PREVID="0" NEXTID="0" UPDATEDATE="2025-10-30" STARTDATE="2025-10-30" ENDDATE="2079-06-06" ISACTUAL="1" ISACTIVE="1" /><APARTMENT ID="112035737" OBJECTID="175601694" OBJECTGUID="a0b00a6b-38a8-409c-8719-59788107302d" CHANGEID="691470298" NUMBER="228А" APARTTYPE="2" OPERTYPEID="10" PREVID="0" NEXTID="0" UPDATEDATE="2025-10-30" STARTDATE="2025-10-30" ENDDATE="2079-06-06" ISACTUAL="1" ISACTIVE="1" /><APARTMENT ID="112035738" OBJECTID="175601696" OBJECTGUID="3fb9d7d1-10f6-425c-9489-b41a61c72e6f" CHANGEID="691470302" NUMBER="236" APARTTYPE="2" OPERTYPEID="10" PREVID="0" NEXTID="0" UPDATEDATE="2025-10-30" STARTDATE="2025-10-30" ENDDATE="2079-06-06" ISACTUAL="1" ISACTIVE="1" /><APARTMENT ID="112035783" OBJECTID="175601767" OBJECTGUID="7e88609c-5529-4851-99d5-3e4aad6ea1d4" CHANGEID="691470410" NUMBER="637" APARTTYPE="2" OPERTYPEID="10" PREVID="0" NEXTID="0" UPDATEDATE="2025-10-30" STARTDATE="2025-10-30" ENDDATE="2079-06-06" ISACTUAL="1" ISACTIVE="1" /><APARTMENT ID="112035792" OBJECTID="175601769" OBJECTGUID="7ff830c0-a4f4-4837-9b2a-694648dde3b6" CHANGEID="691470423" NUMBER="540" APARTTYPE="2" OPERTYPEID="10" PREVID="0" NEXTID="0" UPDATEDATE="2025-10-30" STARTDATE="2025-10-30" ENDDATE="2079-06-06" ISACTUAL="1" ISACTIVE="1" /><APARTMENT ID="112035793" OBJECTID="175601772" OBJECTGUID="c053a802-bbe4-4770-b313-e70ed6289ade" CHANGEID="691470427" NUMBER="623" APARTTYPE="2" OPERTYPEID="10" PREVID="0" NEXTID="0" UPDATEDATE="2025-10-30" STARTDATE="2025-10-30" ENDDATE="2079-06-06" ISACTUAL="1" ISACTIVE="1" /><APARTMENT ID="112035794" OBJECTID="175601791" OBJECTGUID="c8cf9f24-d821-4999-8ec6-048c4be2a808" CHANGEID="691470451" NUMBER="632" APARTTYPE="2" OPERTYPEID="10" PREVID="0" NEXTID="0" UPDATEDATE="2025-10-30" STARTDATE="2025-10-30" ENDDATE="2079-06-06" ISACTUAL="1" ISACTIVE="1" /><APARTMENT ID="112035795" OBJECTID="175601795" OBJECTGUID="f4b554dd-9471-422a-9d58-daeaca83bb93" CHANGEID="691470457" NUMBER="621" APARTTYPE="2" OPERTYPEID="10" PREVID="0" NEXTID="0" UPDATEDATE="2025-10-30" STARTDATE="2025-10-30" ENDDATE="2079-06-06" ISACTUAL="1" ISACTIVE="1" /><APARTMENT ID="112035801" OBJECTID="175601806" OBJECTGUID="f3fc86c3-6979-486b-ad09-db46fff3c756" CHANGEID="691470481" NUMBER="617" APARTTYPE="2" OPERTYPEID="10" PREVID="0" NEXTID="0" UPDATEDATE="2025-10-30" STARTDATE="2025-10-30" ENDDATE="2079-06-06" ISACTUAL="1" ISACTIVE="1" /><APARTMENT ID="112035802" OBJECTID="175601810" OBJECTGUID="26262b51-239d-4418-af3e-3080500ed479" CHANGEID="691470485" NUMBER="625" APARTTYPE="2" OPERTYPEID="10" PREVID="0" NEXTID="0" UPDATEDATE="2025-10-30" STARTDATE="2025-10-30" ENDDATE="2079-06-06" ISACTUAL="1" ISACTIVE="1" /><APARTMENT ID="112035803" OBJECTID="175601814" OBJECTGUID="9cc819b4-d0eb-4e51-90cf-4a49e323e61f" CHANGEID="691470491" NUMBER="614" APARTTYPE="2" OPERTYPEID="10" PREVID="0" NEXTID="0" UPDATEDATE="2025-10-30" STARTDATE="2025-10-30" ENDDATE="2079-06-06" ISACTUAL="1" ISACTIVE="1" /><APARTMENT ID="112035804" OBJECTID="175601817" OBJECTGUID="666e9f3b-c744-435a-a8d5-eb00880a4b19" CHANGEID="691470495" NUMBER="536" APARTTYPE="2" OPERTYPEID="10" PREVID="0" NEXTID="0" UPDATEDATE="2025-10-30" STARTDATE="2025-10-30" ENDDATE="2079-06-06" ISACTUAL="1" ISACTIVE="1" /><APARTMENT ID="112035807" OBJECTID="175601854" OBJECTGUID="c7afb587-1606-4861-99cc-33d10d42a4cc" CHANGEID="691470540" NUMBER="703" APARTTYPE="2" OPERTYPEID="10" PREVID="0" NEXTID="0" UPDATEDATE="2025-10-30" STARTDATE="2025-10-30" ENDDATE="2079-06-06" ISACTUAL="1" ISACTIVE="1" /><APARTMENT ID="112035809" OBJECTID="175601903" OBJECTGUID="2d1cbe30-38e5-4c05-9824-3941fc65f3e6" CHANGEID="691470605" NUMBER="837" APARTTYPE="2" OPERTYPEID="10" PREVID="0" NEXTID="0" UPDATEDATE="2025-10-30" STARTDATE="2025-10-30" ENDDATE="2079-06-06" ISACTUAL="1" ISACTIVE="1" /><APARTMENT ID="112035810" OBJECTID="175601912" OBJECTGUID="c44a50c9-1271-48c6-be54-37e87a659613" CHANGEID="691470614" NUMBER="839" APARTTYPE="2" OPERTYPEID="10" PREVID="0" NEXTID="0" UPDATEDATE="2025-10-30" STARTDATE="2025-10-30" ENDDATE="2079-06-06" ISACTUAL="1" ISACTIVE="1" /><APARTMENT ID="112035811" OBJECTID="175601916" OBJECTGUID="af39e7b2-1614-4107-bddd-f9a8387123f2" CHANGEID="691470620" NUMBER="840" APARTTYPE="2" OPERTYPEID="10" PREVID="0" NEXTID="0" UPDATEDATE="2025-10-30" STARTDATE="2025-10-30" ENDDATE="2079-06-06" ISACTUAL="1" ISACTIVE="1" /><APARTMENT ID="112035812" OBJECTID="175601918" OBJECTGUID="e07b4859-7d44-4d27-940f-c25c34c95a92" CHANGEID="691470622" NUMBER="911" APARTTYPE="2" OPERTYPEID="10" PREVID="0" NEXTID="0" UPDATEDATE="2025-10-30" STARTDATE="2025-10-30" ENDDATE="2079-06-06" ISACTUAL="1" ISACTIVE="1" /><APARTMENT ID="112035813" OBJECTID="175601924" OBJECTGUID="420985dc-98aa-4066-931f-aeea804889bd" CHANGEID="691470629" NUMBER="921" APARTTYPE="2" OPERTYPEID="10" PREVID="0" NEXTID="0" UPDATEDATE="2025-10-30" STARTDATE="2025-10-30" ENDDATE="2079-06-06" ISACTUAL="1" ISACTIVE="1" /><APARTMENT ID="112035782" OBJECTID="175601760" OBJECTGUID="4fce0192-b6ec-470c-b41a-1468603fca29" CHANGEID="691470397" NUMBER="706" APARTTYPE="2" OPERTYPEID="10" PREVID="0" NEXTID="0" UPDATEDATE="2025-10-30" STARTDATE="2025-10-30" ENDDATE="2079-06-06" ISACTUAL="1" ISACTIVE="1" /><APARTMENT ID="112035796" OBJECTID="175601801" OBJECTGUID="02008983-404d-4e60-b6c7-5f2dee81aff3" CHANGEID="691470470" NUMBER="609" APARTTYPE="2" OPERTYPEID="10" PREVID="0" NEXTID="0" UPDATEDATE="2025-10-30" STARTDATE="2025-10-30" ENDDATE="2079-06-06" ISACTUAL="1" ISACTIVE="1" /><APARTMENT ID="112035800" OBJECTID="175601803" OBJECTGUID="6cd1b6f1-efe2-43be-994e-bf54801b9b2b" CHANGEID="691470476" NUMBER="636" APARTTYPE="2" OPERTYPEID="10" PREVID="0" NEXTID="0" UPDATEDATE="2025-10-30" STARTDATE="2025-10-30" ENDDATE="2079-06-06" ISACTUAL="1" ISACTIVE="1" /><APARTMENT ID="112035805" OBJECTID="175601821" OBJECTGUID="c69f2e6f-bf6c-4c65-9055-5b51de2032ed" CHANGEID="691470502" NUMBER="642" APARTTYPE="2" OPERTYPEID="10" PREVID="0" NEXTID="0" UPDATEDATE="2025-10-30" STARTDATE="2025-10-30" ENDDATE="2079-06-06" ISACTUAL="1" ISACTIVE="1" /><APARTMENT ID="112035806" OBJECTID="175601847" OBJECTGUID="80030b4c-c547-406c-8234-40b3684a10ee" CHANGEID="691470532" NUMBER="702" APARTTYPE="2" OPERTYPEID="10" PREVID="0" NEXTID="0" UPDATEDATE="2025-10-30" STARTDATE="2025-10-30" ENDDATE="2079-06-06" ISACTUAL="1" ISACTIVE="1" /><APARTMENT ID="112035808" OBJECTID="175601871" OBJECTGUID="188dc821-62a4-4eca-ac69-dfd25fb4ec68" CHANGEID="691470558" NUMBER="709" APARTTYPE="2" OPERTYPEID="10" PREVID="0" NEXTID="0" UPDATEDATE="2025-10-30" STARTDATE="2025-10-30" ENDDATE="2079-06-06" ISACTUAL="1" ISACTIVE="1" /><APARTMENT ID="112035814" OBJECTID="175601927" OBJECTGUID="16c08425-b38d-4c3f-935a-935092491484" CHANGEID="691470632" NUMBER="933" APARTTYPE="2" OPERTYPEID="10" PREVID="0" NEXTID="0" UPDATEDATE="2025-10-30" STARTDATE="2025-10-30" ENDDATE="2079-06-06" ISACTUAL="1" ISACTIVE="1" /><APARTMENT ID="112040093" OBJECTID="175616351" OBJECTGUID="d3e0a4f4-1c9c-4d85-a76c-07eacc786b74" CHANGEID="691495188" NUMBER="1" APARTTYPE="1" OPERTYPEID="10" PREVID="0" NEXTID="0" UPDATEDATE="2025-10-31" STARTDATE="2025-10-31" ENDDATE="2079-06-06" ISACTUAL="1" ISACTIVE="1" /><APARTMENT ID="112040101" OBJECTID="83843051" OBJECTGUID="6bb45faa-a276-477a-9e21-218490a23be2" CHANGEID="691495268" NUMBER="1" APARTTYPE="2" OPERTYPEID="30" PREVID="50173035" NEXTID="0" UPDATEDATE="2025-10-31" STARTDATE="2025-10-31" ENDDATE="2079-06-06" ISACTUAL="1" ISACTIVE="0" /><APARTMENT ID="112040131" OBJECTID="175616714" OBJECTGUID="2b953007-b9cd-4916-9b07-041d5f933d16" CHANGEID="691495785" NUMBER="313" APARTTYPE="2" OPERTYPEID="10" PREVID="0" NEXTID="0" UPDATEDATE="2025-10-31" STARTDATE="2025-10-31" ENDDATE="2079-06-06" ISACTUAL="1" ISACTIVE="1" /><APARTMENT ID="112040132" OBJECTID="175616716" OBJECTGUID="1e86252b-91f0-460e-9c2b-ba77568f528b" CHANGEID="691495792" NUMBER="232" APARTTYPE="2" OPERTYPEID="10" PREVID="0" NEXTID="0" UPDATEDATE="2025-10-31" STARTDATE="2025-10-31" ENDDATE="2079-06-06" ISACTUAL="1" ISACTIVE="1" /><APARTMENT ID="112040135" OBJECTID="175616734" OBJECTGUID="03d2f9c5-dc79-4cc9-a9a5-0b591e9dbb5d" CHANGEID="691495815" NUMBER="154" APARTTYPE="2" OPERTYPEID="10" PREVID="0" NEXTID="0" UPDATEDATE="2025-10-31" STARTDATE="2025-10-31" ENDDATE="2079-06-06" ISACTUAL="1" ISACTIVE="1" /><APARTMENT ID="112040136" OBJECTID="175616735" OBJECTGUID="255e6ae2-0bb4-4a71-9b79-a6f9a2c2ad01" CHANGEID="691495817" NUMBER="150" APARTTYPE="2" OPERTYPEID="10" PREVID="0" NEXTID="0" UPDATEDATE="2025-10-31" STARTDATE="2025-10-31" ENDDATE="2079-06-06" ISACTUAL="1" ISACTIVE="1" /><APARTMENT ID="112040148" OBJECTID="175616799" OBJECTGUID="34fe451e-7ccd-45d7-95e7-7f4b93129ef2" CHANGEID="691495891" NUMBER="815" APARTTYPE="2" OPERTYPEID="10" PREVID="0" NEXTID="0" UPDATEDATE="2025-10-31" STARTDATE="2025-10-31" ENDDATE="2079-06-06" ISACTUAL="1" ISACTIVE="1" /><APARTMENT ID="112040431" OBJECTID="175617456" OBJECTGUID="6088b349-3ab7-4129-a364-06365f10d9e5" CHANGEID="691497247" NUMBER="116" APARTTYPE="2" OPERTYPEID="10" PREVID="0" NEXTID="0" UPDATEDATE="2025-10-31" STARTDATE="2025-10-31" ENDDATE="2079-06-06" ISACTUAL="1" ISACTIVE="1" /><APARTMENT ID="112040476" OBJECTID="175617693" OBJECTGUID="e333cbd3-27b9-491f-b753-9319f872aeb2" CHANGEID="691497570" NUMBER="2" APARTTYPE="1" OPERTYPEID="10" PREVID="0" NEXTID="0" UPDATEDATE="2025-10-31" STARTDATE="2025-10-31" ENDDATE="2079-06-06" ISACTUAL="1" ISACTIVE="1" /><APARTMENT ID="112041159" OBJECTID="68066217" OBJECTGUID="2f353e8e-6da3-4772-94d9-8d74b7d69c90" CHANGEID="691499078" NUMBER="1" APARTTYPE="2" OPERTYPEID="30" PREVID="40583709" NEXTID="0" UPDATEDATE="2025-10-31" STARTDATE="2025-10-31" ENDDATE="2079-06-06" ISACTUAL="1" ISACTIVE="0" /><APARTMENT ID="40583709" OBJECTID="68066217" OBJECTGUID="2f353e8e-6da3-4772-94d9-8d74b7d69c90" CHANGEID="101465650" NUMBER="1" APARTTYPE="2" OPERTYPEID="10" PREVID="0" NEXTID="112041159" UPDATEDATE="2025-10-31" STARTDATE="2018-12-03" ENDDATE="2025-10-31" ISACTUAL="0" ISACTIVE="0" /><APARTMENT ID="112041160" OBJECTID="68066395" OBJECTGUID="fce4446a-b2ff-429e-81b5-76068cf3b7de" CHANGEID="691499079" NUMBER="2" APARTTYPE="2" OPERTYPEID="30" PREVID="40583793" NEXTID="0" UPDATEDATE="2025-10-31" STARTDATE="2025-10-31" ENDDATE="2079-06-06" ISACTUAL="1" ISACTIVE="0" /><APARTMENT ID="40583793" OBJECTID="68066395" OBJECTGUID="fce4446a-b2ff-429e-81b5-76068cf3b7de" CHANGEID="101465921" NUMBER="2" APARTTYPE="2" OPERTYPEID="10" PREVID="0" NEXTID="112041160" UPDATEDATE="2025-10-31" STARTDATE="2018-12-03" ENDDATE="2025-10-31" ISACTUAL="0" ISACTIVE="0" /><APARTMENT ID="112041154" OBJECTID="175618797" OBJECTGUID="a8edbb92-e724-4d22-a94b-ebf949702823" CHANGEID="691498944" NUMBER="1" APARTTYPE="2" OPERTYPEID="10" PREVID="0" NEXTID="0" UPDATEDATE="2025-10-31" STARTDATE="2025-10-31" ENDDATE="2079-06-06" ISACTUAL="1" ISACTIVE="1" /><APARTMENT ID="112041586" OBJECTID="8370847" OBJECTGUID="dbfb3281-f9cc-4542-a916-d6261c612e64" CHANGEID="691500043" NUMBER="10" APARTTYPE="2" OPERTYPEID="30" PREVID="4214732" NEXTID="0" UPDATEDATE="2025-10-31" STARTDATE="2025-10-31" ENDDATE="2079-06-06" ISACTUAL="1" ISACTIVE="0" /><APARTMENT ID="112042486" OBJECTID="175622288" OBJECTGUID="1b6cf7ea-f8b8-48bd-af6a-9fa2eb0206aa" CHANGEID="691504489" NUMBER="565" APARTTYPE="1" OPERTYPEID="10" PREVID="0" NEXTID="0" UPDATEDATE="2025-10-31" STARTDATE="2025-10-31" ENDDATE="2079-06-06" ISACTUAL="1" ISACTIVE="1" /><APARTMENT ID="112043022" OBJECTID="29021970" OBJECTGUID="192b4a1f-bb09-4869-9ccb-4013d2ce387b" CHANGEID="691509368" NUMBER="112" APARTTYPE="2" OPERTYPEID="30" PREVID="16671815" NEXTID="0" UPDATEDATE="2025-10-31" STARTDATE="2025-10-31" ENDDATE="2079-06-06" ISACTUAL="1" ISACTIVE="0" /><APARTMENT ID="16671815" OBJECTID="29021970" OBJECTGUID="192b4a1f-bb09-4869-9ccb-4013d2ce387b" CHANGEID="44581799" NUMBER="112" APARTTYPE="2" OPERTYPEID="10" PREVID="0" NEXTID="112043022" UPDATEDATE="2025-10-31" STARTDATE="2018-10-19" ENDDATE="2025-10-31" ISACTUAL="0" ISACTIVE="0" /><APARTMENT ID="112043023" OBJECTID="29023946" OBJECTGUID="280100bb-cd02-423c-a811-17e846564c67" CHANGEID="691509369" NUMBER="110" APARTTYPE="2" OPERTYPEID="30" PREVID="16673215" NEXTID="0" UPDATEDATE="2025-10-31" STARTDATE="2025-10-31" ENDDATE="2079-06-06" ISACTUAL="1" ISACTIVE="0" /><APARTMENT ID="16673215" OBJECTID="29023946" OBJECTGUID="280100bb-cd02-423c-a811-17e846564c67" CHANGEID="44584477" NUMBER="110" APARTTYPE="2" OPERTYPEID="10" PREVID="0" NEXTID="112043023" UPDATEDATE="2025-10-31" STARTDATE="2018-10-19" ENDDATE="2025-10-31" ISACTUAL="0" ISACTIVE="0" /><APARTMENT ID="112043024" OBJECTID="29024005" OBJECTGUID="2a61b323-c668-4101-8276-a3406a347331" CHANGEID="691509370" NUMBER="109" APARTTYPE="2" OPERTYPEID="30" PREVID="16673270" NEXTID="0" UPDATEDATE="2025-10-31" STARTDATE="2025-10-31" ENDDATE="2079-06-06" ISACTUAL="1" ISACTIVE="0" /><APARTMENT ID="16673270" OBJECTID="29024005" OBJECTGUID="2a61b323-c668-4101-8276-a3406a347331" CHANGEID="44584581" NUMBER="109" APARTTYPE="2" OPERTYPEID="10" PREVID="0" NEXTID="112043024" UPDATEDATE="2025-10-31" STARTDATE="2018-10-19" ENDDATE="2025-10-31" ISACTUAL="0" ISACTIVE="0" /><APARTMENT ID="112043025" OBJECTID="29033014" OBJECTGUID="6d327a2c-c125-40dd-a6fe-cfbc5202dbf9" CHANGEID="691509371" NUMBER="217" APARTTYPE="2" OPERTYPEID="30" PREVID="16679778" NEXTID="0" UPDATEDATE="2025-10-31" STARTDATE="2025-10-31" ENDDATE="2079-06-06" ISACTUAL="1" ISACTIVE="0" /><APARTMENT ID="16679778" OBJECTID="29033014" OBJECTGUID="6d327a2c-c125-40dd-a6fe-cfbc5202dbf9" CHANGEID="44596551" NUMBER="217" APARTTYPE="2" OPERTYPEID="10" PREVID="0" NEXTID="112043025" UPDATEDATE="2025-10-31" STARTDATE="2018-10-19" ENDDATE="2025-10-31" ISACTUAL="0" ISACTIVE="0" /><APARTMENT ID="112043032" OBJECTID="175625281" OBJECTGUID="8816c818-3829-44fa-b569-d66d88842edf" CHANGEID="691509634" NUMBER="2" APARTTYPE="2" OPERTYPEID="10" PREVID="0" NEXTID="0" UPDATEDATE="2025-10-31" STARTDATE="2025-10-31" ENDDATE="2079-06-06" ISACTUAL="1" ISACTIVE="1" /><APARTMENT ID="112043033" OBJECTID="175625282" OBJECTGUID="fdd99482-0d73-4417-90b5-067db6227a92" CHANGEID="691509635" NUMBER="1" APARTTYPE="2" OPERTYPEID="10" PREVID="0" NEXTID="0" UPDATEDATE="2025-10-31" STARTDATE="2025-10-31" ENDDATE="2079-06-06" ISACTUAL="1" ISACTIVE="1" /><APARTMENT ID="112043041" OBJECTID="175625346" OBJECTGUID="bf2fef13-f1c1-4731-8277-a94a0b157703" CHANGEID="691509748" NUMBER="17" APARTTYPE="1" OPERTYPEID="10" PREVID="0" NEXTID="0" UPDATEDATE="2025-10-31" STARTDATE="2025-10-31" ENDDATE="2079-06-06" ISACTUAL="1" ISACTIVE="1" /><APARTMENT ID="112043065" OBJECTID="166433701" OBJECTGUID="162ddb65-b647-4314-85ea-2d1d7038e8cb" CHANGEID="691510004" NUMBER="2" APARTTYPE="2" OPERTYPEID="30" PREVID="108963170" NEXTID="0" UPDATEDATE="2025-10-31" STARTDATE="2025-10-31" ENDDATE="2079-06-06" ISACTUAL="1" ISACTIVE="0" /><APARTMENT ID="112043745" OBJECTID="62043484" OBJECTGUID="1fa48184-68fe-4870-a649-7068125b8fed" CHANGEID="691512859" NUMBER="81" APARTTYPE="1" OPERTYPEID="20" PREVID="36941670" UPDATEDATE="2025-10-31" STARTDATE="2025-10-31" ENDDATE="2079-06-06" ISACTUAL="1" ISACTIVE="1" /><APARTMENT ID="36941670" OBJECTID="62043484" OBJECTGUID="1fa48184-68fe-4870-a649-7068125b8fed" CHANGEID="92643128" NUMBER="81" APARTTYPE="2" OPERTYPEID="10" PREVID="0" NEXTID="112043745" UPDATEDATE="2025-10-31" STARTDATE="2018-10-15" ENDDATE="2025-10-31" ISACTUAL="0" ISACTIVE="0" /><APARTMENT ID="112043748" OBJECTID="175627604" OBJECTGUID="be2991ef-dd6b-4f8b-b9d1-63002d4dd93d" CHANGEID="691512942" NUMBER="82/3" APARTTYPE="1" OPERTYPEID="10" PREVID="0" NEXTID="0" UPDATEDATE="2025-10-31" STARTDATE="2025-10-31" ENDDATE="2079-06-06" ISACTUAL="1" ISACTIVE="1" /><APARTMENT ID="112043749" OBJECTID="175627605" OBJECTGUID="0a5ea953-7f8c-461d-aaea-5bd641b312b2" CHANGEID="691512943" NUMBER="82/2" APARTTYPE="1" OPERTYPEID="10" PREVID="0" NEXTID="0" UPDATEDATE="2025-10-31" STARTDATE="2025-10-31" ENDDATE="2079-06-06" ISACTUAL="1" ISACTIVE="1" /><APARTMENT ID="112043747" OBJECTID="172020774" OBJECTGUID="4858e293-c58b-415d-8780-ca8db46a8617" CHANGEID="691512872" NUMBER="82/1" APARTTYPE="1" OPERTYPEID="20" PREVID="110823741" UPDATEDATE="2025-10-31" STARTDATE="2025-10-31" ENDDATE="2079-06-06" ISACTUAL="1" ISACTIVE="1" /><APARTMENT ID="112043754" OBJECTID="49024266" OBJECTGUID="7e1b99c9-8459-411a-9208-7290eb5eb054" CHANGEID="691513058" NUMBER="99" APARTTYPE="1" OPERTYPEID="20" PREVID="28989884" UPDATEDATE="2025-10-31" STARTDATE="2025-10-31" ENDDATE="2079-06-06" ISACTUAL="1" ISACTIVE="1" /><APARTMENT ID="28989884" OBJECTID="49024266" OBJECTGUID="7e1b99c9-8459-411a-9208-7290eb5eb054" CHANGEID="73651651" NUMBER="99" APARTTYPE="2" OPERTYPEID="10" PREVID="0" NEXTID="112043754" UPDATEDATE="2025-10-31" STARTDATE="2018-10-09" ENDDATE="2025-10-31" ISACTUAL="0" ISACTIVE="0" /><APARTMENT ID="112044952" OBJECTID="175630985" OBJECTGUID="490b8634-d35c-40b8-8777-204e1335f115" CHANGEID="691518108" NUMBER="77" APARTTYPE="2" OPERTYPEID="10" PREVID="0" NEXTID="0" UPDATEDATE="2025-10-31" STARTDATE="2025-10-31" ENDDATE="2079-06-06" ISACTUAL="1" ISACTIVE="1" /><APARTMENT ID="112049991" OBJECTID="95572728" OBJECTGUID="47bb7bdb-85f4-465c-b8da-c1e5b9090a24" CHANGEID="691555039" NUMBER="3" APARTTYPE="2" OPERTYPEID="30" PREVID="50739751" NEXTID="0" UPDATEDATE="2025-11-01" STARTDATE="2025-11-01" ENDDATE="2079-06-06" ISACTUAL="1" ISACTIVE="0" /><APARTMENT ID="50739751" OBJECTID="95572728" OBJECTGUID="47bb7bdb-85f4-465c-b8da-c1e5b9090a24" CHANGEID="138908441" NUMBER="3" APARTTYPE="2" OPERTYPEID="10" PREVID="0" NEXTID="112049991" UPDATEDATE="2025-11-01" STARTDATE="2020-02-11" ENDDATE="2025-11-01" ISACTUAL="0" ISACTIVE="0" /></APARTMENTS>