﻿<?xml version="1.0" encoding="utf-8"?><APARTMENTS><APARTMENT ID="108871424" OBJECTID="166131600" OBJECTGUID="2c7be561-323e-450c-aa10-c21dbc9f8859" CHANGEID="603993469" NUMBER="62" APARTTYPE="2" OPERTYPEID="10" PREVID="0" NEXTID="112056750" UPDATEDATE="2025-11-01" STARTDATE="2024-10-10" ENDDATE="2025-11-01" ISACTUAL="0" ISACTIVE="0" /><APARTMENT ID="108871425" OBJECTID="166131601" OBJECTGUID="c5a2ec61-7b60-468d-b6c8-838101793223" CHANGEID="603993470" NUMBER="63" APARTTYPE="2" OPERTYPEID="10" PREVID="0" NEXTID="112056751" UPDATEDATE="2025-11-01" STARTDATE="2024-10-10" ENDDATE="2025-11-01" ISACTUAL="0" ISACTIVE="0" /><APARTMENT ID="112032738" OBJECTID="175590415" OBJECTGUID="f126df5b-ec0e-428b-8dde-0bce93bb0ea1" CHANGEID="691451525" NUMBER="357" APARTTYPE="2" OPERTYPEID="10" PREVID="0" NEXTID="0" UPDATEDATE="2025-10-30" STARTDATE="2025-10-30" ENDDATE="2079-06-06" ISACTUAL="1" ISACTIVE="1" /><APARTMENT ID="112032739" OBJECTID="175590416" OBJECTGUID="8228620c-36e4-44f6-b3a5-08ae794c376b" CHANGEID="691451526" NUMBER="356" APARTTYPE="2" OPERTYPEID="10" PREVID="0" NEXTID="0" UPDATEDATE="2025-10-30" STARTDATE="2025-10-30" ENDDATE="2079-06-06" ISACTUAL="1" ISACTIVE="1" /><APARTMENT ID="112044683" OBJECTID="175630507" OBJECTGUID="d5cfe3bb-7111-44b8-bf19-22350d4c59cf" CHANGEID="691517409" NUMBER="44" APARTTYPE="2" OPERTYPEID="10" PREVID="0" NEXTID="0" UPDATEDATE="2025-10-31" STARTDATE="2025-10-31" ENDDATE="2079-06-06" ISACTUAL="1" ISACTIVE="1" /><APARTMENT ID="112044684" OBJECTID="175630508" OBJECTGUID="200df3f3-d675-4815-958a-cd50cc59cc9e" CHANGEID="691517410" NUMBER="43" APARTTYPE="2" OPERTYPEID="10" PREVID="0" NEXTID="0" UPDATEDATE="2025-10-31" STARTDATE="2025-10-31" ENDDATE="2079-06-06" ISACTUAL="1" ISACTIVE="1" /><APARTMENT ID="112044682" OBJECTID="175630365" OBJECTGUID="6dbf1d4f-f3da-4b39-9917-6b9f30fd4060" CHANGEID="691517244" NUMBER="8Н" APARTTYPE="1" OPERTYPEID="10" PREVID="0" NEXTID="0" UPDATEDATE="2025-10-31" STARTDATE="2025-10-31" ENDDATE="2079-06-06" ISACTUAL="1" ISACTIVE="1" /><APARTMENT ID="112044742" OBJECTID="175630740" OBJECTGUID="f0ef8a86-6c2e-4add-80ef-2c20c89129d5" CHANGEID="691517666" NUMBER="3" APARTTYPE="2" OPERTYPEID="10" PREVID="0" NEXTID="0" UPDATEDATE="2025-10-31" STARTDATE="2025-10-31" ENDDATE="2079-06-06" ISACTUAL="1" ISACTIVE="1" /><APARTMENT ID="112044743" OBJECTID="175630741" OBJECTGUID="175baf94-2679-4823-bcdc-2f26c4b19392" CHANGEID="691517667" NUMBER="2" APARTTYPE="2" OPERTYPEID="10" PREVID="0" NEXTID="0" UPDATEDATE="2025-10-31" STARTDATE="2025-10-31" ENDDATE="2079-06-06" ISACTUAL="1" ISACTIVE="1" /><APARTMENT ID="112044744" OBJECTID="175630742" OBJECTGUID="75b5e341-765d-4f33-afc9-d9a2f1708af2" CHANGEID="691517668" NUMBER="1" APARTTYPE="2" OPERTYPEID="10" PREVID="0" NEXTID="0" UPDATEDATE="2025-10-31" STARTDATE="2025-10-31" ENDDATE="2079-06-06" ISACTUAL="1" ISACTIVE="1" /><APARTMENT ID="112044685" OBJECTID="175630509" OBJECTGUID="9eaf62c0-bc1c-4344-a0ee-5073f452b94a" CHANGEID="691517411" NUMBER="42" APARTTYPE="2" OPERTYPEID="10" PREVID="0" NEXTID="0" UPDATEDATE="2025-10-31" STARTDATE="2025-10-31" ENDDATE="2079-06-06" ISACTUAL="1" ISACTIVE="1" /><APARTMENT ID="112044686" OBJECTID="175630510" OBJECTGUID="66093870-f558-49b8-97fe-7d99d4e1841e" CHANGEID="691517412" NUMBER="41" APARTTYPE="2" OPERTYPEID="10" PREVID="0" NEXTID="0" UPDATEDATE="2025-10-31" STARTDATE="2025-10-31" ENDDATE="2079-06-06" ISACTUAL="1" ISACTIVE="1" /><APARTMENT ID="112044687" OBJECTID="175630511" OBJECTGUID="77b2a954-062e-4249-88bd-fae25ed6ae3c" CHANGEID="691517413" NUMBER="40" APARTTYPE="2" OPERTYPEID="10" PREVID="0" NEXTID="0" UPDATEDATE="2025-10-31" STARTDATE="2025-10-31" ENDDATE="2079-06-06" ISACTUAL="1" ISACTIVE="1" /><APARTMENT ID="112044688" OBJECTID="175630512" OBJECTGUID="5fe82eb7-331f-438c-b8d0-53c7ef0ea986" CHANGEID="691517414" NUMBER="39" APARTTYPE="2" OPERTYPEID="10" PREVID="0" NEXTID="0" UPDATEDATE="2025-10-31" STARTDATE="2025-10-31" ENDDATE="2079-06-06" ISACTUAL="1" ISACTIVE="1" /><APARTMENT ID="112044689" OBJECTID="175630513" OBJECTGUID="a6f81e9d-81fb-4839-ba66-08526229b0c4" CHANGEID="691517415" NUMBER="38" APARTTYPE="2" OPERTYPEID="10" PREVID="0" NEXTID="0" UPDATEDATE="2025-10-31" STARTDATE="2025-10-31" ENDDATE="2079-06-06" ISACTUAL="1" ISACTIVE="1" /><APARTMENT ID="112044690" OBJECTID="175630514" OBJECTGUID="335f33a0-fe7d-4b17-ad4d-2e86753e8ed3" CHANGEID="691517416" NUMBER="37" APARTTYPE="2" OPERTYPEID="10" PREVID="0" NEXTID="0" UPDATEDATE="2025-10-31" STARTDATE="2025-10-31" ENDDATE="2079-06-06" ISACTUAL="1" ISACTIVE="1" /><APARTMENT ID="112044691" OBJECTID="175630515" OBJECTGUID="8c3dea33-8b49-468c-9131-900d2df41a4f" CHANGEID="691517417" NUMBER="28" APARTTYPE="2" OPERTYPEID="10" PREVID="0" NEXTID="0" UPDATEDATE="2025-10-31" STARTDATE="2025-10-31" ENDDATE="2079-06-06" ISACTUAL="1" ISACTIVE="1" /><APARTMENT ID="112044692" OBJECTID="175630516" OBJECTGUID="319cfa09-0adb-457b-aa57-26b7faa00327" CHANGEID="691517418" NUMBER="27" APARTTYPE="2" OPERTYPEID="10" PREVID="0" NEXTID="0" UPDATEDATE="2025-10-31" STARTDATE="2025-10-31" ENDDATE="2079-06-06" ISACTUAL="1" ISACTIVE="1" /><APARTMENT ID="112044693" OBJECTID="175630517" OBJECTGUID="f0a8df22-8141-4759-b643-bac2dea4c62c" CHANGEID="691517419" NUMBER="26" APARTTYPE="2" OPERTYPEID="10" PREVID="0" NEXTID="0" UPDATEDATE="2025-10-31" STARTDATE="2025-10-31" ENDDATE="2079-06-06" ISACTUAL="1" ISACTIVE="1" /><APARTMENT ID="112044694" OBJECTID="175630518" OBJECTGUID="ac2be2d5-2ece-4f9e-906b-b82a3f7b08cc" CHANGEID="691517420" NUMBER="25" APARTTYPE="2" OPERTYPEID="10" PREVID="0" NEXTID="0" UPDATEDATE="2025-10-31" STARTDATE="2025-10-31" ENDDATE="2079-06-06" ISACTUAL="1" ISACTIVE="1" /><APARTMENT ID="112044695" OBJECTID="175630519" OBJECTGUID="b7d30756-995d-46ed-92be-ac498913be1b" CHANGEID="691517421" NUMBER="24" APARTTYPE="2" OPERTYPEID="10" PREVID="0" NEXTID="0" UPDATEDATE="2025-10-31" STARTDATE="2025-10-31" ENDDATE="2079-06-06" ISACTUAL="1" ISACTIVE="1" /><APARTMENT ID="112044696" OBJECTID="175630520" OBJECTGUID="2ec2ce2f-014c-4769-8b03-081e307b994e" CHANGEID="691517422" NUMBER="23" APARTTYPE="2" OPERTYPEID="10" PREVID="0" NEXTID="0" UPDATEDATE="2025-10-31" STARTDATE="2025-10-31" ENDDATE="2079-06-06" ISACTUAL="1" ISACTIVE="1" /><APARTMENT ID="112044697" OBJECTID="175630521" OBJECTGUID="3dc33044-4af3-49af-bc5b-114b04f37851" CHANGEID="691517423" NUMBER="22" APARTTYPE="2" OPERTYPEID="10" PREVID="0" NEXTID="0" UPDATEDATE="2025-10-31" STARTDATE="2025-10-31" ENDDATE="2079-06-06" ISACTUAL="1" ISACTIVE="1" /><APARTMENT ID="112044698" OBJECTID="175630522" OBJECTGUID="4bfa1d30-4506-4509-b71d-98eea57eb89a" CHANGEID="691517424" NUMBER="21" APARTTYPE="2" OPERTYPEID="10" PREVID="0" NEXTID="0" UPDATEDATE="2025-10-31" STARTDATE="2025-10-31" ENDDATE="2079-06-06" ISACTUAL="1" ISACTIVE="1" /><APARTMENT ID="112044699" OBJECTID="175630523" OBJECTGUID="a0c9a36b-325c-4a0c-a0c8-86b9a9920a21" CHANGEID="691517425" NUMBER="20" APARTTYPE="2" OPERTYPEID="10" PREVID="0" NEXTID="0" UPDATEDATE="2025-10-31" STARTDATE="2025-10-31" ENDDATE="2079-06-06" ISACTUAL="1" ISACTIVE="1" /><APARTMENT ID="112044700" OBJECTID="175630524" OBJECTGUID="16922a5c-b37d-42c0-91a2-fa0e8f3b9573" CHANGEID="691517426" NUMBER="19" APARTTYPE="2" OPERTYPEID="10" PREVID="0" NEXTID="0" UPDATEDATE="2025-10-31" STARTDATE="2025-10-31" ENDDATE="2079-06-06" ISACTUAL="1" ISACTIVE="1" /><APARTMENT ID="112044701" OBJECTID="175630525" OBJECTGUID="d70981ed-fb3f-4438-b9b8-9d4f4ea1b2d5" CHANGEID="691517427" NUMBER="18" APARTTYPE="2" OPERTYPEID="10" PREVID="0" NEXTID="0" UPDATEDATE="2025-10-31" STARTDATE="2025-10-31" ENDDATE="2079-06-06" ISACTUAL="1" ISACTIVE="1" /><APARTMENT ID="112044702" OBJECTID="175630526" OBJECTGUID="b82a3ea0-c918-43c7-bf81-abba0ea839c3" CHANGEID="691517428" NUMBER="17" APARTTYPE="2" OPERTYPEID="10" PREVID="0" NEXTID="0" UPDATEDATE="2025-10-31" STARTDATE="2025-10-31" ENDDATE="2079-06-06" ISACTUAL="1" ISACTIVE="1" /><APARTMENT ID="112044703" OBJECTID="175630527" OBJECTGUID="d821c13b-24a7-4739-820c-6a76a05f7ba5" CHANGEID="691517429" NUMBER="16" APARTTYPE="2" OPERTYPEID="10" PREVID="0" NEXTID="0" UPDATEDATE="2025-10-31" STARTDATE="2025-10-31" ENDDATE="2079-06-06" ISACTUAL="1" ISACTIVE="1" /><APARTMENT ID="112044704" OBJECTID="175630528" OBJECTGUID="291eb438-8d43-4af5-97c3-6f5edbc19be1" CHANGEID="691517430" NUMBER="36" APARTTYPE="2" OPERTYPEID="10" PREVID="0" NEXTID="0" UPDATEDATE="2025-10-31" STARTDATE="2025-10-31" ENDDATE="2079-06-06" ISACTUAL="1" ISACTIVE="1" /><APARTMENT ID="112044705" OBJECTID="175630529" OBJECTGUID="27a054a7-6e90-46cc-9f3c-90ec2091f46d" CHANGEID="691517431" NUMBER="35" APARTTYPE="2" OPERTYPEID="10" PREVID="0" NEXTID="0" UPDATEDATE="2025-10-31" STARTDATE="2025-10-31" ENDDATE="2079-06-06" ISACTUAL="1" ISACTIVE="1" /><APARTMENT ID="112044706" OBJECTID="175630530" OBJECTGUID="c44b7414-7299-4ca0-80ef-2c23d7b93044" CHANGEID="691517432" NUMBER="34" APARTTYPE="2" OPERTYPEID="10" PREVID="0" NEXTID="0" UPDATEDATE="2025-10-31" STARTDATE="2025-10-31" ENDDATE="2079-06-06" ISACTUAL="1" ISACTIVE="1" /><APARTMENT ID="112044707" OBJECTID="175630531" OBJECTGUID="4e37b60d-81ea-4b95-a2f8-df75685f8491" CHANGEID="691517433" NUMBER="33" APARTTYPE="2" OPERTYPEID="10" PREVID="0" NEXTID="0" UPDATEDATE="2025-10-31" STARTDATE="2025-10-31" ENDDATE="2079-06-06" ISACTUAL="1" ISACTIVE="1" /><APARTMENT ID="112044708" OBJECTID="175630532" OBJECTGUID="bae39bf9-b917-4703-9114-ef3cef84edc2" CHANGEID="691517434" NUMBER="32" APARTTYPE="2" OPERTYPEID="10" PREVID="0" NEXTID="0" UPDATEDATE="2025-10-31" STARTDATE="2025-10-31" ENDDATE="2079-06-06" ISACTUAL="1" ISACTIVE="1" /><APARTMENT ID="112044709" OBJECTID="175630533" OBJECTGUID="df85df3d-7736-4dd0-8d96-f92f09ae201a" CHANGEID="691517435" NUMBER="31" APARTTYPE="2" OPERTYPEID="10" PREVID="0" NEXTID="0" UPDATEDATE="2025-10-31" STARTDATE="2025-10-31" ENDDATE="2079-06-06" ISACTUAL="1" ISACTIVE="1" /><APARTMENT ID="112044710" OBJECTID="175630534" OBJECTGUID="1dc225ad-f9db-4518-9655-61f97b43ae02" CHANGEID="691517436" NUMBER="30" APARTTYPE="2" OPERTYPEID="10" PREVID="0" NEXTID="0" UPDATEDATE="2025-10-31" STARTDATE="2025-10-31" ENDDATE="2079-06-06" ISACTUAL="1" ISACTIVE="1" /><APARTMENT ID="112044711" OBJECTID="175630535" OBJECTGUID="cf2a4837-3641-4886-8cdd-7c6349eed22c" CHANGEID="691517437" NUMBER="29" APARTTYPE="2" OPERTYPEID="10" PREVID="0" NEXTID="0" UPDATEDATE="2025-10-31" STARTDATE="2025-10-31" ENDDATE="2079-06-06" ISACTUAL="1" ISACTIVE="1" /><APARTMENT ID="112044712" OBJECTID="175630536" OBJECTGUID="b765b7a6-62aa-4ca6-9f99-1b953c03cee9" CHANGEID="691517438" NUMBER="15" APARTTYPE="2" OPERTYPEID="10" PREVID="0" NEXTID="0" UPDATEDATE="2025-10-31" STARTDATE="2025-10-31" ENDDATE="2079-06-06" ISACTUAL="1" ISACTIVE="1" /><APARTMENT ID="112044713" OBJECTID="175630537" OBJECTGUID="51ee7e62-3308-45f7-8abd-3c28f33dba96" CHANGEID="691517439" NUMBER="14" APARTTYPE="2" OPERTYPEID="10" PREVID="0" NEXTID="0" UPDATEDATE="2025-10-31" STARTDATE="2025-10-31" ENDDATE="2079-06-06" ISACTUAL="1" ISACTIVE="1" /><APARTMENT ID="112044714" OBJECTID="175630538" OBJECTGUID="ad075a5a-4189-451a-b554-6b9cad623a8f" CHANGEID="691517440" NUMBER="13" APARTTYPE="2" OPERTYPEID="10" PREVID="0" NEXTID="0" UPDATEDATE="2025-10-31" STARTDATE="2025-10-31" ENDDATE="2079-06-06" ISACTUAL="1" ISACTIVE="1" /><APARTMENT ID="112044715" OBJECTID="175630539" OBJECTGUID="76116ecf-7cc5-4f5f-811e-e88958055ff9" CHANGEID="691517441" NUMBER="12" APARTTYPE="2" OPERTYPEID="10" PREVID="0" NEXTID="0" UPDATEDATE="2025-10-31" STARTDATE="2025-10-31" ENDDATE="2079-06-06" ISACTUAL="1" ISACTIVE="1" /><APARTMENT ID="112044716" OBJECTID="175630540" OBJECTGUID="aa5b052c-41f6-441c-8839-1f6d21dc62d5" CHANGEID="691517442" NUMBER="11" APARTTYPE="2" OPERTYPEID="10" PREVID="0" NEXTID="0" UPDATEDATE="2025-10-31" STARTDATE="2025-10-31" ENDDATE="2079-06-06" ISACTUAL="1" ISACTIVE="1" /><APARTMENT ID="112044717" OBJECTID="175630541" OBJECTGUID="49c6df3d-5bf0-44fe-b8b0-c614c2e6c0bb" CHANGEID="691517443" NUMBER="10" APARTTYPE="2" OPERTYPEID="10" PREVID="0" NEXTID="0" UPDATEDATE="2025-10-31" STARTDATE="2025-10-31" ENDDATE="2079-06-06" ISACTUAL="1" ISACTIVE="1" /><APARTMENT ID="112044718" OBJECTID="175630542" OBJECTGUID="4fc30659-3425-44aa-b5ef-0bdd7e83dbbe" CHANGEID="691517444" NUMBER="9" APARTTYPE="2" OPERTYPEID="10" PREVID="0" NEXTID="0" UPDATEDATE="2025-10-31" STARTDATE="2025-10-31" ENDDATE="2079-06-06" ISACTUAL="1" ISACTIVE="1" /><APARTMENT ID="112044719" OBJECTID="175630543" OBJECTGUID="0e58c8f1-9824-4280-967b-028eb143a3a4" CHANGEID="691517445" NUMBER="8" APARTTYPE="2" OPERTYPEID="10" PREVID="0" NEXTID="0" UPDATEDATE="2025-10-31" STARTDATE="2025-10-31" ENDDATE="2079-06-06" ISACTUAL="1" ISACTIVE="1" /><APARTMENT ID="112044720" OBJECTID="175630544" OBJECTGUID="6093e53d-ba92-4ca1-8337-7a38e434c049" CHANGEID="691517446" NUMBER="7" APARTTYPE="2" OPERTYPEID="10" PREVID="0" NEXTID="0" UPDATEDATE="2025-10-31" STARTDATE="2025-10-31" ENDDATE="2079-06-06" ISACTUAL="1" ISACTIVE="1" /><APARTMENT ID="112044721" OBJECTID="175630545" OBJECTGUID="d077b881-137e-4beb-b535-c75ec6e9e5e8" CHANGEID="691517447" NUMBER="6" APARTTYPE="2" OPERTYPEID="10" PREVID="0" NEXTID="0" UPDATEDATE="2025-10-31" STARTDATE="2025-10-31" ENDDATE="2079-06-06" ISACTUAL="1" ISACTIVE="1" /><APARTMENT ID="112044722" OBJECTID="175630546" OBJECTGUID="090b2971-5167-402f-8407-2fd9c3e93961" CHANGEID="691517448" NUMBER="5" APARTTYPE="2" OPERTYPEID="10" PREVID="0" NEXTID="0" UPDATEDATE="2025-10-31" STARTDATE="2025-10-31" ENDDATE="2079-06-06" ISACTUAL="1" ISACTIVE="1" /><APARTMENT ID="112044723" OBJECTID="175630547" OBJECTGUID="c611e3c6-c5a8-4f28-828b-d927a7faa556" CHANGEID="691517449" NUMBER="4" APARTTYPE="2" OPERTYPEID="10" PREVID="0" NEXTID="0" UPDATEDATE="2025-10-31" STARTDATE="2025-10-31" ENDDATE="2079-06-06" ISACTUAL="1" ISACTIVE="1" /><APARTMENT ID="112044724" OBJECTID="175630548" OBJECTGUID="e414bf39-c8dd-4eeb-8905-bb425dea1493" CHANGEID="691517450" NUMBER="3" APARTTYPE="2" OPERTYPEID="10" PREVID="0" NEXTID="0" UPDATEDATE="2025-10-31" STARTDATE="2025-10-31" ENDDATE="2079-06-06" ISACTUAL="1" ISACTIVE="1" /><APARTMENT ID="112044725" OBJECTID="175630549" OBJECTGUID="e8b393b4-cd15-49f6-80d6-3dfa2d232c6f" CHANGEID="691517451" NUMBER="2" APARTTYPE="2" OPERTYPEID="10" PREVID="0" NEXTID="0" UPDATEDATE="2025-10-31" STARTDATE="2025-10-31" ENDDATE="2079-06-06" ISACTUAL="1" ISACTIVE="1" /><APARTMENT ID="112044726" OBJECTID="175630550" OBJECTGUID="ff694130-5ada-4457-9153-978bb0626441" CHANGEID="691517452" NUMBER="1" APARTTYPE="2" OPERTYPEID="10" PREVID="0" NEXTID="0" UPDATEDATE="2025-10-31" STARTDATE="2025-10-31" ENDDATE="2079-06-06" ISACTUAL="1" ISACTIVE="1" /><APARTMENT ID="112046943" OBJECTID="175634609" OBJECTGUID="bf90f3aa-b678-4a6f-b8d8-6e00db6debc6" CHANGEID="691523727" NUMBER="139" APARTTYPE="2" OPERTYPEID="10" PREVID="0" NEXTID="0" UPDATEDATE="2025-10-31" STARTDATE="2025-10-31" ENDDATE="2079-06-06" ISACTUAL="1" ISACTIVE="1" /><APARTMENT ID="112056750" OBJECTID="166131600" OBJECTGUID="2c7be561-323e-450c-aa10-c21dbc9f8859" CHANGEID="691586510" NUMBER="62" APARTTYPE="2" OPERTYPEID="30" PREVID="108871424" NEXTID="0" UPDATEDATE="2025-11-01" STARTDATE="2025-11-01" ENDDATE="2079-06-06" ISACTUAL="1" ISACTIVE="0" /><APARTMENT ID="112056751" OBJECTID="166131601" OBJECTGUID="c5a2ec61-7b60-468d-b6c8-838101793223" CHANGEID="691586511" NUMBER="63" APARTTYPE="2" OPERTYPEID="30" PREVID="108871425" NEXTID="0" UPDATEDATE="2025-11-01" STARTDATE="2025-11-01" ENDDATE="2079-06-06" ISACTUAL="1" ISACTIVE="0" /><APARTMENT ID="112056757" OBJECTID="43521563" OBJECTGUID="4b9a5b6d-a020-4a78-89a3-e01e27072c01" CHANGEID="691586863" NUMBER="1" APARTTYPE="2" OPERTYPEID="55" PREVID="25582252" NEXTID="129438744" UPDATEDATE="2025-11-01" STARTDATE="2025-11-01" ENDDATE="2079-06-06" ISACTUAL="1" ISACTIVE="0" /><APARTMENT ID="25582252" OBJECTID="43521563" OBJECTGUID="4b9a5b6d-a020-4a78-89a3-e01e27072c01" CHANGEID="65684805" NUMBER="1" APARTTYPE="2" OPERTYPEID="10" PREVID="0" NEXTID="112056757" UPDATEDATE="2025-11-01" STARTDATE="2017-03-27" ENDDATE="2025-11-01" ISACTUAL="0" ISACTIVE="0" /><APARTMENT ID="112056758" OBJECTID="43521698" OBJECTGUID="e53575f3-3e37-48f8-8b61-08dee0c40a7d" CHANGEID="691586880" NUMBER="2" APARTTYPE="2" OPERTYPEID="55" PREVID="25582308" NEXTID="129438748" UPDATEDATE="2025-11-01" STARTDATE="2025-11-01" ENDDATE="2079-06-06" ISACTUAL="1" ISACTIVE="0" /><APARTMENT ID="25582308" OBJECTID="43521698" OBJECTGUID="e53575f3-3e37-48f8-8b61-08dee0c40a7d" CHANGEID="65684987" NUMBER="2" APARTTYPE="2" OPERTYPEID="10" PREVID="0" NEXTID="112056758" UPDATEDATE="2025-11-01" STARTDATE="2017-03-27" ENDDATE="2025-11-01" ISACTUAL="0" ISACTIVE="0" /><APARTMENT ID="112056903" OBJECTID="175664003" OBJECTGUID="3ee799c3-f256-45da-a168-0c6e7e89f8fc" CHANGEID="691587893" NUMBER="95" APARTTYPE="2" OPERTYPEID="10" PREVID="0" NEXTID="0" UPDATEDATE="2025-11-01" STARTDATE="2025-11-01" ENDDATE="2079-06-06" ISACTUAL="1" ISACTIVE="1" /><APARTMENT ID="112058623" OBJECTID="175667984" OBJECTGUID="c4cdac19-e342-4a45-8468-b2e2fcf48080" CHANGEID="691593774" NUMBER="63" APARTTYPE="2" OPERTYPEID="10" PREVID="0" NEXTID="0" UPDATEDATE="2025-11-01" STARTDATE="2025-11-01" ENDDATE="2079-06-06" ISACTUAL="1" ISACTIVE="1" /><APARTMENT ID="112058843" OBJECTID="175668721" OBJECTGUID="724b8883-e3f0-432a-8865-98900cbd72a5" CHANGEID="691594865" NUMBER="21" APARTTYPE="2" OPERTYPEID="10" PREVID="0" NEXTID="0" UPDATEDATE="2025-11-01" STARTDATE="2025-11-01" ENDDATE="2079-06-06" ISACTUAL="1" ISACTIVE="1" /></APARTMENTS>