﻿<?xml version="1.0" encoding="utf-8"?><HOUSES><HOUSE ID="56500191" OBJECTID="67056766" OBJECTGUID="4847feda-fae7-40f8-b0b2-b3b68e56fb62" CHANGEID="99987055" HOUSENUM="30" HOUSETYPE="2" OPERTYPEID="20" PREVID="40381890" NEXTID="129420161" UPDATEDATE="2025-10-30" STARTDATE="2014-01-04" ENDDATE="2025-10-30" ISACTUAL="0" ISACTIVE="0" /><HOUSE ID="62813962" OBJECTID="30029112" OBJECTGUID="a15f2d8a-837f-47ea-b436-f65a819d12fa" CHANGEID="46013807" HOUSENUM="5" HOUSETYPE="2" OPERTYPEID="20" PREVID="17791974" NEXTID="129436084" UPDATEDATE="2025-11-01" STARTDATE="2014-01-04" ENDDATE="2025-11-01" ISACTUAL="0" ISACTIVE="0" /><HOUSE ID="129412959" OBJECTID="175589102" OBJECTGUID="f279199a-4469-4f61-9aed-0857f93ece8b" CHANGEID="691448904" HOUSENUM="11а" HOUSETYPE="2" OPERTYPEID="10" PREVID="0" NEXTID="0" UPDATEDATE="2025-10-30" STARTDATE="2025-10-30" ENDDATE="2079-06-06" ISACTUAL="1" ISACTIVE="1" /><HOUSE ID="129413015" OBJECTID="175589241" OBJECTGUID="931ce393-d271-4a75-82b2-965041c8e9b1" CHANGEID="691449226" HOUSENUM="23" HOUSETYPE="2" OPERTYPEID="10" PREVID="0" NEXTID="0" UPDATEDATE="2025-10-30" STARTDATE="2025-10-30" ENDDATE="2079-06-06" ISACTUAL="1" ISACTIVE="1" /><HOUSE ID="129413107" OBJECTID="175589377" OBJECTGUID="7076056d-f665-4dee-bcca-b9d3282a9354" CHANGEID="691449584" HOUSENUM="13" HOUSETYPE="2" OPERTYPEID="10" PREVID="0" NEXTID="0" UPDATEDATE="2025-10-30" STARTDATE="2025-10-30" ENDDATE="2079-06-06" ISACTUAL="1" ISACTIVE="1" /><HOUSE ID="129413805" OBJECTID="175592190" OBJECTGUID="ab9dd7aa-e565-45e7-ac8b-156b2f6af1bd" CHANGEID="691454322" HOUSENUM="10" HOUSETYPE="2" OPERTYPEID="10" PREVID="0" NEXTID="0" UPDATEDATE="2025-10-30" STARTDATE="2025-10-30" ENDDATE="2079-06-06" ISACTUAL="1" ISACTIVE="1" /><HOUSE ID="129415318" OBJECTID="175594785" OBJECTGUID="b7efc59b-5e74-4ebe-8898-47aca8225789" CHANGEID="691458456" HOUSENUM="128" HOUSETYPE="2" OPERTYPEID="10" PREVID="0" NEXTID="0" UPDATEDATE="2025-10-30" STARTDATE="2025-10-30" ENDDATE="2079-06-06" ISACTUAL="1" ISACTIVE="1" /><HOUSE ID="129415366" OBJECTID="8669639" OBJECTGUID="1d3b23e0-241b-409f-9fca-9c881b559c51" CHANGEID="691458710" HOUSENUM="4" HOUSETYPE="2" OPERTYPEID="30" PREVID="53450669" NEXTID="0" UPDATEDATE="2025-10-30" STARTDATE="2025-10-30" ENDDATE="2079-06-06" ISACTUAL="1" ISACTIVE="0" /><HOUSE ID="53450669" OBJECTID="8669639" OBJECTGUID="1d3b23e0-241b-409f-9fca-9c881b559c51" CHANGEID="14599943" HOUSENUM="4" HOUSETYPE="2" OPERTYPEID="20" PREVID="4440556" NEXTID="129415366" UPDATEDATE="2025-10-30" STARTDATE="2016-03-05" ENDDATE="2025-10-30" ISACTUAL="0" ISACTIVE="0" /><HOUSE ID="129417499" OBJECTID="175598235" OBJECTGUID="2174f1f8-5e1e-4cac-bce4-e601219ccea3" CHANGEID="691465001" HOUSENUM="19" HOUSETYPE="5" OPERTYPEID="10" PREVID="0" NEXTID="0" UPDATEDATE="2025-10-30" STARTDATE="2025-10-30" ENDDATE="2079-06-06" ISACTUAL="1" ISACTIVE="1" /><HOUSE ID="129417504" OBJECTID="175598242" OBJECTGUID="5a10a258-22be-4598-a468-869c18ce665e" CHANGEID="691465027" HOUSENUM="11" HOUSETYPE="2" OPERTYPEID="10" PREVID="0" NEXTID="0" UPDATEDATE="2025-10-30" STARTDATE="2025-10-30" ENDDATE="2079-06-06" ISACTUAL="1" ISACTIVE="1" /><HOUSE ID="129417630" OBJECTID="31251518" OBJECTGUID="629ce16f-9633-4174-835c-11b4c3ce3431" CHANGEID="691466024" HOUSENUM="14" HOUSETYPE="2" OPERTYPEID="30" PREVID="18561814" NEXTID="0" UPDATEDATE="2025-10-30" STARTDATE="2025-10-30" ENDDATE="2079-06-06" ISACTUAL="1" ISACTIVE="0" /><HOUSE ID="18561814" OBJECTID="31251518" OBJECTGUID="629ce16f-9633-4174-835c-11b4c3ce3431" CHANGEID="47810547" HOUSENUM="14" HOUSETYPE="2" OPERTYPEID="10" PREVID="0" NEXTID="129417630" UPDATEDATE="2025-10-30" STARTDATE="1900-01-01" ENDDATE="2025-10-30" ISACTUAL="0" ISACTIVE="0" /><HOUSE ID="129420161" OBJECTID="67056766" OBJECTGUID="4847feda-fae7-40f8-b0b2-b3b68e56fb62" CHANGEID="691473301" HOUSENUM="30" HOUSETYPE="2" OPERTYPEID="30" PREVID="56500191" NEXTID="0" UPDATEDATE="2025-10-30" STARTDATE="2025-10-30" ENDDATE="2079-06-06" ISACTUAL="1" ISACTIVE="0" /><HOUSE ID="129420164" OBJECTID="175603421" OBJECTGUID="37e254b3-2cec-4ec7-bcd8-f8cd57574a3e" CHANGEID="691473317" HOUSENUM="4" HOUSETYPE="2" OPERTYPEID="10" PREVID="0" NEXTID="0" UPDATEDATE="2025-10-30" STARTDATE="2025-10-30" ENDDATE="2079-06-06" ISACTUAL="1" ISACTIVE="1" /><HOUSE ID="129420166" OBJECTID="175603431" OBJECTGUID="8a9a99af-2b89-4765-aa5a-44d21d75e70e" CHANGEID="691473330" HOUSENUM="11" HOUSETYPE="2" OPERTYPEID="10" PREVID="0" NEXTID="0" UPDATEDATE="2025-10-30" STARTDATE="2025-10-30" ENDDATE="2079-06-06" ISACTUAL="1" ISACTIVE="1" /><HOUSE ID="129421131" OBJECTID="175606412" OBJECTGUID="aedacfc2-8cb7-478d-8642-ee3179d1915b" CHANGEID="691477872" HOUSENUM="1" HOUSETYPE="2" OPERTYPEID="10" PREVID="0" NEXTID="0" UPDATEDATE="2025-10-30" STARTDATE="2025-10-30" ENDDATE="2079-06-06" ISACTUAL="1" ISACTIVE="1" /><HOUSE ID="129421586" OBJECTID="175607589" OBJECTGUID="e7c1c1e6-f35d-4aff-a8c8-c3923d35546e" CHANGEID="691479666" HOUSENUM="7Б" HOUSETYPE="2" OPERTYPEID="10" PREVID="0" NEXTID="0" UPDATEDATE="2025-10-30" STARTDATE="2025-10-30" ENDDATE="2079-06-06" ISACTUAL="1" ISACTIVE="1" /><HOUSE ID="129421610" OBJECTID="175607673" OBJECTGUID="085dc390-7934-4f06-8dec-ecbdf5594c93" CHANGEID="691479821" HOUSENUM="30" HOUSETYPE="2" OPERTYPEID="10" PREVID="0" NEXTID="0" UPDATEDATE="2025-10-30" STARTDATE="2025-10-30" ENDDATE="2079-06-06" ISACTUAL="1" ISACTIVE="1" /><HOUSE ID="129422855" OBJECTID="175610387" OBJECTGUID="72d4c5d0-6b70-4fe2-a719-244a0f0ea805" CHANGEID="691484583" HOUSENUM="14" HOUSETYPE="2" OPERTYPEID="10" PREVID="0" NEXTID="0" UPDATEDATE="2025-10-30" STARTDATE="2025-10-30" ENDDATE="2079-06-06" ISACTUAL="1" ISACTIVE="1" /><HOUSE ID="129422867" OBJECTID="175610421" OBJECTGUID="27be6889-fdff-4244-b5a2-990bfcd632c4" CHANGEID="691484625" HOUSENUM="181" HOUSETYPE="2" OPERTYPEID="10" PREVID="0" NEXTID="0" UPDATEDATE="2025-10-30" STARTDATE="2025-10-30" ENDDATE="2079-06-06" ISACTUAL="1" ISACTIVE="1" /><HOUSE ID="129422856" OBJECTID="175610388" OBJECTGUID="f13a2d5a-11b3-4480-934b-7d1a4a64552a" CHANGEID="691484584" HOUSENUM="8" HOUSETYPE="2" OPERTYPEID="10" PREVID="0" NEXTID="0" UPDATEDATE="2025-10-30" STARTDATE="2025-10-30" ENDDATE="2079-06-06" ISACTUAL="1" ISACTIVE="1" /><HOUSE ID="129422865" OBJECTID="175610418" OBJECTGUID="3b7b0956-1054-4f39-9d18-cd86d2bc251b" CHANGEID="691484622" HOUSENUM="14" HOUSETYPE="2" OPERTYPEID="10" PREVID="0" NEXTID="0" UPDATEDATE="2025-10-30" STARTDATE="2025-10-30" ENDDATE="2079-06-06" ISACTUAL="1" ISACTIVE="1" /><HOUSE ID="129422878" OBJECTID="175610439" OBJECTGUID="57ed1d6d-2ee3-401b-9cb7-22aee78cf167" CHANGEID="691484652" HOUSENUM="6" HOUSETYPE="2" OPERTYPEID="10" PREVID="0" NEXTID="0" UPDATEDATE="2025-10-30" STARTDATE="2025-10-30" ENDDATE="2079-06-06" ISACTUAL="1" ISACTIVE="1" /><HOUSE ID="129422883" OBJECTID="175610459" OBJECTGUID="f19e3aaf-cfe9-4ba1-8dee-cfd020dcb2b8" CHANGEID="691484699" HOUSENUM="28" HOUSETYPE="2" OPERTYPEID="10" PREVID="0" NEXTID="0" UPDATEDATE="2025-10-30" STARTDATE="2025-10-30" ENDDATE="2079-06-06" ISACTUAL="1" ISACTIVE="1" /><HOUSE ID="129422903" OBJECTID="175610537" OBJECTGUID="da791a13-2381-46a8-b06f-8f878ff0cff4" CHANGEID="691484798" HOUSENUM="13" HOUSETYPE="2" OPERTYPEID="10" PREVID="0" NEXTID="0" UPDATEDATE="2025-10-30" STARTDATE="2025-10-30" ENDDATE="2079-06-06" ISACTUAL="1" ISACTIVE="1" /><HOUSE ID="129422994" OBJECTID="175610732" OBJECTGUID="c924c12c-5a0e-48c8-8aa6-9cdb37ebb3b7" CHANGEID="691485252" HOUSENUM="5" HOUSETYPE="2" OPERTYPEID="10" PREVID="0" NEXTID="0" UPDATEDATE="2025-10-30" STARTDATE="2025-10-30" ENDDATE="2079-06-06" ISACTUAL="1" ISACTIVE="1" /><HOUSE ID="129423001" OBJECTID="175610746" OBJECTGUID="11dd3c91-6445-4df1-b67b-719a2ac0e2de" CHANGEID="691485274" HOUSENUM="17" HOUSETYPE="2" OPERTYPEID="10" PREVID="0" NEXTID="0" UPDATEDATE="2025-10-30" STARTDATE="2025-10-30" ENDDATE="2079-06-06" ISACTUAL="1" ISACTIVE="1" /><HOUSE ID="129423012" OBJECTID="175610774" OBJECTGUID="e4d84129-d1a1-47c0-a987-b12fcbafedf1" CHANGEID="691485332" HOUSENUM="10" HOUSETYPE="2" OPERTYPEID="10" PREVID="0" NEXTID="0" UPDATEDATE="2025-10-30" STARTDATE="2025-10-30" ENDDATE="2079-06-06" ISACTUAL="1" ISACTIVE="1" /><HOUSE ID="129426569" OBJECTID="175621497" OBJECTGUID="0e223709-2890-4de3-88cb-4ce265bbb5a1" CHANGEID="691503208" HOUSENUM="13" HOUSETYPE="2" OPERTYPEID="10" PREVID="0" NEXTID="0" UPDATEDATE="2025-10-31" STARTDATE="2025-10-31" ENDDATE="2079-06-06" ISACTUAL="1" ISACTIVE="1" /><HOUSE ID="129426967" OBJECTID="175623058" OBJECTGUID="b2b2816c-7db4-4c68-a57d-a6987514ef69" CHANGEID="691505735" HOUSENUM="19" HOUSETYPE="2" OPERTYPEID="10" PREVID="0" NEXTID="0" UPDATEDATE="2025-10-31" STARTDATE="2025-10-31" ENDDATE="2079-06-06" ISACTUAL="1" ISACTIVE="1" /><HOUSE ID="129427142" OBJECTID="175623444" OBJECTGUID="ce27248c-3dc6-477f-9879-cc197909cdd7" CHANGEID="691506423" HOUSENUM="60" HOUSETYPE="2" OPERTYPEID="10" PREVID="0" NEXTID="0" UPDATEDATE="2025-10-31" STARTDATE="2025-10-31" ENDDATE="2079-06-06" ISACTUAL="1" ISACTIVE="1" /><HOUSE ID="129427163" OBJECTID="175623532" OBJECTGUID="0f327295-3d6d-459c-8e0a-f0f0e4ef9c64" CHANGEID="691506610" HOUSENUM="1е" HOUSETYPE="2" OPERTYPEID="10" PREVID="0" NEXTID="0" UPDATEDATE="2025-10-31" STARTDATE="2025-10-31" ENDDATE="2079-06-06" ISACTUAL="1" ISACTIVE="1" /><HOUSE ID="129427138" OBJECTID="175623429" OBJECTGUID="3a890776-79e9-4485-8e7f-bbf42971130e" CHANGEID="691506402" HOUSENUM="82а" HOUSETYPE="2" OPERTYPEID="10" PREVID="0" NEXTID="0" UPDATEDATE="2025-10-31" STARTDATE="2025-10-31" ENDDATE="2079-06-06" ISACTUAL="1" ISACTIVE="1" /><HOUSE ID="129427166" OBJECTID="175623577" OBJECTGUID="5af4cb3a-f145-4668-89cb-28cf2e5400a8" CHANGEID="691506678" HOUSENUM="29" HOUSETYPE="2" OPERTYPEID="10" PREVID="0" NEXTID="0" UPDATEDATE="2025-10-31" STARTDATE="2025-10-31" ENDDATE="2079-06-06" ISACTUAL="1" ISACTIVE="1" /><HOUSE ID="129427175" OBJECTID="175623601" OBJECTGUID="25ac6e93-4aaa-4ea6-8e87-826c1462ff10" CHANGEID="691506731" HOUSENUM="11" HOUSETYPE="2" OPERTYPEID="10" PREVID="0" NEXTID="0" UPDATEDATE="2025-10-31" STARTDATE="2025-10-31" ENDDATE="2079-06-06" ISACTUAL="1" ISACTIVE="1" /><HOUSE ID="129427186" OBJECTID="175623635" OBJECTGUID="cdde4110-129f-4f9a-8791-7ce47b424461" CHANGEID="691506832" HOUSENUM="131" HOUSETYPE="2" OPERTYPEID="10" PREVID="0" NEXTID="0" UPDATEDATE="2025-10-31" STARTDATE="2025-10-31" ENDDATE="2079-06-06" ISACTUAL="1" ISACTIVE="1" /><HOUSE ID="129427256" OBJECTID="175623905" OBJECTGUID="952b8f46-f2b3-41e3-8bf9-6821dee0ad48" CHANGEID="691507229" HOUSENUM="9" HOUSETYPE="2" OPERTYPEID="10" PREVID="0" NEXTID="0" UPDATEDATE="2025-10-31" STARTDATE="2025-10-31" ENDDATE="2079-06-06" ISACTUAL="1" ISACTIVE="1" /><HOUSE ID="129429391" OBJECTID="175630205" OBJECTGUID="b4024700-c388-434c-aa67-d160140229da" CHANGEID="691517059" HOUSENUM="5" HOUSETYPE="2" OPERTYPEID="10" PREVID="0" NEXTID="0" UPDATEDATE="2025-10-31" STARTDATE="2025-10-31" ENDDATE="2079-06-06" ISACTUAL="1" ISACTIVE="1" /><HOUSE ID="129429394" OBJECTID="175630223" OBJECTGUID="8c9bfe88-9847-4509-ae09-f6937a8caebc" CHANGEID="691517078" HOUSENUM="3а" HOUSETYPE="2" OPERTYPEID="10" PREVID="0" NEXTID="0" UPDATEDATE="2025-10-31" STARTDATE="2025-10-31" ENDDATE="2079-06-06" ISACTUAL="1" ISACTIVE="1" /><HOUSE ID="129429401" OBJECTID="175630232" OBJECTGUID="0c1a834a-b00a-48a0-9d72-966da7183ae3" CHANGEID="691517088" HOUSENUM="4г" HOUSETYPE="2" OPERTYPEID="10" PREVID="0" NEXTID="0" UPDATEDATE="2025-10-31" STARTDATE="2025-10-31" ENDDATE="2079-06-06" ISACTUAL="1" ISACTIVE="1" /><HOUSE ID="129429403" OBJECTID="175630235" OBJECTGUID="ddaecc04-ba4f-4e66-9dca-80e323e60806" CHANGEID="691517093" HOUSENUM="18б" HOUSETYPE="2" OPERTYPEID="10" PREVID="0" NEXTID="0" UPDATEDATE="2025-10-31" STARTDATE="2025-10-31" ENDDATE="2079-06-06" ISACTUAL="1" ISACTIVE="1" /><HOUSE ID="129429468" OBJECTID="175630606" OBJECTGUID="5260ba61-d093-49d2-b16a-2e9be9489f8b" CHANGEID="691517518" HOUSENUM="1" HOUSETYPE="2" OPERTYPEID="10" PREVID="0" NEXTID="0" UPDATEDATE="2025-10-31" STARTDATE="2025-10-31" ENDDATE="2079-06-06" ISACTUAL="1" ISACTIVE="1" /><HOUSE ID="129429410" OBJECTID="175630245" OBJECTGUID="73498fd8-cff5-42da-806c-4b60963daefc" CHANGEID="691517104" HOUSENUM="2" HOUSETYPE="2" OPERTYPEID="10" PREVID="0" NEXTID="0" UPDATEDATE="2025-10-31" STARTDATE="2025-10-31" ENDDATE="2079-06-06" ISACTUAL="1" ISACTIVE="1" /><HOUSE ID="129429450" OBJECTID="175630506" OBJECTGUID="e3675049-36b7-4d1a-90d8-d4ae3c4d70b5" CHANGEID="691517408" HOUSENUM="4А" HOUSETYPE="2" OPERTYPEID="10" PREVID="0" NEXTID="0" UPDATEDATE="2025-10-31" STARTDATE="2025-10-31" ENDDATE="2079-06-06" ISACTUAL="1" ISACTIVE="1" /><HOUSE ID="129429489" OBJECTID="175630684" OBJECTGUID="91de78e3-4246-4934-842b-fcbfe45fd114" CHANGEID="691517597" HOUSENUM="48" HOUSETYPE="2" OPERTYPEID="10" PREVID="0" NEXTID="0" UPDATEDATE="2025-10-31" STARTDATE="2025-10-31" ENDDATE="2079-06-06" ISACTUAL="1" ISACTIVE="1" /><HOUSE ID="129429496" OBJECTID="175630697" OBJECTGUID="bbc5eb64-b91a-4647-aebd-a617a57f7a6a" CHANGEID="691517615" HOUSENUM="26" HOUSETYPE="2" OPERTYPEID="10" PREVID="0" NEXTID="0" UPDATEDATE="2025-10-31" STARTDATE="2025-10-31" ENDDATE="2079-06-06" ISACTUAL="1" ISACTIVE="1" /><HOUSE ID="129430398" OBJECTID="175634607" OBJECTGUID="c0d0d5ac-f15e-4daa-9002-840415e929cd" CHANGEID="691523725" HOUSENUM="10" HOUSETYPE="2" OPERTYPEID="10" PREVID="0" NEXTID="0" UPDATEDATE="2025-10-31" STARTDATE="2025-10-31" ENDDATE="2079-06-06" ISACTUAL="1" ISACTIVE="1" /><HOUSE ID="128251156" OBJECTID="171766601" OBJECTGUID="b085c398-d2a7-4e30-9d4c-e6273ebbb0e9" CHANGEID="644533216" HOUSENUM="9а" HOUSETYPE="2" OPERTYPEID="10" PREVID="0" NEXTID="129430445" UPDATEDATE="2025-10-31" STARTDATE="2025-04-17" ENDDATE="2025-10-31" ISACTUAL="0" ISACTIVE="0" /><HOUSE ID="129430445" OBJECTID="171766601" OBJECTGUID="b085c398-d2a7-4e30-9d4c-e6273ebbb0e9" CHANGEID="691523822" HOUSENUM="10" HOUSETYPE="2" OPERTYPEID="50" PREVID="128251156" UPDATEDATE="2025-10-31" STARTDATE="2025-10-31" ENDDATE="2079-06-06" ISACTUAL="1" ISACTIVE="1" /><HOUSE ID="129430422" OBJECTID="175634637" OBJECTGUID="c232b2d6-c22a-44ea-892f-23526f1ab3c1" CHANGEID="691523774" HOUSENUM="213" HOUSETYPE="2" OPERTYPEID="10" PREVID="0" NEXTID="0" UPDATEDATE="2025-10-31" STARTDATE="2025-10-31" ENDDATE="2079-06-06" ISACTUAL="1" ISACTIVE="1" /><HOUSE ID="129431923" OBJECTID="175639611" OBJECTGUID="2e72c415-7305-47ce-a4e5-886240c4e0f0" CHANGEID="691531881" HOUSENUM="1А" HOUSETYPE="2" OPERTYPEID="10" PREVID="0" NEXTID="0" UPDATEDATE="2025-10-31" STARTDATE="2025-10-31" ENDDATE="2079-06-06" ISACTUAL="1" ISACTIVE="1" /><HOUSE ID="129431939" OBJECTID="175639639" OBJECTGUID="5bd31668-c9f4-44c2-9b46-b753eb6de9a2" CHANGEID="691531929" HOUSENUM="3" HOUSETYPE="2" OPERTYPEID="10" PREVID="0" NEXTID="0" UPDATEDATE="2025-10-31" STARTDATE="2025-10-31" ENDDATE="2079-06-06" ISACTUAL="1" ISACTIVE="1" /><HOUSE ID="129432156" OBJECTID="175640025" OBJECTGUID="90106227-b119-4a2d-9e23-560ca90582ca" CHANGEID="691532708" HOUSENUM="56" HOUSETYPE="5" OPERTYPEID="10" PREVID="0" NEXTID="0" UPDATEDATE="2025-10-31" STARTDATE="2025-10-31" ENDDATE="2079-06-06" ISACTUAL="1" ISACTIVE="1" /><HOUSE ID="129436084" OBJECTID="30029112" OBJECTGUID="a15f2d8a-837f-47ea-b436-f65a819d12fa" CHANGEID="691574712" HOUSENUM="5" HOUSETYPE="2" OPERTYPEID="30" PREVID="62813962" NEXTID="0" UPDATEDATE="2025-11-01" STARTDATE="2025-11-01" ENDDATE="2079-06-06" ISACTUAL="1" ISACTIVE="0" /><HOUSE ID="129436129" OBJECTID="175656980" OBJECTGUID="ee9e9b83-19a0-4323-884e-47375148352c" CHANGEID="691574991" HOUSENUM="14" HOUSETYPE="2" OPERTYPEID="10" PREVID="0" NEXTID="0" UPDATEDATE="2025-11-01" STARTDATE="2025-11-01" ENDDATE="2079-06-06" ISACTUAL="1" ISACTIVE="1" /><HOUSE ID="129438748" OBJECTID="175663592" OBJECTGUID="2961a91d-2237-4c32-9205-2e4515e85f6d" CHANGEID="691586881" HOUSENUM="2/2" HOUSETYPE="2" OPERTYPEID="54" PREVID="112056758" NEXTID="0" UPDATEDATE="2025-11-01" STARTDATE="2025-11-01" ENDDATE="2079-06-06" ISACTUAL="1" ISACTIVE="1" /><HOUSE ID="129438744" OBJECTID="175663577" OBJECTGUID="88a182f1-6de6-4b55-8158-53885990efa4" CHANGEID="691586864" HOUSENUM="2/1" HOUSETYPE="2" OPERTYPEID="54" PREVID="112056757" NEXTID="0" UPDATEDATE="2025-11-01" STARTDATE="2025-11-01" ENDDATE="2079-06-06" ISACTUAL="1" ISACTIVE="1" /><HOUSE ID="129438963" OBJECTID="175663964" OBJECTGUID="dbc6c2bf-8606-41f0-b8f4-57969e8690ac" CHANGEID="691587800" HOUSENUM="7" HOUSETYPE="2" OPERTYPEID="10" PREVID="0" NEXTID="0" UPDATEDATE="2025-11-01" STARTDATE="2025-11-01" ENDDATE="2079-06-06" ISACTUAL="1" ISACTIVE="1" /><HOUSE ID="129438978" OBJECTID="175664004" OBJECTGUID="074a2e99-cfe7-4aa7-928d-17038958fd4f" CHANGEID="691587894" HOUSENUM="30" HOUSETYPE="2" OPERTYPEID="10" PREVID="0" NEXTID="0" UPDATEDATE="2025-11-01" STARTDATE="2025-11-01" ENDDATE="2079-06-06" ISACTUAL="1" ISACTIVE="1" /><HOUSE ID="129439009" OBJECTID="175664365" OBJECTGUID="5635ffd5-1cbf-4111-b9da-9d0944b02b89" CHANGEID="691588453" HOUSENUM="4" HOUSETYPE="2" OPERTYPEID="10" PREVID="0" NEXTID="0" UPDATEDATE="2025-11-01" STARTDATE="2025-11-01" ENDDATE="2079-06-06" ISACTUAL="1" ISACTIVE="1" /><HOUSE ID="129439399" OBJECTID="175665822" OBJECTGUID="91b458ca-b870-4060-9afb-c17980441226" CHANGEID="691590518" HOUSENUM="5" HOUSETYPE="2" OPERTYPEID="10" PREVID="0" NEXTID="0" UPDATEDATE="2025-11-01" STARTDATE="2025-11-01" ENDDATE="2079-06-06" ISACTUAL="1" ISACTIVE="1" /><HOUSE ID="129439403" OBJECTID="175665826" OBJECTGUID="709120ef-d141-4b33-bdd9-70f2fb76195e" CHANGEID="691590526" HOUSENUM="11" HOUSETYPE="2" OPERTYPEID="10" PREVID="0" NEXTID="0" UPDATEDATE="2025-11-01" STARTDATE="2025-11-01" ENDDATE="2079-06-06" ISACTUAL="1" ISACTIVE="1" /><HOUSE ID="129440193" OBJECTID="175668002" OBJECTGUID="45210b9c-ef1e-4178-855d-af526d99ce02" CHANGEID="691593817" HOUSENUM="151" HOUSETYPE="2" OPERTYPEID="10" PREVID="0" NEXTID="0" UPDATEDATE="2025-11-01" STARTDATE="2025-11-01" ENDDATE="2079-06-06" ISACTUAL="1" ISACTIVE="1" /><HOUSE ID="129440190" OBJECTID="175667996" OBJECTGUID="1f728a4f-cd5f-4b5f-8a1c-e18b25a662a4" CHANGEID="691593805" HOUSENUM="661" HOUSETYPE="2" OPERTYPEID="10" PREVID="0" NEXTID="0" UPDATEDATE="2025-11-01" STARTDATE="2025-11-01" ENDDATE="2079-06-06" ISACTUAL="1" ISACTIVE="1" /><HOUSE ID="129440230" OBJECTID="175668238" OBJECTGUID="3f7dbbda-0837-41ca-b58e-00b0c0679f52" CHANGEID="691594124" HOUSENUM="2" HOUSETYPE="5" OPERTYPEID="10" PREVID="0" NEXTID="0" UPDATEDATE="2025-11-01" STARTDATE="2025-11-01" ENDDATE="2079-06-06" ISACTUAL="1" ISACTIVE="1" /></HOUSES>