﻿<?xml version="1.0" encoding="utf-8"?><STEADS><STEAD ID="14336128" OBJECTID="101628924" OBJECTGUID="bf931e74-d003-4d2b-806d-a0c2a29eb712" CHANGEID="195563474" NUMBER="79" OPERTYPEID="10" PREVID="0" NEXTID="74541562" UPDATEDATE="2025-10-31" STARTDATE="2021-06-22" ENDDATE="2025-10-31" ISACTUAL="0" ISACTIVE="0" /><STEAD ID="74518398" OBJECTID="175589251" OBJECTGUID="78cbd559-0d63-4dbc-958e-45b8071dbc19" CHANGEID="691449260" NUMBER="6Б" OPERTYPEID="10" PREVID="0" NEXTID="0" UPDATEDATE="2025-10-30" STARTDATE="2025-10-30" ENDDATE="2079-06-06" ISACTUAL="1" ISACTIVE="1" /><STEAD ID="74518492" OBJECTID="175589362" OBJECTGUID="0e06a2d1-9e05-4a99-87cf-411b37ad6cfc" CHANGEID="691449561" NUMBER="13" OPERTYPEID="10" PREVID="0" NEXTID="0" UPDATEDATE="2025-10-30" STARTDATE="2025-10-30" ENDDATE="2079-06-06" ISACTUAL="1" ISACTIVE="1" /><STEAD ID="74518703" OBJECTID="175589807" OBJECTGUID="d72cd40d-be6a-4d83-ad68-4a9c2654fdc8" CHANGEID="691450688" NUMBER="33" OPERTYPEID="10" PREVID="0" NEXTID="0" UPDATEDATE="2025-10-30" STARTDATE="2025-10-30" ENDDATE="2079-06-06" ISACTUAL="1" ISACTIVE="1" /><STEAD ID="74520117" OBJECTID="175592196" OBJECTGUID="fac3271c-9ee6-4967-afa6-b5192a8078b5" CHANGEID="691454329" NUMBER="10" OPERTYPEID="10" PREVID="0" NEXTID="0" UPDATEDATE="2025-10-30" STARTDATE="2025-10-30" ENDDATE="2079-06-06" ISACTUAL="1" ISACTIVE="1" /><STEAD ID="74520251" OBJECTID="175592411" OBJECTGUID="45fb20f0-3d50-448e-87c4-23517c6c360a" CHANGEID="691454616" NUMBER="17" OPERTYPEID="10" PREVID="0" NEXTID="0" UPDATEDATE="2025-10-30" STARTDATE="2025-10-30" ENDDATE="2079-06-06" ISACTUAL="1" ISACTIVE="1" /><STEAD ID="74521102" OBJECTID="175594786" OBJECTGUID="821e9487-2dcc-435d-a184-4fb200dd9e6e" CHANGEID="691458458" NUMBER="128" OPERTYPEID="10" PREVID="0" NEXTID="0" UPDATEDATE="2025-10-30" STARTDATE="2025-10-30" ENDDATE="2079-06-06" ISACTUAL="1" ISACTIVE="1" /><STEAD ID="74523074" OBJECTID="175598237" OBJECTGUID="4bd0e734-02bf-4e6c-b663-85fa2e308460" CHANGEID="691465013" NUMBER="19" OPERTYPEID="10" PREVID="0" NEXTID="0" UPDATEDATE="2025-10-30" STARTDATE="2025-10-30" ENDDATE="2079-06-06" ISACTUAL="1" ISACTIVE="1" /><STEAD ID="74523087" OBJECTID="175598266" OBJECTGUID="c9747595-a56f-4294-bfa2-da8e80da1994" CHANGEID="691465054" NUMBER="11" OPERTYPEID="10" PREVID="0" NEXTID="0" UPDATEDATE="2025-10-30" STARTDATE="2025-10-30" ENDDATE="2079-06-06" ISACTUAL="1" ISACTIVE="1" /><STEAD ID="74523280" OBJECTID="175598778" OBJECTGUID="11caabd7-6dfb-4306-9399-f14c984ab757" CHANGEID="691465856" NUMBER="3" OPERTYPEID="10" PREVID="0" NEXTID="0" UPDATEDATE="2025-10-30" STARTDATE="2025-10-30" ENDDATE="2079-06-06" ISACTUAL="1" ISACTIVE="1" /><STEAD ID="74525605" OBJECTID="175603468" OBJECTGUID="f143c74a-a482-4d05-9c88-2cf9997343de" CHANGEID="691473370" NUMBER="4" OPERTYPEID="10" PREVID="0" NEXTID="0" UPDATEDATE="2025-10-30" STARTDATE="2025-10-30" ENDDATE="2079-06-06" ISACTUAL="1" ISACTIVE="1" /><STEAD ID="72838167" OBJECTID="172374634" OBJECTGUID="2ae3852e-1746-4656-88d5-fe1f2aecf1f8" CHANGEID="646365285" NUMBER="32а" OPERTYPEID="10" PREVID="0" NEXTID="74525607" UPDATEDATE="2025-10-30" STARTDATE="2025-05-22" ENDDATE="2025-10-30" ISACTUAL="0" ISACTIVE="0" /><STEAD ID="74525607" OBJECTID="172374634" OBJECTGUID="2ae3852e-1746-4656-88d5-fe1f2aecf1f8" CHANGEID="691473416" NUMBER="55" OPERTYPEID="20" PREVID="72838167" UPDATEDATE="2025-10-30" STARTDATE="2025-10-30" ENDDATE="2079-06-06" ISACTUAL="1" ISACTIVE="1" /><STEAD ID="74527392" OBJECTID="175606405" OBJECTGUID="eb326427-316d-4167-ace1-514307b1000e" CHANGEID="691477865" NUMBER="1" OPERTYPEID="10" PREVID="0" NEXTID="0" UPDATEDATE="2025-10-30" STARTDATE="2025-10-30" ENDDATE="2079-06-06" ISACTUAL="1" ISACTIVE="1" /><STEAD ID="74528024" OBJECTID="175607579" OBJECTGUID="b89f4672-eebb-4409-925f-4b596e91ed5e" CHANGEID="691479651" NUMBER="2и/12" OPERTYPEID="10" PREVID="0" NEXTID="0" UPDATEDATE="2025-10-30" STARTDATE="2025-10-30" ENDDATE="2079-06-06" ISACTUAL="1" ISACTIVE="1" /><STEAD ID="74528033" OBJECTID="175607588" OBJECTGUID="1b63d0e4-fa77-4c99-92a8-b8684098a611" CHANGEID="691479665" NUMBER="7Б" OPERTYPEID="10" PREVID="0" NEXTID="0" UPDATEDATE="2025-10-30" STARTDATE="2025-10-30" ENDDATE="2079-06-06" ISACTUAL="1" ISACTIVE="1" /><STEAD ID="74528070" OBJECTID="175607630" OBJECTGUID="72496960-7a1c-4259-bc7e-372610ff82d6" CHANGEID="691479740" NUMBER="18А" OPERTYPEID="10" PREVID="0" NEXTID="0" UPDATEDATE="2025-10-30" STARTDATE="2025-10-30" ENDDATE="2079-06-06" ISACTUAL="1" ISACTIVE="1" /><STEAD ID="74528124" OBJECTID="175607810" OBJECTGUID="22ea2874-36ce-451d-bf86-8ee676a24f05" CHANGEID="691479992" NUMBER="36в/197б" OPERTYPEID="10" PREVID="0" NEXTID="0" UPDATEDATE="2025-10-30" STARTDATE="2025-10-30" ENDDATE="2079-06-06" ISACTUAL="1" ISACTIVE="1" /><STEAD ID="74529636" OBJECTID="175610389" OBJECTGUID="2d374d81-5d6f-441d-a8fc-24277a0eb357" CHANGEID="691484585" NUMBER="7б/2/19" OPERTYPEID="10" PREVID="0" NEXTID="0" UPDATEDATE="2025-10-30" STARTDATE="2025-10-30" ENDDATE="2079-06-06" ISACTUAL="1" ISACTIVE="1" /><STEAD ID="74529638" OBJECTID="175610390" OBJECTGUID="b15c7851-9f96-407a-9380-c78fd93ef1a8" CHANGEID="691484587" NUMBER="8" OPERTYPEID="10" PREVID="0" NEXTID="0" UPDATEDATE="2025-10-30" STARTDATE="2025-10-30" ENDDATE="2079-06-06" ISACTUAL="1" ISACTIVE="1" /><STEAD ID="74529643" OBJECTID="175610396" OBJECTGUID="a85aec8a-139c-42c9-a359-5f54608b2d2a" CHANGEID="691484595" NUMBER="115б/487" OPERTYPEID="10" PREVID="0" NEXTID="0" UPDATEDATE="2025-10-30" STARTDATE="2025-10-30" ENDDATE="2079-06-06" ISACTUAL="1" ISACTIVE="1" /><STEAD ID="74529644" OBJECTID="175610400" OBJECTGUID="f86da56e-1121-455a-9235-0c1eccf314ed" CHANGEID="691484600" NUMBER="65/144" OPERTYPEID="10" PREVID="0" NEXTID="0" UPDATEDATE="2025-10-30" STARTDATE="2025-10-30" ENDDATE="2079-06-06" ISACTUAL="1" ISACTIVE="1" /><STEAD ID="74529649" OBJECTID="175610406" OBJECTGUID="bfc68d4e-5177-4154-bd6d-6a1963029f5a" CHANGEID="691484608" NUMBER="16б/4" OPERTYPEID="10" PREVID="0" NEXTID="0" UPDATEDATE="2025-10-30" STARTDATE="2025-10-30" ENDDATE="2079-06-06" ISACTUAL="1" ISACTIVE="1" /><STEAD ID="74529651" OBJECTID="175610408" OBJECTGUID="26194212-32f2-4e30-8d66-db122f7ccdc8" CHANGEID="691484611" NUMBER="16б/5" OPERTYPEID="10" PREVID="0" NEXTID="0" UPDATEDATE="2025-10-30" STARTDATE="2025-10-30" ENDDATE="2079-06-06" ISACTUAL="1" ISACTIVE="1" /><STEAD ID="74529655" OBJECTID="175610412" OBJECTGUID="a37182ad-6f30-4309-9f01-20dc94235f60" CHANGEID="691484615" NUMBER="181" OPERTYPEID="10" PREVID="0" NEXTID="0" UPDATEDATE="2025-10-30" STARTDATE="2025-10-30" ENDDATE="2079-06-06" ISACTUAL="1" ISACTIVE="1" /><STEAD ID="74529656" OBJECTID="175610413" OBJECTGUID="27e70b0a-b92d-481a-b17b-ed5727c624e2" CHANGEID="691484616" NUMBER="10" OPERTYPEID="10" PREVID="0" NEXTID="0" UPDATEDATE="2025-10-30" STARTDATE="2025-10-30" ENDDATE="2079-06-06" ISACTUAL="1" ISACTIVE="1" /><STEAD ID="74529672" OBJECTID="175610441" OBJECTGUID="b6a2a599-c28b-45cb-a108-225a58a4341b" CHANGEID="691484656" NUMBER="6" OPERTYPEID="10" PREVID="0" NEXTID="0" UPDATEDATE="2025-10-30" STARTDATE="2025-10-30" ENDDATE="2079-06-06" ISACTUAL="1" ISACTIVE="1" /><STEAD ID="74529674" OBJECTID="175610442" OBJECTGUID="9711d2a4-1c75-4400-b858-6dc0ef3e025c" CHANGEID="691484659" NUMBER="3д/176" OPERTYPEID="10" PREVID="0" NEXTID="0" UPDATEDATE="2025-10-30" STARTDATE="2025-10-30" ENDDATE="2079-06-06" ISACTUAL="1" ISACTIVE="1" /><STEAD ID="74529743" OBJECTID="175610539" OBJECTGUID="c1463c23-7b18-442d-bd50-dc905cbb1304" CHANGEID="691484800" NUMBER="13" OPERTYPEID="10" PREVID="0" NEXTID="0" UPDATEDATE="2025-10-30" STARTDATE="2025-10-30" ENDDATE="2079-06-06" ISACTUAL="1" ISACTIVE="1" /><STEAD ID="74529802" OBJECTID="175610634" OBJECTGUID="21057d62-0a1e-43d3-aa2a-26672f59573d" CHANGEID="691485040" NUMBER="4" OPERTYPEID="10" PREVID="0" NEXTID="0" UPDATEDATE="2025-10-30" STARTDATE="2025-10-30" ENDDATE="2079-06-06" ISACTUAL="1" ISACTIVE="1" /><STEAD ID="74529885" OBJECTID="175610753" OBJECTGUID="4ef85b8c-8477-494a-bc97-b31471acc7dd" CHANGEID="691485305" NUMBER="17" OPERTYPEID="10" PREVID="0" NEXTID="0" UPDATEDATE="2025-10-30" STARTDATE="2025-10-30" ENDDATE="2079-06-06" ISACTUAL="1" ISACTIVE="1" /><STEAD ID="74529892" OBJECTID="175610763" OBJECTGUID="099ea434-1e58-4e6f-83b8-b51aa8f02005" CHANGEID="691485319" NUMBER="10" OPERTYPEID="10" PREVID="0" NEXTID="0" UPDATEDATE="2025-10-30" STARTDATE="2025-10-30" ENDDATE="2079-06-06" ISACTUAL="1" ISACTIVE="1" /><STEAD ID="74530184" OBJECTID="175611418" OBJECTGUID="e2b1c4f1-de96-4516-b2d9-51c538b170bc" CHANGEID="691486624" NUMBER="3д/502" OPERTYPEID="10" PREVID="0" NEXTID="0" UPDATEDATE="2025-10-30" STARTDATE="2025-10-30" ENDDATE="2079-06-06" ISACTUAL="1" ISACTIVE="1" /><STEAD ID="74530189" OBJECTID="175611429" OBJECTGUID="406831e1-82f5-45d2-9d9b-26dcfb9ccf77" CHANGEID="691486642" NUMBER="3д/554" OPERTYPEID="10" PREVID="0" NEXTID="0" UPDATEDATE="2025-10-30" STARTDATE="2025-10-30" ENDDATE="2079-06-06" ISACTUAL="1" ISACTIVE="1" /><STEAD ID="74530200" OBJECTID="175611441" OBJECTGUID="2665f6a7-0965-48b6-946c-6fef238dfee0" CHANGEID="691486716" NUMBER="3д/29" OPERTYPEID="10" PREVID="0" NEXTID="0" UPDATEDATE="2025-10-30" STARTDATE="2025-10-30" ENDDATE="2079-06-06" ISACTUAL="1" ISACTIVE="1" /><STEAD ID="74530211" OBJECTID="175611454" OBJECTGUID="cdb15af8-52eb-4b43-9af5-54b6aa1dee71" CHANGEID="691486796" NUMBER="3д/569" OPERTYPEID="10" PREVID="0" NEXTID="0" UPDATEDATE="2025-10-30" STARTDATE="2025-10-30" ENDDATE="2079-06-06" ISACTUAL="1" ISACTIVE="1" /><STEAD ID="74530231" OBJECTID="175611478" OBJECTGUID="620ac86c-9462-411c-ac2b-857c96a8fa83" CHANGEID="691486823" NUMBER="29/404" OPERTYPEID="10" PREVID="0" NEXTID="0" UPDATEDATE="2025-10-30" STARTDATE="2025-10-30" ENDDATE="2079-06-06" ISACTUAL="1" ISACTIVE="1" /><STEAD ID="74530258" OBJECTID="175611520" OBJECTGUID="40090eb3-f093-48e4-81e2-a0d295ba35eb" CHANGEID="691486938" NUMBER="20/99" OPERTYPEID="10" PREVID="0" NEXTID="0" UPDATEDATE="2025-10-30" STARTDATE="2025-10-30" ENDDATE="2079-06-06" ISACTUAL="1" ISACTIVE="1" /><STEAD ID="74530265" OBJECTID="175611531" OBJECTGUID="dc8bef72-f9a0-47e0-a26e-4b99c7dea0b7" CHANGEID="691486956" NUMBER="18а/25/39" OPERTYPEID="10" PREVID="0" NEXTID="0" UPDATEDATE="2025-10-30" STARTDATE="2025-10-30" ENDDATE="2079-06-06" ISACTUAL="1" ISACTIVE="1" /><STEAD ID="74530271" OBJECTID="175611544" OBJECTGUID="2327cd64-6342-471b-8f12-13ad41173fd5" CHANGEID="691486973" NUMBER="7б/2/96" OPERTYPEID="10" PREVID="0" NEXTID="0" UPDATEDATE="2025-10-30" STARTDATE="2025-10-30" ENDDATE="2079-06-06" ISACTUAL="1" ISACTIVE="1" /><STEAD ID="74530288" OBJECTID="175611579" OBJECTGUID="90dc40e4-c8f6-4b0d-8a57-e0fdd8f602dc" CHANGEID="691487025" NUMBER="9/64" OPERTYPEID="10" PREVID="0" NEXTID="0" UPDATEDATE="2025-10-30" STARTDATE="2025-10-30" ENDDATE="2079-06-06" ISACTUAL="1" ISACTIVE="1" /><STEAD ID="74530292" OBJECTID="175611604" OBJECTGUID="b20780fe-1d38-4619-830c-668ef4951075" CHANGEID="691487058" NUMBER="65/56" OPERTYPEID="10" PREVID="0" NEXTID="0" UPDATEDATE="2025-10-30" STARTDATE="2025-10-30" ENDDATE="2079-06-06" ISACTUAL="1" ISACTIVE="1" /><STEAD ID="74530535" OBJECTID="175611948" OBJECTGUID="d8ada33a-e93c-4da1-8796-da03519a22af" CHANGEID="691487772" NUMBER="38а/221" OPERTYPEID="10" PREVID="0" NEXTID="0" UPDATEDATE="2025-10-30" STARTDATE="2025-10-30" ENDDATE="2079-06-06" ISACTUAL="1" ISACTIVE="1" /><STEAD ID="74530530" OBJECTID="175611943" OBJECTGUID="43b330bf-9236-45fa-bfb6-07c34f4a8f3c" CHANGEID="691487763" NUMBER="38а/155" OPERTYPEID="10" PREVID="0" NEXTID="0" UPDATEDATE="2025-10-30" STARTDATE="2025-10-30" ENDDATE="2079-06-06" ISACTUAL="1" ISACTIVE="1" /><STEAD ID="74530543" OBJECTID="175611956" OBJECTGUID="4f21d366-d15a-4650-aa3c-a2262b1c5091" CHANGEID="691487783" NUMBER="18а/27/42" OPERTYPEID="10" PREVID="0" NEXTID="0" UPDATEDATE="2025-10-30" STARTDATE="2025-10-30" ENDDATE="2079-06-06" ISACTUAL="1" ISACTIVE="1" /><STEAD ID="74530547" OBJECTID="175611968" OBJECTGUID="03f17820-d327-453b-ae93-d5c3f057f59d" CHANGEID="691487796" NUMBER="18а/11/29" OPERTYPEID="10" PREVID="0" NEXTID="0" UPDATEDATE="2025-10-30" STARTDATE="2025-10-30" ENDDATE="2079-06-06" ISACTUAL="1" ISACTIVE="1" /><STEAD ID="74535101" OBJECTID="175621911" OBJECTGUID="1ecb0d3a-d480-4cb5-bde1-717295696df0" CHANGEID="691503896" NUMBER="71/87" OPERTYPEID="10" PREVID="0" NEXTID="0" UPDATEDATE="2025-10-31" STARTDATE="2025-10-31" ENDDATE="2079-06-06" ISACTUAL="1" ISACTIVE="1" /><STEAD ID="74535104" OBJECTID="175621916" OBJECTGUID="479641a0-4ace-4bcf-95e1-9269a910be2f" CHANGEID="691503904" NUMBER="20/88" OPERTYPEID="10" PREVID="0" NEXTID="0" UPDATEDATE="2025-10-31" STARTDATE="2025-10-31" ENDDATE="2079-06-06" ISACTUAL="1" ISACTIVE="1" /><STEAD ID="74535095" OBJECTID="175621901" OBJECTGUID="c10e21ba-1933-46c3-a76e-f1d01bc19032" CHANGEID="691503857" NUMBER="63" OPERTYPEID="10" PREVID="0" NEXTID="0" UPDATEDATE="2025-10-31" STARTDATE="2025-10-31" ENDDATE="2079-06-06" ISACTUAL="1" ISACTIVE="1" /><STEAD ID="74535120" OBJECTID="175621941" OBJECTGUID="75e45ecc-f20e-42df-a0e5-da507526d3d1" CHANGEID="691503943" NUMBER="14/19/4" OPERTYPEID="10" PREVID="0" NEXTID="0" UPDATEDATE="2025-10-31" STARTDATE="2025-10-31" ENDDATE="2079-06-06" ISACTUAL="1" ISACTIVE="1" /><STEAD ID="74535111" OBJECTID="175621925" OBJECTGUID="e036cdd6-2cff-4674-95b0-31fcd342a855" CHANGEID="691503918" NUMBER="88/165а" OPERTYPEID="10" PREVID="0" NEXTID="0" UPDATEDATE="2025-10-31" STARTDATE="2025-10-31" ENDDATE="2079-06-06" ISACTUAL="1" ISACTIVE="1" /><STEAD ID="74535116" OBJECTID="175621932" OBJECTGUID="b16eb56d-8935-4404-b4e8-73033a27ec5f" CHANGEID="691503930" NUMBER="49г/112" OPERTYPEID="10" PREVID="0" NEXTID="0" UPDATEDATE="2025-10-31" STARTDATE="2025-10-31" ENDDATE="2079-06-06" ISACTUAL="1" ISACTIVE="1" /><STEAD ID="74535149" OBJECTID="175621972" OBJECTGUID="d19c5393-d1ac-4f4c-bb2c-bf14b9689e6d" CHANGEID="691504015" NUMBER="14б/117" OPERTYPEID="10" PREVID="0" NEXTID="0" UPDATEDATE="2025-10-31" STARTDATE="2025-10-31" ENDDATE="2079-06-06" ISACTUAL="1" ISACTIVE="1" /><STEAD ID="74535157" OBJECTID="175621983" OBJECTGUID="c9216758-1ac4-4b1a-8403-e536f3ecd4d6" CHANGEID="691504033" NUMBER="82а" OPERTYPEID="10" PREVID="0" NEXTID="0" UPDATEDATE="2025-10-31" STARTDATE="2025-10-31" ENDDATE="2079-06-06" ISACTUAL="1" ISACTIVE="1" /><STEAD ID="74535934" OBJECTID="175623057" OBJECTGUID="2cce200d-c817-4dd8-9bb3-b756ca147b2a" CHANGEID="691505734" NUMBER="19" OPERTYPEID="10" PREVID="0" NEXTID="0" UPDATEDATE="2025-10-31" STARTDATE="2025-10-31" ENDDATE="2079-06-06" ISACTUAL="1" ISACTIVE="1" /><STEAD ID="74535919" OBJECTID="95157600" OBJECTGUID="1f2c659e-8ac9-4b54-a155-31e169d6c8e9" CHANGEID="691505633" NUMBER="3" OPERTYPEID="30" PREVID="10624501" NEXTID="0" UPDATEDATE="2025-10-31" STARTDATE="2025-10-31" ENDDATE="2079-06-06" ISACTUAL="1" ISACTIVE="0" /><STEAD ID="10624501" OBJECTID="95157600" OBJECTGUID="1f2c659e-8ac9-4b54-a155-31e169d6c8e9" CHANGEID="138113977" NUMBER="3" OPERTYPEID="10" NEXTID="74535919" UPDATEDATE="2025-10-31" STARTDATE="2019-11-15" ENDDATE="2025-10-31" ISACTUAL="0" ISACTIVE="0" /><STEAD ID="74536217" OBJECTID="175623439" OBJECTGUID="fbd0d6b9-04de-4f3d-908b-27d5de641ffe" CHANGEID="691506418" NUMBER="18а/25/48" OPERTYPEID="10" PREVID="0" NEXTID="0" UPDATEDATE="2025-10-31" STARTDATE="2025-10-31" ENDDATE="2079-06-06" ISACTUAL="1" ISACTIVE="1" /><STEAD ID="74536222" OBJECTID="175623446" OBJECTGUID="9d56883b-bed4-4381-8ee3-8d5037219ce3" CHANGEID="691506446" NUMBER="7а" OPERTYPEID="10" PREVID="0" NEXTID="0" UPDATEDATE="2025-10-31" STARTDATE="2025-10-31" ENDDATE="2079-06-06" ISACTUAL="1" ISACTIVE="1" /><STEAD ID="74536205" OBJECTID="175623423" OBJECTGUID="68695d2b-1e6f-4cb8-bb8d-1cec312213f1" CHANGEID="691506393" NUMBER="5а" OPERTYPEID="10" PREVID="0" NEXTID="0" UPDATEDATE="2025-10-31" STARTDATE="2025-10-31" ENDDATE="2079-06-06" ISACTUAL="1" ISACTIVE="1" /><STEAD ID="74536258" OBJECTID="175623503" OBJECTGUID="e81d8afe-92b1-45c7-aeaf-24d13de30c1c" CHANGEID="691506565" NUMBER="3А" OPERTYPEID="10" PREVID="0" NEXTID="0" UPDATEDATE="2025-10-31" STARTDATE="2025-10-31" ENDDATE="2079-06-06" ISACTUAL="1" ISACTIVE="1" /><STEAD ID="74536283" OBJECTID="175623530" OBJECTGUID="b5266da0-5909-4bad-89a6-b9c78f36f7b7" CHANGEID="691506607" NUMBER="1е" OPERTYPEID="10" PREVID="0" NEXTID="0" UPDATEDATE="2025-10-31" STARTDATE="2025-10-31" ENDDATE="2079-06-06" ISACTUAL="1" ISACTIVE="1" /><STEAD ID="74536351" OBJECTID="175623616" OBJECTGUID="5dd630cd-d95e-4318-b589-781bca7c74ce" CHANGEID="691506785" NUMBER="6а" OPERTYPEID="10" PREVID="0" NEXTID="0" UPDATEDATE="2025-10-31" STARTDATE="2025-10-31" ENDDATE="2079-06-06" ISACTUAL="1" ISACTIVE="1" /><STEAD ID="74536352" OBJECTID="175623617" OBJECTGUID="6fe8d46a-e135-498e-b653-7949e821e73b" CHANGEID="691506786" NUMBER="6" OPERTYPEID="10" PREVID="0" NEXTID="0" UPDATEDATE="2025-10-31" STARTDATE="2025-10-31" ENDDATE="2079-06-06" ISACTUAL="1" ISACTIVE="1" /><STEAD ID="74536353" OBJECTID="175623618" OBJECTGUID="1ed659bb-72c2-4863-952e-df951d9eaed9" CHANGEID="691506787" NUMBER="5а" OPERTYPEID="10" PREVID="0" NEXTID="0" UPDATEDATE="2025-10-31" STARTDATE="2025-10-31" ENDDATE="2079-06-06" ISACTUAL="1" ISACTIVE="1" /><STEAD ID="74536354" OBJECTID="175623619" OBJECTGUID="7e8ca42e-37a6-4ad4-901c-abc90887fc71" CHANGEID="691506788" NUMBER="5" OPERTYPEID="10" PREVID="0" NEXTID="0" UPDATEDATE="2025-10-31" STARTDATE="2025-10-31" ENDDATE="2079-06-06" ISACTUAL="1" ISACTIVE="1" /><STEAD ID="74536375" OBJECTID="175623643" OBJECTGUID="b08404bd-55ba-4f50-89a8-c6eca68a6966" CHANGEID="691506848" NUMBER="23" OPERTYPEID="10" PREVID="0" NEXTID="0" UPDATEDATE="2025-10-31" STARTDATE="2025-10-31" ENDDATE="2079-06-06" ISACTUAL="1" ISACTIVE="1" /><STEAD ID="74536546" OBJECTID="175623871" OBJECTGUID="0831a157-b574-43b5-9c63-5732c6dde45d" CHANGEID="691507184" NUMBER="9" OPERTYPEID="10" PREVID="0" NEXTID="0" UPDATEDATE="2025-10-31" STARTDATE="2025-10-31" ENDDATE="2079-06-06" ISACTUAL="1" ISACTIVE="1" /><STEAD ID="74536596" OBJECTID="175623934" OBJECTGUID="8ced8e61-c372-4954-887c-ddfd184d0afb" CHANGEID="691507267" NUMBER="7" OPERTYPEID="10" PREVID="0" NEXTID="0" UPDATEDATE="2025-10-31" STARTDATE="2025-10-31" ENDDATE="2079-06-06" ISACTUAL="1" ISACTIVE="1" /><STEAD ID="74536613" OBJECTID="175623957" OBJECTGUID="4c447dd8-c6f9-4ca0-8c4b-4271affca9c4" CHANGEID="691507297" NUMBER="71а" OPERTYPEID="10" PREVID="0" NEXTID="0" UPDATEDATE="2025-10-31" STARTDATE="2025-10-31" ENDDATE="2079-06-06" ISACTUAL="1" ISACTIVE="1" /><STEAD ID="74539530" OBJECTID="175630197" OBJECTGUID="9d62a10d-fae6-4532-ab53-95388109a4bc" CHANGEID="691517040" NUMBER="5" OPERTYPEID="10" PREVID="0" NEXTID="0" UPDATEDATE="2025-10-31" STARTDATE="2025-10-31" ENDDATE="2079-06-06" ISACTUAL="1" ISACTIVE="1" /><STEAD ID="74539534" OBJECTID="175630209" OBJECTGUID="25b3e8e6-e6db-409e-b969-79b45ce1d653" CHANGEID="691517064" NUMBER="3а" OPERTYPEID="10" PREVID="0" NEXTID="0" UPDATEDATE="2025-10-31" STARTDATE="2025-10-31" ENDDATE="2079-06-06" ISACTUAL="1" ISACTIVE="1" /><STEAD ID="74539550" OBJECTID="175630234" OBJECTGUID="ef3824ec-bb0e-4428-aa48-edd41a35fb72" CHANGEID="691517090" NUMBER="18б" OPERTYPEID="10" PREVID="0" NEXTID="0" UPDATEDATE="2025-10-31" STARTDATE="2025-10-31" ENDDATE="2079-06-06" ISACTUAL="1" ISACTIVE="1" /><STEAD ID="74539553" OBJECTID="175630243" OBJECTGUID="8abae447-15d8-4874-aade-3ac159af1b58" CHANGEID="691517101" NUMBER="2" OPERTYPEID="10" PREVID="0" NEXTID="0" UPDATEDATE="2025-10-31" STARTDATE="2025-10-31" ENDDATE="2079-06-06" ISACTUAL="1" ISACTIVE="1" /><STEAD ID="74539722" OBJECTID="175630479" OBJECTGUID="d38cb4e7-4afa-4e3f-9de1-3c062872af8c" CHANGEID="691517379" NUMBER="4А" OPERTYPEID="10" PREVID="0" NEXTID="0" UPDATEDATE="2025-10-31" STARTDATE="2025-10-31" ENDDATE="2079-06-06" ISACTUAL="1" ISACTIVE="1" /><STEAD ID="74539784" OBJECTID="175630602" OBJECTGUID="5ee3d3f2-2d9c-4b5c-96ff-39d4a5780722" CHANGEID="691517514" NUMBER="1" OPERTYPEID="10" PREVID="0" NEXTID="0" UPDATEDATE="2025-10-31" STARTDATE="2025-10-31" ENDDATE="2079-06-06" ISACTUAL="1" ISACTIVE="1" /><STEAD ID="74539847" OBJECTID="175630692" OBJECTGUID="d327ded1-23aa-4c56-bafd-d16b337020c1" CHANGEID="691517609" NUMBER="26" OPERTYPEID="10" PREVID="0" NEXTID="0" UPDATEDATE="2025-10-31" STARTDATE="2025-10-31" ENDDATE="2079-06-06" ISACTUAL="1" ISACTIVE="1" /><STEAD ID="74539856" OBJECTID="175630706" OBJECTGUID="7af197ea-5886-43e2-be9e-1d8b69c45578" CHANGEID="691517624" NUMBER="49" OPERTYPEID="10" PREVID="0" NEXTID="0" UPDATEDATE="2025-10-31" STARTDATE="2025-10-31" ENDDATE="2079-06-06" ISACTUAL="1" ISACTIVE="1" /><STEAD ID="74541458" OBJECTID="175634636" OBJECTGUID="5b8dd448-f115-474a-a69e-b1043563db4f" CHANGEID="691523772" NUMBER="213" OPERTYPEID="10" PREVID="0" NEXTID="0" UPDATEDATE="2025-10-31" STARTDATE="2025-10-31" ENDDATE="2079-06-06" ISACTUAL="1" ISACTIVE="1" /><STEAD ID="74541470" OBJECTID="171766619" OBJECTGUID="57758032-0a57-49f4-aca6-589b29c7868e" CHANGEID="691523831" NUMBER="10" OPERTYPEID="50" PREVID="72498400" UPDATEDATE="2025-10-31" STARTDATE="2025-10-31" ENDDATE="2079-06-06" ISACTUAL="1" ISACTIVE="1" /><STEAD ID="74541562" OBJECTID="101628924" OBJECTGUID="bf931e74-d003-4d2b-806d-a0c2a29eb712" CHANGEID="691524174" NUMBER="79" OPERTYPEID="30" PREVID="14336128" NEXTID="0" UPDATEDATE="2025-10-31" STARTDATE="2025-10-31" ENDDATE="2079-06-06" ISACTUAL="1" ISACTIVE="0" /><STEAD ID="74544207" OBJECTID="175639686" OBJECTGUID="d947d39f-45d0-41a8-b184-d75f322f2323" CHANGEID="691532053" NUMBER="8а" OPERTYPEID="10" PREVID="0" NEXTID="0" UPDATEDATE="2025-10-31" STARTDATE="2025-10-31" ENDDATE="2079-06-06" ISACTUAL="1" ISACTIVE="1" /><STEAD ID="74544470" OBJECTID="175640112" OBJECTGUID="d2979d44-0754-40d1-8f49-aee1704a5751" CHANGEID="691532820" NUMBER="9" OPERTYPEID="10" PREVID="0" NEXTID="0" UPDATEDATE="2025-10-31" STARTDATE="2025-10-31" ENDDATE="2079-06-06" ISACTUAL="1" ISACTIVE="1" /><STEAD ID="74548666" OBJECTID="175648923" OBJECTGUID="22dcfa5a-fe8b-4ab1-b290-187c2bc03af5" CHANGEID="691563353" NUMBER="6" OPERTYPEID="10" PREVID="0" NEXTID="0" UPDATEDATE="2025-11-01" STARTDATE="2025-11-01" ENDDATE="2079-06-06" ISACTUAL="1" ISACTIVE="1" /><STEAD ID="74551222" OBJECTID="175656871" OBJECTGUID="71b771f1-8ceb-41fe-bd44-ddfaf1df9dcb" CHANGEID="691574718" NUMBER="5" OPERTYPEID="10" PREVID="0" NEXTID="0" UPDATEDATE="2025-11-01" STARTDATE="2025-11-01" ENDDATE="2079-06-06" ISACTUAL="1" ISACTIVE="1" /><STEAD ID="74551316" OBJECTID="175656990" OBJECTGUID="79388761-bac0-4420-b840-0df0327bc19a" CHANGEID="691575007" NUMBER="14" OPERTYPEID="10" PREVID="0" NEXTID="0" UPDATEDATE="2025-11-01" STARTDATE="2025-11-01" ENDDATE="2079-06-06" ISACTUAL="1" ISACTIVE="1" /><STEAD ID="74555455" OBJECTID="175663961" OBJECTGUID="82292a0d-624b-4e56-806b-142a0354d179" CHANGEID="691587787" NUMBER="7" OPERTYPEID="10" PREVID="0" NEXTID="0" UPDATEDATE="2025-11-01" STARTDATE="2025-11-01" ENDDATE="2079-06-06" ISACTUAL="1" ISACTIVE="1" /><STEAD ID="74555486" OBJECTID="101752646" OBJECTGUID="79cfd901-f430-49a5-9fa9-d1a5068a6b72" CHANGEID="691587889" NUMBER="3а" OPERTYPEID="30" PREVID="14403035" NEXTID="0" UPDATEDATE="2025-11-01" STARTDATE="2025-11-01" ENDDATE="2079-06-06" ISACTUAL="1" ISACTIVE="0" /><STEAD ID="14403035" OBJECTID="101752646" OBJECTGUID="79cfd901-f430-49a5-9fa9-d1a5068a6b72" CHANGEID="196228156" NUMBER="3а" OPERTYPEID="10" PREVID="0" NEXTID="74555486" UPDATEDATE="2025-11-01" STARTDATE="2021-07-05" ENDDATE="2025-11-01" ISACTUAL="0" ISACTIVE="0" /><STEAD ID="74555487" OBJECTID="175664001" OBJECTGUID="a73725cd-c196-46f0-b8e3-48519b0edadb" CHANGEID="691587890" NUMBER="3б" OPERTYPEID="10" PREVID="0" NEXTID="0" UPDATEDATE="2025-11-01" STARTDATE="2025-11-01" ENDDATE="2079-06-06" ISACTUAL="1" ISACTIVE="1" /><STEAD ID="74555560" OBJECTID="175664056" OBJECTGUID="d2af2cf5-fe1e-4663-8eea-1a7630fd27d3" CHANGEID="691587972" NUMBER="16Б" OPERTYPEID="10" PREVID="0" NEXTID="0" UPDATEDATE="2025-11-01" STARTDATE="2025-11-01" ENDDATE="2079-06-06" ISACTUAL="1" ISACTIVE="1" /><STEAD ID="74555570" OBJECTID="175664066" OBJECTGUID="5b99a448-6bcc-4b0b-9dad-404f1b23e473" CHANGEID="691587984" NUMBER="8" OPERTYPEID="10" PREVID="0" NEXTID="0" UPDATEDATE="2025-11-01" STARTDATE="2025-11-01" ENDDATE="2079-06-06" ISACTUAL="1" ISACTIVE="1" /><STEAD ID="74555578" OBJECTID="175664072" OBJECTGUID="7204cbd9-7d09-4f4d-afc3-aab410931b99" CHANGEID="691587992" NUMBER="5а" OPERTYPEID="10" PREVID="0" NEXTID="0" UPDATEDATE="2025-11-01" STARTDATE="2025-11-01" ENDDATE="2079-06-06" ISACTUAL="1" ISACTIVE="1" /><STEAD ID="74555579" OBJECTID="175664078" OBJECTGUID="501d446c-1243-445d-99d1-900cd2c8cd29" CHANGEID="691587998" NUMBER="12" OPERTYPEID="10" PREVID="0" NEXTID="0" UPDATEDATE="2025-11-01" STARTDATE="2025-11-01" ENDDATE="2079-06-06" ISACTUAL="1" ISACTIVE="1" /><STEAD ID="74555588" OBJECTID="175664084" OBJECTGUID="f636c0f9-a71f-4b57-babb-08dca5796dce" CHANGEID="691588007" NUMBER="14" OPERTYPEID="10" PREVID="0" NEXTID="0" UPDATEDATE="2025-11-01" STARTDATE="2025-11-01" ENDDATE="2079-06-06" ISACTUAL="1" ISACTIVE="1" /><STEAD ID="74555599" OBJECTID="175664091" OBJECTGUID="3f06f192-4359-498f-974e-4813508a3c7c" CHANGEID="691588019" NUMBER="21" OPERTYPEID="10" PREVID="0" NEXTID="0" UPDATEDATE="2025-11-01" STARTDATE="2025-11-01" ENDDATE="2079-06-06" ISACTUAL="1" ISACTIVE="1" /><STEAD ID="74555591" OBJECTID="175664085" OBJECTGUID="6be7920b-5086-4d79-bfe6-fd6c64495696" CHANGEID="691588010" NUMBER="20" OPERTYPEID="10" PREVID="0" NEXTID="0" UPDATEDATE="2025-11-01" STARTDATE="2025-11-01" ENDDATE="2079-06-06" ISACTUAL="1" ISACTIVE="1" /><STEAD ID="74555717" OBJECTID="175664332" OBJECTGUID="32443e10-d4b6-401d-8c8c-904705e1d695" CHANGEID="691588369" NUMBER="28" OPERTYPEID="10" PREVID="0" NEXTID="0" UPDATEDATE="2025-11-01" STARTDATE="2025-11-01" ENDDATE="2079-06-06" ISACTUAL="1" ISACTIVE="1" /><STEAD ID="74555710" OBJECTID="175664331" OBJECTGUID="8aaf9d91-5922-423e-98a6-84c02596bc49" CHANGEID="691588360" NUMBER="24" OPERTYPEID="10" PREVID="0" NEXTID="0" UPDATEDATE="2025-11-01" STARTDATE="2025-11-01" ENDDATE="2079-06-06" ISACTUAL="1" ISACTIVE="1" /><STEAD ID="74555734" OBJECTID="175664333" OBJECTGUID="753e7d58-e94d-4c68-a872-19a42a2b60b9" CHANGEID="691588386" NUMBER="29" OPERTYPEID="10" PREVID="0" NEXTID="0" UPDATEDATE="2025-11-01" STARTDATE="2025-11-01" ENDDATE="2079-06-06" ISACTUAL="1" ISACTIVE="1" /><STEAD ID="74555740" OBJECTID="175664335" OBJECTGUID="b8f225cb-386d-4967-b5fb-dd9b62a0adcb" CHANGEID="691588392" NUMBER="31" OPERTYPEID="10" PREVID="0" NEXTID="0" UPDATEDATE="2025-11-01" STARTDATE="2025-11-01" ENDDATE="2079-06-06" ISACTUAL="1" ISACTIVE="1" /><STEAD ID="74555745" OBJECTID="175664336" OBJECTGUID="febf8b6f-5b79-4970-b48f-511f79adb677" CHANGEID="691588397" NUMBER="34" OPERTYPEID="10" PREVID="0" NEXTID="0" UPDATEDATE="2025-11-01" STARTDATE="2025-11-01" ENDDATE="2079-06-06" ISACTUAL="1" ISACTIVE="1" /><STEAD ID="74555770" OBJECTID="175664356" OBJECTGUID="56f346ab-6717-4a0f-8b73-69470636317f" CHANGEID="691588436" NUMBER="39" OPERTYPEID="10" PREVID="0" NEXTID="0" UPDATEDATE="2025-11-01" STARTDATE="2025-11-01" ENDDATE="2079-06-06" ISACTUAL="1" ISACTIVE="1" /><STEAD ID="74555763" OBJECTID="175664351" OBJECTGUID="a794512b-66aa-4db0-abff-636f61f0dcf4" CHANGEID="691588427" NUMBER="38" OPERTYPEID="10" PREVID="0" NEXTID="0" UPDATEDATE="2025-11-01" STARTDATE="2025-11-01" ENDDATE="2079-06-06" ISACTUAL="1" ISACTIVE="1" /><STEAD ID="74555776" OBJECTID="175664360" OBJECTGUID="c3c1b5c6-cc15-4375-93a4-218463788c6c" CHANGEID="691588443" NUMBER="4" OPERTYPEID="10" PREVID="0" NEXTID="0" UPDATEDATE="2025-11-01" STARTDATE="2025-11-01" ENDDATE="2079-06-06" ISACTUAL="1" ISACTIVE="1" /><STEAD ID="74555775" OBJECTID="175664359" OBJECTGUID="7abec6e6-7e86-4456-9670-6e36240eb257" CHANGEID="691588442" NUMBER="40" OPERTYPEID="10" PREVID="0" NEXTID="0" UPDATEDATE="2025-11-01" STARTDATE="2025-11-01" ENDDATE="2079-06-06" ISACTUAL="1" ISACTIVE="1" /><STEAD ID="74555988" OBJECTID="175664829" OBJECTGUID="c5a99f10-cabd-43fe-b214-622f852a52fc" CHANGEID="691589049" NUMBER="71/75" OPERTYPEID="10" PREVID="0" NEXTID="0" UPDATEDATE="2025-11-01" STARTDATE="2025-11-01" ENDDATE="2079-06-06" ISACTUAL="1" ISACTIVE="1" /><STEAD ID="74556001" OBJECTID="175664891" OBJECTGUID="74acc329-cf49-49ae-91bc-399829d5aa3b" CHANGEID="691589130" NUMBER="86/106" OPERTYPEID="10" PREVID="0" NEXTID="0" UPDATEDATE="2025-11-01" STARTDATE="2025-11-01" ENDDATE="2079-06-06" ISACTUAL="1" ISACTIVE="1" /><STEAD ID="74555997" OBJECTID="175664886" OBJECTGUID="8a673685-ad50-453e-8dc1-fbc17f3ca998" CHANGEID="691589121" NUMBER="38/562" OPERTYPEID="10" PREVID="0" NEXTID="0" UPDATEDATE="2025-11-01" STARTDATE="2025-11-01" ENDDATE="2079-06-06" ISACTUAL="1" ISACTIVE="1" /><STEAD ID="74556016" OBJECTID="175664910" OBJECTGUID="00e7a23d-6bec-42e1-8f5b-0ed2df174986" CHANGEID="691589167" NUMBER="7б/95" OPERTYPEID="10" PREVID="0" NEXTID="0" UPDATEDATE="2025-11-01" STARTDATE="2025-11-01" ENDDATE="2079-06-06" ISACTUAL="1" ISACTIVE="1" /><STEAD ID="74556021" OBJECTID="175664918" OBJECTGUID="4c0f8f18-6cb8-4d15-b8bb-71ad5e46161b" CHANGEID="691589182" NUMBER="41б/43" OPERTYPEID="10" PREVID="0" NEXTID="0" UPDATEDATE="2025-11-01" STARTDATE="2025-11-01" ENDDATE="2079-06-06" ISACTUAL="1" ISACTIVE="1" /><STEAD ID="74556079" OBJECTID="175664980" OBJECTGUID="a6501d4e-6931-4597-93e2-959d38383dd8" CHANGEID="691589263" NUMBER="1а/29" OPERTYPEID="10" PREVID="0" NEXTID="0" UPDATEDATE="2025-11-01" STARTDATE="2025-11-01" ENDDATE="2079-06-06" ISACTUAL="1" ISACTIVE="1" /><STEAD ID="74556094" OBJECTID="175664998" OBJECTGUID="a88ae4e5-3454-440d-98b4-73d668af4f41" CHANGEID="691589294" NUMBER="115д/65" OPERTYPEID="10" PREVID="0" NEXTID="0" UPDATEDATE="2025-11-01" STARTDATE="2025-11-01" ENDDATE="2079-06-06" ISACTUAL="1" ISACTIVE="1" /><STEAD ID="74556102" OBJECTID="175665009" OBJECTGUID="3f2736a5-6286-4a8c-a571-18493778eb9d" CHANGEID="691589306" NUMBER="21/36" OPERTYPEID="10" PREVID="0" NEXTID="0" UPDATEDATE="2025-11-01" STARTDATE="2025-11-01" ENDDATE="2079-06-06" ISACTUAL="1" ISACTIVE="1" /><STEAD ID="74556381" OBJECTID="175665827" OBJECTGUID="bf9895c8-2139-43e9-b943-c885dfce0e0e" CHANGEID="691590528" NUMBER="11" OPERTYPEID="10" PREVID="0" NEXTID="0" UPDATEDATE="2025-11-01" STARTDATE="2025-11-01" ENDDATE="2079-06-06" ISACTUAL="1" ISACTIVE="1" /><STEAD ID="74557128" OBJECTID="175667985" OBJECTGUID="18142a17-9f85-4dea-a9d5-57f5bd59573d" CHANGEID="691593775" NUMBER="3а" OPERTYPEID="10" PREVID="0" NEXTID="0" UPDATEDATE="2025-11-01" STARTDATE="2025-11-01" ENDDATE="2079-06-06" ISACTUAL="1" ISACTIVE="1" /><STEAD ID="74557203" OBJECTID="175668236" OBJECTGUID="bdfc2c74-c6fa-4a95-9556-7a46fad9fc0e" CHANGEID="691594120" NUMBER="2" OPERTYPEID="10" PREVID="0" NEXTID="0" UPDATEDATE="2025-11-01" STARTDATE="2025-11-01" ENDDATE="2079-06-06" ISACTUAL="1" ISACTIVE="1" /><STEAD ID="72498400" OBJECTID="171766619" OBJECTGUID="57758032-0a57-49f4-aca6-589b29c7868e" CHANGEID="644533234" NUMBER="9а" OPERTYPEID="10" PREVID="0" NEXTID="74541470" UPDATEDATE="2025-10-31" STARTDATE="2025-04-17" ENDDATE="2025-10-31" ISACTUAL="0" ISACTIVE="0" /></STEADS>