﻿<?xml version="1.0" encoding="utf-8"?><REESTR_OBJECTS><OBJECT OBJECTID="31863060" OBJECTGUID="09d2efd1-fe55-48d9-a77d-061ab4233672" CHANGEID="691533051" ISACTIVE="1" LEVELID="10" CREATEDATE="2019-12-13" UPDATEDATE="2025-10-31" /><OBJECT OBJECTID="173352797" OBJECTGUID="20563492-d23f-41f1-9fd1-3a32c0a8908d" CHANGEID="691542485" ISACTIVE="1" LEVELID="10" CREATEDATE="2025-07-09" UPDATEDATE="2025-11-01" /><OBJECT OBJECTID="173352798" OBJECTGUID="6e06925e-bec9-428e-9c8c-e1cc249e5c37" CHANGEID="691546747" ISACTIVE="1" LEVELID="10" CREATEDATE="2025-07-09" UPDATEDATE="2025-11-01" /><OBJECT OBJECTID="173352802" OBJECTGUID="0d9fba3b-4d80-404c-ba52-e9ca26103da1" CHANGEID="691540499" ISACTIVE="1" LEVELID="10" CREATEDATE="2025-07-09" UPDATEDATE="2025-11-01" /><OBJECT OBJECTID="173379165" OBJECTGUID="a2cf2606-cead-4e05-a104-deafe2a2a8f0" CHANGEID="691549902" ISACTIVE="1" LEVELID="10" CREATEDATE="2025-07-10" UPDATEDATE="2025-11-01" /><OBJECT OBJECTID="173434040" OBJECTGUID="36e0100c-9c70-496b-b508-2efd81a0972b" CHANGEID="691542887" ISACTIVE="1" LEVELID="10" CREATEDATE="2025-07-15" UPDATEDATE="2025-11-01" /><OBJECT OBJECTID="173434058" OBJECTGUID="05209858-8072-4d4a-91ae-402c58a9f5dc" CHANGEID="691540489" ISACTIVE="1" LEVELID="10" CREATEDATE="2025-07-15" UPDATEDATE="2025-11-01" /><OBJECT OBJECTID="173434101" OBJECTGUID="6866eb19-30ed-4041-812f-5011087412bf" CHANGEID="691546078" ISACTIVE="1" LEVELID="10" CREATEDATE="2025-07-15" UPDATEDATE="2025-11-01" /><OBJECT OBJECTID="11292752" OBJECTGUID="11b29875-5a75-4bf0-843c-f6156592fc2c" CHANGEID="691533059" ISACTIVE="1" LEVELID="10" CREATEDATE="2017-12-18" UPDATEDATE="2025-10-31" /><OBJECT OBJECTID="173596008" OBJECTGUID="7c2fc388-6a29-4af8-8c7a-d0135896c0bb" CHANGEID="691547713" ISACTIVE="1" LEVELID="10" CREATEDATE="2025-07-23" UPDATEDATE="2025-11-01" /><OBJECT OBJECTID="173596016" OBJECTGUID="53927cbb-2411-4be6-857b-e052e3eac916" CHANGEID="691544952" ISACTIVE="1" LEVELID="10" CREATEDATE="2025-07-23" UPDATEDATE="2025-11-01" /><OBJECT OBJECTID="173596011" OBJECTGUID="dd440e83-1dc1-4073-be70-366855594b4d" CHANGEID="691552984" ISACTIVE="1" LEVELID="10" CREATEDATE="2025-07-23" UPDATEDATE="2025-11-01" /><OBJECT OBJECTID="173614137" OBJECTGUID="532d7268-dec6-4322-bcee-d1164415aa8b" CHANGEID="691544588" ISACTIVE="1" LEVELID="10" CREATEDATE="2025-07-24" UPDATEDATE="2025-11-01" /><OBJECT OBJECTID="173648929" OBJECTGUID="2c1bcde8-f27c-47a8-bec9-eff69b9893fc" CHANGEID="691542880" ISACTIVE="1" LEVELID="10" CREATEDATE="2025-07-25" UPDATEDATE="2025-11-01" /><OBJECT OBJECTID="173648931" OBJECTGUID="e5af3634-e410-41d5-a613-0c54d7741987" CHANGEID="691553412" ISACTIVE="1" LEVELID="10" CREATEDATE="2025-07-25" UPDATEDATE="2025-11-01" /><OBJECT OBJECTID="173650159" OBJECTGUID="36a3095e-10dd-4fd1-9714-2e4cd7806c0d" CHANGEID="691543393" ISACTIVE="1" LEVELID="10" CREATEDATE="2025-07-25" UPDATEDATE="2025-11-01" /><OBJECT OBJECTID="173650160" OBJECTGUID="4f75f5bd-06dc-4ff6-b06d-7796bbe547de" CHANGEID="691544531" ISACTIVE="1" LEVELID="10" CREATEDATE="2025-07-25" UPDATEDATE="2025-11-01" /><OBJECT OBJECTID="173650274" OBJECTGUID="f00b7ba7-c6a0-4707-9e56-699c8c9a2072" CHANGEID="691554352" ISACTIVE="1" LEVELID="10" CREATEDATE="2025-07-25" UPDATEDATE="2025-11-01" /><OBJECT OBJECTID="173651284" OBJECTGUID="d416cf86-ab56-4112-afa0-a4d3959064ee" CHANGEID="691552606" ISACTIVE="1" LEVELID="10" CREATEDATE="2025-07-25" UPDATEDATE="2025-11-01" /><OBJECT OBJECTID="173651314" OBJECTGUID="d3a43b24-78b4-4e51-bbca-4040a85e1fd7" CHANGEID="691551856" ISACTIVE="1" LEVELID="10" CREATEDATE="2025-07-25" UPDATEDATE="2025-11-01" /><OBJECT OBJECTID="173672800" OBJECTGUID="97155c5e-38a2-4307-afb0-6d946d544452" CHANGEID="691548992" ISACTIVE="1" LEVELID="10" CREATEDATE="2025-07-28" UPDATEDATE="2025-11-01" /><OBJECT OBJECTID="173676206" OBJECTGUID="ddf584db-77cf-4ced-b38f-08fc27ebc839" CHANGEID="691552547" ISACTIVE="1" LEVELID="10" CREATEDATE="2025-07-28" UPDATEDATE="2025-11-01" /><OBJECT OBJECTID="173676236" OBJECTGUID="aa5ff4d3-ebe6-4544-a795-72b784a9cf18" CHANGEID="691549872" ISACTIVE="1" LEVELID="10" CREATEDATE="2025-07-28" UPDATEDATE="2025-11-01" /><OBJECT OBJECTID="173676367" OBJECTGUID="58aa20a8-6421-44f1-9f9d-f39330c97e38" CHANGEID="691544551" ISACTIVE="1" LEVELID="10" CREATEDATE="2025-07-28" UPDATEDATE="2025-11-01" /><OBJECT OBJECTID="173330794" OBJECTGUID="b537ea64-eb21-4a98-9eda-0c2e7db958b2" CHANGEID="691550647" ISACTIVE="1" LEVELID="10" CREATEDATE="2025-07-08" UPDATEDATE="2025-11-01" /><OBJECT OBJECTID="173709805" OBJECTGUID="7bc02460-df66-4857-95f4-8df5325abe05" CHANGEID="691547360" ISACTIVE="1" LEVELID="10" CREATEDATE="2025-07-30" UPDATEDATE="2025-11-01" /><OBJECT OBJECTID="173428110" OBJECTGUID="0ad475a8-8f00-47b0-9346-48d1e69b42a6" CHANGEID="691540561" ISACTIVE="1" LEVELID="10" CREATEDATE="2025-07-15" UPDATEDATE="2025-11-01" /><OBJECT OBJECTID="173352690" OBJECTGUID="3b4e42c4-4f45-4bd3-b017-2de026047ac4" CHANGEID="691543457" ISACTIVE="1" LEVELID="10" CREATEDATE="2025-07-09" UPDATEDATE="2025-11-01" /><OBJECT OBJECTID="173434020" OBJECTGUID="3491b8ec-e7ac-4741-b517-c14ea0be85cf" CHANGEID="691543317" ISACTIVE="1" LEVELID="10" CREATEDATE="2025-07-15" UPDATEDATE="2025-11-01" /><OBJECT OBJECTID="173433283" OBJECTGUID="d968b94f-f61e-400e-a8c5-772d0586bc23" CHANGEID="691552567" ISACTIVE="1" LEVELID="10" CREATEDATE="2025-07-15" UPDATEDATE="2025-11-01" /><OBJECT OBJECTID="173730716" OBJECTGUID="c3959e61-6844-4006-861f-85bbfadbcb63" CHANGEID="691551290" ISACTIVE="1" LEVELID="10" CREATEDATE="2025-07-30" UPDATEDATE="2025-11-01" /><OBJECT OBJECTID="173732010" OBJECTGUID="21d794e2-d9d1-4e0e-813e-f443eef65f7a" CHANGEID="691542086" ISACTIVE="1" LEVELID="10" CREATEDATE="2025-07-30" UPDATEDATE="2025-11-01" /><OBJECT OBJECTID="173732008" OBJECTGUID="8f14bdc7-7770-41c8-a8c7-473b8e549b0f" CHANGEID="691548553" ISACTIVE="1" LEVELID="10" CREATEDATE="2025-07-30" UPDATEDATE="2025-11-01" /><OBJECT OBJECTID="173732013" OBJECTGUID="d8a1a46e-75bb-4af1-839d-443117d5e11c" CHANGEID="691552680" ISACTIVE="1" LEVELID="10" CREATEDATE="2025-07-30" UPDATEDATE="2025-11-01" /><OBJECT OBJECTID="173732009" OBJECTGUID="fd8ef9f0-08a4-45c4-86c9-36bce7767ecb" CHANGEID="691554888" ISACTIVE="1" LEVELID="10" CREATEDATE="2025-07-30" UPDATEDATE="2025-11-01" /><OBJECT OBJECTID="173732110" OBJECTGUID="513b15e7-0d7a-4049-81a3-054bdb73dbe3" CHANGEID="691544534" ISACTIVE="1" LEVELID="10" CREATEDATE="2025-07-30" UPDATEDATE="2025-11-01" /><OBJECT OBJECTID="173732186" OBJECTGUID="c7af31d7-801d-47e2-a9ca-445ad5d0c584" CHANGEID="691550966" ISACTIVE="1" LEVELID="10" CREATEDATE="2025-07-30" UPDATEDATE="2025-11-01" /><OBJECT OBJECTID="173772191" OBJECTGUID="58494463-f746-47cd-b620-40cbce9b9f52" CHANGEID="691545034" ISACTIVE="1" LEVELID="10" CREATEDATE="2025-08-01" UPDATEDATE="2025-11-01" /><OBJECT OBJECTID="173782658" OBJECTGUID="f95e8537-ef75-4778-a2a9-fd8fa4e39a51" CHANGEID="691554600" ISACTIVE="1" LEVELID="10" CREATEDATE="2025-08-01" UPDATEDATE="2025-11-01" /><OBJECT OBJECTID="173829066" OBJECTGUID="3c27fbe5-733e-49aa-98e3-a515ab3e5a70" CHANGEID="691543374" ISACTIVE="1" LEVELID="10" CREATEDATE="2025-08-05" UPDATEDATE="2025-11-01" /><OBJECT OBJECTID="18718545" OBJECTGUID="14172442-8001-47ea-b3f6-55604565fc8b" CHANGEID="691572607" ISACTIVE="1" LEVELID="10" CREATEDATE="2012-01-08" UPDATEDATE="2025-11-01" /><OBJECT OBJECTID="175612337" OBJECTGUID="3992db42-afa6-41ef-8add-92b2d5a7194b" CHANGEID="691488290" ISACTIVE="1" LEVELID="10" CREATEDATE="2025-10-30" UPDATEDATE="2025-10-30" /><OBJECT OBJECTID="175612342" OBJECTGUID="f49b5bcb-6d38-4f31-ba63-f76b21bcec0d" CHANGEID="691488300" ISACTIVE="1" LEVELID="10" CREATEDATE="2025-10-30" UPDATEDATE="2025-10-30" /><OBJECT OBJECTID="175612343" OBJECTGUID="362a0cb5-168b-4e46-8554-96bf66ae2cb2" CHANGEID="691488301" ISACTIVE="1" LEVELID="9" CREATEDATE="2025-10-30" UPDATEDATE="2025-10-30" /><OBJECT OBJECTID="59501376" OBJECTGUID="eb537fc2-0c18-4f6c-881d-ef873a8257b0" CHANGEID="691533012" ISACTIVE="1" LEVELID="10" CREATEDATE="2017-12-18" UPDATEDATE="2025-10-31" /><OBJECT OBJECTID="174459171" OBJECTGUID="955d3ce4-3d69-4f32-9986-2586a2316dab" CHANGEID="691533014" ISACTIVE="1" LEVELID="10" CREATEDATE="2025-09-04" UPDATEDATE="2025-10-31" /><OBJECT OBJECTID="175640309" OBJECTGUID="187621f2-2a80-4112-8ffb-b6d654595f1d" CHANGEID="691533063" ISACTIVE="1" LEVELID="9" CREATEDATE="2025-10-31" UPDATEDATE="2025-10-31" /><OBJECT OBJECTID="175640311" OBJECTGUID="709b2c3b-56ea-4f52-a30a-2beb2773acca" CHANGEID="691533065" ISACTIVE="1" LEVELID="9" CREATEDATE="2025-10-31" UPDATEDATE="2025-10-31" /><OBJECT OBJECTID="175640312" OBJECTGUID="7877aa7b-e9b6-4dd7-ac88-fd78b699da00" CHANGEID="691533066" ISACTIVE="1" LEVELID="9" CREATEDATE="2025-10-31" UPDATEDATE="2025-10-31" /><OBJECT OBJECTID="175640313" OBJECTGUID="386fbce9-b8dc-4238-9e35-8ab25d35921c" CHANGEID="691533067" ISACTIVE="1" LEVELID="9" CREATEDATE="2025-10-31" UPDATEDATE="2025-10-31" /><OBJECT OBJECTID="175640314" OBJECTGUID="e50b5148-5d98-479c-ace1-e26b0ba83c93" CHANGEID="691533068" ISACTIVE="1" LEVELID="9" CREATEDATE="2025-10-31" UPDATEDATE="2025-10-31" /><OBJECT OBJECTID="175640316" OBJECTGUID="1b75a259-64b8-46b3-bfc1-02bdf749a07d" CHANGEID="691533071" ISACTIVE="1" LEVELID="10" CREATEDATE="2025-10-31" UPDATEDATE="2025-10-31" /><OBJECT OBJECTID="173596012" OBJECTGUID="0e93a6b1-391a-45d1-a58e-e321012bc09c" CHANGEID="691540549" ISACTIVE="1" LEVELID="10" CREATEDATE="2025-07-23" UPDATEDATE="2025-11-01" /><OBJECT OBJECTID="173730694" OBJECTGUID="0920b624-d76d-468a-b4ba-89644f1d5541" CHANGEID="691540558" ISACTIVE="1" LEVELID="10" CREATEDATE="2025-07-30" UPDATEDATE="2025-11-01" /><OBJECT OBJECTID="173676265" OBJECTGUID="0bee4b64-f6cb-44aa-ab07-85b4193cbabf" CHANGEID="691540623" ISACTIVE="1" LEVELID="10" CREATEDATE="2025-07-28" UPDATEDATE="2025-11-01" /><OBJECT OBJECTID="173648930" OBJECTGUID="0677ac46-9af3-40b9-adc5-bd9f559d94cf" CHANGEID="691540899" ISACTIVE="1" LEVELID="10" CREATEDATE="2025-07-25" UPDATEDATE="2025-11-01" /><OBJECT OBJECTID="173732011" OBJECTGUID="130aa08c-f5e6-47b2-b084-63702848c7c7" CHANGEID="691541835" ISACTIVE="1" LEVELID="10" CREATEDATE="2025-07-30" UPDATEDATE="2025-11-01" /><OBJECT OBJECTID="173776456" OBJECTGUID="242e3309-9ca8-460a-adfc-7798c579de24" CHANGEID="691542502" ISACTIVE="1" LEVELID="10" CREATEDATE="2025-08-01" UPDATEDATE="2025-11-01" /><OBJECT OBJECTID="173352688" OBJECTGUID="2d274bc4-43ee-407e-bfe1-75e353a90027" CHANGEID="691542250" ISACTIVE="1" LEVELID="10" CREATEDATE="2025-07-09" UPDATEDATE="2025-11-01" /><OBJECT OBJECTID="173772396" OBJECTGUID="3af27d2b-f625-49e0-a63f-0605e1b54593" CHANGEID="691543130" ISACTIVE="1" LEVELID="10" CREATEDATE="2025-08-01" UPDATEDATE="2025-11-01" /><OBJECT OBJECTID="173433429" OBJECTGUID="3aa1ba4c-0fdf-48c3-a2d3-2619d210d11c" CHANGEID="691543718" ISACTIVE="1" LEVELID="10" CREATEDATE="2025-07-15" UPDATEDATE="2025-11-01" /><OBJECT OBJECTID="173732187" OBJECTGUID="56fac06e-b327-4e04-b80e-22f9dcb47f9a" CHANGEID="691544737" ISACTIVE="1" LEVELID="10" CREATEDATE="2025-07-30" UPDATEDATE="2025-11-01" /><OBJECT OBJECTID="173558340" OBJECTGUID="5c315083-cac2-4129-9823-32115c8bb4b6" CHANGEID="691545259" ISACTIVE="1" LEVELID="10" CREATEDATE="2025-07-22" UPDATEDATE="2025-11-01" /><OBJECT OBJECTID="173676327" OBJECTGUID="52b6abea-a60d-4dd4-8b20-e8bb9e7e29e9" CHANGEID="691545018" ISACTIVE="1" LEVELID="10" CREATEDATE="2025-07-28" UPDATEDATE="2025-11-01" /><OBJECT OBJECTID="173732191" OBJECTGUID="6b0e9f4b-bce2-4ece-96c9-b2deb7e86b71" CHANGEID="691545834" ISACTIVE="1" LEVELID="10" CREATEDATE="2025-07-30" UPDATEDATE="2025-11-01" /><OBJECT OBJECTID="173676694" OBJECTGUID="70cf6d14-b60d-4378-bba9-9a4a050d0b7f" CHANGEID="691546698" ISACTIVE="1" LEVELID="10" CREATEDATE="2025-07-28" UPDATEDATE="2025-11-01" /><OBJECT OBJECTID="173452297" OBJECTGUID="6aa6c28f-8a91-4919-b8cf-46314009ec3f" CHANGEID="691546658" ISACTIVE="1" LEVELID="10" CREATEDATE="2025-07-16" UPDATEDATE="2025-11-01" /><OBJECT OBJECTID="173673742" OBJECTGUID="83ba8a6e-5b2f-499c-9244-79ad86080545" CHANGEID="691547970" ISACTIVE="1" LEVELID="10" CREATEDATE="2025-07-28" UPDATEDATE="2025-11-01" /><OBJECT OBJECTID="173352678" OBJECTGUID="7fab4268-4ff2-4a2b-b052-10075d6afcb3" CHANGEID="691547801" ISACTIVE="1" LEVELID="10" CREATEDATE="2025-07-09" UPDATEDATE="2025-11-01" /><OBJECT OBJECTID="173651323" OBJECTGUID="959aae5b-a4c3-4209-a736-d780ef51b450" CHANGEID="691548577" ISACTIVE="1" LEVELID="10" CREATEDATE="2025-07-25" UPDATEDATE="2025-11-01" /><OBJECT OBJECTID="173650273" OBJECTGUID="a05b7a80-21ac-40d6-9ba1-c31c85d62eed" CHANGEID="691549271" ISACTIVE="1" LEVELID="10" CREATEDATE="2025-07-25" UPDATEDATE="2025-11-01" /><OBJECT OBJECTID="173772184" OBJECTGUID="9f6febf3-7233-4b8e-a234-4e6ad6a41471" CHANGEID="691549312" ISACTIVE="1" LEVELID="10" CREATEDATE="2025-08-01" UPDATEDATE="2025-11-01" /><OBJECT OBJECTID="173558308" OBJECTGUID="b05870fe-9770-47f4-b2be-322a403a5cf7" CHANGEID="691550491" ISACTIVE="1" LEVELID="10" CREATEDATE="2025-07-22" UPDATEDATE="2025-11-01" /><OBJECT OBJECTID="173673804" OBJECTGUID="b8c899d8-2e3c-46b4-9268-94c68c379ea5" CHANGEID="691550547" ISACTIVE="1" LEVELID="10" CREATEDATE="2025-07-28" UPDATEDATE="2025-11-01" /><OBJECT OBJECTID="173672809" OBJECTGUID="c185fc12-bc3b-4452-a622-ec96ad233836" CHANGEID="691551058" ISACTIVE="1" LEVELID="10" CREATEDATE="2025-07-28" UPDATEDATE="2025-11-01" /><OBJECT OBJECTID="173483902" OBJECTGUID="ce83586c-6682-4e84-b994-bddb59dbfc3c" CHANGEID="691551425" ISACTIVE="1" LEVELID="10" CREATEDATE="2025-07-18" UPDATEDATE="2025-11-01" /><OBJECT OBJECTID="173651287" OBJECTGUID="df0289aa-5910-49cc-a485-4e4971c5726d" CHANGEID="691552827" ISACTIVE="1" LEVELID="10" CREATEDATE="2025-07-25" UPDATEDATE="2025-11-01" /><OBJECT OBJECTID="173651286" OBJECTGUID="ddccd7e3-2a1f-44c5-9407-a5726e7c3936" CHANGEID="691553569" ISACTIVE="1" LEVELID="10" CREATEDATE="2025-07-25" UPDATEDATE="2025-11-01" /><OBJECT OBJECTID="173433510" OBJECTGUID="e5299c43-7ade-4df7-b77a-6bf50305917f" CHANGEID="691553624" ISACTIVE="1" LEVELID="10" CREATEDATE="2025-07-15" UPDATEDATE="2025-11-01" /><OBJECT OBJECTID="34069609" OBJECTGUID="1c77afa4-c255-4a18-b81d-8b45a5df438a" CHANGEID="691569721" ISACTIVE="1" LEVELID="10" CREATEDATE="2012-01-07" UPDATEDATE="2025-11-01" /><OBJECT OBJECTID="175655421" OBJECTGUID="9b1ff773-42b2-4eed-a079-b241c4b01c13" CHANGEID="691572639" ISACTIVE="1" LEVELID="9" CREATEDATE="2025-11-01" UPDATEDATE="2025-11-01" /><OBJECT OBJECTID="175669226" OBJECTGUID="0399237c-0743-48e0-9319-9bd306bee01b" CHANGEID="691595651" ISACTIVE="1" LEVELID="9" CREATEDATE="2025-11-01" UPDATEDATE="2025-11-01" /><OBJECT OBJECTID="18706812" OBJECTGUID="3e70b100-6d5f-4456-9749-0766837c9d90" CHANGEID="691572610" ISACTIVE="1" LEVELID="10" CREATEDATE="2012-01-08" UPDATEDATE="2025-11-01" /><OBJECT OBJECTID="37405428" OBJECTGUID="371d6de1-7f0a-4ce9-914e-bc72e8c29b92" CHANGEID="691533056" ISACTIVE="1" LEVELID="10" CREATEDATE="2017-12-18" UPDATEDATE="2025-10-31" /><OBJECT OBJECTID="19273338" OBJECTGUID="54ec37fb-0000-45d8-85e3-51067d5b95d1" CHANGEID="691533053" ISACTIVE="1" LEVELID="10" CREATEDATE="2018-10-12" UPDATEDATE="2025-10-31" /><OBJECT OBJECTID="19879255" OBJECTGUID="dbaaff26-be27-4f3e-8308-1cb18645eb98" CHANGEID="691572628" ISACTIVE="1" LEVELID="10" CREATEDATE="2012-01-09" UPDATEDATE="2025-11-01" /><OBJECT OBJECTID="21888414" OBJECTGUID="aa935c51-f26b-4c47-949c-2c6d8a541be4" CHANGEID="691569714" ISACTIVE="1" LEVELID="10" CREATEDATE="2012-01-07" UPDATEDATE="2025-11-01" /><OBJECT OBJECTID="45266904" OBJECTGUID="3807ad2c-2490-4985-83bd-d64c591df174" CHANGEID="691572614" ISACTIVE="1" LEVELID="10" CREATEDATE="2012-01-08" UPDATEDATE="2025-11-01" /><OBJECT OBJECTID="45328997" OBJECTGUID="b658af29-3f9e-4f83-a001-1cb055ea2c0e" CHANGEID="691572618" ISACTIVE="1" LEVELID="10" CREATEDATE="2012-01-08" UPDATEDATE="2025-11-01" /><OBJECT OBJECTID="62763328" OBJECTGUID="600864bd-c06d-4ddc-9e04-e8e00287934c" CHANGEID="691569723" ISACTIVE="1" LEVELID="10" CREATEDATE="2012-01-08" UPDATEDATE="2025-11-01" /><OBJECT OBJECTID="62745574" OBJECTGUID="626e08dc-9667-458b-8f60-9a82992be7c5" CHANGEID="691569724" ISACTIVE="1" LEVELID="10" CREATEDATE="2012-01-08" UPDATEDATE="2025-11-01" /><OBJECT OBJECTID="67355376" OBJECTGUID="8a9f9e47-eb3b-441b-a522-2979a20f7ed3" CHANGEID="691569549" ISACTIVE="1" LEVELID="10" CREATEDATE="2012-01-07" UPDATEDATE="2025-11-01" /><OBJECT OBJECTID="82053942" OBJECTGUID="a2ade556-9d74-401a-ad96-87a8e7390c61" CHANGEID="691569727" ISACTIVE="1" LEVELID="10" CREATEDATE="2012-01-09" UPDATEDATE="2025-11-01" /></REESTR_OBJECTS>