﻿<?xml version="1.0" encoding="utf-8"?><STEADS><STEAD ID="74517185" OBJECTID="175587282" OBJECTGUID="88734d42-5e4a-4c8c-acc5-14c9a65b9d86" CHANGEID="691444922" NUMBER="33" OPERTYPEID="10" PREVID="0" NEXTID="0" UPDATEDATE="2025-10-30" STARTDATE="2025-10-30" ENDDATE="2079-06-06" ISACTUAL="1" ISACTIVE="1" /><STEAD ID="74517187" OBJECTID="175587284" OBJECTGUID="cb5abbf9-3c5c-48ac-93f0-07fb8d09cf70" CHANGEID="691444926" NUMBER="44" OPERTYPEID="10" PREVID="0" NEXTID="0" UPDATEDATE="2025-10-30" STARTDATE="2025-10-30" ENDDATE="2079-06-06" ISACTUAL="1" ISACTIVE="1" /><STEAD ID="74516004" OBJECTID="175585790" OBJECTGUID="a2ee31a1-ff37-481d-af5c-0c83e1589f51" CHANGEID="691442253" NUMBER="25А/6" OPERTYPEID="10" PREVID="0" NEXTID="0" UPDATEDATE="2025-10-30" STARTDATE="2025-10-30" ENDDATE="2079-06-06" ISACTUAL="1" ISACTIVE="1" /><STEAD ID="74516003" OBJECTID="175585789" OBJECTGUID="566566f7-4403-404f-84d3-af5fbca3542a" CHANGEID="691442252" NUMBER="34/А" OPERTYPEID="10" PREVID="0" NEXTID="0" UPDATEDATE="2025-10-30" STARTDATE="2025-10-30" ENDDATE="2079-06-06" ISACTUAL="1" ISACTIVE="1" /><STEAD ID="74516005" OBJECTID="175585791" OBJECTGUID="14526c02-fab6-4233-af75-c7ead9590bdb" CHANGEID="691442254" NUMBER="13/1" OPERTYPEID="10" PREVID="0" NEXTID="0" UPDATEDATE="2025-10-30" STARTDATE="2025-10-30" ENDDATE="2079-06-06" ISACTUAL="1" ISACTIVE="1" /><STEAD ID="74516012" OBJECTID="175585798" OBJECTGUID="8dc38211-f6b5-4708-b1d1-cfd6d713422c" CHANGEID="691442261" NUMBER="2А/1" OPERTYPEID="10" PREVID="0" NEXTID="0" UPDATEDATE="2025-10-30" STARTDATE="2025-10-30" ENDDATE="2079-06-06" ISACTUAL="1" ISACTIVE="1" /><STEAD ID="74516013" OBJECTID="175585799" OBJECTGUID="f1491bfa-d714-47c4-afb9-2d8ce48faafe" CHANGEID="691442262" NUMBER="3А" OPERTYPEID="10" PREVID="0" NEXTID="0" UPDATEDATE="2025-10-30" STARTDATE="2025-10-30" ENDDATE="2079-06-06" ISACTUAL="1" ISACTIVE="1" /><STEAD ID="74516014" OBJECTID="175585800" OBJECTGUID="3c452ae5-c2e7-465b-a873-b0881f1ffda2" CHANGEID="691442263" NUMBER="12А" OPERTYPEID="10" PREVID="0" NEXTID="0" UPDATEDATE="2025-10-30" STARTDATE="2025-10-30" ENDDATE="2079-06-06" ISACTUAL="1" ISACTIVE="1" /><STEAD ID="74516016" OBJECTID="175585802" OBJECTGUID="a1835158-7cd6-4fea-a7a5-cfb24be575ce" CHANGEID="691442265" NUMBER="32А/31" OPERTYPEID="10" PREVID="0" NEXTID="0" UPDATEDATE="2025-10-30" STARTDATE="2025-10-30" ENDDATE="2079-06-06" ISACTUAL="1" ISACTIVE="1" /><STEAD ID="74516015" OBJECTID="175585801" OBJECTGUID="256fab28-c9be-4199-9228-a7e76335b207" CHANGEID="691442264" NUMBER="32А/3" OPERTYPEID="10" PREVID="0" NEXTID="0" UPDATEDATE="2025-10-30" STARTDATE="2025-10-30" ENDDATE="2079-06-06" ISACTUAL="1" ISACTIVE="1" /><STEAD ID="74516017" OBJECTID="175585803" OBJECTGUID="fa70b199-837e-4a54-8811-42f43fab985e" CHANGEID="691442266" NUMBER="15/1" OPERTYPEID="10" PREVID="0" NEXTID="0" UPDATEDATE="2025-10-30" STARTDATE="2025-10-30" ENDDATE="2079-06-06" ISACTUAL="1" ISACTIVE="1" /><STEAD ID="74516018" OBJECTID="175585805" OBJECTGUID="fb514c25-4aa8-41c7-89ca-9f788c74642c" CHANGEID="691442268" NUMBER="8/1" OPERTYPEID="10" PREVID="0" NEXTID="0" UPDATEDATE="2025-10-30" STARTDATE="2025-10-30" ENDDATE="2079-06-06" ISACTUAL="1" ISACTIVE="1" /><STEAD ID="74516264" OBJECTID="175586095" OBJECTGUID="8033579c-01fa-4a06-8132-c9a1fc774d6f" CHANGEID="691442759" NUMBER="65" OPERTYPEID="10" PREVID="0" NEXTID="0" UPDATEDATE="2025-10-30" STARTDATE="2025-10-30" ENDDATE="2079-06-06" ISACTUAL="1" ISACTIVE="1" /><STEAD ID="74516372" OBJECTID="166885767" OBJECTGUID="cb93d407-3adc-42b2-8534-111e9b2015e8" CHANGEID="691443057" NUMBER="46/1" OPERTYPEID="20" PREVID="69713505" UPDATEDATE="2025-10-30" STARTDATE="2025-10-30" ENDDATE="2079-06-06" ISACTUAL="1" ISACTIVE="1" /><STEAD ID="74516553" OBJECTID="166881030" OBJECTGUID="47e72316-9bba-4909-91ab-c5fd5a93e86f" CHANGEID="691443504" NUMBER="7/2" OPERTYPEID="20" PREVID="69710020" UPDATEDATE="2025-10-30" STARTDATE="2025-10-30" ENDDATE="2079-06-06" ISACTUAL="1" ISACTIVE="1" /><STEAD ID="74516554" OBJECTID="175586428" OBJECTGUID="ee69f021-7f3a-49d1-86c6-6d52a4f9b9b1" CHANGEID="691443507" NUMBER="3/1" OPERTYPEID="10" PREVID="0" NEXTID="0" UPDATEDATE="2025-10-30" STARTDATE="2025-10-30" ENDDATE="2079-06-06" ISACTUAL="1" ISACTIVE="1" /><STEAD ID="74516557" OBJECTID="175586431" OBJECTGUID="34042087-251e-4610-96a3-a42cc2033897" CHANGEID="691443520" NUMBER="11/1А" OPERTYPEID="10" PREVID="0" NEXTID="0" UPDATEDATE="2025-10-30" STARTDATE="2025-10-30" ENDDATE="2079-06-06" ISACTUAL="1" ISACTIVE="1" /><STEAD ID="74516583" OBJECTID="89978916" OBJECTGUID="9a545936-eeb8-4981-8b3d-91165e907069" CHANGEID="691443586" NUMBER="10" OPERTYPEID="30" PREVID="5443137" NEXTID="0" UPDATEDATE="2025-10-30" STARTDATE="2025-10-30" ENDDATE="2079-06-06" ISACTUAL="1" ISACTIVE="0" /><STEAD ID="5443137" OBJECTID="89978916" OBJECTGUID="9a545936-eeb8-4981-8b3d-91165e907069" CHANGEID="132518184" NUMBER="10" OPERTYPEID="10" NEXTID="74516583" UPDATEDATE="2025-10-30" STARTDATE="2019-01-30" ENDDATE="2025-10-30" ISACTUAL="0" ISACTIVE="0" /><STEAD ID="74516839" OBJECTID="175586778" OBJECTGUID="895b145d-786a-460f-a70a-39ae4c9798ce" CHANGEID="691444164" NUMBER="5" OPERTYPEID="10" PREVID="0" NEXTID="0" UPDATEDATE="2025-10-30" STARTDATE="2025-10-30" ENDDATE="2079-06-06" ISACTUAL="1" ISACTIVE="1" /><STEAD ID="74517472" OBJECTID="175587742" OBJECTGUID="eeaeec0d-d002-4061-ab9f-e92414f130cb" CHANGEID="691445760" NUMBER="7" OPERTYPEID="10" PREVID="0" NEXTID="0" UPDATEDATE="2025-10-30" STARTDATE="2025-10-30" ENDDATE="2079-06-06" ISACTUAL="1" ISACTIVE="1" /><STEAD ID="74517905" OBJECTID="175588523" OBJECTGUID="7afe5fb4-b454-44d8-bbb5-5b3924ffe4bf" CHANGEID="691447164" NUMBER="10/2" OPERTYPEID="10" PREVID="0" NEXTID="0" UPDATEDATE="2025-10-30" STARTDATE="2025-10-30" ENDDATE="2079-06-06" ISACTUAL="1" ISACTIVE="1" /><STEAD ID="74517906" OBJECTID="175588524" OBJECTGUID="08eadc5d-eb26-4d2d-bb08-391385fc5528" CHANGEID="691447165" NUMBER="10/1" OPERTYPEID="10" PREVID="0" NEXTID="0" UPDATEDATE="2025-10-30" STARTDATE="2025-10-30" ENDDATE="2079-06-06" ISACTUAL="1" ISACTIVE="1" /><STEAD ID="72496027" OBJECTID="171762906" OBJECTGUID="97e610fa-bef2-457c-85fe-52928cbddfe5" CHANGEID="644527856" NUMBER="12" OPERTYPEID="10" PREVID="0" NEXTID="74517922" UPDATEDATE="2025-10-30" STARTDATE="2025-04-17" ENDDATE="2025-10-30" ISACTUAL="0" ISACTIVE="0" /><STEAD ID="74517922" OBJECTID="171762906" OBJECTGUID="97e610fa-bef2-457c-85fe-52928cbddfe5" CHANGEID="691447232" NUMBER="12/1" OPERTYPEID="20" PREVID="72496027" UPDATEDATE="2025-10-30" STARTDATE="2025-10-30" ENDDATE="2079-06-06" ISACTUAL="1" ISACTIVE="1" /><STEAD ID="74517938" OBJECTID="175588560" OBJECTGUID="9fe94dbe-9109-4036-9f05-8b12e486bfc1" CHANGEID="691447254" NUMBER="12/2" OPERTYPEID="10" PREVID="0" NEXTID="0" UPDATEDATE="2025-10-30" STARTDATE="2025-10-30" ENDDATE="2079-06-06" ISACTUAL="1" ISACTIVE="1" /><STEAD ID="74517942" OBJECTID="175588570" OBJECTGUID="da87377b-2370-4a57-a0dd-868c244f0915" CHANGEID="691447307" NUMBER="15/2" OPERTYPEID="10" PREVID="0" NEXTID="0" UPDATEDATE="2025-10-30" STARTDATE="2025-10-30" ENDDATE="2079-06-06" ISACTUAL="1" ISACTIVE="1" /><STEAD ID="74517943" OBJECTID="175588571" OBJECTGUID="0fc793d2-f767-49e9-abf6-a7929b3e3185" CHANGEID="691447308" NUMBER="15/1" OPERTYPEID="10" PREVID="0" NEXTID="0" UPDATEDATE="2025-10-30" STARTDATE="2025-10-30" ENDDATE="2079-06-06" ISACTUAL="1" ISACTIVE="1" /><STEAD ID="74517945" OBJECTID="175588575" OBJECTGUID="60819d9c-5515-4d00-9434-81b9e66f7fbc" CHANGEID="691447324" NUMBER="16/2" OPERTYPEID="10" PREVID="0" NEXTID="0" UPDATEDATE="2025-10-30" STARTDATE="2025-10-30" ENDDATE="2079-06-06" ISACTUAL="1" ISACTIVE="1" /><STEAD ID="74517946" OBJECTID="175588576" OBJECTGUID="8e18265c-a739-4149-ae65-d66e21b6af2e" CHANGEID="691447325" NUMBER="16/1" OPERTYPEID="10" PREVID="0" NEXTID="0" UPDATEDATE="2025-10-30" STARTDATE="2025-10-30" ENDDATE="2079-06-06" ISACTUAL="1" ISACTIVE="1" /><STEAD ID="72496014" OBJECTID="171762888" OBJECTGUID="16de9486-250b-408c-85cd-6b55812ebd73" CHANGEID="644527819" NUMBER="2" OPERTYPEID="10" PREVID="0" NEXTID="74518142" UPDATEDATE="2025-10-30" STARTDATE="2025-04-17" ENDDATE="2025-10-30" ISACTUAL="0" ISACTIVE="0" /><STEAD ID="74518142" OBJECTID="171762888" OBJECTGUID="16de9486-250b-408c-85cd-6b55812ebd73" CHANGEID="691448059" NUMBER="2/1" OPERTYPEID="20" PREVID="72496014" UPDATEDATE="2025-10-30" STARTDATE="2025-10-30" ENDDATE="2079-06-06" ISACTUAL="1" ISACTIVE="1" /><STEAD ID="74518197" OBJECTID="175588926" OBJECTGUID="4e4d6bdd-2633-4b39-b829-8649f8a13e74" CHANGEID="691448342" NUMBER="19/2" OPERTYPEID="10" PREVID="0" NEXTID="0" UPDATEDATE="2025-10-30" STARTDATE="2025-10-30" ENDDATE="2079-06-06" ISACTUAL="1" ISACTIVE="1" /><STEAD ID="74519258" OBJECTID="175590735" OBJECTGUID="78cfb3bb-4bf0-4e14-b239-5118ac2ff661" CHANGEID="691452099" NUMBER="3/1" OPERTYPEID="10" PREVID="0" NEXTID="0" UPDATEDATE="2025-10-30" STARTDATE="2025-10-30" ENDDATE="2079-06-06" ISACTUAL="1" ISACTIVE="1" /><STEAD ID="74519263" OBJECTID="175590744" OBJECTGUID="f4b60d06-3059-4073-a2b4-1994e38ca737" CHANGEID="691452112" NUMBER="3/2" OPERTYPEID="10" PREVID="0" NEXTID="0" UPDATEDATE="2025-10-30" STARTDATE="2025-10-30" ENDDATE="2079-06-06" ISACTUAL="1" ISACTIVE="1" /><STEAD ID="74519280" OBJECTID="175590821" OBJECTGUID="e86307e7-3576-4554-ae05-c59b91b23e50" CHANGEID="691452207" NUMBER="10/2" OPERTYPEID="10" PREVID="0" NEXTID="0" UPDATEDATE="2025-10-30" STARTDATE="2025-10-30" ENDDATE="2079-06-06" ISACTUAL="1" ISACTIVE="1" /><STEAD ID="74519281" OBJECTID="175590822" OBJECTGUID="23b30633-9c8e-4113-8406-0ed08132e540" CHANGEID="691452208" NUMBER="10/1" OPERTYPEID="10" PREVID="0" NEXTID="0" UPDATEDATE="2025-10-30" STARTDATE="2025-10-30" ENDDATE="2079-06-06" ISACTUAL="1" ISACTIVE="1" /><STEAD ID="74520391" OBJECTID="175592643" OBJECTGUID="95ba7a24-8ebe-4f8c-8755-94930f1ef9f3" CHANGEID="691455050" NUMBER="40" OPERTYPEID="10" PREVID="0" NEXTID="0" UPDATEDATE="2025-10-30" STARTDATE="2025-10-30" ENDDATE="2079-06-06" ISACTUAL="1" ISACTIVE="1" /><STEAD ID="4610902" OBJECTID="89148112" OBJECTGUID="218e293b-54a1-4360-a86c-673fd6c65102" CHANGEID="131576766" NUMBER="10 кв.1" OPERTYPEID="10" NEXTID="74523533" UPDATEDATE="2025-10-30" STARTDATE="2017-09-04" ENDDATE="2025-10-30" ISACTUAL="0" ISACTIVE="0" /><STEAD ID="74523533" OBJECTID="89148112" OBJECTGUID="218e293b-54a1-4360-a86c-673fd6c65102" CHANGEID="691466675" NUMBER="10/1" OPERTYPEID="20" PREVID="4610902" UPDATEDATE="2025-10-30" STARTDATE="2025-10-30" ENDDATE="2079-06-06" ISACTUAL="1" ISACTIVE="1" /><STEAD ID="930604" OBJECTID="85481213" OBJECTGUID="46452fd1-49f7-4e85-903b-635fc1ff2101" CHANGEID="126918803" NUMBER="10а кв.2." OPERTYPEID="10" NEXTID="74523816" UPDATEDATE="2025-10-30" STARTDATE="2018-03-21" ENDDATE="2025-10-30" ISACTUAL="0" ISACTIVE="0" /><STEAD ID="74523816" OBJECTID="85481213" OBJECTGUID="46452fd1-49f7-4e85-903b-635fc1ff2101" CHANGEID="691468091" NUMBER="10а/2" OPERTYPEID="20" PREVID="930604" UPDATEDATE="2025-10-30" STARTDATE="2025-10-30" ENDDATE="2079-06-06" ISACTUAL="1" ISACTIVE="1" /><STEAD ID="74523998" OBJECTID="175600632" OBJECTGUID="18cf9f7e-b1d1-4c58-af5f-e1255b68f063" CHANGEID="691468464" NUMBER="6/1" OPERTYPEID="10" PREVID="0" NEXTID="0" UPDATEDATE="2025-10-30" STARTDATE="2025-10-30" ENDDATE="2079-06-06" ISACTUAL="1" ISACTIVE="1" /><STEAD ID="74524002" OBJECTID="175600639" OBJECTGUID="9486939a-bc1e-44d6-8598-60eae063a935" CHANGEID="691468472" NUMBER="6/2" OPERTYPEID="10" PREVID="0" NEXTID="0" UPDATEDATE="2025-10-30" STARTDATE="2025-10-30" ENDDATE="2079-06-06" ISACTUAL="1" ISACTIVE="1" /><STEAD ID="6748081" OBJECTID="91282620" OBJECTGUID="819ddaab-d890-4d4b-b03b-afe867ffb4be" CHANGEID="133989119" NUMBER="30 кв.2" OPERTYPEID="10" NEXTID="74524092" UPDATEDATE="2025-10-30" STARTDATE="2017-09-04" ENDDATE="2025-10-30" ISACTUAL="0" ISACTIVE="0" /><STEAD ID="74524092" OBJECTID="91282620" OBJECTGUID="819ddaab-d890-4d4b-b03b-afe867ffb4be" CHANGEID="691468684" NUMBER="30/2" OPERTYPEID="20" PREVID="6748081" UPDATEDATE="2025-10-30" STARTDATE="2025-10-30" ENDDATE="2079-06-06" ISACTUAL="1" ISACTIVE="1" /><STEAD ID="6752656" OBJECTID="91287188" OBJECTGUID="2e150ca3-43c3-41db-a7fc-b030c65e67dd" CHANGEID="133994176" NUMBER="27 кв.1" OPERTYPEID="10" NEXTID="74524154" UPDATEDATE="2025-10-30" STARTDATE="2017-09-04" ENDDATE="2025-10-30" ISACTUAL="0" ISACTIVE="0" /><STEAD ID="74524154" OBJECTID="91287188" OBJECTGUID="2e150ca3-43c3-41db-a7fc-b030c65e67dd" CHANGEID="691468849" NUMBER="27/1" OPERTYPEID="20" PREVID="6752656" UPDATEDATE="2025-10-30" STARTDATE="2025-10-30" ENDDATE="2079-06-06" ISACTUAL="1" ISACTIVE="1" /><STEAD ID="3032891" OBJECTID="87574620" OBJECTGUID="d31229b5-735c-471d-b344-2468ae9ec032" CHANGEID="129689223" NUMBER="29 кв.2" OPERTYPEID="10" NEXTID="74524168" UPDATEDATE="2025-10-30" STARTDATE="2017-09-01" ENDDATE="2025-10-30" ISACTUAL="0" ISACTIVE="0" /><STEAD ID="74524168" OBJECTID="87574620" OBJECTGUID="d31229b5-735c-471d-b344-2468ae9ec032" CHANGEID="691468955" NUMBER="29/2" OPERTYPEID="20" PREVID="3032891" UPDATEDATE="2025-10-30" STARTDATE="2025-10-30" ENDDATE="2079-06-06" ISACTUAL="1" ISACTIVE="1" /><STEAD ID="3032012" OBJECTID="87573583" OBJECTGUID="7c68f836-f98e-4c1c-b02c-b9124d731d25" CHANGEID="129687957" NUMBER="29 кв.1" OPERTYPEID="10" NEXTID="74524177" UPDATEDATE="2025-10-30" STARTDATE="2017-09-01" ENDDATE="2025-10-30" ISACTUAL="0" ISACTIVE="0" /><STEAD ID="74524177" OBJECTID="87573583" OBJECTGUID="7c68f836-f98e-4c1c-b02c-b9124d731d25" CHANGEID="691469033" NUMBER="29/1" OPERTYPEID="20" PREVID="3032012" UPDATEDATE="2025-10-30" STARTDATE="2025-10-30" ENDDATE="2079-06-06" ISACTUAL="1" ISACTIVE="1" /><STEAD ID="3363564" OBJECTID="87903976" OBJECTGUID="1051b593-ffdd-4480-9db6-4faa6433ea17" CHANGEID="130097668" NUMBER="20кв.2" OPERTYPEID="10" NEXTID="74524191" UPDATEDATE="2025-10-30" STARTDATE="2018-03-21" ENDDATE="2025-10-30" ISACTUAL="0" ISACTIVE="0" /><STEAD ID="74524191" OBJECTID="87903976" OBJECTGUID="1051b593-ffdd-4480-9db6-4faa6433ea17" CHANGEID="691469093" NUMBER="20/2" OPERTYPEID="20" PREVID="3363564" UPDATEDATE="2025-10-30" STARTDATE="2025-10-30" ENDDATE="2079-06-06" ISACTUAL="1" ISACTIVE="1" /><STEAD ID="3393695" OBJECTID="87934024" OBJECTGUID="5a146db0-a5b4-4d98-b1b1-04e72899a3f9" CHANGEID="130134165" NUMBER="37кв.1" OPERTYPEID="10" NEXTID="74524482" UPDATEDATE="2025-10-30" STARTDATE="2018-03-21" ENDDATE="2025-10-30" ISACTUAL="0" ISACTIVE="0" /><STEAD ID="74524482" OBJECTID="87934024" OBJECTGUID="5a146db0-a5b4-4d98-b1b1-04e72899a3f9" CHANGEID="691469740" NUMBER="37/1" OPERTYPEID="20" PREVID="3393695" UPDATEDATE="2025-10-30" STARTDATE="2025-10-30" ENDDATE="2079-06-06" ISACTUAL="1" ISACTIVE="1" /><STEAD ID="930140" OBJECTID="85480749" OBJECTGUID="9b317e84-2d8e-4ae0-ae93-306bddd79ae9" CHANGEID="126918186" NUMBER="21кв.2" OPERTYPEID="10" NEXTID="74524710" UPDATEDATE="2025-10-30" STARTDATE="2018-03-21" ENDDATE="2025-10-30" ISACTUAL="0" ISACTIVE="0" /><STEAD ID="74524710" OBJECTID="85480749" OBJECTGUID="9b317e84-2d8e-4ae0-ae93-306bddd79ae9" CHANGEID="691470628" NUMBER="21/2" OPERTYPEID="20" PREVID="930140" UPDATEDATE="2025-10-30" STARTDATE="2025-10-30" ENDDATE="2079-06-06" ISACTUAL="1" ISACTIVE="1" /><STEAD ID="6746905" OBJECTID="91281451" OBJECTGUID="b6719099-d4e9-4898-9e4d-c7db181898ad" CHANGEID="133987823" NUMBER="13 кв.1" OPERTYPEID="10" NEXTID="74524792" UPDATEDATE="2025-10-30" STARTDATE="2017-09-04" ENDDATE="2025-10-30" ISACTUAL="0" ISACTIVE="0" /><STEAD ID="74524792" OBJECTID="91281451" OBJECTGUID="b6719099-d4e9-4898-9e4d-c7db181898ad" CHANGEID="691470798" NUMBER="13/1" OPERTYPEID="20" PREVID="6746905" UPDATEDATE="2025-10-30" STARTDATE="2025-10-30" ENDDATE="2079-06-06" ISACTUAL="1" ISACTIVE="1" /><STEAD ID="6761498" OBJECTID="91296031" OBJECTGUID="129410ee-d102-44e6-abb6-e644c7923e48" CHANGEID="134003952" NUMBER="12а кв.2" OPERTYPEID="10" NEXTID="74525146" UPDATEDATE="2025-10-30" STARTDATE="2017-09-04" ENDDATE="2025-10-30" ISACTUAL="0" ISACTIVE="0" /><STEAD ID="74525146" OBJECTID="91296031" OBJECTGUID="129410ee-d102-44e6-abb6-e644c7923e48" CHANGEID="691471978" NUMBER="12а/2" OPERTYPEID="20" PREVID="6761498" UPDATEDATE="2025-10-30" STARTDATE="2025-10-30" ENDDATE="2079-06-06" ISACTUAL="1" ISACTIVE="1" /><STEAD ID="74525312" OBJECTID="175602889" OBJECTGUID="a4c54c39-d8b7-474b-92a1-04f98181bbf3" CHANGEID="691472340" NUMBER="38" OPERTYPEID="10" PREVID="0" NEXTID="0" UPDATEDATE="2025-10-30" STARTDATE="2025-10-30" ENDDATE="2079-06-06" ISACTUAL="1" ISACTIVE="1" /><STEAD ID="74525313" OBJECTID="175602890" OBJECTGUID="b2a48446-d33c-4ee3-b2b2-392446cbb8d5" CHANGEID="691472341" NUMBER="19" OPERTYPEID="10" PREVID="0" NEXTID="0" UPDATEDATE="2025-10-30" STARTDATE="2025-10-30" ENDDATE="2079-06-06" ISACTUAL="1" ISACTIVE="1" /><STEAD ID="74525314" OBJECTID="175602891" OBJECTGUID="3b3e92e9-7317-4b2b-ac12-3b09a6fea99e" CHANGEID="691472342" NUMBER="18" OPERTYPEID="10" PREVID="0" NEXTID="0" UPDATEDATE="2025-10-30" STARTDATE="2025-10-30" ENDDATE="2079-06-06" ISACTUAL="1" ISACTIVE="1" /><STEAD ID="74525315" OBJECTID="175602892" OBJECTGUID="6318ea13-9bef-4977-a6d0-250adaf1f47f" CHANGEID="691472343" NUMBER="17" OPERTYPEID="10" PREVID="0" NEXTID="0" UPDATEDATE="2025-10-30" STARTDATE="2025-10-30" ENDDATE="2079-06-06" ISACTUAL="1" ISACTIVE="1" /><STEAD ID="74525316" OBJECTID="175602893" OBJECTGUID="29b65f5b-6e7c-4aae-b8a7-e9bec06d1337" CHANGEID="691472344" NUMBER="12" OPERTYPEID="10" PREVID="0" NEXTID="0" UPDATEDATE="2025-10-30" STARTDATE="2025-10-30" ENDDATE="2079-06-06" ISACTUAL="1" ISACTIVE="1" /><STEAD ID="74525317" OBJECTID="175602894" OBJECTGUID="69b49ba9-dfa8-4fc2-877c-378d7a9af9eb" CHANGEID="691472345" NUMBER="7" OPERTYPEID="10" PREVID="0" NEXTID="0" UPDATEDATE="2025-10-30" STARTDATE="2025-10-30" ENDDATE="2079-06-06" ISACTUAL="1" ISACTIVE="1" /><STEAD ID="74525318" OBJECTID="175602895" OBJECTGUID="009441d5-d154-451b-9013-754811c1f8b0" CHANGEID="691472346" NUMBER="1" OPERTYPEID="10" PREVID="0" NEXTID="0" UPDATEDATE="2025-10-30" STARTDATE="2025-10-30" ENDDATE="2079-06-06" ISACTUAL="1" ISACTIVE="1" /><STEAD ID="74525661" OBJECTID="95869900" OBJECTGUID="db8dbc62-36a0-4bf6-8928-19de2f57bdf3" CHANGEID="691473746" NUMBER="1" OPERTYPEID="30" PREVID="11085225" NEXTID="0" UPDATEDATE="2025-10-30" STARTDATE="2025-10-30" ENDDATE="2079-06-06" ISACTUAL="1" ISACTIVE="0" /><STEAD ID="11085225" OBJECTID="95869900" OBJECTGUID="db8dbc62-36a0-4bf6-8928-19de2f57bdf3" CHANGEID="140349828" NUMBER="1" OPERTYPEID="10" PREVID="0" NEXTID="74525661" UPDATEDATE="2025-10-30" STARTDATE="2020-03-05" ENDDATE="2025-10-30" ISACTUAL="0" ISACTIVE="0" /><STEAD ID="74525663" OBJECTID="95870044" OBJECTGUID="28dec09b-b3f2-4ff0-aae9-c5df6a71721b" CHANGEID="691473752" NUMBER="4" OPERTYPEID="30" PREVID="11085341" NEXTID="0" UPDATEDATE="2025-10-30" STARTDATE="2025-10-30" ENDDATE="2079-06-06" ISACTUAL="1" ISACTIVE="0" /><STEAD ID="11085341" OBJECTID="95870044" OBJECTGUID="28dec09b-b3f2-4ff0-aae9-c5df6a71721b" CHANGEID="140349973" NUMBER="4" OPERTYPEID="10" PREVID="0" NEXTID="74525663" UPDATEDATE="2025-10-30" STARTDATE="2020-03-05" ENDDATE="2025-10-30" ISACTUAL="0" ISACTIVE="0" /><STEAD ID="74525665" OBJECTID="95870046" OBJECTGUID="66b62793-7375-4392-8cd5-abcde68fa70f" CHANGEID="691473756" NUMBER="6" OPERTYPEID="30" PREVID="11085343" NEXTID="0" UPDATEDATE="2025-10-30" STARTDATE="2025-10-30" ENDDATE="2079-06-06" ISACTUAL="1" ISACTIVE="0" /><STEAD ID="11085343" OBJECTID="95870046" OBJECTGUID="66b62793-7375-4392-8cd5-abcde68fa70f" CHANGEID="140349975" NUMBER="6" OPERTYPEID="10" PREVID="0" NEXTID="74525665" UPDATEDATE="2025-10-30" STARTDATE="2020-03-05" ENDDATE="2025-10-30" ISACTUAL="0" ISACTIVE="0" /><STEAD ID="74525813" OBJECTID="175603944" OBJECTGUID="87a6ee0d-e3e4-428c-b37b-499395d9071a" CHANGEID="691473993" NUMBER="46" OPERTYPEID="10" PREVID="0" NEXTID="0" UPDATEDATE="2025-10-30" STARTDATE="2025-10-30" ENDDATE="2079-06-06" ISACTUAL="1" ISACTIVE="1" /><STEAD ID="74525814" OBJECTID="175603945" OBJECTGUID="7689bb9a-fa6d-4e5d-9e80-094cd7b47973" CHANGEID="691473994" NUMBER="45" OPERTYPEID="10" PREVID="0" NEXTID="0" UPDATEDATE="2025-10-30" STARTDATE="2025-10-30" ENDDATE="2079-06-06" ISACTUAL="1" ISACTIVE="1" /><STEAD ID="74525815" OBJECTID="175603946" OBJECTGUID="718c1645-accc-41f1-9516-662277d467f3" CHANGEID="691473995" NUMBER="33" OPERTYPEID="10" PREVID="0" NEXTID="0" UPDATEDATE="2025-10-30" STARTDATE="2025-10-30" ENDDATE="2079-06-06" ISACTUAL="1" ISACTIVE="1" /><STEAD ID="74525816" OBJECTID="175603947" OBJECTGUID="6987ba5d-1e70-406d-bbb9-020a3c862cd5" CHANGEID="691473996" NUMBER="24" OPERTYPEID="10" PREVID="0" NEXTID="0" UPDATEDATE="2025-10-30" STARTDATE="2025-10-30" ENDDATE="2079-06-06" ISACTUAL="1" ISACTIVE="1" /><STEAD ID="74525817" OBJECTID="175603948" OBJECTGUID="95dc8d49-5b30-4f3e-a521-6b1a9f01a924" CHANGEID="691473997" NUMBER="6" OPERTYPEID="10" PREVID="0" NEXTID="0" UPDATEDATE="2025-10-30" STARTDATE="2025-10-30" ENDDATE="2079-06-06" ISACTUAL="1" ISACTIVE="1" /><STEAD ID="74525818" OBJECTID="175603949" OBJECTGUID="fd2fa66e-d541-42c9-afb0-0d6db6a2a893" CHANGEID="691473998" NUMBER="5" OPERTYPEID="10" PREVID="0" NEXTID="0" UPDATEDATE="2025-10-30" STARTDATE="2025-10-30" ENDDATE="2079-06-06" ISACTUAL="1" ISACTIVE="1" /><STEAD ID="74525819" OBJECTID="175603950" OBJECTGUID="5151d75e-aec9-454b-a012-7acca9540671" CHANGEID="691473999" NUMBER="4" OPERTYPEID="10" PREVID="0" NEXTID="0" UPDATEDATE="2025-10-30" STARTDATE="2025-10-30" ENDDATE="2079-06-06" ISACTUAL="1" ISACTIVE="1" /><STEAD ID="74525820" OBJECTID="175603951" OBJECTGUID="3aaba155-ea83-4484-9fd2-e0db494c3350" CHANGEID="691474000" NUMBER="1" OPERTYPEID="10" PREVID="0" NEXTID="0" UPDATEDATE="2025-10-30" STARTDATE="2025-10-30" ENDDATE="2079-06-06" ISACTUAL="1" ISACTIVE="1" /><STEAD ID="74525826" OBJECTID="175603961" OBJECTGUID="63181053-0136-4a2e-b17a-79dc746326d2" CHANGEID="691474012" NUMBER="6" OPERTYPEID="10" PREVID="0" NEXTID="0" UPDATEDATE="2025-10-30" STARTDATE="2025-10-30" ENDDATE="2079-06-06" ISACTUAL="1" ISACTIVE="1" /><STEAD ID="74525870" OBJECTID="175604017" OBJECTGUID="f4dfd351-e754-461f-8e2e-d63e79cc6e2b" CHANGEID="691474075" NUMBER="22" OPERTYPEID="10" PREVID="0" NEXTID="0" UPDATEDATE="2025-10-30" STARTDATE="2025-10-30" ENDDATE="2079-06-06" ISACTUAL="1" ISACTIVE="1" /><STEAD ID="74525871" OBJECTID="175604018" OBJECTGUID="bbe3236d-eb93-4d87-bffa-1f1c27270116" CHANGEID="691474076" NUMBER="14" OPERTYPEID="10" PREVID="0" NEXTID="0" UPDATEDATE="2025-10-30" STARTDATE="2025-10-30" ENDDATE="2079-06-06" ISACTUAL="1" ISACTIVE="1" /><STEAD ID="74525876" OBJECTID="175604023" OBJECTGUID="02711ae9-cd53-4458-80b7-f3ce2956c88f" CHANGEID="691474081" NUMBER="5/2" OPERTYPEID="10" PREVID="0" NEXTID="0" UPDATEDATE="2025-10-30" STARTDATE="2025-10-30" ENDDATE="2079-06-06" ISACTUAL="1" ISACTIVE="1" /><STEAD ID="74525879" OBJECTID="175604034" OBJECTGUID="4c23e3d3-819c-44dd-84e3-f52c967fcc4d" CHANGEID="691474092" NUMBER="34" OPERTYPEID="10" PREVID="0" NEXTID="0" UPDATEDATE="2025-10-30" STARTDATE="2025-10-30" ENDDATE="2079-06-06" ISACTUAL="1" ISACTIVE="1" /><STEAD ID="74525930" OBJECTID="175604090" OBJECTGUID="e38809bd-df92-48a6-a071-eac246d3c168" CHANGEID="691474159" NUMBER="82" OPERTYPEID="10" PREVID="0" NEXTID="0" UPDATEDATE="2025-10-30" STARTDATE="2025-10-30" ENDDATE="2079-06-06" ISACTUAL="1" ISACTIVE="1" /><STEAD ID="74526006" OBJECTID="175604180" OBJECTGUID="cce04ff0-07e6-45cf-9b09-ae769d94f53f" CHANGEID="691474301" NUMBER="22/2" OPERTYPEID="10" PREVID="0" NEXTID="0" UPDATEDATE="2025-10-30" STARTDATE="2025-10-30" ENDDATE="2079-06-06" ISACTUAL="1" ISACTIVE="1" /><STEAD ID="74526007" OBJECTID="175604181" OBJECTGUID="5444fa59-f799-4c13-95b9-06360beccd8b" CHANGEID="691474302" NUMBER="22/1" OPERTYPEID="10" PREVID="0" NEXTID="0" UPDATEDATE="2025-10-30" STARTDATE="2025-10-30" ENDDATE="2079-06-06" ISACTUAL="1" ISACTIVE="1" /><STEAD ID="74526011" OBJECTID="175604185" OBJECTGUID="e18480b1-0909-4c97-9607-799b63c0382e" CHANGEID="691474306" NUMBER="16/1" OPERTYPEID="10" PREVID="0" NEXTID="0" UPDATEDATE="2025-10-30" STARTDATE="2025-10-30" ENDDATE="2079-06-06" ISACTUAL="1" ISACTIVE="1" /><STEAD ID="74526035" OBJECTID="175604216" OBJECTGUID="7c3016d0-ea32-4708-a3aa-24bbaccda63c" CHANGEID="691474347" NUMBER="24/2" OPERTYPEID="10" PREVID="0" NEXTID="0" UPDATEDATE="2025-10-30" STARTDATE="2025-10-30" ENDDATE="2079-06-06" ISACTUAL="1" ISACTIVE="1" /><STEAD ID="74526036" OBJECTID="175604217" OBJECTGUID="14b53afc-626a-42c5-956e-46ee4355422c" CHANGEID="691474348" NUMBER="24/1" OPERTYPEID="10" PREVID="0" NEXTID="0" UPDATEDATE="2025-10-30" STARTDATE="2025-10-30" ENDDATE="2079-06-06" ISACTUAL="1" ISACTIVE="1" /><STEAD ID="74526049" OBJECTID="173978287" OBJECTGUID="71c1ac38-1dcc-4e35-84ea-54ad79e39573" CHANGEID="691474387" NUMBER="55/1" OPERTYPEID="20" PREVID="73678255" UPDATEDATE="2025-10-30" STARTDATE="2025-10-30" ENDDATE="2079-06-06" ISACTUAL="1" ISACTIVE="1" /><STEAD ID="74526679" OBJECTID="175604989" OBJECTGUID="7b3dcd05-ebf7-4e5d-9b7b-305f065c9f3e" CHANGEID="691475654" NUMBER="26/2" OPERTYPEID="10" PREVID="0" NEXTID="0" UPDATEDATE="2025-10-30" STARTDATE="2025-10-30" ENDDATE="2079-06-06" ISACTUAL="1" ISACTIVE="1" /><STEAD ID="74526694" OBJECTID="175605007" OBJECTGUID="2d075c7a-a14c-4ee8-83c0-27f1d29e7dfa" CHANGEID="691475686" NUMBER="3" OPERTYPEID="10" PREVID="0" NEXTID="0" UPDATEDATE="2025-10-30" STARTDATE="2025-10-30" ENDDATE="2079-06-06" ISACTUAL="1" ISACTIVE="1" /><STEAD ID="74526695" OBJECTID="175605008" OBJECTGUID="d1ca8a67-707c-4101-bcd6-eb62769cf668" CHANGEID="691475687" NUMBER="1" OPERTYPEID="10" PREVID="0" NEXTID="0" UPDATEDATE="2025-10-30" STARTDATE="2025-10-30" ENDDATE="2079-06-06" ISACTUAL="1" ISACTIVE="1" /><STEAD ID="74526696" OBJECTID="175605009" OBJECTGUID="bb038d4e-3881-4971-b7de-5ee76ebe03ba" CHANGEID="691475688" NUMBER="16" OPERTYPEID="10" PREVID="0" NEXTID="0" UPDATEDATE="2025-10-30" STARTDATE="2025-10-30" ENDDATE="2079-06-06" ISACTUAL="1" ISACTIVE="1" /><STEAD ID="74526697" OBJECTID="175605010" OBJECTGUID="c786e022-a81d-4484-9ec7-177df5fbbaf7" CHANGEID="691475689" NUMBER="14" OPERTYPEID="10" PREVID="0" NEXTID="0" UPDATEDATE="2025-10-30" STARTDATE="2025-10-30" ENDDATE="2079-06-06" ISACTUAL="1" ISACTIVE="1" /><STEAD ID="74526698" OBJECTID="175605011" OBJECTGUID="8f4c3bbb-0888-4919-adc4-08a301af062d" CHANGEID="691475690" NUMBER="12" OPERTYPEID="10" PREVID="0" NEXTID="0" UPDATEDATE="2025-10-30" STARTDATE="2025-10-30" ENDDATE="2079-06-06" ISACTUAL="1" ISACTIVE="1" /><STEAD ID="74526699" OBJECTID="175605012" OBJECTGUID="556e8d30-f477-4e3d-93ab-44269accda73" CHANGEID="691475691" NUMBER="10" OPERTYPEID="10" PREVID="0" NEXTID="0" UPDATEDATE="2025-10-30" STARTDATE="2025-10-30" ENDDATE="2079-06-06" ISACTUAL="1" ISACTIVE="1" /><STEAD ID="74526700" OBJECTID="175605013" OBJECTGUID="a23ac510-60c1-4e0f-8c91-fcf49d41d2d1" CHANGEID="691475692" NUMBER="8" OPERTYPEID="10" PREVID="0" NEXTID="0" UPDATEDATE="2025-10-30" STARTDATE="2025-10-30" ENDDATE="2079-06-06" ISACTUAL="1" ISACTIVE="1" /><STEAD ID="74526701" OBJECTID="175605014" OBJECTGUID="3d19f3cb-0af8-441d-add4-084ac207edbe" CHANGEID="691475693" NUMBER="5" OPERTYPEID="10" PREVID="0" NEXTID="0" UPDATEDATE="2025-10-30" STARTDATE="2025-10-30" ENDDATE="2079-06-06" ISACTUAL="1" ISACTIVE="1" /><STEAD ID="74526705" OBJECTID="175605025" OBJECTGUID="ae0e4099-ac67-49c1-a43a-8dbeb26d4174" CHANGEID="691475704" NUMBER="3/2" OPERTYPEID="10" PREVID="0" NEXTID="0" UPDATEDATE="2025-10-30" STARTDATE="2025-10-30" ENDDATE="2079-06-06" ISACTUAL="1" ISACTIVE="1" /><STEAD ID="74526706" OBJECTID="175605026" OBJECTGUID="f8bd67b0-cc4f-4cfd-9979-96612d17ac2c" CHANGEID="691475705" NUMBER="3/1" OPERTYPEID="10" PREVID="0" NEXTID="0" UPDATEDATE="2025-10-30" STARTDATE="2025-10-30" ENDDATE="2079-06-06" ISACTUAL="1" ISACTIVE="1" /><STEAD ID="74526708" OBJECTID="175605028" OBJECTGUID="a0331e9c-57c6-424d-8a17-301f41e079c7" CHANGEID="691475707" NUMBER="2/2" OPERTYPEID="10" PREVID="0" NEXTID="0" UPDATEDATE="2025-10-30" STARTDATE="2025-10-30" ENDDATE="2079-06-06" ISACTUAL="1" ISACTIVE="1" /><STEAD ID="74526709" OBJECTID="175605029" OBJECTGUID="10e8561e-196a-4604-ad51-34b6af11a8ff" CHANGEID="691475708" NUMBER="2/1" OPERTYPEID="10" PREVID="0" NEXTID="0" UPDATEDATE="2025-10-30" STARTDATE="2025-10-30" ENDDATE="2079-06-06" ISACTUAL="1" ISACTIVE="1" /><STEAD ID="74526718" OBJECTID="175605039" OBJECTGUID="cc2ad69e-4d35-47eb-b2ca-ecd1149cc348" CHANGEID="691475724" NUMBER="6/1" OPERTYPEID="10" PREVID="0" NEXTID="0" UPDATEDATE="2025-10-30" STARTDATE="2025-10-30" ENDDATE="2079-06-06" ISACTUAL="1" ISACTIVE="1" /><STEAD ID="74526765" OBJECTID="175605088" OBJECTGUID="e14c73cb-620f-4f52-9150-f3dd739b55ff" CHANGEID="691475790" NUMBER="24" OPERTYPEID="10" PREVID="0" NEXTID="0" UPDATEDATE="2025-10-30" STARTDATE="2025-10-30" ENDDATE="2079-06-06" ISACTUAL="1" ISACTIVE="1" /><STEAD ID="74526766" OBJECTID="175605089" OBJECTGUID="33c6b217-a2cc-4304-aa99-9badea3ea886" CHANGEID="691475791" NUMBER="12" OPERTYPEID="10" PREVID="0" NEXTID="0" UPDATEDATE="2025-10-30" STARTDATE="2025-10-30" ENDDATE="2079-06-06" ISACTUAL="1" ISACTIVE="1" /><STEAD ID="74526767" OBJECTID="175605090" OBJECTGUID="3012a11d-9884-41dd-aa92-a77204e62c47" CHANGEID="691475792" NUMBER="9" OPERTYPEID="10" PREVID="0" NEXTID="0" UPDATEDATE="2025-10-30" STARTDATE="2025-10-30" ENDDATE="2079-06-06" ISACTUAL="1" ISACTIVE="1" /><STEAD ID="74526768" OBJECTID="175605091" OBJECTGUID="92f1db87-a386-4798-b37c-08e057d2930e" CHANGEID="691475793" NUMBER="8" OPERTYPEID="10" PREVID="0" NEXTID="0" UPDATEDATE="2025-10-30" STARTDATE="2025-10-30" ENDDATE="2079-06-06" ISACTUAL="1" ISACTIVE="1" /><STEAD ID="74526769" OBJECTID="175605092" OBJECTGUID="c8bb9950-1d2c-48d3-9dc0-458a992f0ecd" CHANGEID="691475794" NUMBER="4" OPERTYPEID="10" PREVID="0" NEXTID="0" UPDATEDATE="2025-10-30" STARTDATE="2025-10-30" ENDDATE="2079-06-06" ISACTUAL="1" ISACTIVE="1" /><STEAD ID="74526783" OBJECTID="175605108" OBJECTGUID="6ca603a3-83d7-4a4d-b799-359604e227f6" CHANGEID="691475828" NUMBER="25/1" OPERTYPEID="10" PREVID="0" NEXTID="0" UPDATEDATE="2025-10-30" STARTDATE="2025-10-30" ENDDATE="2079-06-06" ISACTUAL="1" ISACTIVE="1" /><STEAD ID="74526787" OBJECTID="175605112" OBJECTGUID="c2acebef-712a-4671-a414-36afc864816e" CHANGEID="691475838" NUMBER="15" OPERTYPEID="10" PREVID="0" NEXTID="0" UPDATEDATE="2025-10-30" STARTDATE="2025-10-30" ENDDATE="2079-06-06" ISACTUAL="1" ISACTIVE="1" /><STEAD ID="74526788" OBJECTID="175605113" OBJECTGUID="7425928c-6de6-477a-b87e-bc0ed24d9ebe" CHANGEID="691475839" NUMBER="8" OPERTYPEID="10" PREVID="0" NEXTID="0" UPDATEDATE="2025-10-30" STARTDATE="2025-10-30" ENDDATE="2079-06-06" ISACTUAL="1" ISACTIVE="1" /><STEAD ID="74526789" OBJECTID="171762945" OBJECTGUID="7bbf8c8b-7313-4a0a-98b7-5e272fcb4c61" CHANGEID="691475841" NUMBER="30/2" OPERTYPEID="20" PREVID="72496058" UPDATEDATE="2025-10-30" STARTDATE="2025-10-30" ENDDATE="2079-06-06" ISACTUAL="1" ISACTIVE="1" /><STEAD ID="74526824" OBJECTID="175605149" OBJECTGUID="4ed52522-7099-4413-a8d3-7d8fe0ec25f9" CHANGEID="691475926" NUMBER="30/1" OPERTYPEID="10" PREVID="0" NEXTID="0" UPDATEDATE="2025-10-30" STARTDATE="2025-10-30" ENDDATE="2079-06-06" ISACTUAL="1" ISACTIVE="1" /><STEAD ID="74526830" OBJECTID="175605155" OBJECTGUID="79c4fb8e-412b-44e8-8c91-c9ca30d625ac" CHANGEID="691475935" NUMBER="39/1" OPERTYPEID="10" PREVID="0" NEXTID="0" UPDATEDATE="2025-10-30" STARTDATE="2025-10-30" ENDDATE="2079-06-06" ISACTUAL="1" ISACTIVE="1" /><STEAD ID="74526845" OBJECTID="175605212" OBJECTGUID="35a0ac00-b659-4a90-9055-d31b4817dc1d" CHANGEID="691476001" NUMBER="63/1" OPERTYPEID="10" PREVID="0" NEXTID="0" UPDATEDATE="2025-10-30" STARTDATE="2025-10-30" ENDDATE="2079-06-06" ISACTUAL="1" ISACTIVE="1" /><STEAD ID="74526877" OBJECTID="171762949" OBJECTGUID="818d9fff-d9b2-4bef-b72a-138db1f757a8" CHANGEID="691476044" NUMBER="32/2" OPERTYPEID="20" PREVID="72496062" UPDATEDATE="2025-10-30" STARTDATE="2025-10-30" ENDDATE="2079-06-06" ISACTUAL="1" ISACTIVE="1" /><STEAD ID="74526886" OBJECTID="175605258" OBJECTGUID="ec09cab3-7f10-4952-8b03-bfad004292f1" CHANGEID="691476054" NUMBER="32/1" OPERTYPEID="10" PREVID="0" NEXTID="0" UPDATEDATE="2025-10-30" STARTDATE="2025-10-30" ENDDATE="2079-06-06" ISACTUAL="1" ISACTIVE="1" /><STEAD ID="72496066" OBJECTID="171762962" OBJECTGUID="b51804b7-8f15-400e-9100-d7af1db678a7" CHANGEID="644527929" NUMBER="34" OPERTYPEID="10" PREVID="0" NEXTID="74526919" UPDATEDATE="2025-10-30" STARTDATE="2025-04-17" ENDDATE="2025-10-30" ISACTUAL="0" ISACTIVE="0" /><STEAD ID="74526919" OBJECTID="171762962" OBJECTGUID="b51804b7-8f15-400e-9100-d7af1db678a7" CHANGEID="691476395" NUMBER="34/1" OPERTYPEID="20" PREVID="72496066" UPDATEDATE="2025-10-30" STARTDATE="2025-10-30" ENDDATE="2079-06-06" ISACTUAL="1" ISACTIVE="1" /><STEAD ID="74526996" OBJECTID="175605731" OBJECTGUID="883867fc-64a5-4858-9860-aff36d358fcb" CHANGEID="691476575" NUMBER="21" OPERTYPEID="10" PREVID="0" NEXTID="0" UPDATEDATE="2025-10-30" STARTDATE="2025-10-30" ENDDATE="2079-06-06" ISACTUAL="1" ISACTIVE="1" /><STEAD ID="74531756" OBJECTID="175615557" OBJECTGUID="e5c3e132-da4c-4a80-afcd-2e44b5104c53" CHANGEID="691493921" NUMBER="10" OPERTYPEID="10" PREVID="0" NEXTID="0" UPDATEDATE="2025-10-31" STARTDATE="2025-10-31" ENDDATE="2079-06-06" ISACTUAL="1" ISACTIVE="1" /><STEAD ID="74531564" OBJECTID="175615224" OBJECTGUID="98221318-55cc-4b8a-a117-4fa6de58bf4a" CHANGEID="691493267" NUMBER="34/2" OPERTYPEID="10" PREVID="0" NEXTID="0" UPDATEDATE="2025-10-31" STARTDATE="2025-10-31" ENDDATE="2079-06-06" ISACTUAL="1" ISACTIVE="1" /><STEAD ID="74531565" OBJECTID="171762969" OBJECTGUID="90e50381-4a9b-4d71-a360-686df9c0cd13" CHANGEID="691493268" NUMBER="35/1" OPERTYPEID="20" PREVID="72496070" UPDATEDATE="2025-10-31" STARTDATE="2025-10-31" ENDDATE="2079-06-06" ISACTUAL="1" ISACTIVE="1" /><STEAD ID="74531566" OBJECTID="175615225" OBJECTGUID="36c14c57-c7d4-4dd5-8449-d8292b017c8c" CHANGEID="691493269" NUMBER="35/2" OPERTYPEID="10" PREVID="0" NEXTID="0" UPDATEDATE="2025-10-31" STARTDATE="2025-10-31" ENDDATE="2079-06-06" ISACTUAL="1" ISACTIVE="1" /><STEAD ID="74532146" OBJECTID="175616013" OBJECTGUID="58427767-7d1b-44d1-84bb-26e1b8bef876" CHANGEID="691494731" NUMBER="20а" OPERTYPEID="10" PREVID="0" NEXTID="0" UPDATEDATE="2025-10-31" STARTDATE="2025-10-31" ENDDATE="2079-06-06" ISACTUAL="1" ISACTIVE="1" /><STEAD ID="74532350" OBJECTID="164655413" OBJECTGUID="253ee81b-9e0e-4b3f-8b0e-c445df227565" CHANGEID="691495351" NUMBER="14/А" OPERTYPEID="30" PREVID="68437632" NEXTID="0" UPDATEDATE="2025-10-31" STARTDATE="2025-10-31" ENDDATE="2079-06-06" ISACTUAL="1" ISACTIVE="0" /><STEAD ID="74532563" OBJECTID="175616654" OBJECTGUID="1815497d-01e9-436c-a385-a98bd3a02012" CHANGEID="691495670" NUMBER="25" OPERTYPEID="10" PREVID="0" NEXTID="0" UPDATEDATE="2025-10-31" STARTDATE="2025-10-31" ENDDATE="2079-06-06" ISACTUAL="1" ISACTIVE="1" /><STEAD ID="74532565" OBJECTID="170109677" OBJECTGUID="d0df4e54-858a-43e7-b082-8e9821e6bc89" CHANGEID="691495680" NUMBER="38" OPERTYPEID="30" PREVID="71536076" NEXTID="0" UPDATEDATE="2025-10-31" STARTDATE="2025-10-31" ENDDATE="2079-06-06" ISACTUAL="1" ISACTIVE="0" /><STEAD ID="74532609" OBJECTID="175616712" OBJECTGUID="ba42c57b-adf4-425c-a37e-65da52ad97e1" CHANGEID="691495740" NUMBER="13" OPERTYPEID="10" PREVID="0" NEXTID="0" UPDATEDATE="2025-10-31" STARTDATE="2025-10-31" ENDDATE="2079-06-06" ISACTUAL="1" ISACTIVE="1" /><STEAD ID="74532989" OBJECTID="169587964" OBJECTGUID="6d0b6014-8ac4-4e82-87b1-96ad83e701e0" CHANGEID="691497281" NUMBER="11" OPERTYPEID="30" PREVID="71247886" NEXTID="0" UPDATEDATE="2025-10-31" STARTDATE="2025-10-31" ENDDATE="2079-06-06" ISACTUAL="1" ISACTIVE="0" /><STEAD ID="74533277" OBJECTID="168182413" OBJECTGUID="9d76f31d-856b-4e63-bace-2f48a4ec70c0" CHANGEID="691498632" NUMBER="24" OPERTYPEID="30" PREVID="70468375" NEXTID="0" UPDATEDATE="2025-10-31" STARTDATE="2025-10-31" ENDDATE="2079-06-06" ISACTUAL="1" ISACTIVE="0" /><STEAD ID="74533280" OBJECTID="87677506" OBJECTGUID="03453f01-e804-4cf9-8f6a-96d7fa583371" CHANGEID="691498636" NUMBER="14" OPERTYPEID="30" PREVID="3136331" NEXTID="0" UPDATEDATE="2025-10-31" STARTDATE="2025-10-31" ENDDATE="2079-06-06" ISACTUAL="1" ISACTIVE="0" /><STEAD ID="3136331" OBJECTID="87677506" OBJECTGUID="03453f01-e804-4cf9-8f6a-96d7fa583371" CHANGEID="129816523" NUMBER="14" OPERTYPEID="10" NEXTID="74533280" UPDATEDATE="2025-10-31" STARTDATE="2018-10-09" ENDDATE="2025-10-31" ISACTUAL="0" ISACTIVE="0" /><STEAD ID="74533281" OBJECTID="91495608" OBJECTGUID="8017d860-2736-4d9a-afef-01d0c0d13496" CHANGEID="691498637" NUMBER="12" OPERTYPEID="30" PREVID="6961180" NEXTID="0" UPDATEDATE="2025-10-31" STARTDATE="2025-10-31" ENDDATE="2079-06-06" ISACTUAL="1" ISACTIVE="0" /><STEAD ID="6961180" OBJECTID="91495608" OBJECTGUID="8017d860-2736-4d9a-afef-01d0c0d13496" CHANGEID="134227330" NUMBER="12" OPERTYPEID="10" NEXTID="74533281" UPDATEDATE="2025-10-31" STARTDATE="2018-11-02" ENDDATE="2025-10-31" ISACTUAL="0" ISACTIVE="0" /><STEAD ID="74533479" OBJECTID="175618807" OBJECTGUID="b45f1c9d-9101-4dc6-ad69-7d24f27e9d7c" CHANGEID="691498959" NUMBER="10" OPERTYPEID="10" PREVID="0" NEXTID="0" UPDATEDATE="2025-10-31" STARTDATE="2025-10-31" ENDDATE="2079-06-06" ISACTUAL="1" ISACTIVE="1" /><STEAD ID="74533507" OBJECTID="175618838" OBJECTGUID="15294608-6db9-4b2c-8c3a-4a79648e4c4d" CHANGEID="691498996" NUMBER="30" OPERTYPEID="10" PREVID="0" NEXTID="0" UPDATEDATE="2025-10-31" STARTDATE="2025-10-31" ENDDATE="2079-06-06" ISACTUAL="1" ISACTIVE="1" /><STEAD ID="74533527" OBJECTID="175618894" OBJECTGUID="aac3cb02-51dc-4187-a751-75d7c5b68fd5" CHANGEID="691499077" NUMBER="31/2" OPERTYPEID="10" PREVID="0" NEXTID="0" UPDATEDATE="2025-10-31" STARTDATE="2025-10-31" ENDDATE="2079-06-06" ISACTUAL="1" ISACTIVE="1" /><STEAD ID="74533775" OBJECTID="175619619" OBJECTGUID="cba79b15-406c-4790-95e0-dd6ecfe9f7fc" CHANGEID="691500061" NUMBER="20" OPERTYPEID="10" PREVID="0" NEXTID="0" UPDATEDATE="2025-10-31" STARTDATE="2025-10-31" ENDDATE="2079-06-06" ISACTUAL="1" ISACTIVE="1" /><STEAD ID="74533780" OBJECTID="175619626" OBJECTGUID="c7544767-e90a-4133-b59b-a055493fa2c4" CHANGEID="691500076" NUMBER="26" OPERTYPEID="10" PREVID="0" NEXTID="0" UPDATEDATE="2025-10-31" STARTDATE="2025-10-31" ENDDATE="2079-06-06" ISACTUAL="1" ISACTIVE="1" /><STEAD ID="74534473" OBJECTID="175620890" OBJECTGUID="8323599b-6eaf-4acb-b54a-56dcb5c10ae9" CHANGEID="691502313" NUMBER="8/2" OPERTYPEID="10" PREVID="0" NEXTID="0" UPDATEDATE="2025-10-31" STARTDATE="2025-10-31" ENDDATE="2079-06-06" ISACTUAL="1" ISACTIVE="1" /><STEAD ID="74536548" OBJECTID="175623874" OBJECTGUID="5406964b-895c-4733-a3de-42d3bfde6dcd" CHANGEID="691507187" NUMBER="227" OPERTYPEID="10" PREVID="0" NEXTID="0" UPDATEDATE="2025-10-31" STARTDATE="2025-10-31" ENDDATE="2079-06-06" ISACTUAL="1" ISACTIVE="1" /><STEAD ID="74536583" OBJECTID="165872677" OBJECTGUID="5cfcebea-ee2b-4d87-8ffe-678c08e96ec5" CHANGEID="691507240" NUMBER="43" OPERTYPEID="30" PREVID="69092042" NEXTID="0" UPDATEDATE="2025-10-31" STARTDATE="2025-10-31" ENDDATE="2079-06-06" ISACTUAL="1" ISACTIVE="0" /><STEAD ID="760904" OBJECTID="85312465" OBJECTGUID="4a83faa9-cf9f-4388-8a4b-c6e02afdc055" CHANGEID="126683986" NUMBER="1 кв.1" OPERTYPEID="10" NEXTID="74538330" UPDATEDATE="2025-10-31" STARTDATE="2017-09-04" ENDDATE="2025-10-31" ISACTUAL="0" ISACTIVE="0" /><STEAD ID="74538330" OBJECTID="85312465" OBJECTGUID="4a83faa9-cf9f-4388-8a4b-c6e02afdc055" CHANGEID="691513202" NUMBER="1/1" OPERTYPEID="20" PREVID="760904" UPDATEDATE="2025-10-31" STARTDATE="2025-10-31" ENDDATE="2079-06-06" ISACTUAL="1" ISACTIVE="1" /><STEAD ID="74539903" OBJECTID="175630838" OBJECTGUID="8ccbe545-b214-429c-ba02-09609d36f74b" CHANGEID="691517780" NUMBER="11" OPERTYPEID="10" PREVID="0" NEXTID="0" UPDATEDATE="2025-10-31" STARTDATE="2025-10-31" ENDDATE="2079-06-06" ISACTUAL="1" ISACTIVE="1" /><STEAD ID="74539931" OBJECTID="175630883" OBJECTGUID="7ade89d2-33e0-4070-8f1a-cafde592f393" CHANGEID="691517832" NUMBER="3" OPERTYPEID="10" PREVID="0" NEXTID="0" UPDATEDATE="2025-10-31" STARTDATE="2025-10-31" ENDDATE="2079-06-06" ISACTUAL="1" ISACTIVE="1" /><STEAD ID="74540008" OBJECTID="175631019" OBJECTGUID="2799c6bd-cf79-4b9e-b383-8989bae11352" CHANGEID="691518254" NUMBER="55" OPERTYPEID="10" PREVID="0" NEXTID="0" UPDATEDATE="2025-10-31" STARTDATE="2025-10-31" ENDDATE="2079-06-06" ISACTUAL="1" ISACTIVE="1" /><STEAD ID="74540034" OBJECTID="175631054" OBJECTGUID="d2c12f61-d5f8-4c33-bc25-c8b558ff4ec1" CHANGEID="691518298" NUMBER="31" OPERTYPEID="10" PREVID="0" NEXTID="0" UPDATEDATE="2025-10-31" STARTDATE="2025-10-31" ENDDATE="2079-06-06" ISACTUAL="1" ISACTIVE="1" /><STEAD ID="69094688" OBJECTID="165876765" OBJECTGUID="3c6bf6a4-fe76-4eef-ac95-0daca2494786" CHANGEID="603609205" NUMBER="78" OPERTYPEID="10" PREVID="0" NEXTID="74540107" UPDATEDATE="2025-10-31" STARTDATE="2024-10-03" ENDDATE="2025-10-31" ISACTUAL="0" ISACTIVE="0" /><STEAD ID="74540107" OBJECTID="165876765" OBJECTGUID="3c6bf6a4-fe76-4eef-ac95-0daca2494786" CHANGEID="691518738" NUMBER="78/1" OPERTYPEID="20" PREVID="69094688" UPDATEDATE="2025-10-31" STARTDATE="2025-10-31" ENDDATE="2079-06-06" ISACTUAL="1" ISACTIVE="1" /><STEAD ID="74540590" OBJECTID="175632237" OBJECTGUID="edd6f962-292e-4c88-8b9b-058ae77a41b8" CHANGEID="691520108" NUMBER="7/2" OPERTYPEID="10" PREVID="0" NEXTID="0" UPDATEDATE="2025-10-31" STARTDATE="2025-10-31" ENDDATE="2079-06-06" ISACTUAL="1" ISACTIVE="1" /><STEAD ID="74540570" OBJECTID="175632200" OBJECTGUID="164c086e-3394-42e2-adf9-cb41704fb7fc" CHANGEID="691520063" NUMBER="6/2" OPERTYPEID="10" PREVID="0" NEXTID="0" UPDATEDATE="2025-10-31" STARTDATE="2025-10-31" ENDDATE="2079-06-06" ISACTUAL="1" ISACTIVE="1" /><STEAD ID="74540610" OBJECTID="175632258" OBJECTGUID="1fc137aa-9620-40fb-8348-1f1c5557ca45" CHANGEID="691520143" NUMBER="9/1" OPERTYPEID="10" PREVID="0" NEXTID="0" UPDATEDATE="2025-10-31" STARTDATE="2025-10-31" ENDDATE="2079-06-06" ISACTUAL="1" ISACTIVE="1" /><STEAD ID="74540628" OBJECTID="175632289" OBJECTGUID="87578445-f111-4242-aff3-b8d418208015" CHANGEID="691520182" NUMBER="10/1" OPERTYPEID="10" PREVID="0" NEXTID="0" UPDATEDATE="2025-10-31" STARTDATE="2025-10-31" ENDDATE="2079-06-06" ISACTUAL="1" ISACTIVE="1" /><STEAD ID="74540641" OBJECTID="175632351" OBJECTGUID="7dd92748-3266-422a-8a0b-cc045a9e8354" CHANGEID="691520301" NUMBER="36/2" OPERTYPEID="10" PREVID="0" NEXTID="0" UPDATEDATE="2025-10-31" STARTDATE="2025-10-31" ENDDATE="2079-06-06" ISACTUAL="1" ISACTIVE="1" /><STEAD ID="74540824" OBJECTID="161529891" OBJECTGUID="6b9d04f4-437d-4b12-b3fc-feec9b1109fd" CHANGEID="691520853" NUMBER="359" OPERTYPEID="30" PREVID="67336615" NEXTID="0" UPDATEDATE="2025-10-31" STARTDATE="2025-10-31" ENDDATE="2079-06-06" ISACTUAL="1" ISACTIVE="0" /><STEAD ID="74541335" OBJECTID="175634385" OBJECTGUID="fecc9c59-b676-436e-a119-6e4127755634" CHANGEID="691523285" NUMBER="17" OPERTYPEID="10" PREVID="0" NEXTID="0" UPDATEDATE="2025-10-31" STARTDATE="2025-10-31" ENDDATE="2079-06-06" ISACTUAL="1" ISACTIVE="1" /><STEAD ID="74541341" OBJECTID="175634398" OBJECTGUID="385c2c42-77e3-476e-b68c-1e141f1f71ef" CHANGEID="691523298" NUMBER="61" OPERTYPEID="10" PREVID="0" NEXTID="0" UPDATEDATE="2025-10-31" STARTDATE="2025-10-31" ENDDATE="2079-06-06" ISACTUAL="1" ISACTIVE="1" /><STEAD ID="74541355" OBJECTID="175634413" OBJECTGUID="4da75592-bc24-4d57-9878-17681063e2cd" CHANGEID="691523315" NUMBER="2" OPERTYPEID="10" PREVID="0" NEXTID="0" UPDATEDATE="2025-10-31" STARTDATE="2025-10-31" ENDDATE="2079-06-06" ISACTUAL="1" ISACTIVE="1" /><STEAD ID="74541507" OBJECTID="175634773" OBJECTGUID="1762930f-fe90-4456-a570-3a2336407489" CHANGEID="691523985" NUMBER="86" OPERTYPEID="10" PREVID="0" NEXTID="0" UPDATEDATE="2025-10-31" STARTDATE="2025-10-31" ENDDATE="2079-06-06" ISACTUAL="1" ISACTIVE="1" /><STEAD ID="74541508" OBJECTID="175634774" OBJECTGUID="5f4aee37-84e4-4768-ba36-69330b554cfe" CHANGEID="691523986" NUMBER="87" OPERTYPEID="10" PREVID="0" NEXTID="0" UPDATEDATE="2025-10-31" STARTDATE="2025-10-31" ENDDATE="2079-06-06" ISACTUAL="1" ISACTIVE="1" /><STEAD ID="74541522" OBJECTID="175634795" OBJECTGUID="6c066b0e-eb03-4bed-a188-7e121b4d1382" CHANGEID="691524023" NUMBER="504" OPERTYPEID="10" PREVID="0" NEXTID="0" UPDATEDATE="2025-10-31" STARTDATE="2025-10-31" ENDDATE="2079-06-06" ISACTUAL="1" ISACTIVE="1" /><STEAD ID="74541523" OBJECTID="175634796" OBJECTGUID="153a1193-c3fc-41de-8299-ba8952851554" CHANGEID="691524024" NUMBER="182" OPERTYPEID="10" PREVID="0" NEXTID="0" UPDATEDATE="2025-10-31" STARTDATE="2025-10-31" ENDDATE="2079-06-06" ISACTUAL="1" ISACTIVE="1" /><STEAD ID="74541543" OBJECTID="175634831" OBJECTGUID="bb3b0bc0-819f-48eb-ac1a-47d5f5615c57" CHANGEID="691524099" NUMBER="61" OPERTYPEID="10" PREVID="0" NEXTID="0" UPDATEDATE="2025-10-31" STARTDATE="2025-10-31" ENDDATE="2079-06-06" ISACTUAL="1" ISACTIVE="1" /><STEAD ID="74541515" OBJECTID="175634783" OBJECTGUID="c12185c3-bb0a-420a-9941-c911ebac5f2d" CHANGEID="691523997" NUMBER="64" OPERTYPEID="10" PREVID="0" NEXTID="0" UPDATEDATE="2025-10-31" STARTDATE="2025-10-31" ENDDATE="2079-06-06" ISACTUAL="1" ISACTIVE="1" /><STEAD ID="74541546" OBJECTID="175634838" OBJECTGUID="95a66df4-1a12-4c71-857f-007d114520eb" CHANGEID="691524118" NUMBER="6" OPERTYPEID="10" PREVID="0" NEXTID="0" UPDATEDATE="2025-10-31" STARTDATE="2025-10-31" ENDDATE="2079-06-06" ISACTUAL="1" ISACTIVE="1" /><STEAD ID="74541552" OBJECTID="175634849" OBJECTGUID="12b1f82f-b2eb-4492-938f-908bd3564242" CHANGEID="691524144" NUMBER="19" OPERTYPEID="10" PREVID="0" NEXTID="0" UPDATEDATE="2025-10-31" STARTDATE="2025-10-31" ENDDATE="2079-06-06" ISACTUAL="1" ISACTIVE="1" /><STEAD ID="74541585" OBJECTID="175634904" OBJECTGUID="7752ef86-ffb7-4ae6-b9be-5de3174ca6ab" CHANGEID="691524260" NUMBER="13" OPERTYPEID="10" PREVID="0" NEXTID="0" UPDATEDATE="2025-10-31" STARTDATE="2025-10-31" ENDDATE="2079-06-06" ISACTUAL="1" ISACTIVE="1" /><STEAD ID="74541652" OBJECTID="175635066" OBJECTGUID="08aae539-471e-4a28-bec4-5836c5fdce43" CHANGEID="691524531" NUMBER="27" OPERTYPEID="10" PREVID="0" NEXTID="0" UPDATEDATE="2025-10-31" STARTDATE="2025-10-31" ENDDATE="2079-06-06" ISACTUAL="1" ISACTIVE="1" /><STEAD ID="74546503" OBJECTID="175643921" OBJECTGUID="71931a1d-ed69-41ed-924d-98fcd397656c" CHANGEID="691546185" NUMBER="1/1" OPERTYPEID="10" PREVID="0" NEXTID="0" UPDATEDATE="2025-11-01" STARTDATE="2025-11-01" ENDDATE="2079-06-06" ISACTUAL="1" ISACTIVE="1" /><STEAD ID="74546505" OBJECTID="175643923" OBJECTGUID="18004ea3-df0b-4776-8966-83dc76db850e" CHANGEID="691546193" NUMBER="13/2" OPERTYPEID="10" PREVID="0" NEXTID="0" UPDATEDATE="2025-11-01" STARTDATE="2025-11-01" ENDDATE="2079-06-06" ISACTUAL="1" ISACTIVE="1" /><STEAD ID="74546507" OBJECTID="175643925" OBJECTGUID="cb744293-79ef-4b5d-843e-49dd6f5ada0a" CHANGEID="691546199" NUMBER="19/2" OPERTYPEID="10" PREVID="0" NEXTID="0" UPDATEDATE="2025-11-01" STARTDATE="2025-11-01" ENDDATE="2079-06-06" ISACTUAL="1" ISACTIVE="1" /><STEAD ID="74546502" OBJECTID="175643920" OBJECTGUID="b7708b98-1a23-4d7e-a01c-80a99fd94087" CHANGEID="691546182" NUMBER="38А" OPERTYPEID="10" PREVID="0" NEXTID="0" UPDATEDATE="2025-11-01" STARTDATE="2025-11-01" ENDDATE="2079-06-06" ISACTUAL="1" ISACTIVE="1" /><STEAD ID="74546504" OBJECTID="175643922" OBJECTGUID="7b2ba6cb-0ae0-47f6-99e5-d524311ec46c" CHANGEID="691546188" NUMBER="6" OPERTYPEID="10" PREVID="0" NEXTID="0" UPDATEDATE="2025-11-01" STARTDATE="2025-11-01" ENDDATE="2079-06-06" ISACTUAL="1" ISACTIVE="1" /><STEAD ID="74546506" OBJECTID="175643924" OBJECTGUID="4e09409f-b36b-4630-91fb-af7b32d9b0f5" CHANGEID="691546196" NUMBER="19/1" OPERTYPEID="10" PREVID="0" NEXTID="0" UPDATEDATE="2025-11-01" STARTDATE="2025-11-01" ENDDATE="2079-06-06" ISACTUAL="1" ISACTIVE="1" /><STEAD ID="74546584" OBJECTID="175644012" OBJECTGUID="a6d9be45-0ba3-4f28-a0bc-154f03b13750" CHANGEID="691551775" NUMBER="22/2" OPERTYPEID="10" PREVID="0" NEXTID="0" UPDATEDATE="2025-11-01" STARTDATE="2025-11-01" ENDDATE="2079-06-06" ISACTUAL="1" ISACTIVE="1" /><STEAD ID="6744744" OBJECTID="91279291" OBJECTGUID="d8f08332-5a7e-41c6-b5cd-0d95f76f58f3" CHANGEID="133985397" NUMBER="14 кв.1" OPERTYPEID="10" NEXTID="74546605" UPDATEDATE="2025-11-01" STARTDATE="2017-09-04" ENDDATE="2025-11-01" ISACTUAL="0" ISACTIVE="0" /><STEAD ID="74546605" OBJECTID="91279291" OBJECTGUID="d8f08332-5a7e-41c6-b5cd-0d95f76f58f3" CHANGEID="691551855" NUMBER="14/1" OPERTYPEID="20" PREVID="6744744" UPDATEDATE="2025-11-01" STARTDATE="2025-11-01" ENDDATE="2079-06-06" ISACTUAL="1" ISACTIVE="1" /><STEAD ID="74546696" OBJECTID="175644147" OBJECTGUID="c9825207-6465-4bdd-8918-bc2dbfcb4b27" CHANGEID="691552146" NUMBER="5/2" OPERTYPEID="10" PREVID="0" NEXTID="0" UPDATEDATE="2025-11-01" STARTDATE="2025-11-01" ENDDATE="2079-06-06" ISACTUAL="1" ISACTIVE="1" /><STEAD ID="74546699" OBJECTID="175644150" OBJECTGUID="87dfb0fa-5969-4d2e-bdd9-2a6e5fe0ced2" CHANGEID="691552159" NUMBER="46/1" OPERTYPEID="10" PREVID="0" NEXTID="0" UPDATEDATE="2025-11-01" STARTDATE="2025-11-01" ENDDATE="2079-06-06" ISACTUAL="1" ISACTIVE="1" /><STEAD ID="74546702" OBJECTID="175644153" OBJECTGUID="2753ddc1-76d8-4746-806d-8dffbb08ac13" CHANGEID="691552179" NUMBER="49Б" OPERTYPEID="10" PREVID="0" NEXTID="0" UPDATEDATE="2025-11-01" STARTDATE="2025-11-01" ENDDATE="2079-06-06" ISACTUAL="1" ISACTIVE="1" /><STEAD ID="74546695" OBJECTID="175644146" OBJECTGUID="2497b92e-7e8d-420f-9ef4-bd11a0f001a8" CHANGEID="691552139" NUMBER="3/2" OPERTYPEID="10" PREVID="0" NEXTID="0" UPDATEDATE="2025-11-01" STARTDATE="2025-11-01" ENDDATE="2079-06-06" ISACTUAL="1" ISACTIVE="1" /><STEAD ID="74546697" OBJECTID="175644148" OBJECTGUID="46c065e4-5b1f-4f98-a86a-3a3c54540496" CHANGEID="691552154" NUMBER="8/2" OPERTYPEID="10" PREVID="0" NEXTID="0" UPDATEDATE="2025-11-01" STARTDATE="2025-11-01" ENDDATE="2079-06-06" ISACTUAL="1" ISACTIVE="1" /><STEAD ID="74546698" OBJECTID="175644149" OBJECTGUID="f1ab33a5-22b6-4b48-bcca-5230fefe7a41" CHANGEID="691552157" NUMBER="12/1" OPERTYPEID="10" PREVID="0" NEXTID="0" UPDATEDATE="2025-11-01" STARTDATE="2025-11-01" ENDDATE="2079-06-06" ISACTUAL="1" ISACTIVE="1" /><STEAD ID="74546700" OBJECTID="168491516" OBJECTGUID="af4d036d-b721-44d7-8026-d882387f7b24" CHANGEID="691552176" NUMBER="49А" OPERTYPEID="30" PREVID="70634785" NEXTID="0" UPDATEDATE="2025-11-01" STARTDATE="2025-11-01" ENDDATE="2079-06-06" ISACTUAL="1" ISACTIVE="0" /><STEAD ID="70634785" OBJECTID="168491516" OBJECTGUID="af4d036d-b721-44d7-8026-d882387f7b24" CHANGEID="609015571" NUMBER="49А" OPERTYPEID="10" PREVID="0" NEXTID="74546700" UPDATEDATE="2025-11-01" STARTDATE="2024-12-10" ENDDATE="2025-11-01" ISACTUAL="0" ISACTIVE="0" /><STEAD ID="68139739" OBJECTID="163804524" OBJECTGUID="f3a0dd13-96c5-4131-a292-373f181a60f6" CHANGEID="596615438" NUMBER="10" OPERTYPEID="10" PREVID="0" NEXTID="74546713" UPDATEDATE="2025-11-01" STARTDATE="2024-06-06" ENDDATE="2025-11-01" ISACTUAL="0" ISACTIVE="0" /><STEAD ID="74546713" OBJECTID="163804524" OBJECTGUID="f3a0dd13-96c5-4131-a292-373f181a60f6" CHANGEID="691552202" NUMBER="10/2" OPERTYPEID="20" PREVID="68139739" UPDATEDATE="2025-11-01" STARTDATE="2025-11-01" ENDDATE="2079-06-06" ISACTUAL="1" ISACTIVE="1" /><STEAD ID="74546714" OBJECTID="175644163" OBJECTGUID="b4956e2f-a24a-4391-bcb7-f264d8c3fd25" CHANGEID="691552204" NUMBER="27" OPERTYPEID="10" PREVID="0" NEXTID="0" UPDATEDATE="2025-11-01" STARTDATE="2025-11-01" ENDDATE="2079-06-06" ISACTUAL="1" ISACTIVE="1" /><STEAD ID="74547128" OBJECTID="175645204" OBJECTGUID="8b7a5e2a-16bd-4c94-94c9-5f8154b1d402" CHANGEID="691556946" NUMBER="44" OPERTYPEID="10" PREVID="0" NEXTID="0" UPDATEDATE="2025-11-01" STARTDATE="2025-11-01" ENDDATE="2079-06-06" ISACTUAL="1" ISACTIVE="1" /><STEAD ID="74547314" OBJECTID="175645779" OBJECTGUID="9ae057c5-c3a3-4f2e-8c4c-e792dee7f121" CHANGEID="691557976" NUMBER="35" OPERTYPEID="10" PREVID="0" NEXTID="0" UPDATEDATE="2025-11-01" STARTDATE="2025-11-01" ENDDATE="2079-06-06" ISACTUAL="1" ISACTIVE="1" /><STEAD ID="74547319" OBJECTID="175645784" OBJECTGUID="e1c8b8aa-b836-4908-809d-e99dc8ae8069" CHANGEID="691557984" NUMBER="10" OPERTYPEID="10" PREVID="0" NEXTID="0" UPDATEDATE="2025-11-01" STARTDATE="2025-11-01" ENDDATE="2079-06-06" ISACTUAL="1" ISACTIVE="1" /><STEAD ID="74547325" OBJECTID="175645790" OBJECTGUID="a6633a3b-2bb3-4ac4-82ef-5d278bfb1f23" CHANGEID="691557990" NUMBER="49А" OPERTYPEID="10" PREVID="0" NEXTID="0" UPDATEDATE="2025-11-01" STARTDATE="2025-11-01" ENDDATE="2079-06-06" ISACTUAL="1" ISACTIVE="1" /><STEAD ID="74547344" OBJECTID="169077429" OBJECTGUID="b683d880-d4a5-4bec-8fc5-2938d0efea00" CHANGEID="691558035" NUMBER="3А" OPERTYPEID="20" PREVID="70973823" UPDATEDATE="2025-11-01" STARTDATE="2025-11-01" ENDDATE="2079-06-06" ISACTUAL="1" ISACTIVE="1" /><STEAD ID="74547385" OBJECTID="175645870" OBJECTGUID="930fbc42-1e46-4f7e-9f53-4ced0edad919" CHANGEID="691558125" NUMBER="17" OPERTYPEID="10" PREVID="0" NEXTID="0" UPDATEDATE="2025-11-01" STARTDATE="2025-11-01" ENDDATE="2079-06-06" ISACTUAL="1" ISACTIVE="1" /><STEAD ID="74547361" OBJECTID="175645838" OBJECTGUID="9e082132-9b61-49c0-bea8-9dcbd337cc7d" CHANGEID="691558061" NUMBER="2Г" OPERTYPEID="10" PREVID="0" NEXTID="0" UPDATEDATE="2025-11-01" STARTDATE="2025-11-01" ENDDATE="2079-06-06" ISACTUAL="1" ISACTIVE="1" /><STEAD ID="74547675" OBJECTID="175646453" OBJECTGUID="ce18a20f-8a2e-4446-ba81-aaf261c3bf59" CHANGEID="691559325" NUMBER="36/2" OPERTYPEID="10" PREVID="0" NEXTID="0" UPDATEDATE="2025-11-01" STARTDATE="2025-11-01" ENDDATE="2079-06-06" ISACTUAL="1" ISACTIVE="1" /><STEAD ID="74547703" OBJECTID="175646481" OBJECTGUID="e0c9fe81-11e3-407e-9a90-7c50580fd98d" CHANGEID="691559358" NUMBER="48/1" OPERTYPEID="10" PREVID="0" NEXTID="0" UPDATEDATE="2025-11-01" STARTDATE="2025-11-01" ENDDATE="2079-06-06" ISACTUAL="1" ISACTIVE="1" /><STEAD ID="74547634" OBJECTID="175646405" OBJECTGUID="f1457d1b-4f2d-4c5e-8fe0-adc926db1524" CHANGEID="691559192" NUMBER="1/1" OPERTYPEID="10" PREVID="0" NEXTID="0" UPDATEDATE="2025-11-01" STARTDATE="2025-11-01" ENDDATE="2079-06-06" ISACTUAL="1" ISACTIVE="1" /><STEAD ID="74547673" OBJECTID="175646451" OBJECTGUID="3e6544b3-f0da-462c-95c3-f503da1094c8" CHANGEID="691559322" NUMBER="13/1" OPERTYPEID="10" PREVID="0" NEXTID="0" UPDATEDATE="2025-11-01" STARTDATE="2025-11-01" ENDDATE="2079-06-06" ISACTUAL="1" ISACTIVE="1" /><STEAD ID="74547678" OBJECTID="175646456" OBJECTGUID="b0f98f39-27da-4ab9-a45b-3edc1f00094a" CHANGEID="691559330" NUMBER="40/1" OPERTYPEID="10" PREVID="0" NEXTID="0" UPDATEDATE="2025-11-01" STARTDATE="2025-11-01" ENDDATE="2079-06-06" ISACTUAL="1" ISACTIVE="1" /><STEAD ID="74547680" OBJECTID="175646458" OBJECTGUID="4732204c-8d5f-4515-9f3c-bd88cf8d5f33" CHANGEID="691559334" NUMBER="44/2" OPERTYPEID="10" PREVID="0" NEXTID="0" UPDATEDATE="2025-11-01" STARTDATE="2025-11-01" ENDDATE="2079-06-06" ISACTUAL="1" ISACTIVE="1" /><STEAD ID="72750052" OBJECTID="172218524" OBJECTGUID="fa9a0c09-6c1f-4ae4-9991-c8d435b4dfb4" CHANGEID="646086375" NUMBER="12" OPERTYPEID="10" PREVID="0" NEXTID="74547765" UPDATEDATE="2025-11-01" STARTDATE="2025-05-15" ENDDATE="2025-11-01" ISACTUAL="0" ISACTIVE="0" /><STEAD ID="74547765" OBJECTID="172218524" OBJECTGUID="fa9a0c09-6c1f-4ae4-9991-c8d435b4dfb4" CHANGEID="691559734" NUMBER="8" OPERTYPEID="50" PREVID="72750052" UPDATEDATE="2025-11-01" STARTDATE="2025-11-01" ENDDATE="2079-06-06" ISACTUAL="1" ISACTIVE="1" /><STEAD ID="74548152" OBJECTID="175647259" OBJECTGUID="fa1750f6-443d-4b75-9ef5-af5ca04d62bc" CHANGEID="691560878" NUMBER="42/1" OPERTYPEID="10" PREVID="0" NEXTID="0" UPDATEDATE="2025-11-01" STARTDATE="2025-11-01" ENDDATE="2079-06-06" ISACTUAL="1" ISACTIVE="1" /><STEAD ID="74548156" OBJECTID="175647265" OBJECTGUID="4ed3f7e9-42d2-4c42-96b8-6bf4bc6e4bb4" CHANGEID="691560900" NUMBER="3/2" OPERTYPEID="10" PREVID="0" NEXTID="0" UPDATEDATE="2025-11-01" STARTDATE="2025-11-01" ENDDATE="2079-06-06" ISACTUAL="1" ISACTIVE="1" /><STEAD ID="74548181" OBJECTID="175647293" OBJECTGUID="dc28670e-7791-4f96-a76a-4613aa7acc16" CHANGEID="691560928" NUMBER="16/2" OPERTYPEID="10" PREVID="0" NEXTID="0" UPDATEDATE="2025-11-01" STARTDATE="2025-11-01" ENDDATE="2079-06-06" ISACTUAL="1" ISACTIVE="1" /><STEAD ID="74548148" OBJECTID="175647256" OBJECTGUID="ccab8e8a-d8ec-4ddc-8d11-58ff802f0026" CHANGEID="691560868" NUMBER="30/1" OPERTYPEID="10" PREVID="0" NEXTID="0" UPDATEDATE="2025-11-01" STARTDATE="2025-11-01" ENDDATE="2079-06-06" ISACTUAL="1" ISACTIVE="1" /><STEAD ID="74548154" OBJECTID="175647261" OBJECTGUID="dd279e03-2f29-4627-8c14-272df6c4a6f8" CHANGEID="691560893" NUMBER="48/2" OPERTYPEID="10" PREVID="0" NEXTID="0" UPDATEDATE="2025-11-01" STARTDATE="2025-11-01" ENDDATE="2079-06-06" ISACTUAL="1" ISACTIVE="1" /><STEAD ID="74548408" OBJECTID="175648426" OBJECTGUID="837c6a4a-c07f-4597-abb2-7e4d7dc3d817" CHANGEID="691562610" NUMBER="70" OPERTYPEID="10" PREVID="0" NEXTID="0" UPDATEDATE="2025-11-01" STARTDATE="2025-11-01" ENDDATE="2079-06-06" ISACTUAL="1" ISACTIVE="1" /><STEAD ID="74548437" OBJECTID="175648481" OBJECTGUID="b55f9d44-78f1-4d7c-af7e-a2d81cc20416" CHANGEID="691562693" NUMBER="11/2" OPERTYPEID="10" PREVID="0" NEXTID="0" UPDATEDATE="2025-11-01" STARTDATE="2025-11-01" ENDDATE="2079-06-06" ISACTUAL="1" ISACTIVE="1" /><STEAD ID="74548439" OBJECTID="175648485" OBJECTGUID="46ae27d0-f743-4541-9b07-95bb2bf2abfe" CHANGEID="691562698" NUMBER="14/1" OPERTYPEID="10" PREVID="0" NEXTID="0" UPDATEDATE="2025-11-01" STARTDATE="2025-11-01" ENDDATE="2079-06-06" ISACTUAL="1" ISACTIVE="1" /><STEAD ID="74548450" OBJECTID="175648500" OBJECTGUID="ccbc5d46-559a-4351-bf99-889a7ae98c5a" CHANGEID="691562718" NUMBER="10/2" OPERTYPEID="10" PREVID="0" NEXTID="0" UPDATEDATE="2025-11-01" STARTDATE="2025-11-01" ENDDATE="2079-06-06" ISACTUAL="1" ISACTIVE="1" /><STEAD ID="74548452" OBJECTID="175648503" OBJECTGUID="db456166-6047-4f66-84b6-ff83e90ce4fd" CHANGEID="691562724" NUMBER="16/1" OPERTYPEID="10" PREVID="0" NEXTID="0" UPDATEDATE="2025-11-01" STARTDATE="2025-11-01" ENDDATE="2079-06-06" ISACTUAL="1" ISACTIVE="1" /><STEAD ID="74548456" OBJECTID="175648509" OBJECTGUID="71fd6a8f-62c1-42d6-9c18-e0c1029604f9" CHANGEID="691562733" NUMBER="23" OPERTYPEID="10" PREVID="0" NEXTID="0" UPDATEDATE="2025-11-01" STARTDATE="2025-11-01" ENDDATE="2079-06-06" ISACTUAL="1" ISACTIVE="1" /><STEAD ID="74549519" OBJECTID="175652997" OBJECTGUID="e096540b-1cf6-42fb-bdc7-0351836327b1" CHANGEID="691568708" NUMBER="36/1" OPERTYPEID="10" PREVID="0" NEXTID="0" UPDATEDATE="2025-11-01" STARTDATE="2025-11-01" ENDDATE="2079-06-06" ISACTUAL="1" ISACTIVE="1" /><STEAD ID="74549560" OBJECTID="175653044" OBJECTGUID="873a437a-05fc-4242-9936-ba0583ffd959" CHANGEID="691568768" NUMBER="23" OPERTYPEID="10" PREVID="0" NEXTID="0" UPDATEDATE="2025-11-01" STARTDATE="2025-11-01" ENDDATE="2079-06-06" ISACTUAL="1" ISACTIVE="1" /><STEAD ID="74549574" OBJECTID="175653067" OBJECTGUID="6be71d05-98a3-43fb-9d77-95996c48b06b" CHANGEID="691568803" NUMBER="6" OPERTYPEID="10" PREVID="0" NEXTID="0" UPDATEDATE="2025-11-01" STARTDATE="2025-11-01" ENDDATE="2079-06-06" ISACTUAL="1" ISACTIVE="1" /><STEAD ID="74549598" OBJECTID="175653094" OBJECTGUID="00ba7200-70a1-42b8-a7bf-0f15ea97cfd9" CHANGEID="691568834" NUMBER="90/8" OPERTYPEID="10" PREVID="0" NEXTID="0" UPDATEDATE="2025-11-01" STARTDATE="2025-11-01" ENDDATE="2079-06-06" ISACTUAL="1" ISACTIVE="1" /><STEAD ID="74549599" OBJECTID="175653095" OBJECTGUID="fb5c6606-9578-4906-ac41-bb747eba6516" CHANGEID="691568835" NUMBER="86" OPERTYPEID="10" PREVID="0" NEXTID="0" UPDATEDATE="2025-11-01" STARTDATE="2025-11-01" ENDDATE="2079-06-06" ISACTUAL="1" ISACTIVE="1" /><STEAD ID="74549608" OBJECTID="175653109" OBJECTGUID="8cb6dbe6-5916-4704-a938-57810ab6e6d5" CHANGEID="691568867" NUMBER="14А" OPERTYPEID="10" PREVID="0" NEXTID="0" UPDATEDATE="2025-11-01" STARTDATE="2025-11-01" ENDDATE="2079-06-06" ISACTUAL="1" ISACTIVE="1" /><STEAD ID="74549614" OBJECTID="175653115" OBJECTGUID="e56d722a-8eea-49c7-8b45-2916a9539e40" CHANGEID="691568877" NUMBER="69" OPERTYPEID="10" PREVID="0" NEXTID="0" UPDATEDATE="2025-11-01" STARTDATE="2025-11-01" ENDDATE="2079-06-06" ISACTUAL="1" ISACTIVE="1" /><STEAD ID="74549616" OBJECTID="175653120" OBJECTGUID="3f38849b-c79e-4062-ba4b-cf5c3aaa6108" CHANGEID="691568889" NUMBER="17/1" OPERTYPEID="10" PREVID="0" NEXTID="0" UPDATEDATE="2025-11-01" STARTDATE="2025-11-01" ENDDATE="2079-06-06" ISACTUAL="1" ISACTIVE="1" /><STEAD ID="74549656" OBJECTID="175653162" OBJECTGUID="c4bbee0a-69d2-43b0-81fc-822afa2c3e16" CHANGEID="691568934" NUMBER="17/1" OPERTYPEID="10" PREVID="0" NEXTID="0" UPDATEDATE="2025-11-01" STARTDATE="2025-11-01" ENDDATE="2079-06-06" ISACTUAL="1" ISACTIVE="1" /><STEAD ID="74549714" OBJECTID="175653239" OBJECTGUID="b1afacdc-f849-4914-a7d7-b80588b99e06" CHANGEID="691569044" NUMBER="12" OPERTYPEID="10" PREVID="0" NEXTID="0" UPDATEDATE="2025-11-01" STARTDATE="2025-11-01" ENDDATE="2079-06-06" ISACTUAL="1" ISACTIVE="1" /><STEAD ID="74549717" OBJECTID="175653251" OBJECTGUID="c62d4625-afe9-4e02-af29-9f130964cbd1" CHANGEID="691569059" NUMBER="100" OPERTYPEID="10" PREVID="0" NEXTID="0" UPDATEDATE="2025-11-01" STARTDATE="2025-11-01" ENDDATE="2079-06-06" ISACTUAL="1" ISACTIVE="1" /><STEAD ID="74549718" OBJECTID="175653252" OBJECTGUID="1a4fdfa9-de9d-441c-bc6f-fc69448a3c9a" CHANGEID="691569060" NUMBER="174" OPERTYPEID="10" PREVID="0" NEXTID="0" UPDATEDATE="2025-11-01" STARTDATE="2025-11-01" ENDDATE="2079-06-06" ISACTUAL="1" ISACTIVE="1" /><STEAD ID="74549715" OBJECTID="175653240" OBJECTGUID="19dda901-e871-4678-9720-9444d8c9aa64" CHANGEID="691569045" NUMBER="14" OPERTYPEID="10" PREVID="0" NEXTID="0" UPDATEDATE="2025-11-01" STARTDATE="2025-11-01" ENDDATE="2079-06-06" ISACTUAL="1" ISACTIVE="1" /><STEAD ID="74549761" OBJECTID="175653314" OBJECTGUID="5c7f5a83-0f3e-4860-b72d-466383377817" CHANGEID="691569172" NUMBER="141" OPERTYPEID="10" PREVID="0" NEXTID="0" UPDATEDATE="2025-11-01" STARTDATE="2025-11-01" ENDDATE="2079-06-06" ISACTUAL="1" ISACTIVE="1" /><STEAD ID="74549762" OBJECTID="175653323" OBJECTGUID="82dde12a-8a79-4d1a-82f9-135f1bf4d78c" CHANGEID="691569183" NUMBER="76" OPERTYPEID="10" PREVID="0" NEXTID="0" UPDATEDATE="2025-11-01" STARTDATE="2025-11-01" ENDDATE="2079-06-06" ISACTUAL="1" ISACTIVE="1" /><STEAD ID="74549755" OBJECTID="175653306" OBJECTGUID="c4bb61ba-1da2-48e3-ab9d-d0af4f2a3c38" CHANGEID="691569157" NUMBER="3/2" OPERTYPEID="10" PREVID="0" NEXTID="0" UPDATEDATE="2025-11-01" STARTDATE="2025-11-01" ENDDATE="2079-06-06" ISACTUAL="1" ISACTIVE="1" /><STEAD ID="74549760" OBJECTID="175653312" OBJECTGUID="515572a5-f0d9-4173-963f-ed7270999c22" CHANGEID="691569165" NUMBER="36" OPERTYPEID="10" PREVID="0" NEXTID="0" UPDATEDATE="2025-11-01" STARTDATE="2025-11-01" ENDDATE="2079-06-06" ISACTUAL="1" ISACTIVE="1" /><STEAD ID="74549766" OBJECTID="175653328" OBJECTGUID="dd349b71-2b72-452a-9730-11837f3f43d3" CHANGEID="691569188" NUMBER="82" OPERTYPEID="10" PREVID="0" NEXTID="0" UPDATEDATE="2025-11-01" STARTDATE="2025-11-01" ENDDATE="2079-06-06" ISACTUAL="1" ISACTIVE="1" /><STEAD ID="74549768" OBJECTID="175653330" OBJECTGUID="e4264c1f-be42-4a6c-97bc-8f81e44d7807" CHANGEID="691569191" NUMBER="31" OPERTYPEID="10" PREVID="0" NEXTID="0" UPDATEDATE="2025-11-01" STARTDATE="2025-11-01" ENDDATE="2079-06-06" ISACTUAL="1" ISACTIVE="1" /><STEAD ID="74549769" OBJECTID="175653331" OBJECTGUID="0894b453-fc87-46d5-8c25-067bf8e3b890" CHANGEID="691569193" NUMBER="58" OPERTYPEID="10" PREVID="0" NEXTID="0" UPDATEDATE="2025-11-01" STARTDATE="2025-11-01" ENDDATE="2079-06-06" ISACTUAL="1" ISACTIVE="1" /><STEAD ID="74550253" OBJECTID="175654718" OBJECTGUID="0ae41751-14dc-4e24-bfb3-0b6062918593" CHANGEID="691571481" NUMBER="32" OPERTYPEID="10" PREVID="0" NEXTID="0" UPDATEDATE="2025-11-01" STARTDATE="2025-11-01" ENDDATE="2079-06-06" ISACTUAL="1" ISACTIVE="1" /><STEAD ID="74550262" OBJECTID="175654728" OBJECTGUID="a858facb-dd2d-46d8-8c7c-d4ded21bd963" CHANGEID="691571499" NUMBER="45" OPERTYPEID="10" PREVID="0" NEXTID="0" UPDATEDATE="2025-11-01" STARTDATE="2025-11-01" ENDDATE="2079-06-06" ISACTUAL="1" ISACTIVE="1" /><STEAD ID="74550263" OBJECTID="175654729" OBJECTGUID="c0212522-32c0-4141-945b-da7364f6cc18" CHANGEID="691571509" NUMBER="531" OPERTYPEID="10" PREVID="0" NEXTID="0" UPDATEDATE="2025-11-01" STARTDATE="2025-11-01" ENDDATE="2079-06-06" ISACTUAL="1" ISACTIVE="1" /><STEAD ID="74550271" OBJECTID="175654746" OBJECTGUID="7d829e2f-0f2e-453d-97b4-8343e7548389" CHANGEID="691571541" NUMBER="5/2" OPERTYPEID="10" PREVID="0" NEXTID="0" UPDATEDATE="2025-11-01" STARTDATE="2025-11-01" ENDDATE="2079-06-06" ISACTUAL="1" ISACTIVE="1" /><STEAD ID="74550256" OBJECTID="175654721" OBJECTGUID="0b18e577-75a6-4734-826a-ec8825503abe" CHANGEID="691571486" NUMBER="73" OPERTYPEID="10" PREVID="0" NEXTID="0" UPDATEDATE="2025-11-01" STARTDATE="2025-11-01" ENDDATE="2079-06-06" ISACTUAL="1" ISACTIVE="1" /><STEAD ID="74550257" OBJECTID="175654722" OBJECTGUID="1976dd2a-5387-4e86-9299-5c73c0ec4af8" CHANGEID="691571490" NUMBER="33" OPERTYPEID="10" PREVID="0" NEXTID="0" UPDATEDATE="2025-11-01" STARTDATE="2025-11-01" ENDDATE="2079-06-06" ISACTUAL="1" ISACTIVE="1" /><STEAD ID="74550265" OBJECTID="175654736" OBJECTGUID="37c52ea7-4b5d-4f0d-8b2b-1ec9300b87ad" CHANGEID="691571520" NUMBER="17" OPERTYPEID="10" PREVID="0" NEXTID="0" UPDATEDATE="2025-11-01" STARTDATE="2025-11-01" ENDDATE="2079-06-06" ISACTUAL="1" ISACTIVE="1" /><STEAD ID="74550266" OBJECTID="175654740" OBJECTGUID="1a249744-243a-4d6c-9749-7ad1d77104dd" CHANGEID="691571529" NUMBER="37" OPERTYPEID="10" PREVID="0" NEXTID="0" UPDATEDATE="2025-11-01" STARTDATE="2025-11-01" ENDDATE="2079-06-06" ISACTUAL="1" ISACTIVE="1" /><STEAD ID="74550270" OBJECTID="175654745" OBJECTGUID="f1e68e14-ea82-4d9b-ae5d-513bc3894e3c" CHANGEID="691571538" NUMBER="53" OPERTYPEID="10" PREVID="0" NEXTID="0" UPDATEDATE="2025-11-01" STARTDATE="2025-11-01" ENDDATE="2079-06-06" ISACTUAL="1" ISACTIVE="1" /><STEAD ID="74550275" OBJECTID="175654751" OBJECTGUID="78c04a08-8838-49d3-967b-2dbc8b53176c" CHANGEID="691571548" NUMBER="74" OPERTYPEID="10" PREVID="0" NEXTID="0" UPDATEDATE="2025-11-01" STARTDATE="2025-11-01" ENDDATE="2079-06-06" ISACTUAL="1" ISACTIVE="1" /><STEAD ID="74550281" OBJECTID="175654769" OBJECTGUID="ab3e75cc-e288-492b-8cf3-3f1ee44a107f" CHANGEID="691571579" NUMBER="166" OPERTYPEID="10" PREVID="0" NEXTID="0" UPDATEDATE="2025-11-01" STARTDATE="2025-11-01" ENDDATE="2079-06-06" ISACTUAL="1" ISACTIVE="1" /><STEAD ID="74550298" OBJECTID="175654788" OBJECTGUID="404a382a-350d-4333-8c45-9994583da297" CHANGEID="691571602" NUMBER="54" OPERTYPEID="10" PREVID="0" NEXTID="0" UPDATEDATE="2025-11-01" STARTDATE="2025-11-01" ENDDATE="2079-06-06" ISACTUAL="1" ISACTIVE="1" /><STEAD ID="74550302" OBJECTID="175654795" OBJECTGUID="0a3ed4d5-f07d-40f0-9c32-56dd12315c10" CHANGEID="691571613" NUMBER="27" OPERTYPEID="10" PREVID="0" NEXTID="0" UPDATEDATE="2025-11-01" STARTDATE="2025-11-01" ENDDATE="2079-06-06" ISACTUAL="1" ISACTIVE="1" /><STEAD ID="74550312" OBJECTID="175654816" OBJECTGUID="d4a27d30-e26f-4ffb-ae9b-63222db882a5" CHANGEID="691571657" NUMBER="30" OPERTYPEID="10" PREVID="0" NEXTID="0" UPDATEDATE="2025-11-01" STARTDATE="2025-11-01" ENDDATE="2079-06-06" ISACTUAL="1" ISACTIVE="1" /><STEAD ID="74550310" OBJECTID="175654814" OBJECTGUID="37cf9fad-85ec-41bf-b6bf-991d3275ed99" CHANGEID="691571652" NUMBER="4" OPERTYPEID="10" PREVID="0" NEXTID="0" UPDATEDATE="2025-11-01" STARTDATE="2025-11-01" ENDDATE="2079-06-06" ISACTUAL="1" ISACTIVE="1" /><STEAD ID="74550346" OBJECTID="170864317" OBJECTGUID="160bd479-8bf5-4ddc-a72b-cb39669ac6f7" CHANGEID="691571712" NUMBER="46" OPERTYPEID="30" PREVID="71963370" NEXTID="0" UPDATEDATE="2025-11-01" STARTDATE="2025-11-01" ENDDATE="2079-06-06" ISACTUAL="1" ISACTIVE="0" /><STEAD ID="74550397" OBJECTID="175654939" OBJECTGUID="7f1bc23e-9b85-4a61-8003-4144c240bddc" CHANGEID="691571860" NUMBER="19" OPERTYPEID="10" PREVID="0" NEXTID="0" UPDATEDATE="2025-11-01" STARTDATE="2025-11-01" ENDDATE="2079-06-06" ISACTUAL="1" ISACTIVE="1" /><STEAD ID="74550550" OBJECTID="175655116" OBJECTGUID="4ac7b3da-6ab7-4d03-b781-50ef4db97bfe" CHANGEID="691572130" NUMBER="3" OPERTYPEID="10" PREVID="0" NEXTID="0" UPDATEDATE="2025-11-01" STARTDATE="2025-11-01" ENDDATE="2079-06-06" ISACTUAL="1" ISACTIVE="1" /><STEAD ID="74550551" OBJECTID="175655117" OBJECTGUID="2fdceb3c-6748-488c-8e17-b67a6c57ebc0" CHANGEID="691572131" NUMBER="1" OPERTYPEID="10" PREVID="0" NEXTID="0" UPDATEDATE="2025-11-01" STARTDATE="2025-11-01" ENDDATE="2079-06-06" ISACTUAL="1" ISACTIVE="1" /><STEAD ID="74550552" OBJECTID="175655118" OBJECTGUID="59a63f93-4e41-4123-86fa-e1253ac89c42" CHANGEID="691572132" NUMBER="15" OPERTYPEID="10" PREVID="0" NEXTID="0" UPDATEDATE="2025-11-01" STARTDATE="2025-11-01" ENDDATE="2079-06-06" ISACTUAL="1" ISACTIVE="1" /><STEAD ID="74550553" OBJECTID="175655119" OBJECTGUID="b664360c-a2b4-442e-a048-bac4fef8b2f6" CHANGEID="691572133" NUMBER="58" OPERTYPEID="10" PREVID="0" NEXTID="0" UPDATEDATE="2025-11-01" STARTDATE="2025-11-01" ENDDATE="2079-06-06" ISACTUAL="1" ISACTIVE="1" /><STEAD ID="74551097" OBJECTID="175656665" OBJECTGUID="02832a66-2ab5-4fbe-a640-fe09d39ba6f2" CHANGEID="691574374" NUMBER="14/А" OPERTYPEID="10" PREVID="0" NEXTID="0" UPDATEDATE="2025-11-01" STARTDATE="2025-11-01" ENDDATE="2079-06-06" ISACTUAL="1" ISACTIVE="1" /><STEAD ID="74551803" OBJECTID="175657677" OBJECTGUID="23863add-4472-4218-9da7-9074e3d95e94" CHANGEID="691576322" NUMBER="51А" OPERTYPEID="10" PREVID="0" NEXTID="0" UPDATEDATE="2025-11-01" STARTDATE="2025-11-01" ENDDATE="2079-06-06" ISACTUAL="1" ISACTIVE="1" /><STEAD ID="74551828" OBJECTID="175657721" OBJECTGUID="29fce1a2-a3d7-4b82-8027-08e0725edc9a" CHANGEID="691576399" NUMBER="51Б" OPERTYPEID="10" PREVID="0" NEXTID="0" UPDATEDATE="2025-11-01" STARTDATE="2025-11-01" ENDDATE="2079-06-06" ISACTUAL="1" ISACTIVE="1" /><STEAD ID="74552224" OBJECTID="175658275" OBJECTGUID="541bd8d9-953a-4338-b1ad-037c78780a0f" CHANGEID="691577457" NUMBER="1" OPERTYPEID="10" PREVID="0" NEXTID="0" UPDATEDATE="2025-11-01" STARTDATE="2025-11-01" ENDDATE="2079-06-06" ISACTUAL="1" ISACTIVE="1" /><STEAD ID="74552289" OBJECTID="175658355" OBJECTGUID="035a6be7-8df1-4fdb-9cb1-e65f039c6315" CHANGEID="691577538" NUMBER="2/1А" OPERTYPEID="10" PREVID="0" NEXTID="0" UPDATEDATE="2025-11-01" STARTDATE="2025-11-01" ENDDATE="2079-06-06" ISACTUAL="1" ISACTIVE="1" /><STEAD ID="74552294" OBJECTID="175658360" OBJECTGUID="aee3cc10-c8af-4cd5-a16b-a23729a75141" CHANGEID="691577553" NUMBER="75/1" OPERTYPEID="10" PREVID="0" NEXTID="0" UPDATEDATE="2025-11-01" STARTDATE="2025-11-01" ENDDATE="2079-06-06" ISACTUAL="1" ISACTIVE="1" /><STEAD ID="74552284" OBJECTID="175658348" OBJECTGUID="3845f196-9cea-43d3-9f83-5cdec8727a09" CHANGEID="691577531" NUMBER="46/2" OPERTYPEID="10" PREVID="0" NEXTID="0" UPDATEDATE="2025-11-01" STARTDATE="2025-11-01" ENDDATE="2079-06-06" ISACTUAL="1" ISACTIVE="1" /><STEAD ID="74552309" OBJECTID="175658378" OBJECTGUID="75d0979b-1c12-4483-99ed-3adb57519def" CHANGEID="691577578" NUMBER="15" OPERTYPEID="10" PREVID="0" NEXTID="0" UPDATEDATE="2025-11-01" STARTDATE="2025-11-01" ENDDATE="2079-06-06" ISACTUAL="1" ISACTIVE="1" /><STEAD ID="71240074" OBJECTID="169575174" OBJECTGUID="84386b2a-0ac6-4cc2-b9c1-fd6d0e4221d3" CHANGEID="618848571" NUMBER="20" OPERTYPEID="10" PREVID="0" NEXTID="74552340" UPDATEDATE="2025-11-01" STARTDATE="2025-01-20" ENDDATE="2025-11-01" ISACTUAL="0" ISACTIVE="0" /><STEAD ID="74552340" OBJECTID="169575174" OBJECTGUID="84386b2a-0ac6-4cc2-b9c1-fd6d0e4221d3" CHANGEID="691577617" NUMBER="20А" OPERTYPEID="20" PREVID="71240074" UPDATEDATE="2025-11-01" STARTDATE="2025-11-01" ENDDATE="2079-06-06" ISACTUAL="1" ISACTIVE="1" /><STEAD ID="74552527" OBJECTID="175658772" OBJECTGUID="bf48555b-01e6-41e4-bdfe-e95269e0a413" CHANGEID="691578133" NUMBER="8" OPERTYPEID="10" PREVID="0" NEXTID="0" UPDATEDATE="2025-11-01" STARTDATE="2025-11-01" ENDDATE="2079-06-06" ISACTUAL="1" ISACTIVE="1" /><STEAD ID="74552537" OBJECTID="175658782" OBJECTGUID="868a52be-7161-488c-80cc-7511914f8887" CHANGEID="691578153" NUMBER="12" OPERTYPEID="10" PREVID="0" NEXTID="0" UPDATEDATE="2025-11-01" STARTDATE="2025-11-01" ENDDATE="2079-06-06" ISACTUAL="1" ISACTIVE="1" /><STEAD ID="74552538" OBJECTID="175658783" OBJECTGUID="6bfbbc08-0afa-4b86-8ec2-f266c16c47cb" CHANGEID="691578154" NUMBER="34" OPERTYPEID="10" PREVID="0" NEXTID="0" UPDATEDATE="2025-11-01" STARTDATE="2025-11-01" ENDDATE="2079-06-06" ISACTUAL="1" ISACTIVE="1" /><STEAD ID="74552553" OBJECTID="175658807" OBJECTGUID="4acd86a5-e9fa-47dd-9cf8-9fdb688ac007" CHANGEID="691578179" NUMBER="1Т" OPERTYPEID="10" PREVID="0" NEXTID="0" UPDATEDATE="2025-11-01" STARTDATE="2025-11-01" ENDDATE="2079-06-06" ISACTUAL="1" ISACTIVE="1" /><STEAD ID="74552488" OBJECTID="175658728" OBJECTGUID="f04c9bc8-fe8e-4e39-9d2b-9c8dbd17e3fc" CHANGEID="691578060" NUMBER="14/1А" OPERTYPEID="10" PREVID="0" NEXTID="0" UPDATEDATE="2025-11-01" STARTDATE="2025-11-01" ENDDATE="2079-06-06" ISACTUAL="1" ISACTIVE="1" /><STEAD ID="74552489" OBJECTID="175658729" OBJECTGUID="82a57d02-305f-4e65-b63b-fe387b1e5db4" CHANGEID="691578061" NUMBER="15/3" OPERTYPEID="10" PREVID="0" NEXTID="0" UPDATEDATE="2025-11-01" STARTDATE="2025-11-01" ENDDATE="2079-06-06" ISACTUAL="1" ISACTIVE="1" /><STEAD ID="74552490" OBJECTID="175658730" OBJECTGUID="261cb28f-1089-471c-8cab-9dd76906dbd1" CHANGEID="691578062" NUMBER="6/3А" OPERTYPEID="10" PREVID="0" NEXTID="0" UPDATEDATE="2025-11-01" STARTDATE="2025-11-01" ENDDATE="2079-06-06" ISACTUAL="1" ISACTIVE="1" /><STEAD ID="74552500" OBJECTID="175658740" OBJECTGUID="b4806ab5-1535-44b9-b31b-b0faf34afed6" CHANGEID="691578074" NUMBER="18" OPERTYPEID="10" PREVID="0" NEXTID="0" UPDATEDATE="2025-11-01" STARTDATE="2025-11-01" ENDDATE="2079-06-06" ISACTUAL="1" ISACTIVE="1" /><STEAD ID="74552565" OBJECTID="175658833" OBJECTGUID="53ec3d04-524e-47e9-b11b-8583e60dbc47" CHANGEID="691578213" NUMBER="30Г/1" OPERTYPEID="10" PREVID="0" NEXTID="0" UPDATEDATE="2025-11-01" STARTDATE="2025-11-01" ENDDATE="2079-06-06" ISACTUAL="1" ISACTIVE="1" /><STEAD ID="74552614" OBJECTID="175658922" OBJECTGUID="cdf879f1-fd19-428f-8b80-c3a3a7f47279" CHANGEID="691578348" NUMBER="25" OPERTYPEID="10" PREVID="0" NEXTID="0" UPDATEDATE="2025-11-01" STARTDATE="2025-11-01" ENDDATE="2079-06-06" ISACTUAL="1" ISACTIVE="1" /><STEAD ID="74552615" OBJECTID="175658923" OBJECTGUID="d4269343-4492-4699-bfb3-ee69505e46f5" CHANGEID="691578349" NUMBER="25/1" OPERTYPEID="10" PREVID="0" NEXTID="0" UPDATEDATE="2025-11-01" STARTDATE="2025-11-01" ENDDATE="2079-06-06" ISACTUAL="1" ISACTIVE="1" /><STEAD ID="74552619" OBJECTID="175658930" OBJECTGUID="debaa33e-b91f-4e92-b75d-1e86ba51122b" CHANGEID="691578363" NUMBER="42" OPERTYPEID="10" PREVID="0" NEXTID="0" UPDATEDATE="2025-11-01" STARTDATE="2025-11-01" ENDDATE="2079-06-06" ISACTUAL="1" ISACTIVE="1" /><STEAD ID="74552620" OBJECTID="175658931" OBJECTGUID="64a2a9bf-b6fd-46a7-b742-0a7ff0827263" CHANGEID="691578364" NUMBER="49/3" OPERTYPEID="10" PREVID="0" NEXTID="0" UPDATEDATE="2025-11-01" STARTDATE="2025-11-01" ENDDATE="2079-06-06" ISACTUAL="1" ISACTIVE="1" /><STEAD ID="74552621" OBJECTID="175658932" OBJECTGUID="30130b04-1a6f-4024-b1eb-76655d352730" CHANGEID="691578365" NUMBER="52" OPERTYPEID="10" PREVID="0" NEXTID="0" UPDATEDATE="2025-11-01" STARTDATE="2025-11-01" ENDDATE="2079-06-06" ISACTUAL="1" ISACTIVE="1" /><STEAD ID="74552622" OBJECTID="175658933" OBJECTGUID="503cacd8-7be2-405e-9131-2eda4958eb25" CHANGEID="691578366" NUMBER="54" OPERTYPEID="10" PREVID="0" NEXTID="0" UPDATEDATE="2025-11-01" STARTDATE="2025-11-01" ENDDATE="2079-06-06" ISACTUAL="1" ISACTIVE="1" /><STEAD ID="74552623" OBJECTID="175658934" OBJECTGUID="e6a3963c-c6de-4982-bee4-9ec19c1c177c" CHANGEID="691578367" NUMBER="67/6" OPERTYPEID="10" PREVID="0" NEXTID="0" UPDATEDATE="2025-11-01" STARTDATE="2025-11-01" ENDDATE="2079-06-06" ISACTUAL="1" ISACTIVE="1" /><STEAD ID="74552629" OBJECTID="175658942" OBJECTGUID="9378117e-1871-4271-a8c9-e71e374a9349" CHANGEID="691578379" NUMBER="112/1" OPERTYPEID="10" PREVID="0" NEXTID="0" UPDATEDATE="2025-11-01" STARTDATE="2025-11-01" ENDDATE="2079-06-06" ISACTUAL="1" ISACTIVE="1" /><STEAD ID="74552929" OBJECTID="175659531" OBJECTGUID="3eb95bc9-ed07-46aa-b9f8-79f48a42c181" CHANGEID="691579501" NUMBER="3/1" OPERTYPEID="10" PREVID="0" NEXTID="0" UPDATEDATE="2025-11-01" STARTDATE="2025-11-01" ENDDATE="2079-06-06" ISACTUAL="1" ISACTIVE="1" /><STEAD ID="74553338" OBJECTID="175660278" OBJECTGUID="a34c3e08-7f01-4add-ae0f-dfdd892aec2d" CHANGEID="691580418" NUMBER="3/5" OPERTYPEID="10" PREVID="0" NEXTID="0" UPDATEDATE="2025-11-01" STARTDATE="2025-11-01" ENDDATE="2079-06-06" ISACTUAL="1" ISACTIVE="1" /><STEAD ID="74553339" OBJECTID="175660279" OBJECTGUID="efb47e60-7fd6-43dc-a245-042345125a32" CHANGEID="691580419" NUMBER="3М" OPERTYPEID="10" PREVID="0" NEXTID="0" UPDATEDATE="2025-11-01" STARTDATE="2025-11-01" ENDDATE="2079-06-06" ISACTUAL="1" ISACTIVE="1" /><STEAD ID="74553423" OBJECTID="175660443" OBJECTGUID="db11e034-dc77-4e86-98f6-9866305f92de" CHANGEID="691580611" NUMBER="2В" OPERTYPEID="10" PREVID="0" NEXTID="0" UPDATEDATE="2025-11-01" STARTDATE="2025-11-01" ENDDATE="2079-06-06" ISACTUAL="1" ISACTIVE="1" /><STEAD ID="74553520" OBJECTID="175660618" OBJECTGUID="477bf34e-731e-4598-ba8c-25c66d7eabf1" CHANGEID="691580871" NUMBER="10" OPERTYPEID="10" PREVID="0" NEXTID="0" UPDATEDATE="2025-11-01" STARTDATE="2025-11-01" ENDDATE="2079-06-06" ISACTUAL="1" ISACTIVE="1" /><STEAD ID="74553491" OBJECTID="175660542" OBJECTGUID="d7a90337-b226-45c7-9d58-3ae35c65a6a9" CHANGEID="691580734" NUMBER="1" OPERTYPEID="10" PREVID="0" NEXTID="0" UPDATEDATE="2025-11-01" STARTDATE="2025-11-01" ENDDATE="2079-06-06" ISACTUAL="1" ISACTIVE="1" /><STEAD ID="74553657" OBJECTID="175660958" OBJECTGUID="dfa37ab5-dfaf-4c33-a9f3-e470393a6079" CHANGEID="691581571" NUMBER="38" OPERTYPEID="10" PREVID="0" NEXTID="0" UPDATEDATE="2025-11-01" STARTDATE="2025-11-01" ENDDATE="2079-06-06" ISACTUAL="1" ISACTIVE="1" /><STEAD ID="74554114" OBJECTID="175661739" OBJECTGUID="0657ce22-4551-4b67-9dba-fa8f57d8f33c" CHANGEID="691582844" NUMBER="17" OPERTYPEID="10" PREVID="0" NEXTID="0" UPDATEDATE="2025-11-01" STARTDATE="2025-11-01" ENDDATE="2079-06-06" ISACTUAL="1" ISACTIVE="1" /><STEAD ID="74554113" OBJECTID="175661738" OBJECTGUID="05532e55-c9ce-4faf-a89b-4d7201735fe4" CHANGEID="691582843" NUMBER="42А" OPERTYPEID="10" PREVID="0" NEXTID="0" UPDATEDATE="2025-11-01" STARTDATE="2025-11-01" ENDDATE="2079-06-06" ISACTUAL="1" ISACTIVE="1" /><STEAD ID="74554119" OBJECTID="175661751" OBJECTGUID="ce297988-4de2-4189-9e15-7c20e1aa9e3c" CHANGEID="691582863" NUMBER="30/1" OPERTYPEID="10" PREVID="0" NEXTID="0" UPDATEDATE="2025-11-01" STARTDATE="2025-11-01" ENDDATE="2079-06-06" ISACTUAL="1" ISACTIVE="1" /><STEAD ID="67336615" OBJECTID="161529891" OBJECTGUID="6b9d04f4-437d-4b12-b3fc-feec9b1109fd" CHANGEID="575367607" NUMBER="359" OPERTYPEID="10" PREVID="0" NEXTID="74540824" UPDATEDATE="2025-10-31" STARTDATE="2023-11-29" ENDDATE="2025-10-31" ISACTUAL="0" ISACTIVE="0" /><STEAD ID="68437632" OBJECTID="164655413" OBJECTGUID="253ee81b-9e0e-4b3f-8b0e-c445df227565" CHANGEID="599550528" NUMBER="14/А" OPERTYPEID="10" PREVID="0" NEXTID="74532350" UPDATEDATE="2025-10-31" STARTDATE="2024-08-13" ENDDATE="2025-10-31" ISACTUAL="0" ISACTIVE="0" /><STEAD ID="69092042" OBJECTID="165872677" OBJECTGUID="5cfcebea-ee2b-4d87-8ffe-678c08e96ec5" CHANGEID="603603017" NUMBER="43" OPERTYPEID="10" PREVID="0" NEXTID="74536583" UPDATEDATE="2025-10-31" STARTDATE="2024-10-03" ENDDATE="2025-10-31" ISACTUAL="0" ISACTIVE="0" /><STEAD ID="69710020" OBJECTID="166881030" OBJECTGUID="47e72316-9bba-4909-91ab-c5fd5a93e86f" CHANGEID="605817177" NUMBER="7" OPERTYPEID="10" PREVID="0" NEXTID="74516553" UPDATEDATE="2025-10-30" STARTDATE="2024-10-30" ENDDATE="2025-10-30" ISACTUAL="0" ISACTIVE="0" /><STEAD ID="69713505" OBJECTID="166885767" OBJECTGUID="cb93d407-3adc-42b2-8534-111e9b2015e8" CHANGEID="605823822" NUMBER="46" OPERTYPEID="10" PREVID="0" NEXTID="74516372" UPDATEDATE="2025-10-30" STARTDATE="2024-10-30" ENDDATE="2025-10-30" ISACTUAL="0" ISACTIVE="0" /><STEAD ID="70468375" OBJECTID="168182413" OBJECTGUID="9d76f31d-856b-4e63-bace-2f48a4ec70c0" CHANGEID="608475569" NUMBER="24" OPERTYPEID="10" PREVID="0" NEXTID="74533277" UPDATEDATE="2025-10-31" STARTDATE="2024-12-02" ENDDATE="2025-10-31" ISACTUAL="0" ISACTIVE="0" /><STEAD ID="70973823" OBJECTID="169077429" OBJECTGUID="b683d880-d4a5-4bec-8fc5-2938d0efea00" CHANGEID="610230471" NUMBER="3" OPERTYPEID="10" PREVID="0" NEXTID="74547344" UPDATEDATE="2025-11-01" STARTDATE="2024-12-23" ENDDATE="2025-11-01" ISACTUAL="0" ISACTIVE="0" /><STEAD ID="71247886" OBJECTID="169587964" OBJECTGUID="6d0b6014-8ac4-4e82-87b1-96ad83e701e0" CHANGEID="618918414" NUMBER="11" OPERTYPEID="10" PREVID="0" NEXTID="74532989" UPDATEDATE="2025-10-31" STARTDATE="2025-01-21" ENDDATE="2025-10-31" ISACTUAL="0" ISACTIVE="0" /><STEAD ID="71536076" OBJECTID="170109677" OBJECTGUID="d0df4e54-858a-43e7-b082-8e9821e6bc89" CHANGEID="638578777" NUMBER="38" OPERTYPEID="10" PREVID="0" NEXTID="74532565" UPDATEDATE="2025-10-31" STARTDATE="2025-02-07" ENDDATE="2025-10-31" ISACTUAL="0" ISACTIVE="0" /><STEAD ID="71963370" OBJECTID="170864317" OBJECTGUID="160bd479-8bf5-4ddc-a72b-cb39669ac6f7" CHANGEID="642291448" NUMBER="46" OPERTYPEID="10" PREVID="0" NEXTID="74550346" UPDATEDATE="2025-11-01" STARTDATE="2025-03-11" ENDDATE="2025-11-01" ISACTUAL="0" ISACTIVE="0" /><STEAD ID="72496062" OBJECTID="171762949" OBJECTGUID="818d9fff-d9b2-4bef-b72a-138db1f757a8" CHANGEID="644527914" NUMBER="32" OPERTYPEID="10" PREVID="0" NEXTID="74526877" UPDATEDATE="2025-10-30" STARTDATE="2025-04-17" ENDDATE="2025-10-30" ISACTUAL="0" ISACTIVE="0" /><STEAD ID="72496058" OBJECTID="171762945" OBJECTGUID="7bbf8c8b-7313-4a0a-98b7-5e272fcb4c61" CHANGEID="644527906" NUMBER="30" OPERTYPEID="10" PREVID="0" NEXTID="74526789" UPDATEDATE="2025-10-30" STARTDATE="2025-04-17" ENDDATE="2025-10-30" ISACTUAL="0" ISACTIVE="0" /><STEAD ID="72496070" OBJECTID="171762969" OBJECTGUID="90e50381-4a9b-4d71-a360-686df9c0cd13" CHANGEID="644527936" NUMBER="35" OPERTYPEID="10" PREVID="0" NEXTID="74531565" UPDATEDATE="2025-10-31" STARTDATE="2025-04-17" ENDDATE="2025-10-31" ISACTUAL="0" ISACTIVE="0" /><STEAD ID="73678255" OBJECTID="173978287" OBJECTGUID="71c1ac38-1dcc-4e35-84ea-54ad79e39573" CHANGEID="656965823" NUMBER="55" OPERTYPEID="10" PREVID="0" NEXTID="74526049" UPDATEDATE="2025-10-30" STARTDATE="2025-08-13" ENDDATE="2025-10-30" ISACTUAL="0" ISACTIVE="0" /></STEADS>