﻿<?xml version="1.0" encoding="utf-8"?><ADDRESSOBJECTS><OBJECT ID="52212705" OBJECTID="175621753" OBJECTGUID="3be4c0c6-de5d-4229-95b6-ef65aee30a41" CHANGEID="691503629" NAME="Солнечная" TYPENAME="ул." LEVEL="8" OPERTYPEID="10" PREVID="0" NEXTID="0" UPDATEDATE="2025-10-31" STARTDATE="2025-10-31" ENDDATE="2079-06-06" ISACTUAL="1" ISACTIVE="1" /><OBJECT ID="52212600" OBJECTID="175591589" OBJECTGUID="449efc42-fc90-4bb2-b25c-3f806f340baf" CHANGEID="691453583" NAME="Автозаправочная станция" TYPENAME="тер." LEVEL="7" OPERTYPEID="10" PREVID="0" NEXTID="0" UPDATEDATE="2025-10-30" STARTDATE="2025-10-30" ENDDATE="2079-06-06" ISACTUAL="1" ISACTIVE="1" /><OBJECT ID="52212753" OBJECTID="175623667" OBJECTGUID="90e6f8bc-b7dc-448f-9369-af0d20cd3c1f" CHANGEID="691506877" NAME="8-я" TYPENAME="ул." LEVEL="8" OPERTYPEID="10" PREVID="0" NEXTID="0" UPDATEDATE="2025-10-31" STARTDATE="2025-10-31" ENDDATE="2079-06-06" ISACTUAL="1" ISACTIVE="1" /><OBJECT ID="52212754" OBJECTID="175623673" OBJECTGUID="ee325ac2-fe5e-475e-9995-cb9b7f440e00" CHANGEID="691506884" NAME="11-я" TYPENAME="ул." LEVEL="8" OPERTYPEID="10" PREVID="0" NEXTID="0" UPDATEDATE="2025-10-31" STARTDATE="2025-10-31" ENDDATE="2079-06-06" ISACTUAL="1" ISACTIVE="1" /><OBJECT ID="52212755" OBJECTID="175623684" OBJECTGUID="8cdf017e-68a2-436b-9291-5a360863a303" CHANGEID="691506907" NAME="14-я" TYPENAME="ул." LEVEL="8" OPERTYPEID="10" PREVID="0" NEXTID="0" UPDATEDATE="2025-10-31" STARTDATE="2025-10-31" ENDDATE="2079-06-06" ISACTUAL="1" ISACTIVE="1" /><OBJECT ID="52212692" OBJECTID="175621290" OBJECTGUID="82e7e0a1-9bb0-424c-b9ec-8e9eb0bc0b2a" CHANGEID="691502878" NAME="2-я" TYPENAME="ул." LEVEL="8" OPERTYPEID="10" PREVID="0" NEXTID="0" UPDATEDATE="2025-10-31" STARTDATE="2025-10-31" ENDDATE="2079-06-06" ISACTUAL="1" ISACTIVE="1" /><OBJECT ID="52212693" OBJECTID="175621291" OBJECTGUID="87268198-5a69-42b0-88ef-fb1b0d1394e1" CHANGEID="691502879" NAME="4-я" TYPENAME="ул." LEVEL="8" OPERTYPEID="10" PREVID="0" NEXTID="0" UPDATEDATE="2025-10-31" STARTDATE="2025-10-31" ENDDATE="2079-06-06" ISACTUAL="1" ISACTIVE="1" /><OBJECT ID="52212694" OBJECTID="175621299" OBJECTGUID="82e5950a-b837-4785-a7b8-5298fea47a22" CHANGEID="691502887" NAME="Солнечная" TYPENAME="ул." LEVEL="8" OPERTYPEID="10" PREVID="0" NEXTID="0" UPDATEDATE="2025-10-31" STARTDATE="2025-10-31" ENDDATE="2079-06-06" ISACTUAL="1" ISACTIVE="1" /><OBJECT ID="52212695" OBJECTID="175621300" OBJECTGUID="991e0007-b33d-40fb-8f42-a7422c111a5e" CHANGEID="691502888" NAME="Родниковая" TYPENAME="ул." LEVEL="8" OPERTYPEID="10" PREVID="0" NEXTID="0" UPDATEDATE="2025-10-31" STARTDATE="2025-10-31" ENDDATE="2079-06-06" ISACTUAL="1" ISACTIVE="1" /><OBJECT ID="52212696" OBJECTID="175621301" OBJECTGUID="1dbe8a8c-5419-4b96-bf3c-dffaf6debc81" CHANGEID="691502889" NAME="Лесная" TYPENAME="ул." LEVEL="8" OPERTYPEID="10" PREVID="0" NEXTID="0" UPDATEDATE="2025-10-31" STARTDATE="2025-10-31" ENDDATE="2079-06-06" ISACTUAL="1" ISACTIVE="1" /><OBJECT ID="52212697" OBJECTID="175621302" OBJECTGUID="15fb2d09-8721-453d-996c-2de7fead7916" CHANGEID="691502890" NAME="Нижняя" TYPENAME="ул." LEVEL="8" OPERTYPEID="10" PREVID="0" NEXTID="0" UPDATEDATE="2025-10-31" STARTDATE="2025-10-31" ENDDATE="2079-06-06" ISACTUAL="1" ISACTIVE="1" /><OBJECT ID="52212784" OBJECTID="175626947" OBJECTGUID="aa35ef90-c579-4bf9-9868-f5fb0e455b1c" CHANGEID="691511894" NAME="Сосновка-5" TYPENAME="тер." LEVEL="7" OPERTYPEID="10" PREVID="0" NEXTID="0" UPDATEDATE="2025-10-31" STARTDATE="2025-10-31" ENDDATE="2079-06-06" ISACTUAL="1" ISACTIVE="1" /><OBJECT ID="52212786" OBJECTID="681110" OBJECTGUID="adddaede-7214-4c99-80ce-f5fa9adcdb55" CHANGEID="691511964" NAME="5" TYPENAME="ряд" LEVEL="8" OPERTYPEID="30" PREVID="828176" NEXTID="0" UPDATEDATE="2025-10-31" STARTDATE="2025-10-31" ENDDATE="2079-06-06" ISACTUAL="1" ISACTIVE="0" /><OBJECT ID="52212787" OBJECTID="681167" OBJECTGUID="36a5461a-3507-4f0b-b53e-6c96caf8e06f" CHANGEID="691511965" NAME="4" TYPENAME="ряд" LEVEL="8" OPERTYPEID="30" PREVID="828239" NEXTID="0" UPDATEDATE="2025-10-31" STARTDATE="2025-10-31" ENDDATE="2079-06-06" ISACTUAL="1" ISACTIVE="0" /><OBJECT ID="828239" OBJECTID="681167" OBJECTGUID="36a5461a-3507-4f0b-b53e-6c96caf8e06f" CHANGEID="1792834" NAME="4" TYPENAME="ряд" LEVEL="8" OPERTYPEID="10" PREVID="0" NEXTID="52212787" UPDATEDATE="2025-10-31" STARTDATE="2019-04-02" ENDDATE="2025-10-31" ISACTUAL="0" ISACTIVE="0" /><OBJECT ID="52212788" OBJECTID="681192" OBJECTGUID="0d229d44-077b-4b6e-8123-eb737da02e9e" CHANGEID="691511966" NAME="3" TYPENAME="ряд" LEVEL="8" OPERTYPEID="30" PREVID="828265" NEXTID="0" UPDATEDATE="2025-10-31" STARTDATE="2025-10-31" ENDDATE="2079-06-06" ISACTUAL="1" ISACTIVE="0" /><OBJECT ID="828265" OBJECTID="681192" OBJECTGUID="0d229d44-077b-4b6e-8123-eb737da02e9e" CHANGEID="1792874" NAME="3" TYPENAME="ряд" LEVEL="8" OPERTYPEID="10" PREVID="0" NEXTID="52212788" UPDATEDATE="2025-10-31" STARTDATE="2019-04-02" ENDDATE="2025-10-31" ISACTUAL="0" ISACTIVE="0" /><OBJECT ID="52212902" OBJECTID="175652651" OBJECTGUID="2a3ce2a9-8d8d-488d-93c4-e0801d9086fe" CHANGEID="691568043" NAME="5-я" TYPENAME="ул." LEVEL="8" OPERTYPEID="10" PREVID="0" NEXTID="0" UPDATEDATE="2025-11-01" STARTDATE="2025-11-01" ENDDATE="2079-06-06" ISACTUAL="1" ISACTIVE="1" /><OBJECT ID="52212903" OBJECTID="175652652" OBJECTGUID="e2c8b86d-08b7-495c-ad47-f2d72c4f513a" CHANGEID="691568044" NAME="6-я" TYPENAME="ул." LEVEL="8" OPERTYPEID="10" PREVID="0" NEXTID="0" UPDATEDATE="2025-11-01" STARTDATE="2025-11-01" ENDDATE="2079-06-06" ISACTUAL="1" ISACTIVE="1" /><OBJECT ID="52212905" OBJECTID="175652656" OBJECTGUID="c8e96084-2b0c-4f5b-819f-e45f5c0bd64c" CHANGEID="691568048" NAME="1-я" TYPENAME="ул." LEVEL="8" OPERTYPEID="10" PREVID="0" NEXTID="0" UPDATEDATE="2025-11-01" STARTDATE="2025-11-01" ENDDATE="2079-06-06" ISACTUAL="1" ISACTIVE="1" /><OBJECT ID="52212906" OBJECTID="175652657" OBJECTGUID="7a3e1b8e-85b4-4308-9eea-5c5f51fc1011" CHANGEID="691568049" NAME="4-я" TYPENAME="ул." LEVEL="8" OPERTYPEID="10" PREVID="0" NEXTID="0" UPDATEDATE="2025-11-01" STARTDATE="2025-11-01" ENDDATE="2079-06-06" ISACTUAL="1" ISACTIVE="1" /><OBJECT ID="52212907" OBJECTID="175652658" OBJECTGUID="df307469-e6b3-45c6-bc4e-96f2f4ddaaca" CHANGEID="691568050" NAME="7-я" TYPENAME="ул." LEVEL="8" OPERTYPEID="10" PREVID="0" NEXTID="0" UPDATEDATE="2025-11-01" STARTDATE="2025-11-01" ENDDATE="2079-06-06" ISACTUAL="1" ISACTIVE="1" /><OBJECT ID="52212908" OBJECTID="175652659" OBJECTGUID="db6c1938-5e2c-48a4-8fb8-e55341e812a1" CHANGEID="691568051" NAME="8-я" TYPENAME="ул." LEVEL="8" OPERTYPEID="10" PREVID="0" NEXTID="0" UPDATEDATE="2025-11-01" STARTDATE="2025-11-01" ENDDATE="2079-06-06" ISACTUAL="1" ISACTIVE="1" /><OBJECT ID="828176" OBJECTID="681110" OBJECTGUID="adddaede-7214-4c99-80ce-f5fa9adcdb55" CHANGEID="1792738" NAME="5" TYPENAME="ряд" LEVEL="8" OPERTYPEID="10" PREVID="0" NEXTID="52212786" UPDATEDATE="2025-10-31" STARTDATE="2019-04-02" ENDDATE="2025-10-31" ISACTUAL="0" ISACTIVE="0" /></ADDRESSOBJECTS>