﻿<?xml version="1.0" encoding="utf-8"?><HOUSES><HOUSE ID="54961989" OBJECTID="40001176" OBJECTGUID="328c0934-b691-4d76-b642-1e0d93838ff2" CHANGEID="60572222" HOUSENUM="50" HOUSETYPE="2" OPERTYPEID="20" PREVID="23919207" NEXTID="129413172" UPDATEDATE="2025-10-30" STARTDATE="2014-01-04" ENDDATE="2025-10-30" ISACTUAL="0" ISACTIVE="0" /><HOUSE ID="55349145" OBJECTID="40006453" OBJECTGUID="38032a73-30a6-4bb8-a026-492b8c36c390" CHANGEID="60581064" HOUSENUM="98" HOUSETYPE="2" OPERTYPEID="20" PREVID="23922987" NEXTID="129413177" UPDATEDATE="2025-10-30" STARTDATE="2014-01-04" ENDDATE="2025-10-30" ISACTUAL="0" ISACTIVE="0" /><HOUSE ID="57290306" OBJECTID="60242595" OBJECTGUID="536cd03c-096a-4483-bdee-796b51a9e8d6" CHANGEID="89948567" HOUSENUM="90" HOUSETYPE="2" OPERTYPEID="20" PREVID="36074489" NEXTID="129432329" UPDATEDATE="2025-10-31" STARTDATE="2014-10-24" ENDDATE="2025-10-31" ISACTUAL="0" ISACTIVE="0" /><HOUSE ID="57320772" OBJECTID="39519182" OBJECTGUID="53d9926c-5493-468e-93ec-d7a5ebf5aabf" CHANGEID="59876626" HOUSENUM="64" HOUSETYPE="2" OPERTYPEID="20" PREVID="23645530" NEXTID="129413165" UPDATEDATE="2025-10-30" STARTDATE="2014-01-04" ENDDATE="2025-10-30" ISACTUAL="0" ISACTIVE="0" /><HOUSE ID="57430159" OBJECTID="40008458" OBJECTGUID="5567a8a5-9705-440b-9f64-4cd6bba22cab" CHANGEID="60584040" HOUSENUM="62" HOUSETYPE="2" OPERTYPEID="20" PREVID="23924618" NEXTID="129413180" UPDATEDATE="2025-10-30" STARTDATE="2014-01-04" ENDDATE="2025-10-30" ISACTUAL="0" ISACTIVE="0" /><HOUSE ID="57456191" OBJECTID="40023154" OBJECTGUID="55c58c9f-f770-492f-9f3b-8d9f61636102" CHANGEID="60606571" HOUSENUM="43" HOUSETYPE="2" OPERTYPEID="20" PREVID="23934186" NEXTID="129413196" UPDATEDATE="2025-10-30" STARTDATE="2014-01-04" ENDDATE="2025-10-30" ISACTUAL="0" ISACTIVE="0" /><HOUSE ID="57710585" OBJECTID="39515458" OBJECTGUID="595d7a98-2fa8-4c8c-8f97-c978ede9304d" CHANGEID="59871557" HOUSENUM="25" HOUSETYPE="2" OPERTYPEID="20" PREVID="23644053" NEXTID="129413162" UPDATEDATE="2025-10-30" STARTDATE="2014-01-04" ENDDATE="2025-10-30" ISACTUAL="0" ISACTIVE="0" /><HOUSE ID="57924947" OBJECTID="39516337" OBJECTGUID="5c633f7e-8c8b-4309-949f-cbabbf25fc7d" CHANGEID="59873003" HOUSENUM="33" HOUSETYPE="2" OPERTYPEID="20" PREVID="23644439" NEXTID="129413163" UPDATEDATE="2025-10-30" STARTDATE="2014-01-04" ENDDATE="2025-10-30" ISACTUAL="0" ISACTIVE="0" /><HOUSE ID="58049425" OBJECTID="40017335" OBJECTGUID="5e0d80a2-2763-4256-adfe-73582b916e5d" CHANGEID="60597758" HOUSENUM="8" HOUSETYPE="2" OPERTYPEID="20" PREVID="23930760" NEXTID="129413189" UPDATEDATE="2025-10-30" STARTDATE="2014-01-04" ENDDATE="2025-10-30" ISACTUAL="0" ISACTIVE="0" /><HOUSE ID="58299847" OBJECTID="40004251" OBJECTGUID="61ad5c76-8758-4e71-86df-2d7547c0f0a5" CHANGEID="60577300" HOUSENUM="70" HOUSETYPE="2" OPERTYPEID="20" PREVID="23921616" NEXTID="129413174" UPDATEDATE="2025-10-30" STARTDATE="2014-01-04" ENDDATE="2025-10-30" ISACTUAL="0" ISACTIVE="0" /><HOUSE ID="58392377" OBJECTID="40007941" OBJECTGUID="62f798bc-8b29-4e45-a004-4ca230db8fd7" CHANGEID="60583297" HOUSENUM="72" HOUSETYPE="2" OPERTYPEID="20" PREVID="23924234" NEXTID="129413179" UPDATEDATE="2025-10-30" STARTDATE="2014-01-04" ENDDATE="2025-10-30" ISACTUAL="0" ISACTIVE="0" /><HOUSE ID="58703158" OBJECTID="67403651" OBJECTGUID="675c8e78-77fe-487c-8cc9-08934f4a2d80" CHANGEID="100489714" HOUSENUM="10" HOUSETYPE="2" OPERTYPEID="20" PREVID="40592951" NEXTID="129421803" UPDATEDATE="2025-10-30" STARTDATE="2014-01-04" ENDDATE="2025-10-30" ISACTUAL="0" ISACTIVE="0" /><HOUSE ID="58963544" OBJECTID="40032032" OBJECTGUID="6b09cd3a-af42-4d4b-8727-a9cd0a946fb2" CHANGEID="60618938" HOUSENUM="5" HOUSETYPE="2" OPERTYPEID="20" PREVID="23938739" NEXTID="129413203" UPDATEDATE="2025-10-30" STARTDATE="2014-01-04" ENDDATE="2025-10-30" ISACTUAL="0" ISACTIVE="0" /><HOUSE ID="59364888" OBJECTID="40019123" OBJECTGUID="70b62ff4-8a00-45ae-a81c-822604815942" CHANGEID="60600305" HOUSENUM="6" HOUSETYPE="2" OPERTYPEID="20" PREVID="23931985" NEXTID="129413192" UPDATEDATE="2025-10-30" STARTDATE="2014-01-04" ENDDATE="2025-10-30" ISACTUAL="0" ISACTIVE="0" /><HOUSE ID="60295220" OBJECTID="82788914" OBJECTGUID="7dd6393a-521c-4df3-80f5-aea2ff83143e" CHANGEID="122980145" HOUSENUM="3" HOUSETYPE="2" OPERTYPEID="20" PREVID="50096943" NEXTID="129436222" UPDATEDATE="2025-11-01" STARTDATE="2014-01-04" ENDDATE="2025-11-01" ISACTUAL="0" ISACTIVE="0" /><HOUSE ID="60300787" OBJECTID="40004973" OBJECTGUID="7de9ca28-b403-40c1-add4-384d633a65fb" CHANGEID="60578225" HOUSENUM="40" HOUSETYPE="2" OPERTYPEID="20" PREVID="23921977" NEXTID="129413176" UPDATEDATE="2025-10-30" STARTDATE="2014-01-04" ENDDATE="2025-10-30" ISACTUAL="0" ISACTIVE="0" /><HOUSE ID="60449004" OBJECTID="40018001" OBJECTGUID="8000f642-1a5e-47c0-88e9-79e64e83693b" CHANGEID="60598834" HOUSENUM="60" HOUSETYPE="2" OPERTYPEID="20" PREVID="23931205" NEXTID="129413190" UPDATEDATE="2025-10-30" STARTDATE="2014-01-04" ENDDATE="2025-10-30" ISACTUAL="0" ISACTIVE="0" /><HOUSE ID="60741744" OBJECTID="40011685" OBJECTGUID="8424de82-fb9a-4678-a3a5-4f71b4fa0b67" CHANGEID="60589530" HOUSENUM="76" HOUSETYPE="2" OPERTYPEID="20" PREVID="23926775" NEXTID="129413182" UPDATEDATE="2025-10-30" STARTDATE="2014-01-04" ENDDATE="2025-10-30" ISACTUAL="0" ISACTIVE="0" /><HOUSE ID="60905842" OBJECTID="40016163" OBJECTGUID="86741746-a18a-4fe1-b430-6b48795d27a7" CHANGEID="60595732" HOUSENUM="55" HOUSETYPE="2" OPERTYPEID="20" PREVID="23929793" NEXTID="129413187" UPDATEDATE="2025-10-30" STARTDATE="2014-01-04" ENDDATE="2025-10-30" ISACTUAL="0" ISACTIVE="0" /><HOUSE ID="60980436" OBJECTID="61363784" OBJECTGUID="87808220-a69b-4443-83ab-1994cbc97ad9" CHANGEID="91634076" HOUSENUM="3" HOUSETYPE="2" OPERTYPEID="20" PREVID="36832524" NEXTID="129427187" UPDATEDATE="2025-10-31" STARTDATE="2014-01-04" ENDDATE="2025-10-31" ISACTUAL="0" ISACTIVE="0" /><HOUSE ID="61067219" OBJECTID="39520708" OBJECTGUID="88b8c1b5-caad-4043-bfaa-e09fb1968e35" CHANGEID="59878884" HOUSENUM="28" HOUSETYPE="2" OPERTYPEID="20" PREVID="23646499" NEXTID="129413167" UPDATEDATE="2025-10-30" STARTDATE="2014-01-04" ENDDATE="2025-10-30" ISACTUAL="0" ISACTIVE="0" /><HOUSE ID="61434371" OBJECTID="40037362" OBJECTGUID="8de94dd3-410c-4d69-9692-bea72e966940" CHANGEID="60625865" HOUSENUM="32" HOUSETYPE="2" OPERTYPEID="20" PREVID="23940871" NEXTID="129413207" UPDATEDATE="2025-10-30" STARTDATE="2014-01-04" ENDDATE="2025-10-30" ISACTUAL="0" ISACTIVE="0" /><HOUSE ID="61930119" OBJECTID="40026615" OBJECTGUID="94e8799b-4d2f-4fbf-8565-914712df8134" CHANGEID="60611998" HOUSENUM="104" HOUSETYPE="2" OPERTYPEID="20" PREVID="23935362" NEXTID="129413198" UPDATEDATE="2025-10-30" STARTDATE="2014-01-04" ENDDATE="2025-10-30" ISACTUAL="0" ISACTIVE="0" /><HOUSE ID="62377208" OBJECTID="82787584" OBJECTGUID="9b37642f-9cc1-4c52-8a15-78a6382803d1" CHANGEID="122977299" HOUSENUM="21" HOUSETYPE="2" OPERTYPEID="20" PREVID="50095179" NEXTID="129436193" UPDATEDATE="2025-11-01" STARTDATE="2014-01-04" ENDDATE="2025-11-01" ISACTUAL="0" ISACTIVE="0" /><HOUSE ID="65141893" OBJECTID="40036391" OBJECTGUID="c23b73e1-2d09-4e44-9fc7-bcd9ad06a15b" CHANGEID="60624671" HOUSENUM="54" HOUSETYPE="2" OPERTYPEID="20" PREVID="23940610" NEXTID="129413206" UPDATEDATE="2025-10-30" STARTDATE="2014-01-04" ENDDATE="2025-10-30" ISACTUAL="0" ISACTIVE="0" /><HOUSE ID="65541585" OBJECTID="68042700" OBJECTGUID="c7e19625-b0fd-497d-9d1e-be5040aa4c02" CHANGEID="101431979" HOUSENUM="3" HOUSETYPE="2" OPERTYPEID="20" PREVID="41001084" NEXTID="129432339" UPDATEDATE="2025-10-31" STARTDATE="2014-10-24" ENDDATE="2025-10-31" ISACTUAL="0" ISACTIVE="0" /><HOUSE ID="66053265" OBJECTID="66198606" OBJECTGUID="cf1d94aa-7c39-41b3-8be2-732ceea9005a" CHANGEID="98730253" HOUSENUM="7" HOUSETYPE="2" OPERTYPEID="20" PREVID="39861522" NEXTID="129436397" UPDATEDATE="2025-11-01" STARTDATE="2014-01-04" ENDDATE="2025-11-01" ISACTUAL="0" ISACTIVE="0" /><HOUSE ID="66262408" OBJECTID="40032739" OBJECTGUID="d21269a6-c883-4676-9ff4-b2666d42651b" CHANGEID="60619897" HOUSENUM="73" HOUSETYPE="2" OPERTYPEID="20" PREVID="23939392" NEXTID="129413204" UPDATEDATE="2025-10-30" STARTDATE="2014-01-04" ENDDATE="2025-10-30" ISACTUAL="0" ISACTIVE="0" /><HOUSE ID="66270349" OBJECTID="30462938" OBJECTGUID="d2314ff9-3c34-4c69-8fd1-7866683e89cd" CHANGEID="46649791" HOUSENUM="16" HOUSETYPE="2" OPERTYPEID="20" PREVID="18066876" NEXTID="129436225" UPDATEDATE="2025-11-01" STARTDATE="2014-01-04" ENDDATE="2025-11-01" ISACTUAL="0" ISACTIVE="0" /><HOUSE ID="66578613" OBJECTID="40029148" OBJECTGUID="d68b2d77-0ddb-4c08-b1b5-9ec575127db4" CHANGEID="60614425" HOUSENUM="61" HOUSETYPE="2" OPERTYPEID="20" PREVID="23937069" NEXTID="129413200" UPDATEDATE="2025-10-30" STARTDATE="2014-01-04" ENDDATE="2025-10-30" ISACTUAL="0" ISACTIVE="0" /><HOUSE ID="66887888" OBJECTID="30478347" OBJECTGUID="dae60478-aaf1-43d5-8db2-d1c1afb2fa3b" CHANGEID="46673078" HOUSENUM="15" HOUSETYPE="2" OPERTYPEID="20" PREVID="18077104" NEXTID="129436202" UPDATEDATE="2025-11-01" STARTDATE="2014-01-04" ENDDATE="2025-11-01" ISACTUAL="0" ISACTIVE="0" /><HOUSE ID="67646618" OBJECTID="40004645" OBJECTGUID="e5a36095-94db-4f59-86af-375dd781348e" CHANGEID="60577753" HOUSENUM="90" HOUSETYPE="2" OPERTYPEID="20" PREVID="23921743" NEXTID="129413175" UPDATEDATE="2025-10-30" STARTDATE="2014-01-04" ENDDATE="2025-10-30" ISACTUAL="0" ISACTIVE="0" /><HOUSE ID="67721623" OBJECTID="39996313" OBJECTGUID="e6b277d8-bc2b-4d95-af44-19bb9e1407ae" CHANGEID="60565028" HOUSENUM="36" HOUSETYPE="2" OPERTYPEID="20" PREVID="23916379" NEXTID="129413171" UPDATEDATE="2025-10-30" STARTDATE="2014-01-04" ENDDATE="2025-10-30" ISACTUAL="0" ISACTIVE="0" /><HOUSE ID="67971772" OBJECTID="39990075" OBJECTGUID="ea37976d-106c-427c-b452-06de90eee20c" CHANGEID="60556388" HOUSENUM="77" HOUSETYPE="2" OPERTYPEID="20" PREVID="23912023" NEXTID="129413168" UPDATEDATE="2025-10-30" STARTDATE="2014-01-04" ENDDATE="2025-10-30" ISACTUAL="0" ISACTIVE="0" /><HOUSE ID="68051862" OBJECTID="67403850" OBJECTGUID="eb5de661-26a0-444c-a486-c0334117680e" CHANGEID="100490047" HOUSENUM="2" HOUSETYPE="2" OPERTYPEID="20" PREVID="40593179" NEXTID="129418549" UPDATEDATE="2025-10-30" STARTDATE="2014-01-04" ENDDATE="2025-10-30" ISACTUAL="0" ISACTIVE="0" /><HOUSE ID="68457917" OBJECTID="40031528" OBJECTGUID="f1159eb6-a831-4b12-8221-a56e7090fcde" CHANGEID="60617599" HOUSENUM="66" HOUSETYPE="2" OPERTYPEID="20" PREVID="23938463" NEXTID="129413202" UPDATEDATE="2025-10-30" STARTDATE="2014-01-04" ENDDATE="2025-10-30" ISACTUAL="0" ISACTIVE="0" /><HOUSE ID="68612122" OBJECTID="39518144" OBJECTGUID="f3453d60-7d24-4305-8a44-d5512da0a98d" CHANGEID="59875393" HOUSENUM="82" HOUSETYPE="2" OPERTYPEID="20" PREVID="23645071" NEXTID="129413164" UPDATEDATE="2025-10-30" STARTDATE="2014-01-04" ENDDATE="2025-10-30" ISACTUAL="0" ISACTIVE="0" /><HOUSE ID="63314082" OBJECTID="82787778" OBJECTGUID="a872925d-1701-4b4f-a9d1-897f823465d8" CHANGEID="122977776" HOUSENUM="31" HOUSETYPE="2" OPERTYPEID="20" PREVID="50095450" NEXTID="129436376" UPDATEDATE="2025-11-01" STARTDATE="2014-01-04" ENDDATE="2025-11-01" ISACTUAL="0" ISACTIVE="0" /><HOUSE ID="63543447" OBJECTID="40019467" OBJECTGUID="abaf3c54-86c1-4158-b039-8346de5188d3" CHANGEID="60601344" HOUSENUM="71" HOUSETYPE="2" OPERTYPEID="20" PREVID="23932240" NEXTID="129413193" UPDATEDATE="2025-10-30" STARTDATE="2014-01-04" ENDDATE="2025-10-30" ISACTUAL="0" ISACTIVE="0" /><HOUSE ID="63591259" OBJECTID="67403764" OBJECTGUID="ac59c181-05c9-4f06-9a22-5e160c96ac4c" CHANGEID="100489894" HOUSENUM="15" HOUSETYPE="2" OPERTYPEID="20" PREVID="40593077" NEXTID="129422429" UPDATEDATE="2025-10-30" STARTDATE="2014-01-04" ENDDATE="2025-10-30" ISACTUAL="0" ISACTIVE="0" /><HOUSE ID="63835932" OBJECTID="39521365" OBJECTGUID="afd04a18-95fd-4a0e-97f0-ea03643a361a" CHANGEID="59885593" HOUSENUM="48" HOUSETYPE="2" OPERTYPEID="20" PREVID="23646926" NEXTID="129413157" UPDATEDATE="2025-10-30" STARTDATE="2014-01-04" ENDDATE="2025-10-30" ISACTUAL="0" ISACTIVE="0" /><HOUSE ID="55916690" OBJECTID="40020200" OBJECTGUID="40099571-6f39-4365-9fac-852c6b1228fe" CHANGEID="60601693" HOUSENUM="56" HOUSETYPE="2" OPERTYPEID="20" PREVID="23932800" NEXTID="129413194" UPDATEDATE="2025-10-30" STARTDATE="2014-01-04" ENDDATE="2025-10-30" ISACTUAL="0" ISACTIVE="0" /><HOUSE ID="40589100" OBJECTID="67396109" OBJECTGUID="ce6d3418-5a43-4059-88cc-2f63a529d32f" CHANGEID="100479432" HOUSENUM="29" HOUSETYPE="2" OPERTYPEID="10" PREVID="0" NEXTID="129422469" UPDATEDATE="2025-10-30" STARTDATE="1900-01-01" ENDDATE="2025-10-30" ISACTUAL="0" ISACTIVE="0" /><HOUSE ID="40588307" OBJECTID="67394996" OBJECTGUID="2040ef36-ce8e-4469-8619-01df8b261aea" CHANGEID="100477742" HOUSENUM="7" HOUSETYPE="2" OPERTYPEID="10" PREVID="0" NEXTID="129421779" UPDATEDATE="2025-10-30" STARTDATE="1900-01-01" ENDDATE="2025-10-30" ISACTUAL="0" ISACTIVE="0" /><HOUSE ID="40588737" OBJECTID="67395523" OBJECTGUID="22712073-b13a-4150-b27d-11ec58679d00" CHANGEID="100478543" HOUSENUM="21" HOUSETYPE="2" OPERTYPEID="10" PREVID="0" NEXTID="129422439" UPDATEDATE="2025-10-30" STARTDATE="1900-01-01" ENDDATE="2025-10-30" ISACTUAL="0" ISACTIVE="0" /><HOUSE ID="40590359" OBJECTID="67397587" OBJECTGUID="d1834495-70b8-402a-848d-9e26beef75f8" CHANGEID="100481758" HOUSENUM="25а" HOUSETYPE="2" OPERTYPEID="10" PREVID="0" NEXTID="129422465" UPDATEDATE="2025-10-30" STARTDATE="1900-01-01" ENDDATE="2025-10-30" ISACTUAL="0" ISACTIVE="0" /><HOUSE ID="40590597" OBJECTID="67397862" OBJECTGUID="97badb90-98d2-4480-9a8f-a34e949169db" CHANGEID="100482199" HOUSENUM="14" HOUSETYPE="2" OPERTYPEID="10" PREVID="0" NEXTID="129422424" UPDATEDATE="2025-10-30" STARTDATE="1900-01-01" ENDDATE="2025-10-30" ISACTUAL="0" ISACTIVE="0" /><HOUSE ID="43717773" OBJECTID="72440963" OBJECTGUID="6c052e7d-16f9-4a76-a498-9887b1a5579f" CHANGEID="107876292" HOUSENUM="2" HOUSETYPE="2" OPERTYPEID="10" PREVID="0" NEXTID="129422908" UPDATEDATE="2025-10-30" STARTDATE="2014-01-04" ENDDATE="2025-10-30" ISACTUAL="0" ISACTIVE="0" /><HOUSE ID="51434588" OBJECTID="40024526" OBJECTGUID="00c5742c-ed84-48a6-9061-8e864e2f87c6" CHANGEID="60607463" HOUSENUM="21" HOUSETYPE="2" OPERTYPEID="20" PREVID="23934606" NEXTID="129413197" UPDATEDATE="2025-10-30" STARTDATE="2014-01-04" ENDDATE="2025-10-30" ISACTUAL="0" ISACTIVE="0" /><HOUSE ID="51757422" OBJECTID="40002467" OBJECTGUID="054e8ab9-cfec-4d06-a1a2-24d680419af5" CHANGEID="60575156" HOUSENUM="38" HOUSETYPE="2" OPERTYPEID="20" PREVID="23920176" NEXTID="129413173" UPDATEDATE="2025-10-30" STARTDATE="2014-01-04" ENDDATE="2025-10-30" ISACTUAL="0" ISACTIVE="0" /><HOUSE ID="51911611" OBJECTID="40020481" OBJECTGUID="0779ee8d-d3f3-421e-adba-8536ca95dd79" CHANGEID="60603333" HOUSENUM="68" HOUSETYPE="2" OPERTYPEID="20" PREVID="23933034" NEXTID="129413195" UPDATEDATE="2025-10-30" STARTDATE="2014-01-04" ENDDATE="2025-10-30" ISACTUAL="0" ISACTIVE="0" /><HOUSE ID="52089057" OBJECTID="40013748" OBJECTGUID="09fc50e5-785f-40db-b8cc-56cc78d9fc3e" CHANGEID="60592336" HOUSENUM="17" HOUSETYPE="2" OPERTYPEID="20" PREVID="23928464" NEXTID="129413183" UPDATEDATE="2025-10-30" STARTDATE="2014-01-04" ENDDATE="2025-10-30" ISACTUAL="0" ISACTIVE="0" /><HOUSE ID="52163217" OBJECTID="39989123" OBJECTGUID="0b06bbeb-4359-49d7-bae0-0230fc39e39e" CHANGEID="60553879" HOUSENUM="30" HOUSETYPE="2" OPERTYPEID="20" PREVID="23911444" NEXTID="129413160" UPDATEDATE="2025-10-30" STARTDATE="2014-01-04" ENDDATE="2025-10-30" ISACTUAL="0" ISACTIVE="0" /><HOUSE ID="52318338" OBJECTID="30479604" OBJECTGUID="0d3a4588-0bce-46dd-8760-f7ef9eee3b3d" CHANGEID="46675225" HOUSENUM="25" HOUSETYPE="2" OPERTYPEID="20" PREVID="18078297" NEXTID="129436232" UPDATEDATE="2025-11-01" STARTDATE="2014-01-04" ENDDATE="2025-11-01" ISACTUAL="0" ISACTIVE="0" /><HOUSE ID="52353894" OBJECTID="40033679" OBJECTGUID="0db7176e-9298-472f-84f1-b75e5574457c" CHANGEID="60621845" HOUSENUM="84" HOUSETYPE="2" OPERTYPEID="20" PREVID="23939593" NEXTID="129413205" UPDATEDATE="2025-10-30" STARTDATE="2014-01-04" ENDDATE="2025-10-30" ISACTUAL="0" ISACTIVE="0" /><HOUSE ID="52446087" OBJECTID="39994828" OBJECTGUID="0f072068-e541-44b8-9178-0bad1a3e79d6" CHANGEID="60563628" HOUSENUM="26" HOUSETYPE="2" OPERTYPEID="20" PREVID="23915389" NEXTID="129413170" UPDATEDATE="2025-10-30" STARTDATE="2014-01-04" ENDDATE="2025-10-30" ISACTUAL="0" ISACTIVE="0" /><HOUSE ID="52550145" OBJECTID="39507804" OBJECTGUID="107d4cdf-1c8e-4a79-bac4-c66d4b6aa354" CHANGEID="59866313" HOUSENUM="92" HOUSETYPE="2" OPERTYPEID="20" PREVID="23638959" NEXTID="129413155" UPDATEDATE="2025-10-30" STARTDATE="2014-01-04" ENDDATE="2025-10-30" ISACTUAL="0" ISACTIVE="0" /><HOUSE ID="53354080" OBJECTID="39514520" OBJECTGUID="1bdb5637-3c28-49de-b628-c84ca6b095aa" CHANGEID="59870938" HOUSENUM="52" HOUSETYPE="2" OPERTYPEID="20" PREVID="23643462" NEXTID="129413161" UPDATEDATE="2025-10-30" STARTDATE="2014-01-04" ENDDATE="2025-10-30" ISACTUAL="0" ISACTIVE="0" /><HOUSE ID="53845515" OBJECTID="3480367" OBJECTGUID="22d2979b-050a-45b7-a273-af3304a7f78b" CHANGEID="6998181" HOUSENUM="8" HOUSETYPE="2" OPERTYPEID="20" PREVID="1223792" NEXTID="129432345" UPDATEDATE="2025-10-31" STARTDATE="2014-10-24" ENDDATE="2025-10-31" ISACTUAL="0" ISACTIVE="0" /><HOUSE ID="53848494" OBJECTID="67403669" OBJECTGUID="22da1771-7a66-4fea-ada0-1159c7c76694" CHANGEID="100489758" HOUSENUM="11" HOUSETYPE="2" OPERTYPEID="20" PREVID="40592978" NEXTID="129421819" UPDATEDATE="2025-10-30" STARTDATE="2014-01-04" ENDDATE="2025-10-30" ISACTUAL="0" ISACTIVE="0" /><HOUSE ID="53952266" OBJECTID="39992945" OBJECTGUID="2451a89e-13d4-448b-b87a-07a5bcd888a5" CHANGEID="60560960" HOUSENUM="74" HOUSETYPE="2" OPERTYPEID="20" PREVID="23913868" NEXTID="129413169" UPDATEDATE="2025-10-30" STARTDATE="2014-01-04" ENDDATE="2025-10-30" ISACTUAL="0" ISACTIVE="0" /><HOUSE ID="53958380" OBJECTID="39519868" OBJECTGUID="2464cbd1-1e54-484d-b2da-da9cde585a03" CHANGEID="59877385" HOUSENUM="39" HOUSETYPE="2" OPERTYPEID="20" PREVID="23645919" NEXTID="129413166" UPDATEDATE="2025-10-30" STARTDATE="2014-01-04" ENDDATE="2025-10-30" ISACTUAL="0" ISACTIVE="0" /><HOUSE ID="53966012" OBJECTID="66193897" OBJECTGUID="24802d17-b3d0-48e3-b15d-37e0bbd0e9b4" CHANGEID="98723649" HOUSENUM="11" HOUSETYPE="2" OPERTYPEID="20" PREVID="39858201" NEXTID="129436208" UPDATEDATE="2025-11-01" STARTDATE="2014-01-04" ENDDATE="2025-11-01" ISACTUAL="0" ISACTIVE="0" /><HOUSE ID="128848525" OBJECTID="173890946" OBJECTGUID="f8982b3d-f744-4c27-9998-0a2996569b94" CHANGEID="656758230" HOUSENUM="1" HOUSETYPE="8" OPERTYPEID="10" PREVID="0" NEXTID="129437744" UPDATEDATE="2025-11-01" STARTDATE="2025-08-07" ENDDATE="2025-11-01" ISACTUAL="0" ISACTIVE="0" /><HOUSE ID="128848526" OBJECTID="173890947" OBJECTGUID="bbb24b6e-901a-4f74-969e-1e0d164cceb6" CHANGEID="656758231" HOUSENUM="1" HOUSETYPE="8" OPERTYPEID="10" PREVID="0" NEXTID="129439005" UPDATEDATE="2025-11-01" STARTDATE="2025-08-07" ENDDATE="2025-11-01" ISACTUAL="0" ISACTIVE="0" /><HOUSE ID="128848527" OBJECTID="173890950" OBJECTGUID="5634f602-e8e4-452d-97f6-492621b0df93" CHANGEID="656758234" HOUSENUM="2" HOUSETYPE="8" OPERTYPEID="10" PREVID="0" NEXTID="129439006" UPDATEDATE="2025-11-01" STARTDATE="2025-08-07" ENDDATE="2025-11-01" ISACTUAL="0" ISACTIVE="0" /><HOUSE ID="129027350" OBJECTID="174524162" OBJECTGUID="55894981-dca3-4494-9012-69d4f20c7acf" CHANGEID="688789764" HOUSENUM="8" HOUSETYPE="8" OPERTYPEID="10" PREVID="0" NEXTID="129435354" UPDATEDATE="2025-11-01" STARTDATE="2025-09-09" ENDDATE="2025-11-01" ISACTUAL="0" ISACTIVE="0" /><HOUSE ID="129069761" OBJECTID="174635532" OBJECTGUID="0c7e1e70-a9e6-4430-8957-d6011c4d9ead" CHANGEID="689022730" HOUSENUM="11" HOUSETYPE="8" OPERTYPEID="10" PREVID="0" NEXTID="129436159" UPDATEDATE="2025-11-01" STARTDATE="2025-09-15" ENDDATE="2025-11-01" ISACTUAL="0" ISACTIVE="0" /><HOUSE ID="129071672" OBJECTID="174639634" OBJECTGUID="fc4ad1e1-cbad-4ef6-969f-c3314f2b4cae" CHANGEID="689036322" HOUSENUM="14" HOUSETYPE="8" OPERTYPEID="10" PREVID="0" NEXTID="129437667" UPDATEDATE="2025-11-01" STARTDATE="2025-09-15" ENDDATE="2025-11-01" ISACTUAL="0" ISACTIVE="0" /><HOUSE ID="129413153" OBJECTID="39506351" OBJECTGUID="dae56cdd-a19d-4964-b71f-bf549450df88" CHANGEID="691449758" HOUSENUM="67" HOUSETYPE="2" OPERTYPEID="30" PREVID="66887581" NEXTID="0" UPDATEDATE="2025-10-30" STARTDATE="2025-10-30" ENDDATE="2079-06-06" ISACTUAL="1" ISACTIVE="0" /><HOUSE ID="66887581" OBJECTID="39506351" OBJECTGUID="dae56cdd-a19d-4964-b71f-bf549450df88" CHANGEID="59857479" HOUSENUM="67" HOUSETYPE="2" OPERTYPEID="20" PREVID="23637684" NEXTID="129413153" UPDATEDATE="2025-10-30" STARTDATE="2014-01-04" ENDDATE="2025-10-30" ISACTUAL="0" ISACTIVE="0" /><HOUSE ID="129413154" OBJECTID="39506541" OBJECTGUID="4e0a3850-e219-479a-aa55-c091179484cc" CHANGEID="691449759" HOUSENUM="94" HOUSETYPE="2" OPERTYPEID="30" PREVID="56909366" NEXTID="0" UPDATEDATE="2025-10-30" STARTDATE="2025-10-30" ENDDATE="2079-06-06" ISACTUAL="1" ISACTIVE="0" /><HOUSE ID="56909366" OBJECTID="39506541" OBJECTGUID="4e0a3850-e219-479a-aa55-c091179484cc" CHANGEID="59857782" HOUSENUM="94" HOUSETYPE="2" OPERTYPEID="20" PREVID="23637790" NEXTID="129413154" UPDATEDATE="2025-10-30" STARTDATE="2014-01-04" ENDDATE="2025-10-30" ISACTUAL="0" ISACTIVE="0" /><HOUSE ID="129413155" OBJECTID="39507804" OBJECTGUID="107d4cdf-1c8e-4a79-bac4-c66d4b6aa354" CHANGEID="691449760" HOUSENUM="92" HOUSETYPE="2" OPERTYPEID="30" PREVID="52550145" NEXTID="0" UPDATEDATE="2025-10-30" STARTDATE="2025-10-30" ENDDATE="2079-06-06" ISACTUAL="1" ISACTIVE="0" /><HOUSE ID="129413156" OBJECTID="39514201" OBJECTGUID="2a839679-29f1-43bf-a81a-c7d3233efdbb" CHANGEID="691449761" HOUSENUM="80" HOUSETYPE="2" OPERTYPEID="30" PREVID="54391638" NEXTID="0" UPDATEDATE="2025-10-30" STARTDATE="2025-10-30" ENDDATE="2079-06-06" ISACTUAL="1" ISACTIVE="0" /><HOUSE ID="54391638" OBJECTID="39514201" OBJECTGUID="2a839679-29f1-43bf-a81a-c7d3233efdbb" CHANGEID="59869642" HOUSENUM="80" HOUSETYPE="2" OPERTYPEID="20" PREVID="23643284" NEXTID="129413156" UPDATEDATE="2025-10-30" STARTDATE="2014-01-04" ENDDATE="2025-10-30" ISACTUAL="0" ISACTIVE="0" /><HOUSE ID="129413157" OBJECTID="39521365" OBJECTGUID="afd04a18-95fd-4a0e-97f0-ea03643a361a" CHANGEID="691449762" HOUSENUM="48" HOUSETYPE="2" OPERTYPEID="30" PREVID="63835932" NEXTID="0" UPDATEDATE="2025-10-30" STARTDATE="2025-10-30" ENDDATE="2079-06-06" ISACTUAL="1" ISACTIVE="0" /><HOUSE ID="129413158" OBJECTID="39528434" OBJECTGUID="17c6d663-7c37-44af-b664-f1dfe9305e57" CHANGEID="691449763" HOUSENUM="31" HOUSETYPE="2" OPERTYPEID="30" PREVID="53065252" NEXTID="0" UPDATEDATE="2025-10-30" STARTDATE="2025-10-30" ENDDATE="2079-06-06" ISACTUAL="1" ISACTIVE="0" /><HOUSE ID="53065252" OBJECTID="39528434" OBJECTGUID="17c6d663-7c37-44af-b664-f1dfe9305e57" CHANGEID="59890779" HOUSENUM="31" HOUSETYPE="2" OPERTYPEID="20" PREVID="23651042" NEXTID="129413158" UPDATEDATE="2025-10-30" STARTDATE="2014-01-04" ENDDATE="2025-10-30" ISACTUAL="0" ISACTIVE="0" /><HOUSE ID="129413159" OBJECTID="39535968" OBJECTGUID="5d83d9c0-7d24-4f03-a0c2-f86efb622a33" CHANGEID="691449764" HOUSENUM="22" HOUSETYPE="2" OPERTYPEID="30" PREVID="58005545" NEXTID="0" UPDATEDATE="2025-10-30" STARTDATE="2025-10-30" ENDDATE="2079-06-06" ISACTUAL="1" ISACTIVE="0" /><HOUSE ID="58005545" OBJECTID="39535968" OBJECTGUID="5d83d9c0-7d24-4f03-a0c2-f86efb622a33" CHANGEID="59900349" HOUSENUM="22" HOUSETYPE="2" OPERTYPEID="20" PREVID="23654938" NEXTID="129413159" UPDATEDATE="2025-10-30" STARTDATE="2014-01-04" ENDDATE="2025-10-30" ISACTUAL="0" ISACTIVE="0" /><HOUSE ID="129413160" OBJECTID="39989123" OBJECTGUID="0b06bbeb-4359-49d7-bae0-0230fc39e39e" CHANGEID="691449765" HOUSENUM="30" HOUSETYPE="2" OPERTYPEID="30" PREVID="52163217" NEXTID="0" UPDATEDATE="2025-10-30" STARTDATE="2025-10-30" ENDDATE="2079-06-06" ISACTUAL="1" ISACTIVE="0" /><HOUSE ID="129413161" OBJECTID="39514520" OBJECTGUID="1bdb5637-3c28-49de-b628-c84ca6b095aa" CHANGEID="691449766" HOUSENUM="52" HOUSETYPE="2" OPERTYPEID="30" PREVID="53354080" NEXTID="0" UPDATEDATE="2025-10-30" STARTDATE="2025-10-30" ENDDATE="2079-06-06" ISACTUAL="1" ISACTIVE="0" /><HOUSE ID="129413162" OBJECTID="39515458" OBJECTGUID="595d7a98-2fa8-4c8c-8f97-c978ede9304d" CHANGEID="691449767" HOUSENUM="25" HOUSETYPE="2" OPERTYPEID="30" PREVID="57710585" NEXTID="0" UPDATEDATE="2025-10-30" STARTDATE="2025-10-30" ENDDATE="2079-06-06" ISACTUAL="1" ISACTIVE="0" /><HOUSE ID="129413163" OBJECTID="39516337" OBJECTGUID="5c633f7e-8c8b-4309-949f-cbabbf25fc7d" CHANGEID="691449768" HOUSENUM="33" HOUSETYPE="2" OPERTYPEID="30" PREVID="57924947" NEXTID="0" UPDATEDATE="2025-10-30" STARTDATE="2025-10-30" ENDDATE="2079-06-06" ISACTUAL="1" ISACTIVE="0" /><HOUSE ID="129413164" OBJECTID="39518144" OBJECTGUID="f3453d60-7d24-4305-8a44-d5512da0a98d" CHANGEID="691449769" HOUSENUM="82" HOUSETYPE="2" OPERTYPEID="30" PREVID="68612122" NEXTID="0" UPDATEDATE="2025-10-30" STARTDATE="2025-10-30" ENDDATE="2079-06-06" ISACTUAL="1" ISACTIVE="0" /><HOUSE ID="129413165" OBJECTID="39519182" OBJECTGUID="53d9926c-5493-468e-93ec-d7a5ebf5aabf" CHANGEID="691449770" HOUSENUM="64" HOUSETYPE="2" OPERTYPEID="30" PREVID="57320772" NEXTID="0" UPDATEDATE="2025-10-30" STARTDATE="2025-10-30" ENDDATE="2079-06-06" ISACTUAL="1" ISACTIVE="0" /><HOUSE ID="129413166" OBJECTID="39519868" OBJECTGUID="2464cbd1-1e54-484d-b2da-da9cde585a03" CHANGEID="691449772" HOUSENUM="39" HOUSETYPE="2" OPERTYPEID="30" PREVID="53958380" NEXTID="0" UPDATEDATE="2025-10-30" STARTDATE="2025-10-30" ENDDATE="2079-06-06" ISACTUAL="1" ISACTIVE="0" /><HOUSE ID="129413167" OBJECTID="39520708" OBJECTGUID="88b8c1b5-caad-4043-bfaa-e09fb1968e35" CHANGEID="691449773" HOUSENUM="28" HOUSETYPE="2" OPERTYPEID="30" PREVID="61067219" NEXTID="0" UPDATEDATE="2025-10-30" STARTDATE="2025-10-30" ENDDATE="2079-06-06" ISACTUAL="1" ISACTIVE="0" /><HOUSE ID="129413168" OBJECTID="39990075" OBJECTGUID="ea37976d-106c-427c-b452-06de90eee20c" CHANGEID="691449774" HOUSENUM="77" HOUSETYPE="2" OPERTYPEID="30" PREVID="67971772" NEXTID="0" UPDATEDATE="2025-10-30" STARTDATE="2025-10-30" ENDDATE="2079-06-06" ISACTUAL="1" ISACTIVE="0" /><HOUSE ID="129413169" OBJECTID="39992945" OBJECTGUID="2451a89e-13d4-448b-b87a-07a5bcd888a5" CHANGEID="691449775" HOUSENUM="74" HOUSETYPE="2" OPERTYPEID="30" PREVID="53952266" NEXTID="0" UPDATEDATE="2025-10-30" STARTDATE="2025-10-30" ENDDATE="2079-06-06" ISACTUAL="1" ISACTIVE="0" /><HOUSE ID="129413170" OBJECTID="39994828" OBJECTGUID="0f072068-e541-44b8-9178-0bad1a3e79d6" CHANGEID="691449776" HOUSENUM="26" HOUSETYPE="2" OPERTYPEID="30" PREVID="52446087" NEXTID="0" UPDATEDATE="2025-10-30" STARTDATE="2025-10-30" ENDDATE="2079-06-06" ISACTUAL="1" ISACTIVE="0" /><HOUSE ID="129413171" OBJECTID="39996313" OBJECTGUID="e6b277d8-bc2b-4d95-af44-19bb9e1407ae" CHANGEID="691449777" HOUSENUM="36" HOUSETYPE="2" OPERTYPEID="30" PREVID="67721623" NEXTID="0" UPDATEDATE="2025-10-30" STARTDATE="2025-10-30" ENDDATE="2079-06-06" ISACTUAL="1" ISACTIVE="0" /><HOUSE ID="129413172" OBJECTID="40001176" OBJECTGUID="328c0934-b691-4d76-b642-1e0d93838ff2" CHANGEID="691449778" HOUSENUM="50" HOUSETYPE="2" OPERTYPEID="30" PREVID="54961989" NEXTID="0" UPDATEDATE="2025-10-30" STARTDATE="2025-10-30" ENDDATE="2079-06-06" ISACTUAL="1" ISACTIVE="0" /><HOUSE ID="129413173" OBJECTID="40002467" OBJECTGUID="054e8ab9-cfec-4d06-a1a2-24d680419af5" CHANGEID="691449779" HOUSENUM="38" HOUSETYPE="2" OPERTYPEID="30" PREVID="51757422" NEXTID="0" UPDATEDATE="2025-10-30" STARTDATE="2025-10-30" ENDDATE="2079-06-06" ISACTUAL="1" ISACTIVE="0" /><HOUSE ID="129413174" OBJECTID="40004251" OBJECTGUID="61ad5c76-8758-4e71-86df-2d7547c0f0a5" CHANGEID="691449780" HOUSENUM="70" HOUSETYPE="2" OPERTYPEID="30" PREVID="58299847" NEXTID="0" UPDATEDATE="2025-10-30" STARTDATE="2025-10-30" ENDDATE="2079-06-06" ISACTUAL="1" ISACTIVE="0" /><HOUSE ID="129413175" OBJECTID="40004645" OBJECTGUID="e5a36095-94db-4f59-86af-375dd781348e" CHANGEID="691449781" HOUSENUM="90" HOUSETYPE="2" OPERTYPEID="30" PREVID="67646618" NEXTID="0" UPDATEDATE="2025-10-30" STARTDATE="2025-10-30" ENDDATE="2079-06-06" ISACTUAL="1" ISACTIVE="0" /><HOUSE ID="129413176" OBJECTID="40004973" OBJECTGUID="7de9ca28-b403-40c1-add4-384d633a65fb" CHANGEID="691449782" HOUSENUM="40" HOUSETYPE="2" OPERTYPEID="30" PREVID="60300787" NEXTID="0" UPDATEDATE="2025-10-30" STARTDATE="2025-10-30" ENDDATE="2079-06-06" ISACTUAL="1" ISACTIVE="0" /><HOUSE ID="129413177" OBJECTID="40006453" OBJECTGUID="38032a73-30a6-4bb8-a026-492b8c36c390" CHANGEID="691449783" HOUSENUM="98" HOUSETYPE="2" OPERTYPEID="30" PREVID="55349145" NEXTID="0" UPDATEDATE="2025-10-30" STARTDATE="2025-10-30" ENDDATE="2079-06-06" ISACTUAL="1" ISACTIVE="0" /><HOUSE ID="129413178" OBJECTID="40007081" OBJECTGUID="b0eb26d9-1493-4da0-b66c-4c79d6f900ab" CHANGEID="691449784" HOUSENUM="86" HOUSETYPE="2" OPERTYPEID="30" PREVID="63914055" NEXTID="0" UPDATEDATE="2025-10-30" STARTDATE="2025-10-30" ENDDATE="2079-06-06" ISACTUAL="1" ISACTIVE="0" /><HOUSE ID="63914055" OBJECTID="40007081" OBJECTGUID="b0eb26d9-1493-4da0-b66c-4c79d6f900ab" CHANGEID="60581985" HOUSENUM="86" HOUSETYPE="2" OPERTYPEID="20" PREVID="23923537" NEXTID="129413178" UPDATEDATE="2025-10-30" STARTDATE="2014-01-04" ENDDATE="2025-10-30" ISACTUAL="0" ISACTIVE="0" /><HOUSE ID="129413179" OBJECTID="40007941" OBJECTGUID="62f798bc-8b29-4e45-a004-4ca230db8fd7" CHANGEID="691449785" HOUSENUM="72" HOUSETYPE="2" OPERTYPEID="30" PREVID="58392377" NEXTID="0" UPDATEDATE="2025-10-30" STARTDATE="2025-10-30" ENDDATE="2079-06-06" ISACTUAL="1" ISACTIVE="0" /><HOUSE ID="129413180" OBJECTID="40008458" OBJECTGUID="5567a8a5-9705-440b-9f64-4cd6bba22cab" CHANGEID="691449786" HOUSENUM="62" HOUSETYPE="2" OPERTYPEID="30" PREVID="57430159" NEXTID="0" UPDATEDATE="2025-10-30" STARTDATE="2025-10-30" ENDDATE="2079-06-06" ISACTUAL="1" ISACTIVE="0" /><HOUSE ID="129413181" OBJECTID="40009593" OBJECTGUID="ac0b2dd0-15cc-4b20-ad66-4df3775221fd" CHANGEID="691449787" HOUSENUM="69" HOUSETYPE="2" OPERTYPEID="30" PREVID="63569766" NEXTID="0" UPDATEDATE="2025-10-30" STARTDATE="2025-10-30" ENDDATE="2079-06-06" ISACTUAL="1" ISACTIVE="0" /><HOUSE ID="63569766" OBJECTID="40009593" OBJECTGUID="ac0b2dd0-15cc-4b20-ad66-4df3775221fd" CHANGEID="60587839" HOUSENUM="69" HOUSETYPE="2" OPERTYPEID="20" PREVID="23925360" NEXTID="129413181" UPDATEDATE="2025-10-30" STARTDATE="2014-01-04" ENDDATE="2025-10-30" ISACTUAL="0" ISACTIVE="0" /><HOUSE ID="129413182" OBJECTID="40011685" OBJECTGUID="8424de82-fb9a-4678-a3a5-4f71b4fa0b67" CHANGEID="691449788" HOUSENUM="76" HOUSETYPE="2" OPERTYPEID="30" PREVID="60741744" NEXTID="0" UPDATEDATE="2025-10-30" STARTDATE="2025-10-30" ENDDATE="2079-06-06" ISACTUAL="1" ISACTIVE="0" /><HOUSE ID="129413183" OBJECTID="40013748" OBJECTGUID="09fc50e5-785f-40db-b8cc-56cc78d9fc3e" CHANGEID="691449789" HOUSENUM="17" HOUSETYPE="2" OPERTYPEID="30" PREVID="52089057" NEXTID="0" UPDATEDATE="2025-10-30" STARTDATE="2025-10-30" ENDDATE="2079-06-06" ISACTUAL="1" ISACTIVE="0" /><HOUSE ID="129413184" OBJECTID="40014177" OBJECTGUID="f43501e6-1208-4d8d-9348-5cc34485691b" CHANGEID="691449790" HOUSENUM="58" HOUSETYPE="2" OPERTYPEID="30" PREVID="68678229" NEXTID="0" UPDATEDATE="2025-10-30" STARTDATE="2025-10-30" ENDDATE="2079-06-06" ISACTUAL="1" ISACTIVE="0" /><HOUSE ID="68678229" OBJECTID="40014177" OBJECTGUID="f43501e6-1208-4d8d-9348-5cc34485691b" CHANGEID="60592582" HOUSENUM="58" HOUSETYPE="2" OPERTYPEID="20" PREVID="23928717" NEXTID="129413184" UPDATEDATE="2025-10-30" STARTDATE="2014-01-04" ENDDATE="2025-10-30" ISACTUAL="0" ISACTIVE="0" /><HOUSE ID="129413185" OBJECTID="40014463" OBJECTGUID="3c71921a-c503-466f-b64a-5d7888399f66" CHANGEID="691449791" HOUSENUM="88" HOUSETYPE="2" OPERTYPEID="30" PREVID="55663194" NEXTID="0" UPDATEDATE="2025-10-30" STARTDATE="2025-10-30" ENDDATE="2079-06-06" ISACTUAL="1" ISACTIVE="0" /><HOUSE ID="55663194" OBJECTID="40014463" OBJECTGUID="3c71921a-c503-466f-b64a-5d7888399f66" CHANGEID="60592925" HOUSENUM="88" HOUSETYPE="2" OPERTYPEID="20" PREVID="23928918" NEXTID="129413185" UPDATEDATE="2025-10-30" STARTDATE="2014-01-04" ENDDATE="2025-10-30" ISACTUAL="0" ISACTIVE="0" /><HOUSE ID="129413186" OBJECTID="40014811" OBJECTGUID="09dca30c-4e7d-4615-9d9b-5f7ca97f8d07" CHANGEID="691449792" HOUSENUM="46" HOUSETYPE="2" OPERTYPEID="30" PREVID="52080380" NEXTID="0" UPDATEDATE="2025-10-30" STARTDATE="2025-10-30" ENDDATE="2079-06-06" ISACTUAL="1" ISACTIVE="0" /><HOUSE ID="52080380" OBJECTID="40014811" OBJECTGUID="09dca30c-4e7d-4615-9d9b-5f7ca97f8d07" CHANGEID="60593512" HOUSENUM="46" HOUSETYPE="2" OPERTYPEID="20" PREVID="23929123" NEXTID="129413186" UPDATEDATE="2025-10-30" STARTDATE="2014-01-04" ENDDATE="2025-10-30" ISACTUAL="0" ISACTIVE="0" /><HOUSE ID="129413187" OBJECTID="40016163" OBJECTGUID="86741746-a18a-4fe1-b430-6b48795d27a7" CHANGEID="691449794" HOUSENUM="55" HOUSETYPE="2" OPERTYPEID="30" PREVID="60905842" NEXTID="0" UPDATEDATE="2025-10-30" STARTDATE="2025-10-30" ENDDATE="2079-06-06" ISACTUAL="1" ISACTIVE="0" /><HOUSE ID="129413188" OBJECTID="40016846" OBJECTGUID="67b33760-9e3a-49f1-8e84-730aa608d3c1" CHANGEID="691449795" HOUSENUM="51" HOUSETYPE="2" OPERTYPEID="30" PREVID="58727653" NEXTID="0" UPDATEDATE="2025-10-30" STARTDATE="2025-10-30" ENDDATE="2079-06-06" ISACTUAL="1" ISACTIVE="0" /><HOUSE ID="58727653" OBJECTID="40016846" OBJECTGUID="67b33760-9e3a-49f1-8e84-730aa608d3c1" CHANGEID="60596996" HOUSENUM="51" HOUSETYPE="2" OPERTYPEID="20" PREVID="23930442" NEXTID="129413188" UPDATEDATE="2025-10-30" STARTDATE="2014-01-04" ENDDATE="2025-10-30" ISACTUAL="0" ISACTIVE="0" /><HOUSE ID="129413189" OBJECTID="40017335" OBJECTGUID="5e0d80a2-2763-4256-adfe-73582b916e5d" CHANGEID="691449796" HOUSENUM="8" HOUSETYPE="2" OPERTYPEID="30" PREVID="58049425" NEXTID="0" UPDATEDATE="2025-10-30" STARTDATE="2025-10-30" ENDDATE="2079-06-06" ISACTUAL="1" ISACTIVE="0" /><HOUSE ID="129413190" OBJECTID="40018001" OBJECTGUID="8000f642-1a5e-47c0-88e9-79e64e83693b" CHANGEID="691449797" HOUSENUM="60" HOUSETYPE="2" OPERTYPEID="30" PREVID="60449004" NEXTID="0" UPDATEDATE="2025-10-30" STARTDATE="2025-10-30" ENDDATE="2079-06-06" ISACTUAL="1" ISACTIVE="0" /><HOUSE ID="129413191" OBJECTID="40018596" OBJECTGUID="bcd94b99-7e4a-4a62-bbae-7a5315d8c3e5" CHANGEID="691449798" HOUSENUM="44" HOUSETYPE="2" OPERTYPEID="30" PREVID="64760041" NEXTID="0" UPDATEDATE="2025-10-30" STARTDATE="2025-10-30" ENDDATE="2079-06-06" ISACTUAL="1" ISACTIVE="0" /><HOUSE ID="64760041" OBJECTID="40018596" OBJECTGUID="bcd94b99-7e4a-4a62-bbae-7a5315d8c3e5" CHANGEID="60599156" HOUSENUM="44" HOUSETYPE="2" OPERTYPEID="20" PREVID="23931645" NEXTID="129413191" UPDATEDATE="2025-10-30" STARTDATE="2014-01-04" ENDDATE="2025-10-30" ISACTUAL="0" ISACTIVE="0" /><HOUSE ID="129413192" OBJECTID="40019123" OBJECTGUID="70b62ff4-8a00-45ae-a81c-822604815942" CHANGEID="691449799" HOUSENUM="6" HOUSETYPE="2" OPERTYPEID="30" PREVID="59364888" NEXTID="0" UPDATEDATE="2025-10-30" STARTDATE="2025-10-30" ENDDATE="2079-06-06" ISACTUAL="1" ISACTIVE="0" /><HOUSE ID="129413193" OBJECTID="40019467" OBJECTGUID="abaf3c54-86c1-4158-b039-8346de5188d3" CHANGEID="691449800" HOUSENUM="71" HOUSETYPE="2" OPERTYPEID="30" PREVID="63543447" NEXTID="0" UPDATEDATE="2025-10-30" STARTDATE="2025-10-30" ENDDATE="2079-06-06" ISACTUAL="1" ISACTIVE="0" /><HOUSE ID="129413194" OBJECTID="40020200" OBJECTGUID="40099571-6f39-4365-9fac-852c6b1228fe" CHANGEID="691449801" HOUSENUM="56" HOUSETYPE="2" OPERTYPEID="30" PREVID="55916690" NEXTID="0" UPDATEDATE="2025-10-30" STARTDATE="2025-10-30" ENDDATE="2079-06-06" ISACTUAL="1" ISACTIVE="0" /><HOUSE ID="129413195" OBJECTID="40020481" OBJECTGUID="0779ee8d-d3f3-421e-adba-8536ca95dd79" CHANGEID="691449802" HOUSENUM="68" HOUSETYPE="2" OPERTYPEID="30" PREVID="51911611" NEXTID="0" UPDATEDATE="2025-10-30" STARTDATE="2025-10-30" ENDDATE="2079-06-06" ISACTUAL="1" ISACTIVE="0" /><HOUSE ID="129413196" OBJECTID="40023154" OBJECTGUID="55c58c9f-f770-492f-9f3b-8d9f61636102" CHANGEID="691449803" HOUSENUM="43" HOUSETYPE="2" OPERTYPEID="30" PREVID="57456191" NEXTID="0" UPDATEDATE="2025-10-30" STARTDATE="2025-10-30" ENDDATE="2079-06-06" ISACTUAL="1" ISACTIVE="0" /><HOUSE ID="129413197" OBJECTID="40024526" OBJECTGUID="00c5742c-ed84-48a6-9061-8e864e2f87c6" CHANGEID="691449804" HOUSENUM="21" HOUSETYPE="2" OPERTYPEID="30" PREVID="51434588" NEXTID="0" UPDATEDATE="2025-10-30" STARTDATE="2025-10-30" ENDDATE="2079-06-06" ISACTUAL="1" ISACTIVE="0" /><HOUSE ID="129413198" OBJECTID="40026615" OBJECTGUID="94e8799b-4d2f-4fbf-8565-914712df8134" CHANGEID="691449805" HOUSENUM="104" HOUSETYPE="2" OPERTYPEID="30" PREVID="61930119" NEXTID="0" UPDATEDATE="2025-10-30" STARTDATE="2025-10-30" ENDDATE="2079-06-06" ISACTUAL="1" ISACTIVE="0" /><HOUSE ID="129413199" OBJECTID="40028192" OBJECTGUID="c06d90dd-e8b7-47c8-ae29-920c74fa2898" CHANGEID="691449806" HOUSENUM="78" HOUSETYPE="2" OPERTYPEID="30" PREVID="65014531" NEXTID="0" UPDATEDATE="2025-10-30" STARTDATE="2025-10-30" ENDDATE="2079-06-06" ISACTUAL="1" ISACTIVE="0" /><HOUSE ID="65014531" OBJECTID="40028192" OBJECTGUID="c06d90dd-e8b7-47c8-ae29-920c74fa2898" CHANGEID="60612498" HOUSENUM="78" HOUSETYPE="2" OPERTYPEID="20" PREVID="23936068" NEXTID="129413199" UPDATEDATE="2025-10-30" STARTDATE="2014-01-04" ENDDATE="2025-10-30" ISACTUAL="0" ISACTIVE="0" /><HOUSE ID="129413200" OBJECTID="40029148" OBJECTGUID="d68b2d77-0ddb-4c08-b1b5-9ec575127db4" CHANGEID="691449807" HOUSENUM="61" HOUSETYPE="2" OPERTYPEID="30" PREVID="66578613" NEXTID="0" UPDATEDATE="2025-10-30" STARTDATE="2025-10-30" ENDDATE="2079-06-06" ISACTUAL="1" ISACTIVE="0" /><HOUSE ID="129413201" OBJECTID="40030409" OBJECTGUID="d67989d2-1573-425c-bc5d-a391c5f459c9" CHANGEID="691449808" HOUSENUM="34" HOUSETYPE="2" OPERTYPEID="30" PREVID="66573870" NEXTID="0" UPDATEDATE="2025-10-30" STARTDATE="2025-10-30" ENDDATE="2079-06-06" ISACTUAL="1" ISACTIVE="0" /><HOUSE ID="66573870" OBJECTID="40030409" OBJECTGUID="d67989d2-1573-425c-bc5d-a391c5f459c9" CHANGEID="60617296" HOUSENUM="34" HOUSETYPE="2" OPERTYPEID="20" PREVID="23937742" NEXTID="129413201" UPDATEDATE="2025-10-30" STARTDATE="2014-01-04" ENDDATE="2025-10-30" ISACTUAL="0" ISACTIVE="0" /><HOUSE ID="129413202" OBJECTID="40031528" OBJECTGUID="f1159eb6-a831-4b12-8221-a56e7090fcde" CHANGEID="691449810" HOUSENUM="66" HOUSETYPE="2" OPERTYPEID="30" PREVID="68457917" NEXTID="0" UPDATEDATE="2025-10-30" STARTDATE="2025-10-30" ENDDATE="2079-06-06" ISACTUAL="1" ISACTIVE="0" /><HOUSE ID="129413203" OBJECTID="40032032" OBJECTGUID="6b09cd3a-af42-4d4b-8727-a9cd0a946fb2" CHANGEID="691449811" HOUSENUM="5" HOUSETYPE="2" OPERTYPEID="30" PREVID="58963544" NEXTID="0" UPDATEDATE="2025-10-30" STARTDATE="2025-10-30" ENDDATE="2079-06-06" ISACTUAL="1" ISACTIVE="0" /><HOUSE ID="129413204" OBJECTID="40032739" OBJECTGUID="d21269a6-c883-4676-9ff4-b2666d42651b" CHANGEID="691449812" HOUSENUM="73" HOUSETYPE="2" OPERTYPEID="30" PREVID="66262408" NEXTID="0" UPDATEDATE="2025-10-30" STARTDATE="2025-10-30" ENDDATE="2079-06-06" ISACTUAL="1" ISACTIVE="0" /><HOUSE ID="129413205" OBJECTID="40033679" OBJECTGUID="0db7176e-9298-472f-84f1-b75e5574457c" CHANGEID="691449813" HOUSENUM="84" HOUSETYPE="2" OPERTYPEID="30" PREVID="52353894" NEXTID="0" UPDATEDATE="2025-10-30" STARTDATE="2025-10-30" ENDDATE="2079-06-06" ISACTUAL="1" ISACTIVE="0" /><HOUSE ID="129413206" OBJECTID="40036391" OBJECTGUID="c23b73e1-2d09-4e44-9fc7-bcd9ad06a15b" CHANGEID="691449814" HOUSENUM="54" HOUSETYPE="2" OPERTYPEID="30" PREVID="65141893" NEXTID="0" UPDATEDATE="2025-10-30" STARTDATE="2025-10-30" ENDDATE="2079-06-06" ISACTUAL="1" ISACTIVE="0" /><HOUSE ID="129413207" OBJECTID="40037362" OBJECTGUID="8de94dd3-410c-4d69-9692-bea72e966940" CHANGEID="691449815" HOUSENUM="32" HOUSETYPE="2" OPERTYPEID="30" PREVID="61434371" NEXTID="0" UPDATEDATE="2025-10-30" STARTDATE="2025-10-30" ENDDATE="2079-06-06" ISACTUAL="1" ISACTIVE="0" /><HOUSE ID="129413427" OBJECTID="175590447" OBJECTGUID="85ba77ef-f9ea-465b-b64b-6b24bfe0cdde" CHANGEID="691451615" HOUSENUM="45А" HOUSETYPE="5" OPERTYPEID="10" PREVID="0" NEXTID="0" UPDATEDATE="2025-10-30" STARTDATE="2025-10-30" ENDDATE="2079-06-06" ISACTUAL="1" ISACTIVE="1" /><HOUSE ID="129413439" OBJECTID="175590481" OBJECTGUID="13d026a8-a403-476e-9c07-ebe1d4ae5b83" CHANGEID="691451687" HOUSENUM="300" HOUSETYPE="7" OPERTYPEID="10" PREVID="0" NEXTID="0" UPDATEDATE="2025-10-30" STARTDATE="2025-10-30" ENDDATE="2079-06-06" ISACTUAL="1" ISACTIVE="1" /><HOUSE ID="129413873" OBJECTID="175592403" OBJECTGUID="c88009b4-dfef-4f77-bec4-0d992de8c4de" CHANGEID="691454605" HOUSENUM="43" HOUSETYPE="2" OPERTYPEID="10" PREVID="0" NEXTID="0" UPDATEDATE="2025-10-30" STARTDATE="2025-10-30" ENDDATE="2079-06-06" ISACTUAL="1" ISACTIVE="1" /><HOUSE ID="71859987" OBJECTID="102805891" OBJECTGUID="f7c12534-0b70-4880-84a6-3d1d368c7119" CHANGEID="222904885" HOUSENUM="3/26" HOUSETYPE="7" OPERTYPEID="10" PREVID="0" NEXTID="129417520" UPDATEDATE="2025-10-30" STARTDATE="2021-10-28" ENDDATE="2025-10-30" ISACTUAL="0" ISACTIVE="0" /><HOUSE ID="129417520" OBJECTID="102805891" OBJECTGUID="f7c12534-0b70-4880-84a6-3d1d368c7119" CHANGEID="691465068" HOUSENUM="3/27" HOUSETYPE="7" OPERTYPEID="20" PREVID="71859987" UPDATEDATE="2025-10-30" STARTDATE="2025-10-30" ENDDATE="2079-06-06" ISACTUAL="1" ISACTIVE="1" /><HOUSE ID="129418549" OBJECTID="67403850" OBJECTGUID="eb5de661-26a0-444c-a486-c0334117680e" CHANGEID="691467960" HOUSENUM="2" HOUSETYPE="2" OPERTYPEID="30" PREVID="68051862" NEXTID="0" UPDATEDATE="2025-10-30" STARTDATE="2025-10-30" ENDDATE="2079-06-06" ISACTUAL="1" ISACTIVE="0" /><HOUSE ID="129418733" OBJECTID="175600924" OBJECTGUID="cd6d05c8-18ff-4417-9224-21a22674c761" CHANGEID="691468820" HOUSENUM="9/51" HOUSETYPE="7" OPERTYPEID="10" PREVID="0" NEXTID="0" UPDATEDATE="2025-10-30" STARTDATE="2025-10-30" ENDDATE="2079-06-06" ISACTUAL="1" ISACTIVE="1" /><HOUSE ID="129418818" OBJECTID="175601047" OBJECTGUID="76657627-2d77-427e-9c27-1cb37f762b58" CHANGEID="691469026" HOUSENUM="2/14" HOUSETYPE="7" OPERTYPEID="10" PREVID="0" NEXTID="0" UPDATEDATE="2025-10-30" STARTDATE="2025-10-30" ENDDATE="2079-06-06" ISACTUAL="1" ISACTIVE="1" /><HOUSE ID="129420630" OBJECTID="175605070" OBJECTGUID="dccf7dd7-8544-43f4-b1b8-f3e46ff4d9bb" CHANGEID="691475758" HOUSENUM="3а" HOUSETYPE="5" OPERTYPEID="10" PREVID="0" NEXTID="0" UPDATEDATE="2025-10-30" STARTDATE="2025-10-30" ENDDATE="2079-06-06" ISACTUAL="1" ISACTIVE="1" /><HOUSE ID="129421764" OBJECTID="67399856" OBJECTGUID="3f225e82-b22e-47ab-a59f-f9381ced044a" CHANGEID="691480553" HOUSENUM="4" HOUSETYPE="2" OPERTYPEID="30" PREVID="40592243" NEXTID="0" UPDATEDATE="2025-10-30" STARTDATE="2025-10-30" ENDDATE="2079-06-06" ISACTUAL="1" ISACTIVE="0" /><HOUSE ID="40592243" OBJECTID="67399856" OBJECTGUID="3f225e82-b22e-47ab-a59f-f9381ced044a" CHANGEID="100485393" HOUSENUM="4" HOUSETYPE="2" OPERTYPEID="10" PREVID="0" NEXTID="129421764" UPDATEDATE="2025-10-30" STARTDATE="1900-01-01" ENDDATE="2025-10-30" ISACTUAL="0" ISACTIVE="0" /><HOUSE ID="129421779" OBJECTID="67394996" OBJECTGUID="2040ef36-ce8e-4469-8619-01df8b261aea" CHANGEID="691480613" HOUSENUM="7" HOUSETYPE="2" OPERTYPEID="30" PREVID="40588307" NEXTID="0" UPDATEDATE="2025-10-30" STARTDATE="2025-10-30" ENDDATE="2079-06-06" ISACTUAL="1" ISACTIVE="0" /><HOUSE ID="129421819" OBJECTID="67403669" OBJECTGUID="22da1771-7a66-4fea-ada0-1159c7c76694" CHANGEID="691480760" HOUSENUM="11" HOUSETYPE="2" OPERTYPEID="30" PREVID="53848494" NEXTID="0" UPDATEDATE="2025-10-30" STARTDATE="2025-10-30" ENDDATE="2079-06-06" ISACTUAL="1" ISACTIVE="0" /><HOUSE ID="129421796" OBJECTID="67396481" OBJECTGUID="e784311e-40a8-4766-9537-384a40ec6b39" CHANGEID="691480664" HOUSENUM="8" HOUSETYPE="2" OPERTYPEID="30" PREVID="40589434" NEXTID="0" UPDATEDATE="2025-10-30" STARTDATE="2025-10-30" ENDDATE="2079-06-06" ISACTUAL="1" ISACTIVE="0" /><HOUSE ID="40589434" OBJECTID="67396481" OBJECTGUID="e784311e-40a8-4766-9537-384a40ec6b39" CHANGEID="100480053" HOUSENUM="8" HOUSETYPE="2" OPERTYPEID="10" PREVID="0" NEXTID="129421796" UPDATEDATE="2025-10-30" STARTDATE="1900-01-01" ENDDATE="2025-10-30" ISACTUAL="0" ISACTIVE="0" /><HOUSE ID="129421803" OBJECTID="67403651" OBJECTGUID="675c8e78-77fe-487c-8cc9-08934f4a2d80" CHANGEID="691480720" HOUSENUM="10" HOUSETYPE="2" OPERTYPEID="30" PREVID="58703158" NEXTID="0" UPDATEDATE="2025-10-30" STARTDATE="2025-10-30" ENDDATE="2079-06-06" ISACTUAL="1" ISACTIVE="0" /><HOUSE ID="129422424" OBJECTID="67397862" OBJECTGUID="97badb90-98d2-4480-9a8f-a34e949169db" CHANGEID="691482767" HOUSENUM="14" HOUSETYPE="2" OPERTYPEID="30" PREVID="40590597" NEXTID="0" UPDATEDATE="2025-10-30" STARTDATE="2025-10-30" ENDDATE="2079-06-06" ISACTUAL="1" ISACTIVE="0" /><HOUSE ID="129422429" OBJECTID="67403764" OBJECTGUID="ac59c181-05c9-4f06-9a22-5e160c96ac4c" CHANGEID="691482790" HOUSENUM="15" HOUSETYPE="2" OPERTYPEID="30" PREVID="63591259" NEXTID="0" UPDATEDATE="2025-10-30" STARTDATE="2025-10-30" ENDDATE="2079-06-06" ISACTUAL="1" ISACTIVE="0" /><HOUSE ID="129422431" OBJECTID="175609411" OBJECTGUID="d0f113fb-f936-42b1-a4c9-79d29b082e23" CHANGEID="691482807" HOUSENUM="11/33А" HOUSETYPE="7" OPERTYPEID="10" PREVID="0" NEXTID="0" UPDATEDATE="2025-10-30" STARTDATE="2025-10-30" ENDDATE="2079-06-06" ISACTUAL="1" ISACTIVE="1" /><HOUSE ID="129422439" OBJECTID="67395523" OBJECTGUID="22712073-b13a-4150-b27d-11ec58679d00" CHANGEID="691482872" HOUSENUM="21" HOUSETYPE="2" OPERTYPEID="30" PREVID="40588737" NEXTID="0" UPDATEDATE="2025-10-30" STARTDATE="2025-10-30" ENDDATE="2079-06-06" ISACTUAL="1" ISACTIVE="0" /><HOUSE ID="129422459" OBJECTID="67399517" OBJECTGUID="78b46387-e1a8-4a70-b3fb-d3eaf111e171" CHANGEID="691482913" HOUSENUM="24а" HOUSETYPE="2" OPERTYPEID="30" PREVID="40592031" NEXTID="0" UPDATEDATE="2025-10-30" STARTDATE="2025-10-30" ENDDATE="2079-06-06" ISACTUAL="1" ISACTIVE="0" /><HOUSE ID="40592031" OBJECTID="67399517" OBJECTGUID="78b46387-e1a8-4a70-b3fb-d3eaf111e171" CHANGEID="100484858" HOUSENUM="24а" HOUSETYPE="2" OPERTYPEID="10" PREVID="0" NEXTID="129422459" UPDATEDATE="2025-10-30" STARTDATE="1900-01-01" ENDDATE="2025-10-30" ISACTUAL="0" ISACTIVE="0" /><HOUSE ID="129422465" OBJECTID="67397587" OBJECTGUID="d1834495-70b8-402a-848d-9e26beef75f8" CHANGEID="691482948" HOUSENUM="25а" HOUSETYPE="2" OPERTYPEID="30" PREVID="40590359" NEXTID="0" UPDATEDATE="2025-10-30" STARTDATE="2025-10-30" ENDDATE="2079-06-06" ISACTUAL="1" ISACTIVE="0" /><HOUSE ID="129422469" OBJECTID="67396109" OBJECTGUID="ce6d3418-5a43-4059-88cc-2f63a529d32f" CHANGEID="691483062" HOUSENUM="29" HOUSETYPE="2" OPERTYPEID="30" PREVID="40589100" NEXTID="0" UPDATEDATE="2025-10-30" STARTDATE="2025-10-30" ENDDATE="2079-06-06" ISACTUAL="1" ISACTIVE="0" /><HOUSE ID="129422500" OBJECTID="67399411" OBJECTGUID="45f85095-91d1-4e31-9b88-acb3651c0173" CHANGEID="691483157" HOUSENUM="32а" HOUSETYPE="2" OPERTYPEID="30" PREVID="40591923" NEXTID="0" UPDATEDATE="2025-10-30" STARTDATE="2025-10-30" ENDDATE="2079-06-06" ISACTUAL="1" ISACTIVE="0" /><HOUSE ID="40591923" OBJECTID="67399411" OBJECTGUID="45f85095-91d1-4e31-9b88-acb3651c0173" CHANGEID="100484660" HOUSENUM="32а" HOUSETYPE="2" OPERTYPEID="10" PREVID="0" NEXTID="129422500" UPDATEDATE="2025-10-30" STARTDATE="1900-01-01" ENDDATE="2025-10-30" ISACTUAL="0" ISACTIVE="0" /><HOUSE ID="129422496" OBJECTID="67394351" OBJECTGUID="5d060fff-d748-4183-94c4-4243b055c24c" CHANGEID="691483144" HOUSENUM="31" HOUSETYPE="2" OPERTYPEID="30" PREVID="57970902" NEXTID="0" UPDATEDATE="2025-10-30" STARTDATE="2025-10-30" ENDDATE="2079-06-06" ISACTUAL="1" ISACTIVE="0" /><HOUSE ID="57970902" OBJECTID="67394351" OBJECTGUID="5d060fff-d748-4183-94c4-4243b055c24c" CHANGEID="100477192" HOUSENUM="31" HOUSETYPE="2" OPERTYPEID="20" PREVID="40588063" NEXTID="129422496" UPDATEDATE="2025-10-30" STARTDATE="2018-03-28" ENDDATE="2025-10-30" ISACTUAL="0" ISACTIVE="0" /><HOUSE ID="129422543" OBJECTID="67396988" OBJECTGUID="6e082c99-07d1-47c7-a53f-712e68531a0f" CHANGEID="691483218" HOUSENUM="32б" HOUSETYPE="2" OPERTYPEID="30" PREVID="40589918" NEXTID="0" UPDATEDATE="2025-10-30" STARTDATE="2025-10-30" ENDDATE="2079-06-06" ISACTUAL="1" ISACTIVE="0" /><HOUSE ID="40589918" OBJECTID="67396988" OBJECTGUID="6e082c99-07d1-47c7-a53f-712e68531a0f" CHANGEID="100480794" HOUSENUM="32б" HOUSETYPE="2" OPERTYPEID="10" PREVID="0" NEXTID="129422543" UPDATEDATE="2025-10-30" STARTDATE="1900-01-01" ENDDATE="2025-10-30" ISACTUAL="0" ISACTIVE="0" /><HOUSE ID="129422908" OBJECTID="72440963" OBJECTGUID="6c052e7d-16f9-4a76-a498-9887b1a5579f" CHANGEID="691484882" HOUSENUM="2" HOUSETYPE="2" OPERTYPEID="30" PREVID="43717773" NEXTID="0" UPDATEDATE="2025-10-30" STARTDATE="2025-10-30" ENDDATE="2079-06-06" ISACTUAL="1" ISACTIVE="0" /><HOUSE ID="129422901" OBJECTID="67403511" OBJECTGUID="b9e01248-2cc4-405f-bb08-fb2d19071b48" CHANGEID="691484796" HOUSENUM="32в" HOUSETYPE="2" OPERTYPEID="30" PREVID="40592812" NEXTID="0" UPDATEDATE="2025-10-30" STARTDATE="2025-10-30" ENDDATE="2079-06-06" ISACTUAL="1" ISACTIVE="0" /><HOUSE ID="40592812" OBJECTID="67403511" OBJECTGUID="b9e01248-2cc4-405f-bb08-fb2d19071b48" CHANGEID="100489507" HOUSENUM="32в" HOUSETYPE="2" OPERTYPEID="10" PREVID="0" NEXTID="129422901" UPDATEDATE="2025-10-30" STARTDATE="1900-01-01" ENDDATE="2025-10-30" ISACTUAL="0" ISACTIVE="0" /><HOUSE ID="129422905" OBJECTID="67398902" OBJECTGUID="93f335c1-ccb6-48a0-af89-a5a74738b3ce" CHANGEID="691484804" HOUSENUM="32г" HOUSETYPE="2" OPERTYPEID="30" PREVID="40591482" NEXTID="0" UPDATEDATE="2025-10-30" STARTDATE="2025-10-30" ENDDATE="2079-06-06" ISACTUAL="1" ISACTIVE="0" /><HOUSE ID="40591482" OBJECTID="67398902" OBJECTGUID="93f335c1-ccb6-48a0-af89-a5a74738b3ce" CHANGEID="100483869" HOUSENUM="32г" HOUSETYPE="2" OPERTYPEID="10" PREVID="0" NEXTID="129422905" UPDATEDATE="2025-10-30" STARTDATE="1900-01-01" ENDDATE="2025-10-30" ISACTUAL="0" ISACTIVE="0" /><HOUSE ID="129422915" OBJECTID="16701537" OBJECTGUID="e8cab5d5-1fb0-45ef-8935-1fe0102bb5c8" CHANGEID="691484977" HOUSENUM="40/1" HOUSETYPE="2" OPERTYPEID="30" PREVID="67870332" NEXTID="0" UPDATEDATE="2025-10-30" STARTDATE="2025-10-30" ENDDATE="2079-06-06" ISACTUAL="1" ISACTIVE="0" /><HOUSE ID="67870332" OBJECTID="16701537" OBJECTGUID="e8cab5d5-1fb0-45ef-8935-1fe0102bb5c8" CHANGEID="26451907" HOUSENUM="40/1" HOUSETYPE="2" OPERTYPEID="20" PREVID="9515182" NEXTID="129422915" UPDATEDATE="2025-10-30" STARTDATE="2017-11-21" ENDDATE="2025-10-30" ISACTUAL="0" ISACTIVE="0" /><HOUSE ID="129423623" OBJECTID="175611867" OBJECTGUID="537acd7a-b5e3-4ec4-a693-93ee9b0ce510" CHANGEID="691487676" HOUSENUM="12А" HOUSETYPE="2" OPERTYPEID="10" PREVID="0" NEXTID="0" UPDATEDATE="2025-10-30" STARTDATE="2025-10-30" ENDDATE="2079-06-06" ISACTUAL="1" ISACTIVE="1" /><HOUSE ID="129427187" OBJECTID="61363784" OBJECTGUID="87808220-a69b-4443-83ab-1994cbc97ad9" CHANGEID="691506839" HOUSENUM="3" HOUSETYPE="2" OPERTYPEID="30" PREVID="60980436" NEXTID="0" UPDATEDATE="2025-10-31" STARTDATE="2025-10-31" ENDDATE="2079-06-06" ISACTUAL="1" ISACTIVE="0" /><HOUSE ID="129427814" OBJECTID="175625349" OBJECTGUID="607b4fcc-6be0-4712-8d5a-bce81f27fb2e" CHANGEID="691509755" HOUSENUM="2/34" HOUSETYPE="7" OPERTYPEID="10" PREVID="0" NEXTID="0" UPDATEDATE="2025-10-31" STARTDATE="2025-10-31" ENDDATE="2079-06-06" ISACTUAL="1" ISACTIVE="1" /><HOUSE ID="129427862" OBJECTID="175625541" OBJECTGUID="050cb170-f134-4b45-b6ad-c98f416f8f1d" CHANGEID="691510018" HOUSENUM="12/73" HOUSETYPE="7" OPERTYPEID="10" PREVID="0" NEXTID="0" UPDATEDATE="2025-10-31" STARTDATE="2025-10-31" ENDDATE="2079-06-06" ISACTUAL="1" ISACTIVE="1" /><HOUSE ID="129428359" OBJECTID="175627475" OBJECTGUID="1b522650-a253-4c05-846c-1167daeb8c4d" CHANGEID="691512676" HOUSENUM="2/2" HOUSETYPE="7" OPERTYPEID="10" PREVID="0" NEXTID="0" UPDATEDATE="2025-10-31" STARTDATE="2025-10-31" ENDDATE="2079-06-06" ISACTUAL="1" ISACTIVE="1" /><HOUSE ID="129428994" OBJECTID="175628841" OBJECTGUID="ac5aff95-2721-4b02-88b7-78886ab19557" CHANGEID="691514973" HOUSENUM="98" HOUSETYPE="2" OPERTYPEID="10" PREVID="0" NEXTID="0" UPDATEDATE="2025-10-31" STARTDATE="2025-10-31" ENDDATE="2079-06-06" ISACTUAL="1" ISACTIVE="1" /><HOUSE ID="129429007" OBJECTID="175628941" OBJECTGUID="2435b986-0d66-4068-ba54-4a7a2e154a25" CHANGEID="691515148" HOUSENUM="2Г" HOUSETYPE="2" OPERTYPEID="10" PREVID="0" NEXTID="0" UPDATEDATE="2025-10-31" STARTDATE="2025-10-31" ENDDATE="2079-06-06" ISACTUAL="1" ISACTIVE="1" /><HOUSE ID="129429051" OBJECTID="175629030" OBJECTGUID="0cafd152-af37-4217-9bc1-996310598f60" CHANGEID="691515297" HOUSENUM="45/8" HOUSETYPE="2" OPERTYPEID="10" PREVID="0" NEXTID="0" UPDATEDATE="2025-10-31" STARTDATE="2025-10-31" ENDDATE="2079-06-06" ISACTUAL="1" ISACTIVE="1" /><HOUSE ID="129429100" OBJECTID="175629335" OBJECTGUID="89b3e74d-2265-4221-85e1-68879f843ec9" CHANGEID="691515710" HOUSENUM="1" HOUSETYPE="7" OPERTYPEID="10" PREVID="0" NEXTID="0" UPDATEDATE="2025-10-31" STARTDATE="2025-10-31" ENDDATE="2079-06-06" ISACTUAL="1" ISACTIVE="1" /><HOUSE ID="129429039" OBJECTID="175628983" OBJECTGUID="a9c6d4a6-7016-4399-a88d-8fd78f9ff3f2" CHANGEID="691515219" HOUSENUM="28" HOUSETYPE="2" OPERTYPEID="10" PREVID="0" NEXTID="0" UPDATEDATE="2025-10-31" STARTDATE="2025-10-31" ENDDATE="2079-06-06" ISACTUAL="1" ISACTIVE="1" /><HOUSE ID="129429955" OBJECTID="175632376" OBJECTGUID="11b6a82d-53be-49b6-847d-cb41014b0627" CHANGEID="691520344" HOUSENUM="3/58" HOUSETYPE="7" OPERTYPEID="10" PREVID="0" NEXTID="0" UPDATEDATE="2025-10-31" STARTDATE="2025-10-31" ENDDATE="2079-06-06" ISACTUAL="1" ISACTIVE="1" /><HOUSE ID="8681937" OBJECTID="15379898" OBJECTGUID="82e80226-6663-470c-8533-6659079591c9" CHANGEID="24507545" HOUSENUM="67" HOUSETYPE="2" OPERTYPEID="10" PREVID="0" NEXTID="129430958" UPDATEDATE="2025-10-31" STARTDATE="1900-01-01" ENDDATE="2025-10-31" ISACTUAL="0" ISACTIVE="0" /><HOUSE ID="129430958" OBJECTID="15379898" OBJECTGUID="82e80226-6663-470c-8533-6659079591c9" CHANGEID="691526443" HOUSENUM="67Г" HOUSETYPE="2" OPERTYPEID="20" PREVID="8681937" UPDATEDATE="2025-10-31" STARTDATE="2025-10-31" ENDDATE="2079-06-06" ISACTUAL="1" ISACTIVE="1" /><HOUSE ID="129431708" OBJECTID="175638740" OBJECTGUID="272656d7-6602-4c16-8f58-595e202ac303" CHANGEID="691530525" HOUSENUM="2/14" HOUSETYPE="7" OPERTYPEID="10" PREVID="0" NEXTID="0" UPDATEDATE="2025-10-31" STARTDATE="2025-10-31" ENDDATE="2079-06-06" ISACTUAL="1" ISACTIVE="1" /><HOUSE ID="129432329" OBJECTID="60242595" OBJECTGUID="536cd03c-096a-4483-bdee-796b51a9e8d6" CHANGEID="691533878" HOUSENUM="90" HOUSETYPE="2" OPERTYPEID="30" PREVID="57290306" NEXTID="0" UPDATEDATE="2025-10-31" STARTDATE="2025-10-31" ENDDATE="2079-06-06" ISACTUAL="1" ISACTIVE="0" /><HOUSE ID="129432339" OBJECTID="68042700" OBJECTGUID="c7e19625-b0fd-497d-9d1e-be5040aa4c02" CHANGEID="691533905" HOUSENUM="3" HOUSETYPE="2" OPERTYPEID="30" PREVID="65541585" NEXTID="0" UPDATEDATE="2025-10-31" STARTDATE="2025-10-31" ENDDATE="2079-06-06" ISACTUAL="1" ISACTIVE="0" /><HOUSE ID="129432345" OBJECTID="3480367" OBJECTGUID="22d2979b-050a-45b7-a273-af3304a7f78b" CHANGEID="691533927" HOUSENUM="8" HOUSETYPE="2" OPERTYPEID="30" PREVID="53845515" NEXTID="0" UPDATEDATE="2025-10-31" STARTDATE="2025-10-31" ENDDATE="2079-06-06" ISACTUAL="1" ISACTIVE="0" /><HOUSE ID="23656573" OBJECTID="39538476" OBJECTGUID="bf8986f6-8d71-4316-aa06-ee569f46ab1b" CHANGEID="59903856" HOUSENUM="73а" HOUSETYPE="2" OPERTYPEID="10" PREVID="0" NEXTID="129434303" UPDATEDATE="2025-11-01" STARTDATE="2019-05-24" ENDDATE="2025-11-01" ISACTUAL="0" ISACTIVE="0" /><HOUSE ID="129434303" OBJECTID="39538476" OBJECTGUID="bf8986f6-8d71-4316-aa06-ee569f46ab1b" CHANGEID="691564509" HOUSENUM="73А" HOUSETYPE="2" OPERTYPEID="20" PREVID="23656573" UPDATEDATE="2025-11-01" STARTDATE="2025-11-01" ENDDATE="2079-06-06" ISACTUAL="1" ISACTIVE="1" /><HOUSE ID="67987479" OBJECTID="39995824" OBJECTGUID="ea73160d-95d8-4dee-b375-195de2f241fb" CHANGEID="60564569" HOUSENUM="41" HOUSETYPE="2" OPERTYPEID="20" PREVID="23915985" NEXTID="129434304" UPDATEDATE="2025-11-01" STARTDATE="2014-01-04" ENDDATE="2025-11-01" ISACTUAL="0" ISACTIVE="0" /><HOUSE ID="129434304" OBJECTID="39995824" OBJECTGUID="ea73160d-95d8-4dee-b375-195de2f241fb" CHANGEID="691564520" HOUSENUM="41А" HOUSETYPE="2" OPERTYPEID="20" PREVID="67987479" UPDATEDATE="2025-11-01" STARTDATE="2025-11-01" ENDDATE="2079-06-06" ISACTUAL="1" ISACTIVE="1" /><HOUSE ID="129434400" OBJECTID="58931396" OBJECTGUID="cac96a41-8aaa-4c3b-915d-8330ee978706" CHANGEID="691565290" HOUSENUM="23" HOUSETYPE="2" OPERTYPEID="30" PREVID="35305741" NEXTID="0" UPDATEDATE="2025-11-01" STARTDATE="2025-11-01" ENDDATE="2079-06-06" ISACTUAL="1" ISACTIVE="0" /><HOUSE ID="35305741" OBJECTID="58931396" OBJECTGUID="cac96a41-8aaa-4c3b-915d-8330ee978706" CHANGEID="88062710" HOUSENUM="23" HOUSETYPE="2" OPERTYPEID="10" PREVID="0" NEXTID="129434400" UPDATEDATE="2025-11-01" STARTDATE="2016-11-11" ENDDATE="2025-11-01" ISACTUAL="0" ISACTIVE="0" /><HOUSE ID="129435354" OBJECTID="174524162" OBJECTGUID="55894981-dca3-4494-9012-69d4f20c7acf" CHANGEID="691571174" HOUSENUM="8" HOUSETYPE="8" OPERTYPEID="30" PREVID="129027350" NEXTID="0" UPDATEDATE="2025-11-01" STARTDATE="2025-11-01" ENDDATE="2079-06-06" ISACTUAL="1" ISACTIVE="0" /><HOUSE ID="129435396" OBJECTID="175654621" OBJECTGUID="ef932023-b521-49e9-acd5-c3b4e80b07fa" CHANGEID="691571312" HOUSENUM="19А" HOUSETYPE="2" OPERTYPEID="10" PREVID="0" NEXTID="0" UPDATEDATE="2025-11-01" STARTDATE="2025-11-01" ENDDATE="2079-06-06" ISACTUAL="1" ISACTIVE="1" /><HOUSE ID="129436135" OBJECTID="175656987" OBJECTGUID="f97755ef-830b-4470-87b8-baa42dea87d9" CHANGEID="691575003" HOUSENUM="44" HOUSETYPE="2" OPERTYPEID="10" PREVID="0" NEXTID="0" UPDATEDATE="2025-11-01" STARTDATE="2025-11-01" ENDDATE="2079-06-06" ISACTUAL="1" ISACTIVE="1" /><HOUSE ID="129436159" OBJECTID="174635532" OBJECTGUID="0c7e1e70-a9e6-4430-8957-d6011c4d9ead" CHANGEID="691575087" HOUSENUM="11" HOUSETYPE="8" OPERTYPEID="30" PREVID="129069761" NEXTID="0" UPDATEDATE="2025-11-01" STARTDATE="2025-11-01" ENDDATE="2079-06-06" ISACTUAL="1" ISACTIVE="0" /><HOUSE ID="129436193" OBJECTID="82787584" OBJECTGUID="9b37642f-9cc1-4c52-8a15-78a6382803d1" CHANGEID="691575215" HOUSENUM="21" HOUSETYPE="2" OPERTYPEID="30" PREVID="62377208" NEXTID="0" UPDATEDATE="2025-11-01" STARTDATE="2025-11-01" ENDDATE="2079-06-06" ISACTUAL="1" ISACTIVE="0" /><HOUSE ID="129436225" OBJECTID="30462938" OBJECTGUID="d2314ff9-3c34-4c69-8fd1-7866683e89cd" CHANGEID="691575318" HOUSENUM="16" HOUSETYPE="2" OPERTYPEID="30" PREVID="66270349" NEXTID="0" UPDATEDATE="2025-11-01" STARTDATE="2025-11-01" ENDDATE="2079-06-06" ISACTUAL="1" ISACTIVE="0" /><HOUSE ID="129436202" OBJECTID="30478347" OBJECTGUID="dae60478-aaf1-43d5-8db2-d1c1afb2fa3b" CHANGEID="691575238" HOUSENUM="15" HOUSETYPE="2" OPERTYPEID="30" PREVID="66887888" NEXTID="0" UPDATEDATE="2025-11-01" STARTDATE="2025-11-01" ENDDATE="2079-06-06" ISACTUAL="1" ISACTIVE="0" /><HOUSE ID="129436208" OBJECTID="66193897" OBJECTGUID="24802d17-b3d0-48e3-b15d-37e0bbd0e9b4" CHANGEID="691575260" HOUSENUM="11" HOUSETYPE="2" OPERTYPEID="30" PREVID="53966012" NEXTID="0" UPDATEDATE="2025-11-01" STARTDATE="2025-11-01" ENDDATE="2079-06-06" ISACTUAL="1" ISACTIVE="0" /><HOUSE ID="129436210" OBJECTID="30448812" OBJECTGUID="9a022ebc-4613-46cc-8d9b-2e62e9d8674e" CHANGEID="691575282" HOUSENUM="24" HOUSETYPE="2" OPERTYPEID="30" PREVID="62292051" NEXTID="0" UPDATEDATE="2025-11-01" STARTDATE="2025-11-01" ENDDATE="2079-06-06" ISACTUAL="1" ISACTIVE="0" /><HOUSE ID="62292051" OBJECTID="30448812" OBJECTGUID="9a022ebc-4613-46cc-8d9b-2e62e9d8674e" CHANGEID="46628450" HOUSENUM="24" HOUSETYPE="2" OPERTYPEID="20" PREVID="18057440" NEXTID="129436210" UPDATEDATE="2025-11-01" STARTDATE="2014-01-04" ENDDATE="2025-11-01" ISACTUAL="0" ISACTIVE="0" /><HOUSE ID="129436216" OBJECTID="82798656" OBJECTGUID="25881ba1-8a24-4775-a43b-f82f788e822a" CHANGEID="691575296" HOUSENUM="33" HOUSETYPE="2" OPERTYPEID="30" PREVID="54038381" NEXTID="0" UPDATEDATE="2025-11-01" STARTDATE="2025-11-01" ENDDATE="2079-06-06" ISACTUAL="1" ISACTIVE="0" /><HOUSE ID="54038381" OBJECTID="82798656" OBJECTGUID="25881ba1-8a24-4775-a43b-f82f788e822a" CHANGEID="122994982" HOUSENUM="33" HOUSETYPE="2" OPERTYPEID="20" PREVID="50102896" NEXTID="129436216" UPDATEDATE="2025-11-01" STARTDATE="2014-01-04" ENDDATE="2025-11-01" ISACTUAL="0" ISACTIVE="0" /><HOUSE ID="129436222" OBJECTID="82788914" OBJECTGUID="7dd6393a-521c-4df3-80f5-aea2ff83143e" CHANGEID="691575309" HOUSENUM="3" HOUSETYPE="2" OPERTYPEID="30" PREVID="60295220" NEXTID="0" UPDATEDATE="2025-11-01" STARTDATE="2025-11-01" ENDDATE="2079-06-06" ISACTUAL="1" ISACTIVE="0" /><HOUSE ID="129436232" OBJECTID="30479604" OBJECTGUID="0d3a4588-0bce-46dd-8760-f7ef9eee3b3d" CHANGEID="691575344" HOUSENUM="25" HOUSETYPE="2" OPERTYPEID="30" PREVID="52318338" NEXTID="0" UPDATEDATE="2025-11-01" STARTDATE="2025-11-01" ENDDATE="2079-06-06" ISACTUAL="1" ISACTIVE="0" /><HOUSE ID="129436360" OBJECTID="82789673" OBJECTGUID="05929f7b-3710-4d8b-ba52-b725e72d9b70" CHANGEID="691576047" HOUSENUM="22" HOUSETYPE="2" OPERTYPEID="30" PREVID="51775443" NEXTID="0" UPDATEDATE="2025-11-01" STARTDATE="2025-11-01" ENDDATE="2079-06-06" ISACTUAL="1" ISACTIVE="0" /><HOUSE ID="51775443" OBJECTID="82789673" OBJECTGUID="05929f7b-3710-4d8b-ba52-b725e72d9b70" CHANGEID="122981710" HOUSENUM="22" HOUSETYPE="2" OPERTYPEID="20" PREVID="50097764" NEXTID="129436360" UPDATEDATE="2025-11-01" STARTDATE="2014-01-04" ENDDATE="2025-11-01" ISACTUAL="0" ISACTIVE="0" /><HOUSE ID="129436376" OBJECTID="82787778" OBJECTGUID="a872925d-1701-4b4f-a9d1-897f823465d8" CHANGEID="691576123" HOUSENUM="31" HOUSETYPE="2" OPERTYPEID="30" PREVID="63314082" NEXTID="0" UPDATEDATE="2025-11-01" STARTDATE="2025-11-01" ENDDATE="2079-06-06" ISACTUAL="1" ISACTIVE="0" /><HOUSE ID="129436388" OBJECTID="3693586" OBJECTGUID="c49d51af-ec5b-4185-a853-ff1058e3f6ae" CHANGEID="691576177" HOUSENUM="24" HOUSETYPE="2" OPERTYPEID="30" PREVID="65309892" NEXTID="0" UPDATEDATE="2025-11-01" STARTDATE="2025-11-01" ENDDATE="2079-06-06" ISACTUAL="1" ISACTIVE="0" /><HOUSE ID="65309892" OBJECTID="3693586" OBJECTGUID="c49d51af-ec5b-4185-a853-ff1058e3f6ae" CHANGEID="7288329" HOUSENUM="24" HOUSETYPE="2" OPERTYPEID="20" PREVID="1335186" NEXTID="129436388" UPDATEDATE="2025-11-01" STARTDATE="2014-01-04" ENDDATE="2025-11-01" ISACTUAL="0" ISACTIVE="0" /><HOUSE ID="129436397" OBJECTID="66198606" OBJECTGUID="cf1d94aa-7c39-41b3-8be2-732ceea9005a" CHANGEID="691576193" HOUSENUM="7" HOUSETYPE="2" OPERTYPEID="30" PREVID="66053265" NEXTID="0" UPDATEDATE="2025-11-01" STARTDATE="2025-11-01" ENDDATE="2079-06-06" ISACTUAL="1" ISACTIVE="0" /><HOUSE ID="129436403" OBJECTID="30455722" OBJECTGUID="ad8163ac-1e8c-40b1-9bbc-469ed211cb95" CHANGEID="691576214" HOUSENUM="46" HOUSETYPE="2" OPERTYPEID="30" PREVID="63672573" NEXTID="0" UPDATEDATE="2025-11-01" STARTDATE="2025-11-01" ENDDATE="2079-06-06" ISACTUAL="1" ISACTIVE="0" /><HOUSE ID="63672573" OBJECTID="30455722" OBJECTGUID="ad8163ac-1e8c-40b1-9bbc-469ed211cb95" CHANGEID="46639461" HOUSENUM="46" HOUSETYPE="2" OPERTYPEID="20" PREVID="18061861" NEXTID="129436403" UPDATEDATE="2025-11-01" STARTDATE="2014-01-04" ENDDATE="2025-11-01" ISACTUAL="0" ISACTIVE="0" /><HOUSE ID="129436780" OBJECTID="174639620" OBJECTGUID="32fd68b9-e198-4495-b851-556e96bb47e7" CHANGEID="691578063" HOUSENUM="13" HOUSETYPE="8" OPERTYPEID="30" PREVID="129071666" NEXTID="0" UPDATEDATE="2025-11-01" STARTDATE="2025-11-01" ENDDATE="2079-06-06" ISACTUAL="1" ISACTIVE="0" /><HOUSE ID="129071666" OBJECTID="174639620" OBJECTGUID="32fd68b9-e198-4495-b851-556e96bb47e7" CHANGEID="689036289" HOUSENUM="13" HOUSETYPE="8" OPERTYPEID="10" PREVID="0" NEXTID="129436780" UPDATEDATE="2025-11-01" STARTDATE="2025-09-15" ENDDATE="2025-11-01" ISACTUAL="0" ISACTIVE="0" /><HOUSE ID="129437667" OBJECTID="174639634" OBJECTGUID="fc4ad1e1-cbad-4ef6-969f-c3314f2b4cae" CHANGEID="691582605" HOUSENUM="14" HOUSETYPE="8" OPERTYPEID="30" PREVID="129071672" NEXTID="0" UPDATEDATE="2025-11-01" STARTDATE="2025-11-01" ENDDATE="2079-06-06" ISACTUAL="1" ISACTIVE="0" /><HOUSE ID="129437744" OBJECTID="173890946" OBJECTGUID="f8982b3d-f744-4c27-9998-0a2996569b94" CHANGEID="691582877" HOUSENUM="1" HOUSETYPE="8" OPERTYPEID="30" PREVID="128848525" NEXTID="0" UPDATEDATE="2025-11-01" STARTDATE="2025-11-01" ENDDATE="2079-06-06" ISACTUAL="1" ISACTIVE="0" /><HOUSE ID="129439006" OBJECTID="173890950" OBJECTGUID="5634f602-e8e4-452d-97f6-492621b0df93" CHANGEID="691588431" HOUSENUM="2" HOUSETYPE="8" OPERTYPEID="30" PREVID="128848527" NEXTID="0" UPDATEDATE="2025-11-01" STARTDATE="2025-11-01" ENDDATE="2079-06-06" ISACTUAL="1" ISACTIVE="0" /><HOUSE ID="129439005" OBJECTID="173890947" OBJECTGUID="bbb24b6e-901a-4f74-969e-1e0d164cceb6" CHANGEID="691588411" HOUSENUM="1" HOUSETYPE="8" OPERTYPEID="30" PREVID="128848526" NEXTID="0" UPDATEDATE="2025-11-01" STARTDATE="2025-11-01" ENDDATE="2079-06-06" ISACTUAL="1" ISACTIVE="0" /></HOUSES>