﻿<?xml version="1.0" encoding="utf-8"?><REESTR_OBJECTS><OBJECT OBJECTID="9179892" OBJECTGUID="704077db-f61b-4575-a6d7-96d0d5c1168f" CHANGEID="691591644" ISACTIVE="1" LEVELID="10" CREATEDATE="2019-07-14" UPDATEDATE="2025-11-01" /><OBJECT OBJECTID="42130020" OBJECTGUID="a63403be-c421-4007-93bb-de2021325fba" CHANGEID="691487260" ISACTIVE="1" LEVELID="10" CREATEDATE="2017-12-18" UPDATEDATE="2025-10-30" /><OBJECT OBJECTID="175595404" OBJECTGUID="7ff0891f-8e0c-4d10-b16c-3e50a56b2c61" CHANGEID="691459529" ISACTIVE="1" LEVELID="10" CREATEDATE="2025-10-30" UPDATEDATE="2025-10-30" /><OBJECT OBJECTID="175595406" OBJECTGUID="9042c75c-2fa9-4f55-a421-47d7c366b375" CHANGEID="691459535" ISACTIVE="1" LEVELID="10" CREATEDATE="2025-10-30" UPDATEDATE="2025-10-30" /><OBJECT OBJECTID="175595407" OBJECTGUID="5ec40514-4d65-4ed0-b8a1-0358a4064e12" CHANGEID="691459538" ISACTIVE="1" LEVELID="10" CREATEDATE="2025-10-30" UPDATEDATE="2025-10-30" /><OBJECT OBJECTID="175595408" OBJECTGUID="914f62a3-c6d8-421c-bfde-fe6ef8699a7a" CHANGEID="691459540" ISACTIVE="1" LEVELID="10" CREATEDATE="2025-10-30" UPDATEDATE="2025-10-30" /><OBJECT OBJECTID="175604362" OBJECTGUID="50d7a886-f1c5-4685-add5-faf0de4b421c" CHANGEID="691474565" ISACTIVE="1" LEVELID="11" CREATEDATE="2025-10-30" UPDATEDATE="2025-10-30" /><OBJECT OBJECTID="171856147" OBJECTGUID="5bbc170f-bb8a-4413-9daa-194bdbf5c2c7" CHANGEID="691483515" ISACTIVE="1" LEVELID="9" CREATEDATE="2025-04-22" UPDATEDATE="2025-10-30" /><OBJECT OBJECTID="175627763" OBJECTGUID="4df4c49a-2635-4d8a-833a-49d0d799d526" CHANGEID="691513220" ISACTIVE="1" LEVELID="10" CREATEDATE="2025-10-31" UPDATEDATE="2025-10-31" /><OBJECT OBJECTID="175635674" OBJECTGUID="a22721fe-79fe-46f2-8861-592c9670e930" CHANGEID="691525693" ISACTIVE="1" LEVELID="9" CREATEDATE="2025-10-31" UPDATEDATE="2025-10-31" /><OBJECT OBJECTID="175635677" OBJECTGUID="997af8ce-b312-4fb4-8159-b26409c79d66" CHANGEID="691525697" ISACTIVE="1" LEVELID="9" CREATEDATE="2025-10-31" UPDATEDATE="2025-10-31" /><OBJECT OBJECTID="175635678" OBJECTGUID="233335df-4d74-4ff9-89cc-756d33dfa95f" CHANGEID="691525698" ISACTIVE="1" LEVELID="11" CREATEDATE="2025-10-31" UPDATEDATE="2025-10-31" /><OBJECT OBJECTID="175635679" OBJECTGUID="9a418996-0d59-4704-acdf-997eba2211fd" CHANGEID="691525699" ISACTIVE="1" LEVELID="11" CREATEDATE="2025-10-31" UPDATEDATE="2025-10-31" /><OBJECT OBJECTID="175635680" OBJECTGUID="b6ab9e0b-099b-4707-bf31-d9bb2a56fca8" CHANGEID="691525700" ISACTIVE="1" LEVELID="11" CREATEDATE="2025-10-31" UPDATEDATE="2025-10-31" /><OBJECT OBJECTID="8324771" OBJECTGUID="4b97954e-7744-4804-bfcf-dd6de1ba8ffa" CHANGEID="691480891" ISACTIVE="1" LEVELID="11" CREATEDATE="2017-01-29" UPDATEDATE="2025-10-30" /><OBJECT OBJECTID="69660662" OBJECTGUID="4134225d-25ba-44c3-aa55-df1fdea84641" CHANGEID="691485822" ISACTIVE="0" LEVELID="10" CREATEDATE="2017-12-18" UPDATEDATE="2025-10-30" /><OBJECT OBJECTID="70954470" OBJECTGUID="53a95226-9e79-4aba-8738-c1137046864d" CHANGEID="691485828" ISACTIVE="1" LEVELID="10" CREATEDATE="2019-12-14" UPDATEDATE="2025-10-30" /></REESTR_OBJECTS>