﻿<?xml version="1.0" encoding="utf-8"?><HOUSES><HOUSE ID="64886488" OBJECTID="2090343" OBJECTGUID="be9e9627-b00a-4a46-a5c3-2e6af48cd17f" CHANGEID="4985368" HOUSENUM="49" HOUSETYPE="2" OPERTYPEID="20" PREVID="392988" NEXTID="129421651" UPDATEDATE="2025-10-30" STARTDATE="2017-01-28" ENDDATE="2025-10-30" ISACTUAL="0" ISACTIVE="0" /><HOUSE ID="65047407" OBJECTID="19427923" OBJECTGUID="c0e859d5-5c84-4f0d-92e3-799893dac391" CHANGEID="30477390" HOUSENUM="395" HOUSETYPE="2" OPERTYPEID="20" PREVID="11253505" NEXTID="129423600" UPDATEDATE="2025-10-30" STARTDATE="2019-07-30" ENDDATE="2025-10-30" ISACTUAL="0" ISACTIVE="0" /><HOUSE ID="4900147" OBJECTID="9430021" OBJECTGUID="cdb0303a-949a-4a3d-bd17-e2b1deb633ff" CHANGEID="15702148" HOUSENUM="50" HOUSETYPE="2" OPERTYPEID="10" PREVID="0" NEXTID="129421611" UPDATEDATE="2025-10-30" STARTDATE="2017-12-05" ENDDATE="2025-10-30" ISACTUAL="0" ISACTIVE="0" /><HOUSE ID="71202406" OBJECTID="100895398" OBJECTGUID="fe13de98-13bb-44a5-ab30-07797128a66e" CHANGEID="191371791" HOUSENUM="336" HOUSETYPE="5" OPERTYPEID="10" PREVID="0" NEXTID="129437758" UPDATEDATE="2025-11-01" STARTDATE="2021-04-10" ENDDATE="2025-11-01" ISACTUAL="0" ISACTIVE="0" /><HOUSE ID="35646958" OBJECTID="59529767" OBJECTGUID="325eab30-4687-41a1-a21c-3d4c0f020486" CHANGEID="88913575" HOUSENUM="318" HOUSETYPE="2" OPERTYPEID="10" PREVID="0" NEXTID="129423272" UPDATEDATE="2025-10-30" STARTDATE="2019-07-19" ENDDATE="2025-10-30" ISACTUAL="0" ISACTIVE="0" /><HOUSE ID="71302383" OBJECTID="8506518" OBJECTGUID="d03460c8-df94-4098-843c-978489491a62" CHANGEID="193142387" HOUSENUM="111" HOUSETYPE="5" OPERTYPEID="20" PREVID="4328317" NEXTID="129431704" UPDATEDATE="2025-10-31" STARTDATE="2021-05-17" ENDDATE="2025-10-31" ISACTUAL="0" ISACTIVE="0" /><HOUSE ID="52810887" OBJECTID="54780544" OBJECTGUID="142dffc9-962a-4e1d-97d3-422d18496daa" CHANGEID="81956503" HOUSENUM="2" HOUSETYPE="2" OPERTYPEID="20" PREVID="32724600" NEXTID="129418047" UPDATEDATE="2025-10-30" STARTDATE="2019-12-26" ENDDATE="2025-10-30" ISACTUAL="0" ISACTIVE="0" /><HOUSE ID="129418162" OBJECTID="175599666" OBJECTGUID="7a577143-0a44-4f71-81ea-d54d2aedd780" CHANGEID="691466995" HOUSENUM="215" HOUSETYPE="2" OPERTYPEID="10" PREVID="0" NEXTID="0" UPDATEDATE="2025-10-30" STARTDATE="2025-10-30" ENDDATE="2079-06-06" ISACTUAL="1" ISACTIVE="1" /><HOUSE ID="129418175" OBJECTID="175599679" OBJECTGUID="2dc288b6-059f-4766-8048-922875a7389a" CHANGEID="691467009" HOUSENUM="78" HOUSETYPE="2" OPERTYPEID="10" PREVID="0" NEXTID="0" UPDATEDATE="2025-10-30" STARTDATE="2025-10-30" ENDDATE="2079-06-06" ISACTUAL="1" ISACTIVE="1" /><HOUSE ID="129418011" OBJECTID="175599505" OBJECTGUID="23758b1a-4256-4fb4-a70b-5eb10136ea10" CHANGEID="691466780" HOUSENUM="15" ADDNUM1="1" HOUSETYPE="5" ADDTYPE1="2" OPERTYPEID="10" PREVID="0" NEXTID="0" UPDATEDATE="2025-10-30" STARTDATE="2025-10-30" ENDDATE="2079-06-06" ISACTUAL="1" ISACTIVE="1" /><HOUSE ID="129418012" OBJECTID="175599506" OBJECTGUID="aa8e355b-05d0-4dc2-928c-2cc7c984543b" CHANGEID="691466781" HOUSENUM="15" HOUSETYPE="2" OPERTYPEID="10" PREVID="0" NEXTID="0" UPDATEDATE="2025-10-30" STARTDATE="2025-10-30" ENDDATE="2079-06-06" ISACTUAL="1" ISACTIVE="1" /><HOUSE ID="129418047" OBJECTID="54780544" OBJECTGUID="142dffc9-962a-4e1d-97d3-422d18496daa" CHANGEID="691466838" HOUSENUM="2б" HOUSETYPE="2" OPERTYPEID="20" PREVID="52810887" UPDATEDATE="2025-10-30" STARTDATE="2025-10-30" ENDDATE="2079-06-06" ISACTUAL="1" ISACTIVE="1" /><HOUSE ID="129418163" OBJECTID="175599667" OBJECTGUID="2c49be79-7257-4840-9f35-5c89988ecae0" CHANGEID="691466996" HOUSENUM="87/94а" HOUSETYPE="2" OPERTYPEID="10" PREVID="0" NEXTID="0" UPDATEDATE="2025-10-30" STARTDATE="2025-10-30" ENDDATE="2079-06-06" ISACTUAL="1" ISACTIVE="1" /><HOUSE ID="129418164" OBJECTID="175599668" OBJECTGUID="1618ec97-b177-43ac-bc32-5bd5dc818e2e" CHANGEID="691466998" HOUSENUM="195" HOUSETYPE="2" OPERTYPEID="10" PREVID="0" NEXTID="0" UPDATEDATE="2025-10-30" STARTDATE="2025-10-30" ENDDATE="2079-06-06" ISACTUAL="1" ISACTIVE="1" /><HOUSE ID="129421611" OBJECTID="9430021" OBJECTGUID="cdb0303a-949a-4a3d-bd17-e2b1deb633ff" CHANGEID="691479825" HOUSENUM="38б/50" HOUSETYPE="2" OPERTYPEID="50" PREVID="4900147" UPDATEDATE="2025-10-30" STARTDATE="2025-10-30" ENDDATE="2079-06-06" ISACTUAL="1" ISACTIVE="1" /><HOUSE ID="129421651" OBJECTID="2090343" OBJECTGUID="be9e9627-b00a-4a46-a5c3-2e6af48cd17f" CHANGEID="691480143" HOUSENUM="49г" HOUSETYPE="5" OPERTYPEID="20" PREVID="64886488" UPDATEDATE="2025-10-30" STARTDATE="2025-10-30" ENDDATE="2079-06-06" ISACTUAL="1" ISACTIVE="1" /><HOUSE ID="129421620" OBJECTID="175607685" OBJECTGUID="e17e3e02-8a1c-46fe-86c0-d5fef72cb65b" CHANGEID="691479848" HOUSENUM="36/27" HOUSETYPE="2" OPERTYPEID="10" PREVID="0" NEXTID="0" UPDATEDATE="2025-10-30" STARTDATE="2025-10-30" ENDDATE="2079-06-06" ISACTUAL="1" ISACTIVE="1" /><HOUSE ID="71259272" OBJECTID="101094369" OBJECTGUID="4b26f3bb-09c5-4377-ac28-5c73e050e00d" CHANGEID="192624280" HOUSENUM="86" HOUSETYPE="5" OPERTYPEID="10" PREVID="0" NEXTID="129421771" UPDATEDATE="2025-10-30" STARTDATE="2021-04-27" ENDDATE="2025-10-30" ISACTUAL="0" ISACTIVE="0" /><HOUSE ID="129421771" OBJECTID="101094369" OBJECTGUID="4b26f3bb-09c5-4377-ac28-5c73e050e00d" CHANGEID="691480584" HOUSENUM="86" HOUSETYPE="2" OPERTYPEID="20" PREVID="71259272" UPDATEDATE="2025-10-30" STARTDATE="2025-10-30" ENDDATE="2079-06-06" ISACTUAL="1" ISACTIVE="1" /><HOUSE ID="71212509" OBJECTID="100936784" OBJECTGUID="bb2d5b26-1c2e-4ba8-aa4d-7441a64031c2" CHANGEID="191499564" HOUSENUM="105" HOUSETYPE="5" OPERTYPEID="10" PREVID="0" NEXTID="129422364" UPDATEDATE="2025-10-30" STARTDATE="2021-04-13" ENDDATE="2025-10-30" ISACTUAL="0" ISACTIVE="0" /><HOUSE ID="129422364" OBJECTID="100936784" OBJECTGUID="bb2d5b26-1c2e-4ba8-aa4d-7441a64031c2" CHANGEID="691482331" HOUSENUM="105" HOUSETYPE="2" OPERTYPEID="20" PREVID="71212509" UPDATEDATE="2025-10-30" STARTDATE="2025-10-30" ENDDATE="2079-06-06" ISACTUAL="1" ISACTIVE="1" /><HOUSE ID="129422372" OBJECTID="175609211" OBJECTGUID="309c4ad4-1a4f-412d-b7d1-f9d3b3a4d2b8" CHANGEID="691482403" HOUSENUM="8" HOUSETYPE="2" OPERTYPEID="10" PREVID="0" NEXTID="0" UPDATEDATE="2025-10-30" STARTDATE="2025-10-30" ENDDATE="2079-06-06" ISACTUAL="1" ISACTIVE="1" /><HOUSE ID="129422432" OBJECTID="175609412" OBJECTGUID="e296d0ee-b0d2-4290-b349-0dbfc2c27e99" CHANGEID="691482808" HOUSENUM="96/198" HOUSETYPE="2" OPERTYPEID="10" PREVID="0" NEXTID="0" UPDATEDATE="2025-10-30" STARTDATE="2025-10-30" ENDDATE="2079-06-06" ISACTUAL="1" ISACTIVE="1" /><HOUSE ID="71233121" OBJECTID="101006202" OBJECTGUID="55014348-c0a0-4caf-b6f4-80acad5b2acb" CHANGEID="191816231" HOUSENUM="23" HOUSETYPE="5" OPERTYPEID="10" PREVID="0" NEXTID="129423275" UPDATEDATE="2025-10-30" STARTDATE="2021-04-20" ENDDATE="2025-10-30" ISACTUAL="0" ISACTIVE="0" /><HOUSE ID="129423275" OBJECTID="101006202" OBJECTGUID="55014348-c0a0-4caf-b6f4-80acad5b2acb" CHANGEID="691486345" HOUSENUM="31а" HOUSETYPE="2" OPERTYPEID="50" PREVID="71233121" UPDATEDATE="2025-10-30" STARTDATE="2025-10-30" ENDDATE="2079-06-06" ISACTUAL="1" ISACTIVE="1" /><HOUSE ID="129423281" OBJECTID="175611252" OBJECTGUID="d5608c72-7157-4199-876f-16babb3a1db0" CHANGEID="691486364" HOUSENUM="112/14" HOUSETYPE="2" OPERTYPEID="10" PREVID="0" NEXTID="0" UPDATEDATE="2025-10-30" STARTDATE="2025-10-30" ENDDATE="2079-06-06" ISACTUAL="1" ISACTIVE="1" /><HOUSE ID="129423272" OBJECTID="59529767" OBJECTGUID="325eab30-4687-41a1-a21c-3d4c0f020486" CHANGEID="691486332" HOUSENUM="41/316" HOUSETYPE="2" OPERTYPEID="50" PREVID="35646958" UPDATEDATE="2025-10-30" STARTDATE="2025-10-30" ENDDATE="2079-06-06" ISACTUAL="1" ISACTIVE="1" /><HOUSE ID="129423279" OBJECTID="175611248" OBJECTGUID="e4d7d432-2853-437f-903a-7610b9b3c0f5" CHANGEID="691486359" HOUSENUM="49а" HOUSETYPE="2" OPERTYPEID="10" PREVID="0" NEXTID="0" UPDATEDATE="2025-10-30" STARTDATE="2025-10-30" ENDDATE="2079-06-06" ISACTUAL="1" ISACTIVE="1" /><HOUSE ID="129423600" OBJECTID="19427923" OBJECTGUID="c0e859d5-5c84-4f0d-92e3-799893dac391" CHANGEID="691487495" HOUSENUM="20/395" HOUSETYPE="2" OPERTYPEID="50" PREVID="65047407" UPDATEDATE="2025-10-30" STARTDATE="2025-10-30" ENDDATE="2079-06-06" ISACTUAL="1" ISACTIVE="1" /><HOUSE ID="129423601" OBJECTID="175611737" OBJECTGUID="ac5ec47e-0994-4100-af01-98a10b1f00eb" CHANGEID="691487500" HOUSENUM="1" HOUSETYPE="2" OPERTYPEID="10" PREVID="0" NEXTID="0" UPDATEDATE="2025-10-30" STARTDATE="2025-10-30" ENDDATE="2079-06-06" ISACTUAL="1" ISACTIVE="1" /><HOUSE ID="129428312" OBJECTID="175627369" OBJECTGUID="266bcaf6-effb-4678-8a98-c663f6ecc228" CHANGEID="691512443" HOUSENUM="90" HOUSETYPE="2" OPERTYPEID="10" PREVID="0" NEXTID="0" UPDATEDATE="2025-10-31" STARTDATE="2025-10-31" ENDDATE="2079-06-06" ISACTUAL="1" ISACTIVE="1" /><HOUSE ID="71259484" OBJECTID="101094600" OBJECTGUID="20bc7cf0-10e8-4e42-be95-93075ab0ba26" CHANGEID="192624540" HOUSENUM="3" HOUSETYPE="5" OPERTYPEID="10" PREVID="0" NEXTID="129429885" UPDATEDATE="2025-10-31" STARTDATE="2021-04-27" ENDDATE="2025-10-31" ISACTUAL="0" ISACTIVE="0" /><HOUSE ID="129429885" OBJECTID="101094600" OBJECTGUID="20bc7cf0-10e8-4e42-be95-93075ab0ba26" CHANGEID="691519629" HOUSENUM="3" HOUSETYPE="2" OPERTYPEID="20" PREVID="71259484" UPDATEDATE="2025-10-31" STARTDATE="2025-10-31" ENDDATE="2079-06-06" ISACTUAL="1" ISACTIVE="1" /><HOUSE ID="4780395" OBJECTID="9228138" OBJECTGUID="6e198c13-e328-4c0f-9c04-af9dc9e49827" CHANGEID="15410494" HOUSENUM="143" HOUSETYPE="2" OPERTYPEID="10" PREVID="0" NEXTID="129431564" UPDATEDATE="2025-10-31" STARTDATE="2017-01-29" ENDDATE="2025-10-31" ISACTUAL="0" ISACTIVE="0" /><HOUSE ID="129431564" OBJECTID="9228138" OBJECTGUID="6e198c13-e328-4c0f-9c04-af9dc9e49827" CHANGEID="691529674" HOUSENUM="81б/143" HOUSETYPE="2" OPERTYPEID="50" PREVID="4780395" UPDATEDATE="2025-10-31" STARTDATE="2025-10-31" ENDDATE="2079-06-06" ISACTUAL="1" ISACTIVE="1" /><HOUSE ID="129431569" OBJECTID="175638238" OBJECTGUID="8b617018-baca-4734-addc-9d51e5172c9e" CHANGEID="691529697" HOUSENUM="81/20" HOUSETYPE="2" OPERTYPEID="10" PREVID="0" NEXTID="0" UPDATEDATE="2025-10-31" STARTDATE="2025-10-31" ENDDATE="2079-06-06" ISACTUAL="1" ISACTIVE="1" /><HOUSE ID="129431572" OBJECTID="175638242" OBJECTGUID="575b93eb-8cb1-4dab-a887-d4198d895bbf" CHANGEID="691529707" HOUSENUM="28а/15" HOUSETYPE="2" OPERTYPEID="10" PREVID="0" NEXTID="0" UPDATEDATE="2025-10-31" STARTDATE="2025-10-31" ENDDATE="2079-06-06" ISACTUAL="1" ISACTIVE="1" /><HOUSE ID="40644857" OBJECTID="67481093" OBJECTGUID="feac426a-355c-4ab0-be03-714e7ad9dd02" CHANGEID="100604192" HOUSENUM="4" HOUSETYPE="2" OPERTYPEID="10" PREVID="0" NEXTID="129431576" UPDATEDATE="2025-10-31" STARTDATE="2018-05-28" ENDDATE="2025-10-31" ISACTUAL="0" ISACTIVE="0" /><HOUSE ID="129431576" OBJECTID="67481093" OBJECTGUID="feac426a-355c-4ab0-be03-714e7ad9dd02" CHANGEID="691529731" HOUSENUM="76/4" HOUSETYPE="2" OPERTYPEID="50" PREVID="40644857" UPDATEDATE="2025-10-31" STARTDATE="2025-10-31" ENDDATE="2079-06-06" ISACTUAL="1" ISACTIVE="1" /><HOUSE ID="129431704" OBJECTID="8506518" OBJECTGUID="d03460c8-df94-4098-843c-978489491a62" CHANGEID="691530456" HOUSENUM="89а/111" HOUSETYPE="2" OPERTYPEID="50" PREVID="71302383" UPDATEDATE="2025-10-31" STARTDATE="2025-10-31" ENDDATE="2079-06-06" ISACTUAL="1" ISACTIVE="1" /><HOUSE ID="129437084" OBJECTID="175659657" OBJECTGUID="40e2442c-22ee-492a-8a45-021ba27fd740" CHANGEID="691579645" HOUSENUM="54" HOUSETYPE="2" OPERTYPEID="10" PREVID="0" NEXTID="0" UPDATEDATE="2025-11-01" STARTDATE="2025-11-01" ENDDATE="2079-06-06" ISACTUAL="1" ISACTIVE="1" /><HOUSE ID="129437087" OBJECTID="175659662" OBJECTGUID="68d4fe33-3f27-4950-9b43-186ef252221c" CHANGEID="691579650" HOUSENUM="43" HOUSETYPE="2" OPERTYPEID="10" PREVID="0" NEXTID="0" UPDATEDATE="2025-11-01" STARTDATE="2025-11-01" ENDDATE="2079-06-06" ISACTUAL="1" ISACTIVE="1" /><HOUSE ID="129437090" OBJECTID="175659665" OBJECTGUID="5f831875-d8e8-4a7f-94ee-de79bcebe270" CHANGEID="691579654" HOUSENUM="60/79" HOUSETYPE="2" OPERTYPEID="10" PREVID="0" NEXTID="0" UPDATEDATE="2025-11-01" STARTDATE="2025-11-01" ENDDATE="2079-06-06" ISACTUAL="1" ISACTIVE="1" /><HOUSE ID="129437083" OBJECTID="175659649" OBJECTGUID="f59f4d70-d069-441e-9ba7-54b7909ff7f7" CHANGEID="691579634" HOUSENUM="96" HOUSETYPE="2" OPERTYPEID="10" PREVID="0" NEXTID="0" UPDATEDATE="2025-11-01" STARTDATE="2025-11-01" ENDDATE="2079-06-06" ISACTUAL="1" ISACTIVE="1" /><HOUSE ID="129437085" OBJECTID="175659658" OBJECTGUID="335ad995-3a24-4a46-a4a8-ffc43d1096d1" CHANGEID="691579646" HOUSENUM="70" HOUSETYPE="2" OPERTYPEID="10" PREVID="0" NEXTID="0" UPDATEDATE="2025-11-01" STARTDATE="2025-11-01" ENDDATE="2079-06-06" ISACTUAL="1" ISACTIVE="1" /><HOUSE ID="129437088" OBJECTID="175659663" OBJECTGUID="0434abbc-ce9a-463d-9874-0f59fa3d5379" CHANGEID="691579651" HOUSENUM="152" HOUSETYPE="2" OPERTYPEID="10" PREVID="0" NEXTID="0" UPDATEDATE="2025-11-01" STARTDATE="2025-11-01" ENDDATE="2079-06-06" ISACTUAL="1" ISACTIVE="1" /><HOUSE ID="129437093" OBJECTID="175659668" OBJECTGUID="b3eecfc8-25c6-4256-a62b-ae2b043a352b" CHANGEID="691579659" HOUSENUM="49" HOUSETYPE="2" OPERTYPEID="10" PREVID="0" NEXTID="0" UPDATEDATE="2025-11-01" STARTDATE="2025-11-01" ENDDATE="2079-06-06" ISACTUAL="1" ISACTIVE="1" /><HOUSE ID="125026444" OBJECTID="77641217" OBJECTGUID="4f14ee8d-73c0-4544-b04a-69262befcad9" CHANGEID="568490860" HOUSENUM="12" ADDNUM1="2" HOUSETYPE="5" ADDTYPE1="2" OPERTYPEID="20" PREVID="56982241" NEXTID="129437104" UPDATEDATE="2025-11-01" STARTDATE="2023-10-26" ENDDATE="2025-11-01" ISACTUAL="0" ISACTIVE="0" /><HOUSE ID="129437104" OBJECTID="77641217" OBJECTGUID="4f14ee8d-73c0-4544-b04a-69262befcad9" CHANGEID="691579752" HOUSENUM="12" ADDNUM1="2" HOUSETYPE="2" ADDTYPE1="2" OPERTYPEID="20" PREVID="125026444" UPDATEDATE="2025-11-01" STARTDATE="2025-11-01" ENDDATE="2079-06-06" ISACTUAL="1" ISACTIVE="1" /><HOUSE ID="4388418" OBJECTID="8598521" OBJECTGUID="d0aba44a-9ada-416e-8679-8bf731227f10" CHANGEID="14488664" HOUSENUM="8" HOUSETYPE="2" OPERTYPEID="10" PREVID="0" NEXTID="129437627" UPDATEDATE="2025-11-01" STARTDATE="2018-05-19" ENDDATE="2025-11-01" ISACTUAL="0" ISACTIVE="0" /><HOUSE ID="129437627" OBJECTID="8598521" OBJECTGUID="d0aba44a-9ada-416e-8679-8bf731227f10" CHANGEID="691582476" HOUSENUM="7б" HOUSETYPE="2" OPERTYPEID="20" PREVID="4388418" UPDATEDATE="2025-11-01" STARTDATE="2025-11-01" ENDDATE="2079-06-06" ISACTUAL="1" ISACTIVE="1" /><HOUSE ID="129437703" OBJECTID="175661656" OBJECTGUID="579cd1fd-1a00-4c16-97ee-b07db896e943" CHANGEID="691582701" HOUSENUM="89а" HOUSETYPE="5" OPERTYPEID="10" PREVID="0" NEXTID="0" UPDATEDATE="2025-11-01" STARTDATE="2025-11-01" ENDDATE="2079-06-06" ISACTUAL="1" ISACTIVE="1" /><HOUSE ID="129437758" OBJECTID="100895398" OBJECTGUID="fe13de98-13bb-44a5-ab30-07797128a66e" CHANGEID="691582912" HOUSENUM="120/336" ADDNUM1="1" HOUSETYPE="2" ADDTYPE1="2" OPERTYPEID="50" PREVID="71202406" UPDATEDATE="2025-11-01" STARTDATE="2025-11-01" ENDDATE="2079-06-06" ISACTUAL="1" ISACTIVE="1" /></HOUSES>