﻿<?xml version="1.0" encoding="utf-8"?><REESTR_OBJECTS><OBJECT OBJECTID="45020076" OBJECTGUID="e04e26f7-f641-41f5-b9c6-4d99c4ab70fa" CHANGEID="691519829" ISACTIVE="1" LEVELID="10" CREATEDATE="2019-07-10" UPDATEDATE="2025-10-31" /><OBJECT OBJECTID="87130404" OBJECTGUID="4c06cef4-6ef1-487c-9d9d-01b4a38042bd" CHANGEID="691529661" ISACTIVE="0" LEVELID="9" CREATEDATE="2018-10-02" UPDATEDATE="2025-10-31" /><OBJECT OBJECTID="6614686" OBJECTGUID="bb487cd0-5bf1-43fc-8f32-db4dd1564f2f" CHANGEID="691585621" ISACTIVE="1" LEVELID="10" CREATEDATE="2019-07-10" UPDATEDATE="2025-11-01" /><OBJECT OBJECTID="52467431" OBJECTGUID="310e210e-4761-4e3e-a224-674fa45f2946" CHANGEID="691468405" ISACTIVE="1" LEVELID="10" CREATEDATE="2017-04-25" UPDATEDATE="2025-10-30" /><OBJECT OBJECTID="67481093" OBJECTGUID="feac426a-355c-4ab0-be03-714e7ad9dd02" CHANGEID="691529731" ISACTIVE="1" LEVELID="10" CREATEDATE="2018-05-28" UPDATEDATE="2025-10-31" /><OBJECT OBJECTID="103603806" OBJECTGUID="cf8dc372-a077-4708-bcb5-912b1dd89ffc" CHANGEID="691467113" ISACTIVE="0" LEVELID="11" CREATEDATE="2022-01-31" UPDATEDATE="2025-10-30" /><OBJECT OBJECTID="51961404" OBJECTGUID="e297f527-0289-4b94-af90-7a8d41ae0ac0" CHANGEID="691468149" ISACTIVE="1" LEVELID="10" CREATEDATE="2019-12-25" UPDATEDATE="2025-10-30" /><OBJECT OBJECTID="86082609" OBJECTGUID="de04af0d-2682-497d-91fb-7a9469d32ada" CHANGEID="691482316" ISACTIVE="1" LEVELID="9" CREATEDATE="2018-08-16" UPDATEDATE="2025-10-30" /><OBJECT OBJECTID="91865758" OBJECTGUID="89a25aa1-0087-43bc-9555-8a2798ef20a8" CHANGEID="691467024" ISACTIVE="1" LEVELID="9" CREATEDATE="2018-12-21" UPDATEDATE="2025-10-30" /><OBJECT OBJECTID="86763116" OBJECTGUID="1fcf3391-b8ff-4995-b6ff-0de8f679d801" CHANGEID="691486368" ISACTIVE="1" LEVELID="9" CREATEDATE="2019-03-25" UPDATEDATE="2025-10-30" /><OBJECT OBJECTID="79689988" OBJECTGUID="236a849d-3c84-4d97-8e5f-5bb030134313" CHANGEID="691577319" ISACTIVE="1" LEVELID="10" CREATEDATE="2019-07-10" UPDATEDATE="2025-11-01" /><OBJECT OBJECTID="77641217" OBJECTGUID="4f14ee8d-73c0-4544-b04a-69262befcad9" CHANGEID="691585579" ISACTIVE="1" LEVELID="10" CREATEDATE="2019-07-10" UPDATEDATE="2025-11-01" /><OBJECT OBJECTID="103253270" OBJECTGUID="0cfb02c0-f3e0-46b2-8159-0cbaed6d7af3" CHANGEID="691467107" ISACTIVE="0" LEVELID="11" CREATEDATE="2021-12-16" UPDATEDATE="2025-10-30" /><OBJECT OBJECTID="103253279" OBJECTGUID="fff3f335-0c1a-4c47-a5c4-2af2c3f9e38f" CHANGEID="691467108" ISACTIVE="0" LEVELID="11" CREATEDATE="2021-12-16" UPDATEDATE="2025-10-30" /><OBJECT OBJECTID="103253281" OBJECTGUID="87675c58-13c9-463a-a8a1-c313d771c55c" CHANGEID="691467111" ISACTIVE="0" LEVELID="11" CREATEDATE="2021-12-16" UPDATEDATE="2025-10-30" /><OBJECT OBJECTID="101650808" OBJECTGUID="1eaaba20-33d5-42e8-81b1-973e5ecaffa2" CHANGEID="691479466" ISACTIVE="1" LEVELID="10" CREATEDATE="2021-06-24" UPDATEDATE="2025-10-30" /><OBJECT OBJECTID="83057806" OBJECTGUID="b08a46d9-d07f-405e-a292-e0c36dfad510" CHANGEID="691479411" ISACTIVE="1" LEVELID="10" CREATEDATE="2019-07-10" UPDATEDATE="2025-10-30" /><OBJECT OBJECTID="93373376" OBJECTGUID="5a79c39e-5701-42fc-b408-cc6eec6b5837" CHANGEID="691466779" ISACTIVE="1" LEVELID="9" CREATEDATE="2018-11-12" UPDATEDATE="2025-10-30" /><OBJECT OBJECTID="175599505" OBJECTGUID="23758b1a-4256-4fb4-a70b-5eb10136ea10" CHANGEID="691466780" ISACTIVE="1" LEVELID="10" CREATEDATE="2025-10-30" UPDATEDATE="2025-10-30" /><OBJECT OBJECTID="175599506" OBJECTGUID="aa8e355b-05d0-4dc2-928c-2cc7c984543b" CHANGEID="691466781" ISACTIVE="1" LEVELID="10" CREATEDATE="2025-10-30" UPDATEDATE="2025-10-30" /><OBJECT OBJECTID="175599540" OBJECTGUID="285ecd25-7490-41a1-a1b6-dbf1666092cf" CHANGEID="691466816" ISACTIVE="1" LEVELID="12" CREATEDATE="2025-10-30" UPDATEDATE="2025-10-30" /><OBJECT OBJECTID="175599545" OBJECTGUID="9168245c-d65a-43c5-813e-d76a1d5c74bc" CHANGEID="691466820" ISACTIVE="1" LEVELID="12" CREATEDATE="2025-10-30" UPDATEDATE="2025-10-30" /><OBJECT OBJECTID="175599546" OBJECTGUID="cf90a27e-7a86-4ab1-b825-013fa6a98218" CHANGEID="691466821" ISACTIVE="1" LEVELID="12" CREATEDATE="2025-10-30" UPDATEDATE="2025-10-30" /><OBJECT OBJECTID="175599547" OBJECTGUID="85b47c64-8195-41e7-a48d-f9563109a30f" CHANGEID="691466822" ISACTIVE="1" LEVELID="12" CREATEDATE="2025-10-30" UPDATEDATE="2025-10-30" /><OBJECT OBJECTID="175599549" OBJECTGUID="1a155208-71a3-41a6-9454-cbc413a64f7d" CHANGEID="691466840" ISACTIVE="1" LEVELID="12" CREATEDATE="2025-10-30" UPDATEDATE="2025-10-30" /><OBJECT OBJECTID="175599550" OBJECTGUID="9f1d01eb-a502-4f40-ab4e-61ee170baa25" CHANGEID="691466841" ISACTIVE="1" LEVELID="12" CREATEDATE="2025-10-30" UPDATEDATE="2025-10-30" /><OBJECT OBJECTID="175599551" OBJECTGUID="ea47c534-91a2-42b4-9c7d-e8e8b25063dd" CHANGEID="691466842" ISACTIVE="1" LEVELID="12" CREATEDATE="2025-10-30" UPDATEDATE="2025-10-30" /><OBJECT OBJECTID="175599552" OBJECTGUID="aef48760-97e7-466e-882f-36006535d389" CHANGEID="691466843" ISACTIVE="1" LEVELID="12" CREATEDATE="2025-10-30" UPDATEDATE="2025-10-30" /><OBJECT OBJECTID="175599554" OBJECTGUID="ca3e28f8-14ed-4e50-91b8-f25b5c15ca32" CHANGEID="691466845" ISACTIVE="1" LEVELID="12" CREATEDATE="2025-10-30" UPDATEDATE="2025-10-30" /><OBJECT OBJECTID="175599555" OBJECTGUID="9ccb66d2-9f5d-42af-8276-8438cc8644ef" CHANGEID="691466846" ISACTIVE="1" LEVELID="12" CREATEDATE="2025-10-30" UPDATEDATE="2025-10-30" /><OBJECT OBJECTID="175599556" OBJECTGUID="3db1869b-2927-483c-805b-6def934df61a" CHANGEID="691466847" ISACTIVE="1" LEVELID="12" CREATEDATE="2025-10-30" UPDATEDATE="2025-10-30" /><OBJECT OBJECTID="175599557" OBJECTGUID="449b0ec1-706f-4d4c-a3f2-a5c69f439626" CHANGEID="691466848" ISACTIVE="1" LEVELID="12" CREATEDATE="2025-10-30" UPDATEDATE="2025-10-30" /><OBJECT OBJECTID="175599607" OBJECTGUID="3ef03b7d-a891-45db-808b-1fd518480a98" CHANGEID="691466906" ISACTIVE="1" LEVELID="12" CREATEDATE="2025-10-30" UPDATEDATE="2025-10-30" /><OBJECT OBJECTID="175599610" OBJECTGUID="f79daf7c-1624-400e-94d3-38867d987aa9" CHANGEID="691466908" ISACTIVE="1" LEVELID="12" CREATEDATE="2025-10-30" UPDATEDATE="2025-10-30" /><OBJECT OBJECTID="175599611" OBJECTGUID="39250d6c-0f07-439e-b1f6-f599d15a6829" CHANGEID="691466910" ISACTIVE="1" LEVELID="12" CREATEDATE="2025-10-30" UPDATEDATE="2025-10-30" /><OBJECT OBJECTID="175599612" OBJECTGUID="ee7d1493-7f49-4d47-98e2-deaec46e25aa" CHANGEID="691466911" ISACTIVE="1" LEVELID="12" CREATEDATE="2025-10-30" UPDATEDATE="2025-10-30" /><OBJECT OBJECTID="175599614" OBJECTGUID="dcddad43-4942-42fd-97a5-f5892c469026" CHANGEID="691466913" ISACTIVE="1" LEVELID="12" CREATEDATE="2025-10-30" UPDATEDATE="2025-10-30" /><OBJECT OBJECTID="175599666" OBJECTGUID="7a577143-0a44-4f71-81ea-d54d2aedd780" CHANGEID="691466995" ISACTIVE="1" LEVELID="10" CREATEDATE="2025-10-30" UPDATEDATE="2025-10-30" /><OBJECT OBJECTID="175599667" OBJECTGUID="2c49be79-7257-4840-9f35-5c89988ecae0" CHANGEID="691466996" ISACTIVE="1" LEVELID="10" CREATEDATE="2025-10-30" UPDATEDATE="2025-10-30" /><OBJECT OBJECTID="175599668" OBJECTGUID="1618ec97-b177-43ac-bc32-5bd5dc818e2e" CHANGEID="691466998" ISACTIVE="1" LEVELID="10" CREATEDATE="2025-10-30" UPDATEDATE="2025-10-30" /><OBJECT OBJECTID="175599679" OBJECTGUID="2dc288b6-059f-4766-8048-922875a7389a" CHANGEID="691467009" ISACTIVE="1" LEVELID="10" CREATEDATE="2025-10-30" UPDATEDATE="2025-10-30" /><OBJECT OBJECTID="56408290" OBJECTGUID="a0bf46bd-694b-4029-bef0-6143865ee392" CHANGEID="691467062" ISACTIVE="1" LEVELID="10" CREATEDATE="2018-12-21" UPDATEDATE="2025-10-30" /><OBJECT OBJECTID="103253260" OBJECTGUID="cd426891-4d9e-48ea-b0eb-ee84075f40de" CHANGEID="691467100" ISACTIVE="0" LEVELID="11" CREATEDATE="2021-12-16" UPDATEDATE="2025-10-30" /><OBJECT OBJECTID="103253262" OBJECTGUID="500b76dd-de90-4b0c-a9fe-72d4920017d9" CHANGEID="691467101" ISACTIVE="0" LEVELID="11" CREATEDATE="2021-12-16" UPDATEDATE="2025-10-30" /><OBJECT OBJECTID="103253263" OBJECTGUID="56b0eef8-51aa-4bf6-a83b-ed30769190b8" CHANGEID="691467102" ISACTIVE="0" LEVELID="11" CREATEDATE="2021-12-16" UPDATEDATE="2025-10-30" /><OBJECT OBJECTID="103253264" OBJECTGUID="8263d9be-e912-4db5-ad0f-a18107ab8f55" CHANGEID="691467103" ISACTIVE="0" LEVELID="11" CREATEDATE="2021-12-16" UPDATEDATE="2025-10-30" /><OBJECT OBJECTID="103253265" OBJECTGUID="85ede59e-c54a-4e99-9038-dcffd5c16736" CHANGEID="691467104" ISACTIVE="0" LEVELID="11" CREATEDATE="2021-12-16" UPDATEDATE="2025-10-30" /><OBJECT OBJECTID="103253266" OBJECTGUID="95672f71-b79b-4ee7-9753-fbc343cffebb" CHANGEID="691467105" ISACTIVE="0" LEVELID="11" CREATEDATE="2021-12-16" UPDATEDATE="2025-10-30" /><OBJECT OBJECTID="103253267" OBJECTGUID="714c0302-0424-4492-83b4-fe175f10aec9" CHANGEID="691467106" ISACTIVE="0" LEVELID="11" CREATEDATE="2021-12-16" UPDATEDATE="2025-10-30" /><OBJECT OBJECTID="103253280" OBJECTGUID="f3198595-5180-4f82-8757-9b48f511d967" CHANGEID="691467110" ISACTIVE="0" LEVELID="11" CREATEDATE="2021-12-16" UPDATEDATE="2025-10-30" /><OBJECT OBJECTID="103253282" OBJECTGUID="49075247-8ee0-424b-9c32-e299a5f618e6" CHANGEID="691467112" ISACTIVE="0" LEVELID="11" CREATEDATE="2021-12-16" UPDATEDATE="2025-10-30" /><OBJECT OBJECTID="175607971" OBJECTGUID="9a6d0d05-5cc6-4373-b6fc-d12feb3e6404" CHANGEID="691480177" ISACTIVE="1" LEVELID="9" CREATEDATE="2025-10-30" UPDATEDATE="2025-10-30" /><OBJECT OBJECTID="175607972" OBJECTGUID="eb3d410c-2334-414c-a693-8765039792b6" CHANGEID="691480178" ISACTIVE="1" LEVELID="9" CREATEDATE="2025-10-30" UPDATEDATE="2025-10-30" /><OBJECT OBJECTID="175609155" OBJECTGUID="9f108925-1800-474c-b660-79770ea364c8" CHANGEID="691482339" ISACTIVE="1" LEVELID="9" CREATEDATE="2025-10-30" UPDATEDATE="2025-10-30" /><OBJECT OBJECTID="175609211" OBJECTGUID="309c4ad4-1a4f-412d-b7d1-f9d3b3a4d2b8" CHANGEID="691482403" ISACTIVE="1" LEVELID="10" CREATEDATE="2025-10-30" UPDATEDATE="2025-10-30" /><OBJECT OBJECTID="175609364" OBJECTGUID="75cd1a09-af00-49a6-b78c-803bbe4577f2" CHANGEID="691482748" ISACTIVE="1" LEVELID="9" CREATEDATE="2025-10-30" UPDATEDATE="2025-10-30" /><OBJECT OBJECTID="175609412" OBJECTGUID="e296d0ee-b0d2-4290-b349-0dbfc2c27e99" CHANGEID="691482808" ISACTIVE="1" LEVELID="10" CREATEDATE="2025-10-30" UPDATEDATE="2025-10-30" /><OBJECT OBJECTID="100848147" OBJECTGUID="8093cfcb-5555-40c6-8e57-a22709edc7f8" CHANGEID="691479414" ISACTIVE="1" LEVELID="10" CREATEDATE="2021-04-07" UPDATEDATE="2025-10-30" /><OBJECT OBJECTID="48043361" OBJECTGUID="b2819626-04c9-4af6-9a97-14bf353ace54" CHANGEID="691479769" ISACTIVE="1" LEVELID="10" CREATEDATE="2015-06-30" UPDATEDATE="2025-10-30" /><OBJECT OBJECTID="175607645" OBJECTGUID="9ba5ffc8-18f0-47fa-acf5-75a9a89c8c35" CHANGEID="691479773" ISACTIVE="1" LEVELID="9" CREATEDATE="2025-10-30" UPDATEDATE="2025-10-30" /><OBJECT OBJECTID="175607685" OBJECTGUID="e17e3e02-8a1c-46fe-86c0-d5fef72cb65b" CHANGEID="691479848" ISACTIVE="1" LEVELID="10" CREATEDATE="2025-10-30" UPDATEDATE="2025-10-30" /><OBJECT OBJECTID="175611232" OBJECTGUID="fda62eb7-2db1-47ab-b988-5fed2e19057a" CHANGEID="691486334" ISACTIVE="1" LEVELID="9" CREATEDATE="2025-10-30" UPDATEDATE="2025-10-30" /><OBJECT OBJECTID="175611241" OBJECTGUID="b89513a4-cf38-4171-aa4b-e98d7511eb59" CHANGEID="691486349" ISACTIVE="1" LEVELID="9" CREATEDATE="2025-10-30" UPDATEDATE="2025-10-30" /><OBJECT OBJECTID="82764976" OBJECTGUID="c436a62e-5b93-4439-8b7d-cf399a040785" CHANGEID="691486353" ISACTIVE="1" LEVELID="10" CREATEDATE="2019-07-10" UPDATEDATE="2025-10-30" /><OBJECT OBJECTID="175611245" OBJECTGUID="b40e5708-eb22-4f9c-909a-826376488f11" CHANGEID="691486354" ISACTIVE="1" LEVELID="9" CREATEDATE="2025-10-30" UPDATEDATE="2025-10-30" /><OBJECT OBJECTID="175611248" OBJECTGUID="e4d7d432-2853-437f-903a-7610b9b3c0f5" CHANGEID="691486359" ISACTIVE="1" LEVELID="10" CREATEDATE="2025-10-30" UPDATEDATE="2025-10-30" /><OBJECT OBJECTID="175611252" OBJECTGUID="d5608c72-7157-4199-876f-16babb3a1db0" CHANGEID="691486364" ISACTIVE="1" LEVELID="10" CREATEDATE="2025-10-30" UPDATEDATE="2025-10-30" /><OBJECT OBJECTID="175611735" OBJECTGUID="7b2af95d-ddf8-4a9b-ab3a-f50ff1debe3c" CHANGEID="691487497" ISACTIVE="1" LEVELID="11" CREATEDATE="2025-10-30" UPDATEDATE="2025-10-30" /><OBJECT OBJECTID="175611737" OBJECTGUID="ac5ec47e-0994-4100-af01-98a10b1f00eb" CHANGEID="691487500" ISACTIVE="1" LEVELID="10" CREATEDATE="2025-10-30" UPDATEDATE="2025-10-30" /><OBJECT OBJECTID="175611781" OBJECTGUID="daf59e65-05f1-4759-bfc7-94392d1eddd3" CHANGEID="691487563" ISACTIVE="1" LEVELID="12" CREATEDATE="2025-10-30" UPDATEDATE="2025-10-30" /><OBJECT OBJECTID="175611782" OBJECTGUID="009cd642-9519-46e6-af32-a92db45ef389" CHANGEID="691487564" ISACTIVE="1" LEVELID="12" CREATEDATE="2025-10-30" UPDATEDATE="2025-10-30" /><OBJECT OBJECTID="175611783" OBJECTGUID="b2e86f11-ab6e-480e-9079-fe0a4b798694" CHANGEID="691487565" ISACTIVE="1" LEVELID="12" CREATEDATE="2025-10-30" UPDATEDATE="2025-10-30" /><OBJECT OBJECTID="175611790" OBJECTGUID="ae325702-4705-4b97-a778-d2a3583c583f" CHANGEID="691487574" ISACTIVE="1" LEVELID="12" CREATEDATE="2025-10-30" UPDATEDATE="2025-10-30" /><OBJECT OBJECTID="175611791" OBJECTGUID="4ed9027d-f15c-449f-b020-3d6e43b2c6b9" CHANGEID="691487576" ISACTIVE="1" LEVELID="12" CREATEDATE="2025-10-30" UPDATEDATE="2025-10-30" /><OBJECT OBJECTID="175611794" OBJECTGUID="57742d87-4ad5-4b69-8369-60401a200ac2" CHANGEID="691487579" ISACTIVE="1" LEVELID="12" CREATEDATE="2025-10-30" UPDATEDATE="2025-10-30" /><OBJECT OBJECTID="175611795" OBJECTGUID="af8b5713-7e5f-4e0a-bdad-a65ee23522a5" CHANGEID="691487580" ISACTIVE="1" LEVELID="12" CREATEDATE="2025-10-30" UPDATEDATE="2025-10-30" /><OBJECT OBJECTID="175611796" OBJECTGUID="f55eb514-2bf2-4341-a715-5a0fa659b4e8" CHANGEID="691487581" ISACTIVE="1" LEVELID="12" CREATEDATE="2025-10-30" UPDATEDATE="2025-10-30" /><OBJECT OBJECTID="175611797" OBJECTGUID="8c071a52-fd58-4ad7-b805-9489e3fc8f2b" CHANGEID="691487582" ISACTIVE="1" LEVELID="12" CREATEDATE="2025-10-30" UPDATEDATE="2025-10-30" /><OBJECT OBJECTID="175611798" OBJECTGUID="ad8d699e-b122-47b2-aef1-4e497a4bf1ee" CHANGEID="691487583" ISACTIVE="1" LEVELID="12" CREATEDATE="2025-10-30" UPDATEDATE="2025-10-30" /><OBJECT OBJECTID="175611820" OBJECTGUID="cffff83c-f0e3-43ad-a905-32cd4cd72ab1" CHANGEID="691487606" ISACTIVE="1" LEVELID="12" CREATEDATE="2025-10-30" UPDATEDATE="2025-10-30" /><OBJECT OBJECTID="175611821" OBJECTGUID="aec005ed-f3cf-42f9-ab75-aedf1f8cdf19" CHANGEID="691487607" ISACTIVE="1" LEVELID="12" CREATEDATE="2025-10-30" UPDATEDATE="2025-10-30" /><OBJECT OBJECTID="175611822" OBJECTGUID="bdb1ae68-a841-4cf5-81b9-8db9de4932b1" CHANGEID="691487608" ISACTIVE="1" LEVELID="12" CREATEDATE="2025-10-30" UPDATEDATE="2025-10-30" /><OBJECT OBJECTID="175611836" OBJECTGUID="cbebe7a0-bf3a-46cc-8fa8-820c530cd734" CHANGEID="691487622" ISACTIVE="1" LEVELID="12" CREATEDATE="2025-10-30" UPDATEDATE="2025-10-30" /><OBJECT OBJECTID="175611837" OBJECTGUID="dfb2295b-fd7d-4dab-935f-e8e1f56fb91d" CHANGEID="691487641" ISACTIVE="1" LEVELID="12" CREATEDATE="2025-10-30" UPDATEDATE="2025-10-30" /><OBJECT OBJECTID="175612106" OBJECTGUID="44dfa2a2-6e1f-4705-a51d-690ec72b0514" CHANGEID="691488005" ISACTIVE="1" LEVELID="9" CREATEDATE="2025-10-30" UPDATEDATE="2025-10-30" /><OBJECT OBJECTID="175613506" OBJECTGUID="abd8aa58-f7d8-4fe8-a1d8-bff53ddfb5d9" CHANGEID="691489717" ISACTIVE="1" LEVELID="11" CREATEDATE="2025-10-30" UPDATEDATE="2025-10-30" /><OBJECT OBJECTID="84652882" OBJECTGUID="8545e4e0-f915-453e-b668-30914feb867d" CHANGEID="691512434" ISACTIVE="0" LEVELID="9" CREATEDATE="2018-06-26" UPDATEDATE="2025-10-31" /><OBJECT OBJECTID="175627364" OBJECTGUID="3ea94ed2-4817-4ac7-8091-e684c6ec2145" CHANGEID="691512435" ISACTIVE="1" LEVELID="9" CREATEDATE="2025-10-31" UPDATEDATE="2025-10-31" /><OBJECT OBJECTID="175627365" OBJECTGUID="607b718e-dc9d-41e0-839e-ab2d7ac016c5" CHANGEID="691512436" ISACTIVE="1" LEVELID="9" CREATEDATE="2025-10-31" UPDATEDATE="2025-10-31" /><OBJECT OBJECTID="175627369" OBJECTGUID="266bcaf6-effb-4678-8a98-c663f6ecc228" CHANGEID="691512443" ISACTIVE="1" LEVELID="10" CREATEDATE="2025-10-31" UPDATEDATE="2025-10-31" /><OBJECT OBJECTID="13972907" OBJECTGUID="f1baa3c7-d2f8-4581-863d-5d8bfd29903c" CHANGEID="691518401" ISACTIVE="1" LEVELID="10" CREATEDATE="2019-07-10" UPDATEDATE="2025-10-31" /><OBJECT OBJECTID="175638513" OBJECTGUID="3a2672a3-3378-4953-a0a5-ac719fca8ac0" CHANGEID="691530193" ISACTIVE="1" LEVELID="11" CREATEDATE="2025-10-31" UPDATEDATE="2025-10-31" /><OBJECT OBJECTID="175638514" OBJECTGUID="e7048c4f-c199-4b3f-b726-3f48ae3c1ffa" CHANGEID="691530194" ISACTIVE="1" LEVELID="11" CREATEDATE="2025-10-31" UPDATEDATE="2025-10-31" /><OBJECT OBJECTID="175638515" OBJECTGUID="ec6bfa72-8a4c-4c80-9339-140cd276b93e" CHANGEID="691530195" ISACTIVE="1" LEVELID="11" CREATEDATE="2025-10-31" UPDATEDATE="2025-10-31" /><OBJECT OBJECTID="175637021" OBJECTGUID="de8af076-a859-4653-b9fc-3c13339f64cb" CHANGEID="691527874" ISACTIVE="1" LEVELID="9" CREATEDATE="2025-10-31" UPDATEDATE="2025-10-31" /><OBJECT OBJECTID="175638232" OBJECTGUID="0126bc1b-9c7c-4c76-8a94-2b5468335b24" CHANGEID="691529679" ISACTIVE="1" LEVELID="9" CREATEDATE="2025-10-31" UPDATEDATE="2025-10-31" /><OBJECT OBJECTID="175638233" OBJECTGUID="85821e6f-1119-424c-94c6-0aa43ebd2aa7" CHANGEID="691529680" ISACTIVE="1" LEVELID="9" CREATEDATE="2025-10-31" UPDATEDATE="2025-10-31" /><OBJECT OBJECTID="175638238" OBJECTGUID="8b617018-baca-4734-addc-9d51e5172c9e" CHANGEID="691529697" ISACTIVE="1" LEVELID="10" CREATEDATE="2025-10-31" UPDATEDATE="2025-10-31" /><OBJECT OBJECTID="175638242" OBJECTGUID="575b93eb-8cb1-4dab-a887-d4198d895bbf" CHANGEID="691529707" ISACTIVE="1" LEVELID="10" CREATEDATE="2025-10-31" UPDATEDATE="2025-10-31" /><OBJECT OBJECTID="175638257" OBJECTGUID="28ab27ae-f70c-475b-84a9-7fa4ce8c1c6e" CHANGEID="691529733" ISACTIVE="1" LEVELID="9" CREATEDATE="2025-10-31" UPDATEDATE="2025-10-31" /><OBJECT OBJECTID="5587979" OBJECTGUID="3d87c17b-84f8-4fef-b7e6-f8c45aa79540" CHANGEID="691577311" ISACTIVE="1" LEVELID="10" CREATEDATE="2019-07-10" UPDATEDATE="2025-11-01" /><OBJECT OBJECTID="175659649" OBJECTGUID="f59f4d70-d069-441e-9ba7-54b7909ff7f7" CHANGEID="691579634" ISACTIVE="1" LEVELID="10" CREATEDATE="2025-11-01" UPDATEDATE="2025-11-01" /><OBJECT OBJECTID="175659658" OBJECTGUID="335ad995-3a24-4a46-a4a8-ffc43d1096d1" CHANGEID="691579646" ISACTIVE="1" LEVELID="10" CREATEDATE="2025-11-01" UPDATEDATE="2025-11-01" /><OBJECT OBJECTID="175659657" OBJECTGUID="40e2442c-22ee-492a-8a45-021ba27fd740" CHANGEID="691579645" ISACTIVE="1" LEVELID="10" CREATEDATE="2025-11-01" UPDATEDATE="2025-11-01" /><OBJECT OBJECTID="175659662" OBJECTGUID="68d4fe33-3f27-4950-9b43-186ef252221c" CHANGEID="691579650" ISACTIVE="1" LEVELID="10" CREATEDATE="2025-11-01" UPDATEDATE="2025-11-01" /><OBJECT OBJECTID="175659663" OBJECTGUID="0434abbc-ce9a-463d-9874-0f59fa3d5379" CHANGEID="691579651" ISACTIVE="1" LEVELID="10" CREATEDATE="2025-11-01" UPDATEDATE="2025-11-01" /><OBJECT OBJECTID="175659668" OBJECTGUID="b3eecfc8-25c6-4256-a62b-ae2b043a352b" CHANGEID="691579659" ISACTIVE="1" LEVELID="10" CREATEDATE="2025-11-01" UPDATEDATE="2025-11-01" /><OBJECT OBJECTID="175659665" OBJECTGUID="5f831875-d8e8-4a7f-94ee-de79bcebe270" CHANGEID="691579654" ISACTIVE="1" LEVELID="10" CREATEDATE="2025-11-01" UPDATEDATE="2025-11-01" /><OBJECT OBJECTID="14917241" OBJECTGUID="7a9d3585-9d60-404d-b2ec-fe0c34fb97ab" CHANGEID="691579859" ISACTIVE="1" LEVELID="10" CREATEDATE="2019-07-10" UPDATEDATE="2025-11-01" /><OBJECT OBJECTID="175661615" OBJECTGUID="3de510b8-b460-4e62-9456-2e6472ffc8b3" CHANGEID="691582596" ISACTIVE="1" LEVELID="9" CREATEDATE="2025-11-01" UPDATEDATE="2025-11-01" /><OBJECT OBJECTID="175661618" OBJECTGUID="8eaf2115-9030-4d94-baa8-887ece603915" CHANGEID="691582599" ISACTIVE="1" LEVELID="9" CREATEDATE="2025-11-01" UPDATEDATE="2025-11-01" /><OBJECT OBJECTID="175661647" OBJECTGUID="74c30622-224b-46f5-8725-127590766a81" CHANGEID="691582677" ISACTIVE="1" LEVELID="9" CREATEDATE="2025-11-01" UPDATEDATE="2025-11-01" /><OBJECT OBJECTID="175661656" OBJECTGUID="579cd1fd-1a00-4c16-97ee-b07db896e943" CHANGEID="691582701" ISACTIVE="1" LEVELID="10" CREATEDATE="2025-11-01" UPDATEDATE="2025-11-01" /><OBJECT OBJECTID="175661808" OBJECTGUID="bb5f908f-db00-442e-a186-32ef2ba80590" CHANGEID="691582957" ISACTIVE="1" LEVELID="9" CREATEDATE="2025-11-01" UPDATEDATE="2025-11-01" /><OBJECT OBJECTID="175661809" OBJECTGUID="8a8d5434-71fc-4f72-830e-b95757becbe7" CHANGEID="691582958" ISACTIVE="1" LEVELID="9" CREATEDATE="2025-11-01" UPDATEDATE="2025-11-01" /><OBJECT OBJECTID="79680361" OBJECTGUID="fad5e39e-8299-45b8-8911-2d57b4406cd5" CHANGEID="691577327" ISACTIVE="1" LEVELID="10" CREATEDATE="2019-07-10" UPDATEDATE="2025-11-01" /><OBJECT OBJECTID="103603803" OBJECTGUID="e9a7055e-ea53-42ef-8200-145ec218c8b4" CHANGEID="691467126" ISACTIVE="0" LEVELID="11" CREATEDATE="2022-01-31" UPDATEDATE="2025-10-30" /><OBJECT OBJECTID="103603805" OBJECTGUID="5eb676e4-ba49-4089-a07d-ea24af16f8d3" CHANGEID="691467128" ISACTIVE="0" LEVELID="11" CREATEDATE="2022-01-31" UPDATEDATE="2025-10-30" /><OBJECT OBJECTID="103603808" OBJECTGUID="c26b81e3-ec7f-4678-aadf-70a0fd4339be" CHANGEID="691467130" ISACTIVE="0" LEVELID="11" CREATEDATE="2022-01-31" UPDATEDATE="2025-10-30" /><OBJECT OBJECTID="103275365" OBJECTGUID="d2a42f58-1b44-4170-9968-293267f195bc" CHANGEID="691467094" ISACTIVE="0" LEVELID="11" CREATEDATE="2021-12-17" UPDATEDATE="2025-10-30" /><OBJECT OBJECTID="27758787" OBJECTGUID="b9c87061-ae14-4c8a-bf56-b73ae5475871" CHANGEID="691579885" ISACTIVE="1" LEVELID="10" CREATEDATE="2018-03-29" UPDATEDATE="2025-11-01" /><OBJECT OBJECTID="101829497" OBJECTGUID="adbcac66-96a4-4f37-a6b2-d9b98a4445be" CHANGEID="691480176" ISACTIVE="0" LEVELID="9" CREATEDATE="2021-07-12" UPDATEDATE="2025-10-30" /><OBJECT OBJECTID="101235241" OBJECTGUID="8d73f2c2-ec97-4992-899b-e0756d6a45a8" CHANGEID="691530440" ISACTIVE="1" LEVELID="9" CREATEDATE="2021-05-17" UPDATEDATE="2025-10-31" /><OBJECT OBJECTID="101852785" OBJECTGUID="d5801ccb-b440-4ec9-a01a-dea82d94da32" CHANGEID="691486343" ISACTIVE="1" LEVELID="9" CREATEDATE="2021-07-14" UPDATEDATE="2025-10-30" /><OBJECT OBJECTID="59872979" OBJECTGUID="a8e1bc72-aca1-497e-b732-36a7fe41ab41" CHANGEID="691467830" ISACTIVE="1" LEVELID="10" CREATEDATE="2019-07-10" UPDATEDATE="2025-10-30" /><OBJECT OBJECTID="56122308" OBJECTGUID="e038e933-410a-4e83-92a8-515ebc3de699" CHANGEID="691579681" ISACTIVE="1" LEVELID="10" CREATEDATE="2019-07-10" UPDATEDATE="2025-11-01" /><OBJECT OBJECTID="89024996" OBJECTGUID="f6ef1fa2-4c40-4c21-8e64-fc0b22bf3330" CHANGEID="691482785" ISACTIVE="1" LEVELID="9" CREATEDATE="2018-12-03" UPDATEDATE="2025-10-30" /><OBJECT OBJECTID="101989044" OBJECTGUID="1f4782b9-d5aa-4372-bdb8-9d5be38f8b90" CHANGEID="691479841" ISACTIVE="1" LEVELID="9" CREATEDATE="2021-07-28" UPDATEDATE="2025-10-30" /><OBJECT OBJECTID="6244437" OBJECTGUID="8e66add6-e7eb-4e63-81d5-2db1e8240bfc" CHANGEID="691519854" ISACTIVE="1" LEVELID="10" CREATEDATE="2019-07-10" UPDATEDATE="2025-10-31" /><OBJECT OBJECTID="70816303" OBJECTGUID="7f6153ce-add8-46f7-91ef-12147bc35805" CHANGEID="691467837" ISACTIVE="1" LEVELID="10" CREATEDATE="2015-07-07" UPDATEDATE="2025-10-30" /><OBJECT OBJECTID="90201234" OBJECTGUID="d92bb7fe-fc21-40ad-825a-c20b9b7504d8" CHANGEID="691529692" ISACTIVE="1" LEVELID="9" CREATEDATE="2018-06-04" UPDATEDATE="2025-10-31" /><OBJECT OBJECTID="158742463" OBJECTGUID="b8e06c38-29ac-4022-a838-f3446dc58bea" CHANGEID="691582934" ISACTIVE="0" LEVELID="9" CREATEDATE="2023-04-28" UPDATEDATE="2025-11-01" /><OBJECT OBJECTID="62102728" OBJECTGUID="ba02c480-1d1f-493a-b8f9-c3f80d494423" CHANGEID="691479470" ISACTIVE="1" LEVELID="10" CREATEDATE="2019-07-10" UPDATEDATE="2025-10-30" /><OBJECT OBJECTID="61975047" OBJECTGUID="e81111d2-07b6-49ed-a04c-ee9987d7521a" CHANGEID="691479461" ISACTIVE="1" LEVELID="10" CREATEDATE="2019-07-10" UPDATEDATE="2025-10-30" /><OBJECT OBJECTID="59529767" OBJECTGUID="325eab30-4687-41a1-a21c-3d4c0f020486" CHANGEID="691486332" ISACTIVE="1" LEVELID="10" CREATEDATE="2019-07-22" UPDATEDATE="2025-10-30" /><OBJECT OBJECTID="64159520" OBJECTGUID="b5d2159d-4c94-4902-a386-9ab193172a2b" CHANGEID="691579685" ISACTIVE="1" LEVELID="10" CREATEDATE="2019-07-10" UPDATEDATE="2025-11-01" /><OBJECT OBJECTID="54780544" OBJECTGUID="142dffc9-962a-4e1d-97d3-422d18496daa" CHANGEID="691466838" ISACTIVE="1" LEVELID="10" CREATEDATE="2019-07-10" UPDATEDATE="2025-10-30" /><OBJECT OBJECTID="100936784" OBJECTGUID="bb2d5b26-1c2e-4ba8-aa4d-7441a64031c2" CHANGEID="691482331" ISACTIVE="1" LEVELID="10" CREATEDATE="2021-04-13" UPDATEDATE="2025-10-30" /><OBJECT OBJECTID="100842396" OBJECTGUID="80c116f3-5c2d-422f-9b8c-4d70eb83ec99" CHANGEID="691479405" ISACTIVE="1" LEVELID="10" CREATEDATE="2021-04-06" UPDATEDATE="2025-10-30" /><OBJECT OBJECTID="101094369" OBJECTGUID="4b26f3bb-09c5-4377-ac28-5c73e050e00d" CHANGEID="691480584" ISACTIVE="1" LEVELID="10" CREATEDATE="2021-04-27" UPDATEDATE="2025-10-30" /><OBJECT OBJECTID="101094600" OBJECTGUID="20bc7cf0-10e8-4e42-be95-93075ab0ba26" CHANGEID="691585611" ISACTIVE="1" LEVELID="10" CREATEDATE="2021-04-27" UPDATEDATE="2025-11-01" /><OBJECT OBJECTID="101006202" OBJECTGUID="55014348-c0a0-4caf-b6f4-80acad5b2acb" CHANGEID="691486345" ISACTIVE="1" LEVELID="10" CREATEDATE="2021-04-20" UPDATEDATE="2025-10-30" /><OBJECT OBJECTID="100895398" OBJECTGUID="fe13de98-13bb-44a5-ab30-07797128a66e" CHANGEID="691582912" ISACTIVE="1" LEVELID="10" CREATEDATE="2021-04-10" UPDATEDATE="2025-11-01" /><OBJECT OBJECTID="101121312" OBJECTGUID="c9405da1-31b4-4a81-afdf-7785a4908614" CHANGEID="691579710" ISACTIVE="1" LEVELID="10" CREATEDATE="2021-04-29" UPDATEDATE="2025-11-01" /><OBJECT OBJECTID="8598521" OBJECTGUID="d0aba44a-9ada-416e-8679-8bf731227f10" CHANGEID="691582476" ISACTIVE="1" LEVELID="10" CREATEDATE="2019-12-14" UPDATEDATE="2025-11-01" /><OBJECT OBJECTID="8506518" OBJECTGUID="d03460c8-df94-4098-843c-978489491a62" CHANGEID="691530456" ISACTIVE="1" LEVELID="10" CREATEDATE="2018-06-26" UPDATEDATE="2025-10-31" /><OBJECT OBJECTID="76504830" OBJECTGUID="ba8c30ac-7a00-40fb-8ff8-f240db140341" CHANGEID="691579877" ISACTIVE="1" LEVELID="10" CREATEDATE="2019-12-26" UPDATEDATE="2025-11-01" /><OBJECT OBJECTID="9228138" OBJECTGUID="6e198c13-e328-4c0f-9c04-af9dc9e49827" CHANGEID="691529674" ISACTIVE="1" LEVELID="10" CREATEDATE="2017-02-01" UPDATEDATE="2025-10-31" /><OBJECT OBJECTID="4929005" OBJECTGUID="55a4169d-2ca4-4d43-8d6e-c00fe23de065" CHANGEID="691577332" ISACTIVE="1" LEVELID="10" CREATEDATE="2019-07-10" UPDATEDATE="2025-11-01" /><OBJECT OBJECTID="2090343" OBJECTGUID="be9e9627-b00a-4a46-a5c3-2e6af48cd17f" CHANGEID="691480143" ISACTIVE="1" LEVELID="10" CREATEDATE="2019-07-10" UPDATEDATE="2025-10-30" /><OBJECT OBJECTID="19427923" OBJECTGUID="c0e859d5-5c84-4f0d-92e3-799893dac391" CHANGEID="691487495" ISACTIVE="1" LEVELID="10" CREATEDATE="2019-07-31" UPDATEDATE="2025-10-30" /><OBJECT OBJECTID="6618711" OBJECTGUID="aaf2d469-62e3-4566-a918-f5f338140036" CHANGEID="691469021" ISACTIVE="1" LEVELID="10" CREATEDATE="2018-10-25" UPDATEDATE="2025-10-30" /><OBJECT OBJECTID="9430021" OBJECTGUID="cdb0303a-949a-4a3d-bd17-e2b1deb633ff" CHANGEID="691479825" ISACTIVE="1" LEVELID="10" CREATEDATE="2017-12-05" UPDATEDATE="2025-10-30" /><OBJECT OBJECTID="10796799" OBJECTGUID="5f6b37a3-62cf-41de-8164-9383b26ef540" CHANGEID="691520715" ISACTIVE="1" LEVELID="10" CREATEDATE="2019-07-10" UPDATEDATE="2025-10-31" /><OBJECT OBJECTID="48982376" OBJECTGUID="ffe2b75d-4d0d-42b6-b2f5-70d45a5e4024" CHANGEID="691467750" ISACTIVE="1" LEVELID="10" CREATEDATE="2018-07-12" UPDATEDATE="2025-10-30" /><OBJECT OBJECTID="66245843" OBJECTGUID="a2f9a180-5e76-44f2-915d-d88694ed1a85" CHANGEID="691579683" ISACTIVE="1" LEVELID="10" CREATEDATE="2019-07-10" UPDATEDATE="2025-11-01" /><OBJECT OBJECTID="48645963" OBJECTGUID="6f4bdd9f-8c3c-4b96-afb2-e6ab99265fff" CHANGEID="691479409" ISACTIVE="1" LEVELID="10" CREATEDATE="2019-07-10" UPDATEDATE="2025-10-30" /><OBJECT OBJECTID="76035719" OBJECTGUID="df74c222-7a2f-4dd3-b073-6b09163e2667" CHANGEID="691577314" ISACTIVE="1" LEVELID="10" CREATEDATE="2019-07-10" UPDATEDATE="2025-11-01" /><OBJECT OBJECTID="48446138" OBJECTGUID="c3696c84-eadb-456a-9d5b-6916d9f143c9" CHANGEID="691577329" ISACTIVE="1" LEVELID="10" CREATEDATE="2019-07-10" UPDATEDATE="2025-11-01" /><OBJECT OBJECTID="83412191" OBJECTGUID="525b69ae-76bf-40c3-99f4-95c895134bdc" CHANGEID="691585595" ISACTIVE="1" LEVELID="10" CREATEDATE="2019-07-10" UPDATEDATE="2025-11-01" /><OBJECT OBJECTID="33969825" OBJECTGUID="c6bd9b7f-75c1-4a4a-bf30-76578455f95e" CHANGEID="691577309" ISACTIVE="1" LEVELID="10" CREATEDATE="2019-07-10" UPDATEDATE="2025-11-01" /><OBJECT OBJECTID="50320862" OBJECTGUID="38d45313-46c9-4b49-ba1b-f0d0869c7424" CHANGEID="691520861" ISACTIVE="1" LEVELID="10" CREATEDATE="2019-07-10" UPDATEDATE="2025-10-31" /><OBJECT OBJECTID="34805575" OBJECTGUID="36463096-234e-4ac2-95a2-d3006cf2efed" CHANGEID="691468170" ISACTIVE="1" LEVELID="10" CREATEDATE="2015-07-01" UPDATEDATE="2025-10-30" /><OBJECT OBJECTID="85968988" OBJECTGUID="62d67e06-736b-485e-9f5f-0f012b6b7c51" CHANGEID="691486330" ISACTIVE="0" LEVELID="9" CREATEDATE="2018-09-18" UPDATEDATE="2025-10-30" /><OBJECT OBJECTID="89743565" OBJECTGUID="71cd4173-631c-4357-a04c-00f0a839d71f" CHANGEID="691529684" ISACTIVE="1" LEVELID="9" CREATEDATE="2018-07-10" UPDATEDATE="2025-10-31" /><OBJECT OBJECTID="159283306" OBJECTGUID="669799e0-64c9-4a33-a895-dda2acdf0fbc" CHANGEID="691529703" ISACTIVE="1" LEVELID="9" CREATEDATE="2023-06-29" UPDATEDATE="2025-10-31" /><OBJECT OBJECTID="88630865" OBJECTGUID="8042ca8d-d92e-48ea-8050-e26d6b80bf5c" CHANGEID="691479818" ISACTIVE="1" LEVELID="9" CREATEDATE="2017-12-05" UPDATEDATE="2025-10-30" /><OBJECT OBJECTID="88029498" OBJECTGUID="8b72632d-6f84-4eb3-a6c7-e5a9013dc6f2" CHANGEID="691582595" ISACTIVE="0" LEVELID="9" CREATEDATE="2018-05-21" UPDATEDATE="2025-11-01" /><OBJECT OBJECTID="84557768" OBJECTGUID="a7032e9a-5061-4fe3-9c37-b100bf916e9a" CHANGEID="691486329" ISACTIVE="0" LEVELID="9" CREATEDATE="2019-07-22" UPDATEDATE="2025-10-30" /><OBJECT OBJECTID="101852783" OBJECTGUID="b1f202f7-290b-4b97-b4d6-ff16e78adb32" CHANGEID="691486342" ISACTIVE="0" LEVELID="9" CREATEDATE="2021-07-14" UPDATEDATE="2025-10-30" /></REESTR_OBJECTS>