﻿<?xml version="1.0" encoding="utf-8"?><APARTMENTS><APARTMENT ID="1199768" OBJECTID="3415558" OBJECTGUID="a481ef23-0be1-408a-9a64-8536d6168d81" CHANGEID="6908466" NUMBER="2" APARTTYPE="2" OPERTYPEID="10" PREVID="0" NEXTID="112040430" UPDATEDATE="2025-10-31" STARTDATE="2017-06-09" ENDDATE="2025-10-31" ISACTUAL="0" ISACTIVE="0" /><APARTMENT ID="1201066" OBJECTID="3417945" OBJECTGUID="731ac53c-a4d0-4338-b878-5eb1780ff490" CHANGEID="6912090" NUMBER="1" APARTTYPE="2" OPERTYPEID="10" PREVID="0" NEXTID="112040123" UPDATEDATE="2025-10-31" STARTDATE="2017-06-09" ENDDATE="2025-10-31" ISACTUAL="0" ISACTIVE="0" /><APARTMENT ID="1205299" OBJECTID="3424717" OBJECTGUID="27be0b96-aab0-4fdc-b8bc-3fb4d85ea8f3" CHANGEID="6921504" NUMBER="1" APARTTYPE="2" OPERTYPEID="10" PREVID="0" NEXTID="112040124" UPDATEDATE="2025-10-31" STARTDATE="2018-08-09" ENDDATE="2025-10-31" ISACTUAL="0" ISACTIVE="0" /><APARTMENT ID="1207420" OBJECTID="3428333" OBJECTGUID="836d67ad-1998-49a8-9e2b-529a63215550" CHANGEID="6926539" NUMBER="1" APARTTYPE="2" OPERTYPEID="10" PREVID="0" NEXTID="112040122" UPDATEDATE="2025-10-31" STARTDATE="2017-06-09" ENDDATE="2025-10-31" ISACTUAL="0" ISACTIVE="0" /><APARTMENT ID="7129938" OBJECTID="13136049" OBJECTGUID="4883466e-af56-4baa-9cd4-81164bc28d21" CHANGEID="21108568" NUMBER="1" APARTTYPE="2" OPERTYPEID="10" PREVID="0" NEXTID="112040114" UPDATEDATE="2025-10-31" STARTDATE="2017-06-08" ENDDATE="2025-10-31" ISACTUAL="0" ISACTIVE="0" /><APARTMENT ID="7133558" OBJECTID="13142584" OBJECTGUID="a8ce2bff-2fad-4011-bf0c-503516f550d1" CHANGEID="21118807" NUMBER="1" APARTTYPE="2" OPERTYPEID="10" PREVID="0" NEXTID="112040422" UPDATEDATE="2025-10-31" STARTDATE="2017-06-08" ENDDATE="2025-10-31" ISACTUAL="0" ISACTIVE="0" /><APARTMENT ID="7862719" OBJECTID="14418110" OBJECTGUID="95259630-9e1f-4053-9644-4cafe01b0de8" CHANGEID="23052737" NUMBER="2" APARTTYPE="2" OPERTYPEID="10" PREVID="0" NEXTID="112041594" UPDATEDATE="2025-10-31" STARTDATE="2018-12-26" ENDDATE="2025-10-31" ISACTUAL="0" ISACTIVE="0" /><APARTMENT ID="10703609" OBJECTID="19190123" OBJECTGUID="b7c96aca-40e6-4b50-b7dc-2b4f956d9e7b" CHANGEID="30117535" NUMBER="3" APARTTYPE="2" OPERTYPEID="10" PREVID="0" NEXTID="112040429" UPDATEDATE="2025-10-31" STARTDATE="2017-06-08" ENDDATE="2025-10-31" ISACTUAL="0" ISACTIVE="0" /><APARTMENT ID="10714691" OBJECTID="19208482" OBJECTGUID="0174a9fd-2814-47e0-9986-8a5f8a276f57" CHANGEID="30145323" NUMBER="1" APARTTYPE="2" OPERTYPEID="10" PREVID="0" NEXTID="112040425" UPDATEDATE="2025-10-31" STARTDATE="2017-06-09" ENDDATE="2025-10-31" ISACTUAL="0" ISACTIVE="0" /><APARTMENT ID="11397590" OBJECTID="20397043" OBJECTGUID="257d9f18-8552-4aff-a6d6-2975d6a5f65a" CHANGEID="31932244" NUMBER="1" APARTTYPE="2" OPERTYPEID="10" PREVID="0" NEXTID="112032294" UPDATEDATE="2025-10-30" STARTDATE="2018-12-14" ENDDATE="2025-10-30" ISACTUAL="0" ISACTIVE="0" /><APARTMENT ID="31364165" OBJECTID="52827586" OBJECTGUID="9a9c1c18-585d-42b7-9c21-5a08f66503e6" CHANGEID="79118130" NUMBER="1" APARTTYPE="2" OPERTYPEID="10" PREVID="0" NEXTID="112041584" UPDATEDATE="2025-10-31" STARTDATE="2018-12-26" ENDDATE="2025-10-31" ISACTUAL="0" ISACTIVE="0" /><APARTMENT ID="31364282" OBJECTID="52827877" OBJECTGUID="de24b177-caa4-4bc1-919b-13fee2825732" CHANGEID="79118598" NUMBER="2" APARTTYPE="2" OPERTYPEID="10" PREVID="0" NEXTID="112041585" UPDATEDATE="2025-10-31" STARTDATE="2018-12-26" ENDDATE="2025-10-31" ISACTUAL="0" ISACTIVE="0" /><APARTMENT ID="32277697" OBJECTID="54316868" OBJECTGUID="336e9baa-3be0-4537-90e5-37b87e787916" CHANGEID="81286377" NUMBER="2" APARTTYPE="2" OPERTYPEID="10" PREVID="0" NEXTID="112041587" UPDATEDATE="2025-10-31" STARTDATE="2018-12-26" ENDDATE="2025-10-31" ISACTUAL="0" ISACTIVE="0" /><APARTMENT ID="32277713" OBJECTID="54316886" OBJECTGUID="52d39f8a-efd1-4856-8eb3-3888c471219f" CHANGEID="81286400" NUMBER="1" APARTTYPE="2" OPERTYPEID="10" PREVID="0" NEXTID="112041588" UPDATEDATE="2025-10-31" STARTDATE="2018-12-26" ENDDATE="2025-10-31" ISACTUAL="0" ISACTIVE="0" /><APARTMENT ID="37360590" OBJECTID="62743320" OBJECTGUID="534a4a95-5a26-41dc-887e-64395968adba" CHANGEID="93663201" NUMBER="1" APARTTYPE="2" OPERTYPEID="10" PREVID="0" NEXTID="112040125" UPDATEDATE="2025-10-31" STARTDATE="2018-12-26" ENDDATE="2025-10-31" ISACTUAL="0" ISACTIVE="0" /><APARTMENT ID="45603457" OBJECTID="76306865" OBJECTGUID="8b4e0aff-74ea-478f-bcb8-8243eb94ab18" CHANGEID="113507425" NUMBER="1" APARTTYPE="2" OPERTYPEID="10" PREVID="0" NEXTID="112039640" UPDATEDATE="2025-10-31" STARTDATE="2018-12-26" ENDDATE="2025-10-31" ISACTUAL="0" ISACTIVE="0" /><APARTMENT ID="111696762" OBJECTID="174646186" OBJECTGUID="21ec7e2a-8c53-4d07-a16e-98bf513f3ad9" CHANGEID="689047440" NUMBER="1" APARTTYPE="2" OPERTYPEID="10" PREVID="0" NEXTID="112050336" UPDATEDATE="2025-11-01" STARTDATE="2025-09-16" ENDDATE="2025-11-01" ISACTUAL="0" ISACTIVE="0" /><APARTMENT ID="112031542" OBJECTID="175585422" OBJECTGUID="ef49fdce-e3b6-4c94-b940-7f55c732d814" CHANGEID="691441252" NUMBER="2" APARTTYPE="2" OPERTYPEID="10" PREVID="0" NEXTID="0" UPDATEDATE="2025-10-30" STARTDATE="2025-10-30" ENDDATE="2079-06-06" ISACTUAL="1" ISACTIVE="1" /><APARTMENT ID="112031564" OBJECTID="175585553" OBJECTGUID="2d55173d-cbeb-46f9-abaf-5e5a94848371" CHANGEID="691441559" NUMBER="226" APARTTYPE="2" OPERTYPEID="10" PREVID="0" NEXTID="0" UPDATEDATE="2025-10-30" STARTDATE="2025-10-30" ENDDATE="2079-06-06" ISACTUAL="1" ISACTIVE="1" /><APARTMENT ID="112031643" OBJECTID="20397111" OBJECTGUID="a263568f-c344-489d-afca-36a2bdc8c574" CHANGEID="691442566" NUMBER="2" APARTTYPE="2" OPERTYPEID="30" PREVID="11397649" NEXTID="0" UPDATEDATE="2025-10-30" STARTDATE="2025-10-30" ENDDATE="2079-06-06" ISACTUAL="1" ISACTIVE="0" /><APARTMENT ID="11397649" OBJECTID="20397111" OBJECTGUID="a263568f-c344-489d-afca-36a2bdc8c574" CHANGEID="31932388" NUMBER="2" APARTTYPE="2" OPERTYPEID="10" PREVID="0" NEXTID="112031643" UPDATEDATE="2025-10-30" STARTDATE="2018-12-14" ENDDATE="2025-10-30" ISACTUAL="0" ISACTIVE="0" /><APARTMENT ID="112032219" OBJECTID="175588367" OBJECTGUID="97396a65-8c0d-496a-9335-d55012642ffd" CHANGEID="691446667" NUMBER="1" APARTTYPE="1" OPERTYPEID="10" PREVID="0" NEXTID="0" UPDATEDATE="2025-10-30" STARTDATE="2025-10-30" ENDDATE="2079-06-06" ISACTUAL="1" ISACTIVE="1" /><APARTMENT ID="112032294" OBJECTID="20397043" OBJECTGUID="257d9f18-8552-4aff-a6d6-2975d6a5f65a" CHANGEID="691447644" NUMBER="1" APARTTYPE="2" OPERTYPEID="30" PREVID="11397590" NEXTID="0" UPDATEDATE="2025-10-30" STARTDATE="2025-10-30" ENDDATE="2079-06-06" ISACTUAL="1" ISACTIVE="0" /><APARTMENT ID="112032399" OBJECTID="175589163" OBJECTGUID="b0edfd44-b7c4-4332-ae8c-780231d6a5c2" CHANGEID="691449004" NUMBER="1001" APARTTYPE="1" OPERTYPEID="10" PREVID="0" NEXTID="0" UPDATEDATE="2025-10-30" STARTDATE="2025-10-30" ENDDATE="2079-06-06" ISACTUAL="1" ISACTIVE="1" /><APARTMENT ID="112032400" OBJECTID="32342624" OBJECTGUID="15e4e13a-b7a8-410b-b529-fcb476b0cce0" CHANGEID="691449006" NUMBER="1004" APARTTYPE="1" OPERTYPEID="20" PREVID="18727682" UPDATEDATE="2025-10-30" STARTDATE="2025-10-30" ENDDATE="2079-06-06" ISACTUAL="1" ISACTIVE="1" /><APARTMENT ID="18727682" OBJECTID="32342624" OBJECTGUID="15e4e13a-b7a8-410b-b529-fcb476b0cce0" CHANGEID="49370834" NUMBER="16" APARTTYPE="2" OPERTYPEID="10" PREVID="0" NEXTID="112032400" UPDATEDATE="2025-10-30" STARTDATE="2008-08-01" ENDDATE="2025-10-30" ISACTUAL="0" ISACTIVE="0" /><APARTMENT ID="112032405" OBJECTID="36542913" OBJECTGUID="3241e0e6-82cf-4579-987c-e369b637a9e9" CHANGEID="691449156" NUMBER="1/1" APARTTYPE="1" OPERTYPEID="20" PREVID="21288621" UPDATEDATE="2025-10-30" STARTDATE="2025-10-30" ENDDATE="2079-06-06" ISACTUAL="1" ISACTIVE="1" /><APARTMENT ID="21288621" OBJECTID="36542913" OBJECTGUID="3241e0e6-82cf-4579-987c-e369b637a9e9" CHANGEID="55474969" NUMBER="2" APARTTYPE="2" OPERTYPEID="10" PREVID="0" NEXTID="112032405" UPDATEDATE="2025-10-30" STARTDATE="2018-12-03" ENDDATE="2025-10-30" ISACTUAL="0" ISACTIVE="0" /><APARTMENT ID="112039140" OBJECTID="175613843" OBJECTGUID="8ef503ef-83d3-4654-88ca-37740c22aa99" CHANGEID="691490349" NUMBER="1/33" APARTTYPE="1" OPERTYPEID="10" PREVID="0" NEXTID="0" UPDATEDATE="2025-10-31" STARTDATE="2025-10-31" ENDDATE="2079-06-06" ISACTUAL="1" ISACTIVE="1" /><APARTMENT ID="112039145" OBJECTID="175613890" OBJECTGUID="b446a8b4-f301-451c-bad6-047069158688" CHANGEID="691491309" NUMBER="1" APARTTYPE="2" OPERTYPEID="10" PREVID="0" NEXTID="0" UPDATEDATE="2025-10-31" STARTDATE="2025-10-31" ENDDATE="2079-06-06" ISACTUAL="1" ISACTIVE="1" /><APARTMENT ID="112039146" OBJECTID="175613891" OBJECTGUID="1cb63616-79f2-486e-80ba-6321e9118370" CHANGEID="691491311" NUMBER="2" APARTTYPE="2" OPERTYPEID="10" PREVID="0" NEXTID="0" UPDATEDATE="2025-10-31" STARTDATE="2025-10-31" ENDDATE="2079-06-06" ISACTUAL="1" ISACTIVE="1" /><APARTMENT ID="112039147" OBJECTID="175613892" OBJECTGUID="8af98564-3b4a-4d5f-8f80-0afad4447c2c" CHANGEID="691491312" NUMBER="3" APARTTYPE="2" OPERTYPEID="10" PREVID="0" NEXTID="0" UPDATEDATE="2025-10-31" STARTDATE="2025-10-31" ENDDATE="2079-06-06" ISACTUAL="1" ISACTIVE="1" /><APARTMENT ID="112039148" OBJECTID="175613893" OBJECTGUID="9a1019c6-a589-4ba5-a197-d88c30dda436" CHANGEID="691491314" NUMBER="4" APARTTYPE="2" OPERTYPEID="10" PREVID="0" NEXTID="0" UPDATEDATE="2025-10-31" STARTDATE="2025-10-31" ENDDATE="2079-06-06" ISACTUAL="1" ISACTIVE="1" /><APARTMENT ID="112039149" OBJECTID="175613894" OBJECTGUID="18b76f9d-9ba2-48ee-b4d5-9ef3d5c749f3" CHANGEID="691491316" NUMBER="5" APARTTYPE="2" OPERTYPEID="10" PREVID="0" NEXTID="0" UPDATEDATE="2025-10-31" STARTDATE="2025-10-31" ENDDATE="2079-06-06" ISACTUAL="1" ISACTIVE="1" /><APARTMENT ID="112039150" OBJECTID="175613895" OBJECTGUID="406c97fe-1c0b-4d1b-b404-44bd3f71f9a4" CHANGEID="691491318" NUMBER="5/21" APARTTYPE="1" OPERTYPEID="10" PREVID="0" NEXTID="0" UPDATEDATE="2025-10-31" STARTDATE="2025-10-31" ENDDATE="2079-06-06" ISACTUAL="1" ISACTIVE="1" /><APARTMENT ID="112039153" OBJECTID="175613899" OBJECTGUID="787989f2-37f5-407e-afaa-64f921900754" CHANGEID="691491362" NUMBER="6" APARTTYPE="2" OPERTYPEID="10" PREVID="0" NEXTID="0" UPDATEDATE="2025-10-31" STARTDATE="2025-10-31" ENDDATE="2079-06-06" ISACTUAL="1" ISACTIVE="1" /><APARTMENT ID="112039154" OBJECTID="175613902" OBJECTGUID="4e742867-d03d-48dd-a6ca-c4fe1ff6ff8b" CHANGEID="691491365" NUMBER="7" APARTTYPE="2" OPERTYPEID="10" PREVID="0" NEXTID="0" UPDATEDATE="2025-10-31" STARTDATE="2025-10-31" ENDDATE="2079-06-06" ISACTUAL="1" ISACTIVE="1" /><APARTMENT ID="112039168" OBJECTID="175614124" OBJECTGUID="d7fe5c37-a5f2-415c-a1cc-de7e672e1738" CHANGEID="691491685" NUMBER="8" APARTTYPE="2" OPERTYPEID="10" PREVID="0" NEXTID="0" UPDATEDATE="2025-10-31" STARTDATE="2025-10-31" ENDDATE="2079-06-06" ISACTUAL="1" ISACTIVE="1" /><APARTMENT ID="112039169" OBJECTID="175614125" OBJECTGUID="80288b94-c4b5-4023-b3e6-d70484c0126d" CHANGEID="691491686" NUMBER="9" APARTTYPE="2" OPERTYPEID="10" PREVID="0" NEXTID="0" UPDATEDATE="2025-10-31" STARTDATE="2025-10-31" ENDDATE="2079-06-06" ISACTUAL="1" ISACTIVE="1" /><APARTMENT ID="112039171" OBJECTID="175614129" OBJECTGUID="4935b524-efc9-44db-a09e-af26a785b6f8" CHANGEID="691491692" NUMBER="11" APARTTYPE="2" OPERTYPEID="10" PREVID="0" NEXTID="0" UPDATEDATE="2025-10-31" STARTDATE="2025-10-31" ENDDATE="2079-06-06" ISACTUAL="1" ISACTIVE="1" /><APARTMENT ID="112039172" OBJECTID="175614130" OBJECTGUID="2f7ea9d3-ca89-4ff1-86ac-0ae9d6ad18c3" CHANGEID="691491704" NUMBER="12" APARTTYPE="2" OPERTYPEID="10" PREVID="0" NEXTID="0" UPDATEDATE="2025-10-31" STARTDATE="2025-10-31" ENDDATE="2079-06-06" ISACTUAL="1" ISACTIVE="1" /><APARTMENT ID="112039173" OBJECTID="175614131" OBJECTGUID="904de58c-28b2-4948-b04f-a775c3836b59" CHANGEID="691491707" NUMBER="13" APARTTYPE="2" OPERTYPEID="10" PREVID="0" NEXTID="0" UPDATEDATE="2025-10-31" STARTDATE="2025-10-31" ENDDATE="2079-06-06" ISACTUAL="1" ISACTIVE="1" /><APARTMENT ID="112039174" OBJECTID="175614132" OBJECTGUID="af509338-a89d-477f-9afb-9197d328179b" CHANGEID="691491708" NUMBER="14" APARTTYPE="2" OPERTYPEID="10" PREVID="0" NEXTID="0" UPDATEDATE="2025-10-31" STARTDATE="2025-10-31" ENDDATE="2079-06-06" ISACTUAL="1" ISACTIVE="1" /><APARTMENT ID="112039175" OBJECTID="175614133" OBJECTGUID="5f1b4a14-93f6-42e9-b462-e56236f4c5b6" CHANGEID="691491709" NUMBER="15" APARTTYPE="2" OPERTYPEID="10" PREVID="0" NEXTID="0" UPDATEDATE="2025-10-31" STARTDATE="2025-10-31" ENDDATE="2079-06-06" ISACTUAL="1" ISACTIVE="1" /><APARTMENT ID="112039176" OBJECTID="175614135" OBJECTGUID="3239bae4-8e3c-498a-af84-38e9e546b3bc" CHANGEID="691491711" NUMBER="16" APARTTYPE="2" OPERTYPEID="10" PREVID="0" NEXTID="0" UPDATEDATE="2025-10-31" STARTDATE="2025-10-31" ENDDATE="2079-06-06" ISACTUAL="1" ISACTIVE="1" /><APARTMENT ID="112039177" OBJECTID="175614138" OBJECTGUID="1a64cfcc-1a01-4fd9-9947-0801c8634010" CHANGEID="691491715" NUMBER="17" APARTTYPE="2" OPERTYPEID="10" PREVID="0" NEXTID="0" UPDATEDATE="2025-10-31" STARTDATE="2025-10-31" ENDDATE="2079-06-06" ISACTUAL="1" ISACTIVE="1" /><APARTMENT ID="112039179" OBJECTID="175614143" OBJECTGUID="f2ede783-cc7d-4732-969f-61031cc7b2fd" CHANGEID="691491723" NUMBER="18" APARTTYPE="2" OPERTYPEID="10" PREVID="0" NEXTID="0" UPDATEDATE="2025-10-31" STARTDATE="2025-10-31" ENDDATE="2079-06-06" ISACTUAL="1" ISACTIVE="1" /><APARTMENT ID="112039180" OBJECTID="175614144" OBJECTGUID="ab3406c7-8fa2-491e-a420-5a29c0c90997" CHANGEID="691491725" NUMBER="19" APARTTYPE="2" OPERTYPEID="10" PREVID="0" NEXTID="0" UPDATEDATE="2025-10-31" STARTDATE="2025-10-31" ENDDATE="2079-06-06" ISACTUAL="1" ISACTIVE="1" /><APARTMENT ID="112039181" OBJECTID="175614145" OBJECTGUID="e5735973-7349-49f3-aec1-26fd527a4428" CHANGEID="691491726" NUMBER="20" APARTTYPE="2" OPERTYPEID="10" PREVID="0" NEXTID="0" UPDATEDATE="2025-10-31" STARTDATE="2025-10-31" ENDDATE="2079-06-06" ISACTUAL="1" ISACTIVE="1" /><APARTMENT ID="112039183" OBJECTID="175614148" OBJECTGUID="d6b45f74-9960-436d-8a83-2f91a92c922b" CHANGEID="691491730" NUMBER="21" APARTTYPE="2" OPERTYPEID="10" PREVID="0" NEXTID="0" UPDATEDATE="2025-10-31" STARTDATE="2025-10-31" ENDDATE="2079-06-06" ISACTUAL="1" ISACTIVE="1" /><APARTMENT ID="112039185" OBJECTID="175614150" OBJECTGUID="eeb87532-b035-483c-81d5-6ffd0a933ba1" CHANGEID="691491732" NUMBER="22" APARTTYPE="2" OPERTYPEID="10" PREVID="0" NEXTID="0" UPDATEDATE="2025-10-31" STARTDATE="2025-10-31" ENDDATE="2079-06-06" ISACTUAL="1" ISACTIVE="1" /><APARTMENT ID="112039186" OBJECTID="175614153" OBJECTGUID="77007f77-968a-4254-bf17-8dc385dcd405" CHANGEID="691491735" NUMBER="23" APARTTYPE="2" OPERTYPEID="10" PREVID="0" NEXTID="0" UPDATEDATE="2025-10-31" STARTDATE="2025-10-31" ENDDATE="2079-06-06" ISACTUAL="1" ISACTIVE="1" /><APARTMENT ID="112039187" OBJECTID="175614154" OBJECTGUID="34617cfa-db7f-42c6-8721-baa52f5b4479" CHANGEID="691491736" NUMBER="24" APARTTYPE="2" OPERTYPEID="10" PREVID="0" NEXTID="0" UPDATEDATE="2025-10-31" STARTDATE="2025-10-31" ENDDATE="2079-06-06" ISACTUAL="1" ISACTIVE="1" /><APARTMENT ID="112039188" OBJECTID="175614155" OBJECTGUID="9aa6d1d1-4f7a-46b4-96ab-611ef69d83f2" CHANGEID="691491738" NUMBER="25" APARTTYPE="2" OPERTYPEID="10" PREVID="0" NEXTID="0" UPDATEDATE="2025-10-31" STARTDATE="2025-10-31" ENDDATE="2079-06-06" ISACTUAL="1" ISACTIVE="1" /><APARTMENT ID="112039614" OBJECTID="20903575" OBJECTGUID="45b02f76-9cce-4592-b5fe-9725442cd0ad" CHANGEID="691492591" NUMBER="2" APARTTYPE="2" OPERTYPEID="30" PREVID="11694160" NEXTID="0" UPDATEDATE="2025-10-31" STARTDATE="2025-10-31" ENDDATE="2079-06-06" ISACTUAL="1" ISACTIVE="0" /><APARTMENT ID="11694160" OBJECTID="20903575" OBJECTGUID="45b02f76-9cce-4592-b5fe-9725442cd0ad" CHANGEID="32686996" NUMBER="2" APARTTYPE="2" OPERTYPEID="10" PREVID="0" NEXTID="112039614" UPDATEDATE="2025-10-31" STARTDATE="2018-12-26" ENDDATE="2025-10-31" ISACTUAL="0" ISACTIVE="0" /><APARTMENT ID="112039615" OBJECTID="20904013" OBJECTGUID="9ca49a34-3690-4ed6-92d9-f8bb841c72ba" CHANGEID="691492592" NUMBER="1" APARTTYPE="2" OPERTYPEID="30" PREVID="11694377" NEXTID="0" UPDATEDATE="2025-10-31" STARTDATE="2025-10-31" ENDDATE="2079-06-06" ISACTUAL="1" ISACTIVE="0" /><APARTMENT ID="11694377" OBJECTID="20904013" OBJECTGUID="9ca49a34-3690-4ed6-92d9-f8bb841c72ba" CHANGEID="32687689" NUMBER="1" APARTTYPE="2" OPERTYPEID="10" PREVID="0" NEXTID="112039615" UPDATEDATE="2025-10-31" STARTDATE="2018-12-26" ENDDATE="2025-10-31" ISACTUAL="0" ISACTIVE="0" /><APARTMENT ID="112039623" OBJECTID="44200008" OBJECTGUID="02c70749-0e6e-47b2-9e15-dbdb0faa4bdb" CHANGEID="691492610" NUMBER="1" APARTTYPE="2" OPERTYPEID="30" PREVID="26019289" NEXTID="0" UPDATEDATE="2025-10-31" STARTDATE="2025-10-31" ENDDATE="2079-06-06" ISACTUAL="1" ISACTIVE="0" /><APARTMENT ID="26019289" OBJECTID="44200008" OBJECTGUID="02c70749-0e6e-47b2-9e15-dbdb0faa4bdb" CHANGEID="66649343" NUMBER="1" APARTTYPE="2" OPERTYPEID="10" PREVID="0" NEXTID="112039623" UPDATEDATE="2025-10-31" STARTDATE="2018-12-26" ENDDATE="2025-10-31" ISACTUAL="0" ISACTIVE="0" /><APARTMENT ID="112039624" OBJECTID="44200014" OBJECTGUID="c3a6015d-645e-47b7-a5fc-68d2efe8b5f8" CHANGEID="691492611" NUMBER="2" APARTTYPE="2" OPERTYPEID="30" PREVID="26019292" NEXTID="0" UPDATEDATE="2025-10-31" STARTDATE="2025-10-31" ENDDATE="2079-06-06" ISACTUAL="1" ISACTIVE="0" /><APARTMENT ID="26019292" OBJECTID="44200014" OBJECTGUID="c3a6015d-645e-47b7-a5fc-68d2efe8b5f8" CHANGEID="66649353" NUMBER="2" APARTTYPE="2" OPERTYPEID="10" PREVID="0" NEXTID="112039624" UPDATEDATE="2025-10-31" STARTDATE="2018-12-26" ENDDATE="2025-10-31" ISACTUAL="0" ISACTIVE="0" /><APARTMENT ID="112039625" OBJECTID="44174486" OBJECTGUID="720ff4f4-6f8f-4762-9740-403a1b109f58" CHANGEID="691492618" NUMBER="1" APARTTYPE="2" OPERTYPEID="30" PREVID="26003132" NEXTID="0" UPDATEDATE="2025-10-31" STARTDATE="2025-10-31" ENDDATE="2079-06-06" ISACTUAL="1" ISACTIVE="0" /><APARTMENT ID="26003132" OBJECTID="44174486" OBJECTGUID="720ff4f4-6f8f-4762-9740-403a1b109f58" CHANGEID="66613289" NUMBER="1" APARTTYPE="2" OPERTYPEID="10" PREVID="0" NEXTID="112039625" UPDATEDATE="2025-10-31" STARTDATE="2018-12-26" ENDDATE="2025-10-31" ISACTUAL="0" ISACTIVE="0" /><APARTMENT ID="112039626" OBJECTID="44174497" OBJECTGUID="8c150885-9dfc-4806-bd9a-0f6cd52b0a7e" CHANGEID="691492619" NUMBER="2" APARTTYPE="2" OPERTYPEID="30" PREVID="26003141" NEXTID="0" UPDATEDATE="2025-10-31" STARTDATE="2025-10-31" ENDDATE="2079-06-06" ISACTUAL="1" ISACTIVE="0" /><APARTMENT ID="26003141" OBJECTID="44174497" OBJECTGUID="8c150885-9dfc-4806-bd9a-0f6cd52b0a7e" CHANGEID="66613303" NUMBER="2" APARTTYPE="2" OPERTYPEID="10" PREVID="0" NEXTID="112039626" UPDATEDATE="2025-10-31" STARTDATE="2018-12-26" ENDDATE="2025-10-31" ISACTUAL="0" ISACTIVE="0" /><APARTMENT ID="112039630" OBJECTID="62744859" OBJECTGUID="aa4ca595-ed4f-4327-b230-a98a5c006e0c" CHANGEID="691492672" NUMBER="1" APARTTYPE="2" OPERTYPEID="30" PREVID="37361334" NEXTID="0" UPDATEDATE="2025-10-31" STARTDATE="2025-10-31" ENDDATE="2079-06-06" ISACTUAL="1" ISACTIVE="0" /><APARTMENT ID="37361334" OBJECTID="62744859" OBJECTGUID="aa4ca595-ed4f-4327-b230-a98a5c006e0c" CHANGEID="93665535" NUMBER="1" APARTTYPE="2" OPERTYPEID="10" PREVID="0" NEXTID="112039630" UPDATEDATE="2025-10-31" STARTDATE="2018-12-26" ENDDATE="2025-10-31" ISACTUAL="0" ISACTIVE="0" /><APARTMENT ID="112039644" OBJECTID="44186099" OBJECTGUID="9fad01c1-8066-4fcc-923e-2db581fce403" CHANGEID="691492709" NUMBER="2" APARTTYPE="2" OPERTYPEID="30" PREVID="26010214" NEXTID="0" UPDATEDATE="2025-10-31" STARTDATE="2025-10-31" ENDDATE="2079-06-06" ISACTUAL="1" ISACTIVE="0" /><APARTMENT ID="26010214" OBJECTID="44186099" OBJECTGUID="9fad01c1-8066-4fcc-923e-2db581fce403" CHANGEID="66629873" NUMBER="2" APARTTYPE="2" OPERTYPEID="10" PREVID="0" NEXTID="112039644" UPDATEDATE="2025-10-31" STARTDATE="2018-12-26" ENDDATE="2025-10-31" ISACTUAL="0" ISACTIVE="0" /><APARTMENT ID="112039645" OBJECTID="44186138" OBJECTGUID="ea890c14-3085-45b3-ba6f-33f0217f73e9" CHANGEID="691492710" NUMBER="1" APARTTYPE="2" OPERTYPEID="30" PREVID="26010257" NEXTID="0" UPDATEDATE="2025-10-31" STARTDATE="2025-10-31" ENDDATE="2079-06-06" ISACTUAL="1" ISACTIVE="0" /><APARTMENT ID="26010257" OBJECTID="44186138" OBJECTGUID="ea890c14-3085-45b3-ba6f-33f0217f73e9" CHANGEID="66629938" NUMBER="1" APARTTYPE="2" OPERTYPEID="10" PREVID="0" NEXTID="112039645" UPDATEDATE="2025-10-31" STARTDATE="2018-12-26" ENDDATE="2025-10-31" ISACTUAL="0" ISACTIVE="0" /><APARTMENT ID="112039628" OBJECTID="44198286" OBJECTGUID="3075d1cd-ed3d-44e8-b172-26251cc4a781" CHANGEID="691492658" NUMBER="1" APARTTYPE="2" OPERTYPEID="30" PREVID="26018006" NEXTID="0" UPDATEDATE="2025-10-31" STARTDATE="2025-10-31" ENDDATE="2079-06-06" ISACTUAL="1" ISACTIVE="0" /><APARTMENT ID="26018006" OBJECTID="44198286" OBJECTGUID="3075d1cd-ed3d-44e8-b172-26251cc4a781" CHANGEID="66646972" NUMBER="1" APARTTYPE="2" OPERTYPEID="10" PREVID="0" NEXTID="112039628" UPDATEDATE="2025-10-31" STARTDATE="2018-12-26" ENDDATE="2025-10-31" ISACTUAL="0" ISACTIVE="0" /><APARTMENT ID="112039629" OBJECTID="44198301" OBJECTGUID="ed7ae4e3-8a3f-4f1b-8726-56f1209fdbb6" CHANGEID="691492659" NUMBER="2" APARTTYPE="2" OPERTYPEID="30" PREVID="26018018" NEXTID="0" UPDATEDATE="2025-10-31" STARTDATE="2025-10-31" ENDDATE="2079-06-06" ISACTUAL="1" ISACTIVE="0" /><APARTMENT ID="26018018" OBJECTID="44198301" OBJECTGUID="ed7ae4e3-8a3f-4f1b-8726-56f1209fdbb6" CHANGEID="66646989" NUMBER="2" APARTTYPE="2" OPERTYPEID="10" PREVID="0" NEXTID="112039629" UPDATEDATE="2025-10-31" STARTDATE="2018-12-26" ENDDATE="2025-10-31" ISACTUAL="0" ISACTIVE="0" /><APARTMENT ID="112039640" OBJECTID="76306865" OBJECTGUID="8b4e0aff-74ea-478f-bcb8-8243eb94ab18" CHANGEID="691492704" NUMBER="1" APARTTYPE="2" OPERTYPEID="30" PREVID="45603457" NEXTID="0" UPDATEDATE="2025-10-31" STARTDATE="2025-10-31" ENDDATE="2079-06-06" ISACTUAL="1" ISACTIVE="0" /><APARTMENT ID="112039887" OBJECTID="175615241" OBJECTGUID="6858b659-d63e-431b-99a3-555ce60bd9d4" CHANGEID="691493400" NUMBER="2/1" APARTTYPE="1" OPERTYPEID="10" PREVID="0" NEXTID="0" UPDATEDATE="2025-10-31" STARTDATE="2025-10-31" ENDDATE="2079-06-06" ISACTUAL="1" ISACTIVE="1" /><APARTMENT ID="112039888" OBJECTID="175615242" OBJECTGUID="c6c5ecaa-ce94-4b82-bb6d-1b5c61c8c68f" CHANGEID="691493401" NUMBER="1/1" APARTTYPE="1" OPERTYPEID="10" PREVID="0" NEXTID="0" UPDATEDATE="2025-10-31" STARTDATE="2025-10-31" ENDDATE="2079-06-06" ISACTUAL="1" ISACTIVE="1" /><APARTMENT ID="112040114" OBJECTID="13136049" OBJECTGUID="4883466e-af56-4baa-9cd4-81164bc28d21" CHANGEID="691495498" NUMBER="1" APARTTYPE="2" OPERTYPEID="30" PREVID="7129938" NEXTID="0" UPDATEDATE="2025-10-31" STARTDATE="2025-10-31" ENDDATE="2079-06-06" ISACTUAL="1" ISACTIVE="0" /><APARTMENT ID="112040120" OBJECTID="3418879" OBJECTGUID="a07e2e2c-4b59-49f2-bd0a-e5cfad986063" CHANGEID="691495610" NUMBER="1" APARTTYPE="2" OPERTYPEID="30" PREVID="1201655" NEXTID="0" UPDATEDATE="2025-10-31" STARTDATE="2025-10-31" ENDDATE="2079-06-06" ISACTUAL="1" ISACTIVE="0" /><APARTMENT ID="1201655" OBJECTID="3418879" OBJECTGUID="a07e2e2c-4b59-49f2-bd0a-e5cfad986063" CHANGEID="6913395" NUMBER="1" APARTTYPE="2" OPERTYPEID="10" PREVID="0" NEXTID="112040120" UPDATEDATE="2025-10-31" STARTDATE="2018-08-09" ENDDATE="2025-10-31" ISACTUAL="0" ISACTIVE="0" /><APARTMENT ID="112040121" OBJECTID="3418884" OBJECTGUID="e2b1fdf3-2deb-440b-984e-226456fa7f9f" CHANGEID="691495616" NUMBER="2" APARTTYPE="2" OPERTYPEID="30" PREVID="1201659" NEXTID="0" UPDATEDATE="2025-10-31" STARTDATE="2025-10-31" ENDDATE="2079-06-06" ISACTUAL="1" ISACTIVE="0" /><APARTMENT ID="1201659" OBJECTID="3418884" OBJECTGUID="e2b1fdf3-2deb-440b-984e-226456fa7f9f" CHANGEID="6913406" NUMBER="2" APARTTYPE="2" OPERTYPEID="10" PREVID="0" NEXTID="112040121" UPDATEDATE="2025-10-31" STARTDATE="2018-08-09" ENDDATE="2025-10-31" ISACTUAL="0" ISACTIVE="0" /><APARTMENT ID="112040122" OBJECTID="3428333" OBJECTGUID="836d67ad-1998-49a8-9e2b-529a63215550" CHANGEID="691495646" NUMBER="1" APARTTYPE="2" OPERTYPEID="30" PREVID="1207420" NEXTID="0" UPDATEDATE="2025-10-31" STARTDATE="2025-10-31" ENDDATE="2079-06-06" ISACTUAL="1" ISACTIVE="0" /><APARTMENT ID="112040123" OBJECTID="3417945" OBJECTGUID="731ac53c-a4d0-4338-b878-5eb1780ff490" CHANGEID="691495652" NUMBER="1" APARTTYPE="2" OPERTYPEID="30" PREVID="1201066" NEXTID="0" UPDATEDATE="2025-10-31" STARTDATE="2025-10-31" ENDDATE="2079-06-06" ISACTUAL="1" ISACTIVE="0" /><APARTMENT ID="112040124" OBJECTID="3424717" OBJECTGUID="27be0b96-aab0-4fdc-b8bc-3fb4d85ea8f3" CHANGEID="691495656" NUMBER="1" APARTTYPE="2" OPERTYPEID="30" PREVID="1205299" NEXTID="0" UPDATEDATE="2025-10-31" STARTDATE="2025-10-31" ENDDATE="2079-06-06" ISACTUAL="1" ISACTIVE="0" /><APARTMENT ID="112040125" OBJECTID="62743320" OBJECTGUID="534a4a95-5a26-41dc-887e-64395968adba" CHANGEID="691495658" NUMBER="1" APARTTYPE="2" OPERTYPEID="30" PREVID="37360590" NEXTID="0" UPDATEDATE="2025-10-31" STARTDATE="2025-10-31" ENDDATE="2079-06-06" ISACTUAL="1" ISACTIVE="0" /><APARTMENT ID="112040126" OBJECTID="3424757" OBJECTGUID="32882cc5-9f30-4ecc-a818-b3c0b97e546c" CHANGEID="691495660" NUMBER="2" APARTTYPE="2" OPERTYPEID="30" PREVID="1205321" NEXTID="0" UPDATEDATE="2025-10-31" STARTDATE="2025-10-31" ENDDATE="2079-06-06" ISACTUAL="1" ISACTIVE="0" /><APARTMENT ID="1205321" OBJECTID="3424757" OBJECTGUID="32882cc5-9f30-4ecc-a818-b3c0b97e546c" CHANGEID="6921561" NUMBER="2" APARTTYPE="2" OPERTYPEID="10" PREVID="0" NEXTID="112040126" UPDATEDATE="2025-10-31" STARTDATE="2018-08-09" ENDDATE="2025-10-31" ISACTUAL="0" ISACTIVE="0" /><APARTMENT ID="112040127" OBJECTID="3415463" OBJECTGUID="5988ed54-5ba7-4615-8d18-f7550d47d2fb" CHANGEID="691495666" NUMBER="1" APARTTYPE="2" OPERTYPEID="30" PREVID="1199733" NEXTID="0" UPDATEDATE="2025-10-31" STARTDATE="2025-10-31" ENDDATE="2079-06-06" ISACTUAL="1" ISACTIVE="0" /><APARTMENT ID="1199733" OBJECTID="3415463" OBJECTGUID="5988ed54-5ba7-4615-8d18-f7550d47d2fb" CHANGEID="6908300" NUMBER="1" APARTTYPE="2" OPERTYPEID="10" PREVID="0" NEXTID="112040127" UPDATEDATE="2025-10-31" STARTDATE="2017-06-09" ENDDATE="2025-10-31" ISACTUAL="0" ISACTIVE="0" /><APARTMENT ID="112040422" OBJECTID="13142584" OBJECTGUID="a8ce2bff-2fad-4011-bf0c-503516f550d1" CHANGEID="691497076" NUMBER="1" APARTTYPE="2" OPERTYPEID="30" PREVID="7133558" NEXTID="0" UPDATEDATE="2025-10-31" STARTDATE="2025-10-31" ENDDATE="2079-06-06" ISACTUAL="1" ISACTIVE="0" /><APARTMENT ID="112040425" OBJECTID="19208482" OBJECTGUID="0174a9fd-2814-47e0-9986-8a5f8a276f57" CHANGEID="691497080" NUMBER="1" APARTTYPE="2" OPERTYPEID="30" PREVID="10714691" NEXTID="0" UPDATEDATE="2025-10-31" STARTDATE="2025-10-31" ENDDATE="2079-06-06" ISACTUAL="1" ISACTIVE="0" /><APARTMENT ID="112040427" OBJECTID="19208644" OBJECTGUID="83f13f6a-623e-44cf-b0d4-4b70295113f4" CHANGEID="691497084" NUMBER="3" APARTTYPE="2" OPERTYPEID="30" PREVID="10714866" NEXTID="0" UPDATEDATE="2025-10-31" STARTDATE="2025-10-31" ENDDATE="2079-06-06" ISACTUAL="1" ISACTIVE="0" /><APARTMENT ID="10714866" OBJECTID="19208644" OBJECTGUID="83f13f6a-623e-44cf-b0d4-4b70295113f4" CHANGEID="30145516" NUMBER="3" APARTTYPE="2" OPERTYPEID="10" PREVID="0" NEXTID="112040427" UPDATEDATE="2025-10-31" STARTDATE="2017-06-09" ENDDATE="2025-10-31" ISACTUAL="0" ISACTIVE="0" /><APARTMENT ID="112040429" OBJECTID="19190123" OBJECTGUID="b7c96aca-40e6-4b50-b7dc-2b4f956d9e7b" CHANGEID="691497086" NUMBER="3" APARTTYPE="2" OPERTYPEID="30" PREVID="10703609" NEXTID="0" UPDATEDATE="2025-10-31" STARTDATE="2025-10-31" ENDDATE="2079-06-06" ISACTUAL="1" ISACTIVE="0" /><APARTMENT ID="112040430" OBJECTID="3415558" OBJECTGUID="a481ef23-0be1-408a-9a64-8536d6168d81" CHANGEID="691497098" NUMBER="2" APARTTYPE="2" OPERTYPEID="30" PREVID="1199768" NEXTID="0" UPDATEDATE="2025-10-31" STARTDATE="2025-10-31" ENDDATE="2079-06-06" ISACTUAL="1" ISACTIVE="0" /><APARTMENT ID="112040423" OBJECTID="13142596" OBJECTGUID="fefe57d2-a782-45f5-8934-e41287157a8a" CHANGEID="691497077" NUMBER="2" APARTTYPE="2" OPERTYPEID="30" PREVID="7133569" NEXTID="0" UPDATEDATE="2025-10-31" STARTDATE="2025-10-31" ENDDATE="2079-06-06" ISACTUAL="1" ISACTIVE="0" /><APARTMENT ID="7133569" OBJECTID="13142596" OBJECTGUID="fefe57d2-a782-45f5-8934-e41287157a8a" CHANGEID="21118827" NUMBER="2" APARTTYPE="2" OPERTYPEID="10" PREVID="0" NEXTID="112040423" UPDATEDATE="2025-10-31" STARTDATE="2017-06-08" ENDDATE="2025-10-31" ISACTUAL="0" ISACTIVE="0" /><APARTMENT ID="112040426" OBJECTID="19208631" OBJECTGUID="21f07a0e-2b80-43b0-add6-4471fb5f7508" CHANGEID="691497081" NUMBER="2" APARTTYPE="2" OPERTYPEID="30" PREVID="10714838" NEXTID="0" UPDATEDATE="2025-10-31" STARTDATE="2025-10-31" ENDDATE="2079-06-06" ISACTUAL="1" ISACTIVE="0" /><APARTMENT ID="10714838" OBJECTID="19208631" OBJECTGUID="21f07a0e-2b80-43b0-add6-4471fb5f7508" CHANGEID="30145503" NUMBER="2" APARTTYPE="2" OPERTYPEID="10" PREVID="0" NEXTID="112040426" UPDATEDATE="2025-10-31" STARTDATE="2017-06-09" ENDDATE="2025-10-31" ISACTUAL="0" ISACTIVE="0" /><APARTMENT ID="112040428" OBJECTID="33390931" OBJECTGUID="e8382788-7ad4-4a09-aa93-9327c325048a" CHANGEID="691497085" NUMBER="4" APARTTYPE="2" OPERTYPEID="30" PREVID="19352875" NEXTID="0" UPDATEDATE="2025-10-31" STARTDATE="2025-10-31" ENDDATE="2079-06-06" ISACTUAL="1" ISACTIVE="0" /><APARTMENT ID="19352875" OBJECTID="33390931" OBJECTGUID="e8382788-7ad4-4a09-aa93-9327c325048a" CHANGEID="50900367" NUMBER="4" APARTTYPE="2" OPERTYPEID="10" PREVID="0" NEXTID="112040428" UPDATEDATE="2025-10-31" STARTDATE="2017-06-08" ENDDATE="2025-10-31" ISACTUAL="0" ISACTIVE="0" /><APARTMENT ID="112041578" OBJECTID="2666361" OBJECTGUID="49c818d5-4612-47b7-a63a-f8c0e05de85f" CHANGEID="691500008" NUMBER="2" APARTTYPE="2" OPERTYPEID="30" PREVID="742757" NEXTID="0" UPDATEDATE="2025-10-31" STARTDATE="2025-10-31" ENDDATE="2079-06-06" ISACTUAL="1" ISACTIVE="0" /><APARTMENT ID="742757" OBJECTID="2666361" OBJECTGUID="49c818d5-4612-47b7-a63a-f8c0e05de85f" CHANGEID="5818637" NUMBER="2" APARTTYPE="2" OPERTYPEID="10" PREVID="0" NEXTID="112041578" UPDATEDATE="2025-10-31" STARTDATE="2018-12-26" ENDDATE="2025-10-31" ISACTUAL="0" ISACTIVE="0" /><APARTMENT ID="112041579" OBJECTID="2666377" OBJECTGUID="75949b12-3cef-4a4f-916b-234bdcfeb0e6" CHANGEID="691500009" NUMBER="1" APARTTYPE="2" OPERTYPEID="30" PREVID="742767" NEXTID="0" UPDATEDATE="2025-10-31" STARTDATE="2025-10-31" ENDDATE="2079-06-06" ISACTUAL="1" ISACTIVE="0" /><APARTMENT ID="742767" OBJECTID="2666377" OBJECTGUID="75949b12-3cef-4a4f-916b-234bdcfeb0e6" CHANGEID="5818664" NUMBER="1" APARTTYPE="2" OPERTYPEID="10" PREVID="0" NEXTID="112041579" UPDATEDATE="2025-10-31" STARTDATE="2018-12-26" ENDDATE="2025-10-31" ISACTUAL="0" ISACTIVE="0" /><APARTMENT ID="112041582" OBJECTID="72208501" OBJECTGUID="17f06af0-c847-412c-b8eb-4cfba709ef89" CHANGEID="691500032" NUMBER="2" APARTTYPE="2" OPERTYPEID="30" PREVID="43116438" NEXTID="0" UPDATEDATE="2025-10-31" STARTDATE="2025-10-31" ENDDATE="2079-06-06" ISACTUAL="1" ISACTIVE="0" /><APARTMENT ID="43116438" OBJECTID="72208501" OBJECTGUID="17f06af0-c847-412c-b8eb-4cfba709ef89" CHANGEID="107524245" NUMBER="2" APARTTYPE="2" OPERTYPEID="10" PREVID="0" NEXTID="112041582" UPDATEDATE="2025-10-31" STARTDATE="2018-12-26" ENDDATE="2025-10-31" ISACTUAL="0" ISACTIVE="0" /><APARTMENT ID="112041583" OBJECTID="72208593" OBJECTGUID="8e9e9397-d79e-49f5-ae74-422eb874c636" CHANGEID="691500033" NUMBER="1" APARTTYPE="2" OPERTYPEID="30" PREVID="43116459" NEXTID="0" UPDATEDATE="2025-10-31" STARTDATE="2025-10-31" ENDDATE="2079-06-06" ISACTUAL="1" ISACTIVE="0" /><APARTMENT ID="43116459" OBJECTID="72208593" OBJECTGUID="8e9e9397-d79e-49f5-ae74-422eb874c636" CHANGEID="107524417" NUMBER="1" APARTTYPE="2" OPERTYPEID="10" PREVID="0" NEXTID="112041583" UPDATEDATE="2025-10-31" STARTDATE="2018-12-26" ENDDATE="2025-10-31" ISACTUAL="0" ISACTIVE="0" /><APARTMENT ID="112041584" OBJECTID="52827586" OBJECTGUID="9a9c1c18-585d-42b7-9c21-5a08f66503e6" CHANGEID="691500041" NUMBER="1" APARTTYPE="2" OPERTYPEID="30" PREVID="31364165" NEXTID="0" UPDATEDATE="2025-10-31" STARTDATE="2025-10-31" ENDDATE="2079-06-06" ISACTUAL="1" ISACTIVE="0" /><APARTMENT ID="112041585" OBJECTID="52827877" OBJECTGUID="de24b177-caa4-4bc1-919b-13fee2825732" CHANGEID="691500042" NUMBER="2" APARTTYPE="2" OPERTYPEID="30" PREVID="31364282" NEXTID="0" UPDATEDATE="2025-10-31" STARTDATE="2025-10-31" ENDDATE="2079-06-06" ISACTUAL="1" ISACTIVE="0" /><APARTMENT ID="112041587" OBJECTID="54316868" OBJECTGUID="336e9baa-3be0-4537-90e5-37b87e787916" CHANGEID="691500064" NUMBER="2" APARTTYPE="2" OPERTYPEID="30" PREVID="32277697" NEXTID="0" UPDATEDATE="2025-10-31" STARTDATE="2025-10-31" ENDDATE="2079-06-06" ISACTUAL="1" ISACTIVE="0" /><APARTMENT ID="112041588" OBJECTID="54316886" OBJECTGUID="52d39f8a-efd1-4856-8eb3-3888c471219f" CHANGEID="691500065" NUMBER="1" APARTTYPE="2" OPERTYPEID="30" PREVID="32277713" NEXTID="0" UPDATEDATE="2025-10-31" STARTDATE="2025-10-31" ENDDATE="2079-06-06" ISACTUAL="1" ISACTIVE="0" /><APARTMENT ID="112041589" OBJECTID="83935020" OBJECTGUID="3695cffa-9318-4747-afa6-d60ee21e9389" CHANGEID="691500078" NUMBER="1" APARTTYPE="2" OPERTYPEID="30" PREVID="50224458" NEXTID="0" UPDATEDATE="2025-10-31" STARTDATE="2025-10-31" ENDDATE="2079-06-06" ISACTUAL="1" ISACTIVE="0" /><APARTMENT ID="50224458" OBJECTID="83935020" OBJECTGUID="3695cffa-9318-4747-afa6-d60ee21e9389" CHANGEID="124690951" NUMBER="1" APARTTYPE="2" OPERTYPEID="10" PREVID="0" NEXTID="112041589" UPDATEDATE="2025-10-31" STARTDATE="2018-12-26" ENDDATE="2025-10-31" ISACTUAL="0" ISACTIVE="0" /><APARTMENT ID="112041590" OBJECTID="83935152" OBJECTGUID="c75e50fb-6bd9-49b2-b2ae-089e6c5d6fbd" CHANGEID="691500079" NUMBER="2" APARTTYPE="2" OPERTYPEID="30" PREVID="50224468" NEXTID="0" UPDATEDATE="2025-10-31" STARTDATE="2025-10-31" ENDDATE="2079-06-06" ISACTUAL="1" ISACTIVE="0" /><APARTMENT ID="50224468" OBJECTID="83935152" OBJECTGUID="c75e50fb-6bd9-49b2-b2ae-089e6c5d6fbd" CHANGEID="124691173" NUMBER="2" APARTTYPE="2" OPERTYPEID="10" PREVID="0" NEXTID="112041590" UPDATEDATE="2025-10-31" STARTDATE="2018-12-26" ENDDATE="2025-10-31" ISACTUAL="0" ISACTIVE="0" /><APARTMENT ID="112041591" OBJECTID="83932883" OBJECTGUID="19e4a216-4df3-4c7e-83bf-d9f9c0e681cb" CHANGEID="691500096" NUMBER="1" APARTTYPE="2" OPERTYPEID="30" PREVID="50223280" NEXTID="0" UPDATEDATE="2025-10-31" STARTDATE="2025-10-31" ENDDATE="2079-06-06" ISACTUAL="1" ISACTIVE="0" /><APARTMENT ID="50223280" OBJECTID="83932883" OBJECTGUID="19e4a216-4df3-4c7e-83bf-d9f9c0e681cb" CHANGEID="124687565" NUMBER="1" APARTTYPE="2" OPERTYPEID="10" PREVID="0" NEXTID="112041591" UPDATEDATE="2025-10-31" STARTDATE="2018-12-26" ENDDATE="2025-10-31" ISACTUAL="0" ISACTIVE="0" /><APARTMENT ID="112041592" OBJECTID="83932894" OBJECTGUID="8234a9eb-4b3c-4813-a388-89eca3c07f4b" CHANGEID="691500097" NUMBER="2" APARTTYPE="2" OPERTYPEID="30" PREVID="50223290" NEXTID="0" UPDATEDATE="2025-10-31" STARTDATE="2025-10-31" ENDDATE="2079-06-06" ISACTUAL="1" ISACTIVE="0" /><APARTMENT ID="50223290" OBJECTID="83932894" OBJECTGUID="8234a9eb-4b3c-4813-a388-89eca3c07f4b" CHANGEID="124687584" NUMBER="2" APARTTYPE="2" OPERTYPEID="10" PREVID="0" NEXTID="112041592" UPDATEDATE="2025-10-31" STARTDATE="2018-12-26" ENDDATE="2025-10-31" ISACTUAL="0" ISACTIVE="0" /><APARTMENT ID="112041594" OBJECTID="14418110" OBJECTGUID="95259630-9e1f-4053-9644-4cafe01b0de8" CHANGEID="691500161" NUMBER="2" APARTTYPE="2" OPERTYPEID="30" PREVID="7862719" NEXTID="0" UPDATEDATE="2025-10-31" STARTDATE="2025-10-31" ENDDATE="2079-06-06" ISACTUAL="1" ISACTIVE="0" /><APARTMENT ID="112041595" OBJECTID="14428986" OBJECTGUID="fdd58348-eadb-441a-a0b6-721a0748cc50" CHANGEID="691500181" NUMBER="2" APARTTYPE="2" OPERTYPEID="30" PREVID="7868460" NEXTID="0" UPDATEDATE="2025-10-31" STARTDATE="2025-10-31" ENDDATE="2079-06-06" ISACTUAL="1" ISACTIVE="0" /><APARTMENT ID="7868460" OBJECTID="14428986" OBJECTGUID="fdd58348-eadb-441a-a0b6-721a0748cc50" CHANGEID="23069041" NUMBER="2" APARTTYPE="2" OPERTYPEID="10" PREVID="0" NEXTID="112041595" UPDATEDATE="2025-10-31" STARTDATE="2018-12-26" ENDDATE="2025-10-31" ISACTUAL="0" ISACTIVE="0" /><APARTMENT ID="112041596" OBJECTID="72193402" OBJECTGUID="8f90d3e7-82a0-4ef1-b1da-c5bb28af8d30" CHANGEID="691500212" NUMBER="2" APARTTYPE="2" OPERTYPEID="30" PREVID="43108179" NEXTID="0" UPDATEDATE="2025-10-31" STARTDATE="2025-10-31" ENDDATE="2079-06-06" ISACTUAL="1" ISACTIVE="0" /><APARTMENT ID="43108179" OBJECTID="72193402" OBJECTGUID="8f90d3e7-82a0-4ef1-b1da-c5bb28af8d30" CHANGEID="107500551" NUMBER="2" APARTTYPE="2" OPERTYPEID="10" PREVID="0" NEXTID="112041596" UPDATEDATE="2025-10-31" STARTDATE="2018-12-26" ENDDATE="2025-10-31" ISACTUAL="0" ISACTIVE="0" /><APARTMENT ID="112041597" OBJECTID="72193784" OBJECTGUID="ce5b114e-fd86-451f-aae4-893c39b273df" CHANGEID="691500213" NUMBER="1" APARTTYPE="2" OPERTYPEID="30" PREVID="43108328" NEXTID="0" UPDATEDATE="2025-10-31" STARTDATE="2025-10-31" ENDDATE="2079-06-06" ISACTUAL="1" ISACTIVE="0" /><APARTMENT ID="43108328" OBJECTID="72193784" OBJECTGUID="ce5b114e-fd86-451f-aae4-893c39b273df" CHANGEID="107501243" NUMBER="1" APARTTYPE="2" OPERTYPEID="10" PREVID="0" NEXTID="112041597" UPDATEDATE="2025-10-31" STARTDATE="2018-12-26" ENDDATE="2025-10-31" ISACTUAL="0" ISACTIVE="0" /><APARTMENT ID="112041599" OBJECTID="52830635" OBJECTGUID="b79863ee-8534-4ff5-b80a-ed2c4a8a0ce4" CHANGEID="691500221" NUMBER="1" APARTTYPE="2" OPERTYPEID="30" PREVID="31366015" NEXTID="0" UPDATEDATE="2025-10-31" STARTDATE="2025-10-31" ENDDATE="2079-06-06" ISACTUAL="1" ISACTIVE="0" /><APARTMENT ID="31366015" OBJECTID="52830635" OBJECTGUID="b79863ee-8534-4ff5-b80a-ed2c4a8a0ce4" CHANGEID="79122580" NUMBER="1" APARTTYPE="2" OPERTYPEID="10" PREVID="0" NEXTID="112041599" UPDATEDATE="2025-10-31" STARTDATE="2018-12-26" ENDDATE="2025-10-31" ISACTUAL="0" ISACTIVE="0" /><APARTMENT ID="112049688" OBJECTID="175643407" OBJECTGUID="b232e487-036f-4bcc-829b-0501135b9fbc" CHANGEID="691536751" NUMBER="2" APARTTYPE="2" OPERTYPEID="10" PREVID="0" NEXTID="0" UPDATEDATE="2025-11-01" STARTDATE="2025-11-01" ENDDATE="2079-06-06" ISACTUAL="1" ISACTIVE="1" /><APARTMENT ID="112049689" OBJECTID="175643408" OBJECTGUID="a8e853af-41af-4c4d-a39e-a92ca101f9e9" CHANGEID="691536752" NUMBER="1" APARTTYPE="2" OPERTYPEID="10" PREVID="0" NEXTID="0" UPDATEDATE="2025-11-01" STARTDATE="2025-11-01" ENDDATE="2079-06-06" ISACTUAL="1" ISACTIVE="1" /><APARTMENT ID="112049691" OBJECTID="175643410" OBJECTGUID="4f31e330-6f4a-438f-b868-699284fbb028" CHANGEID="691536754" NUMBER="2" APARTTYPE="2" OPERTYPEID="10" PREVID="0" NEXTID="0" UPDATEDATE="2025-11-01" STARTDATE="2025-11-01" ENDDATE="2079-06-06" ISACTUAL="1" ISACTIVE="1" /><APARTMENT ID="112049692" OBJECTID="175643412" OBJECTGUID="3b07d28f-8901-4d6b-bd7e-868ee0c3a609" CHANGEID="691536756" NUMBER="1" APARTTYPE="2" OPERTYPEID="10" PREVID="0" NEXTID="0" UPDATEDATE="2025-11-01" STARTDATE="2025-11-01" ENDDATE="2079-06-06" ISACTUAL="1" ISACTIVE="1" /><APARTMENT ID="112049693" OBJECTID="175643414" OBJECTGUID="b092f753-bb4d-4e0c-aa36-f88330ee2141" CHANGEID="691536758" NUMBER="2" APARTTYPE="2" OPERTYPEID="10" PREVID="0" NEXTID="0" UPDATEDATE="2025-11-01" STARTDATE="2025-11-01" ENDDATE="2079-06-06" ISACTUAL="1" ISACTIVE="1" /><APARTMENT ID="112049694" OBJECTID="175643416" OBJECTGUID="f69d659b-5057-484c-bc48-303dec794b58" CHANGEID="691536762" NUMBER="1" APARTTYPE="2" OPERTYPEID="10" PREVID="0" NEXTID="0" UPDATEDATE="2025-11-01" STARTDATE="2025-11-01" ENDDATE="2079-06-06" ISACTUAL="1" ISACTIVE="1" /><APARTMENT ID="112049695" OBJECTID="175643417" OBJECTGUID="312f0f8c-ebc9-40c8-8c5c-019fbd8cc1ac" CHANGEID="691536763" NUMBER="2" APARTTYPE="2" OPERTYPEID="10" PREVID="0" NEXTID="0" UPDATEDATE="2025-11-01" STARTDATE="2025-11-01" ENDDATE="2079-06-06" ISACTUAL="1" ISACTIVE="1" /><APARTMENT ID="112049696" OBJECTID="175643418" OBJECTGUID="caba3e82-b635-4b44-86ba-edd5a879b4a5" CHANGEID="691536764" NUMBER="1" APARTTYPE="2" OPERTYPEID="10" PREVID="0" NEXTID="0" UPDATEDATE="2025-11-01" STARTDATE="2025-11-01" ENDDATE="2079-06-06" ISACTUAL="1" ISACTIVE="1" /><APARTMENT ID="112049697" OBJECTID="175643419" OBJECTGUID="c7075c21-6eaa-4c2e-91f8-e02fa72324b0" CHANGEID="691536765" NUMBER="1" APARTTYPE="2" OPERTYPEID="10" PREVID="0" NEXTID="0" UPDATEDATE="2025-11-01" STARTDATE="2025-11-01" ENDDATE="2079-06-06" ISACTUAL="1" ISACTIVE="1" /><APARTMENT ID="112049698" OBJECTID="175643422" OBJECTGUID="2f1827fe-63d9-4ef6-9a3b-25b5a993140d" CHANGEID="691536771" NUMBER="1" APARTTYPE="2" OPERTYPEID="10" PREVID="0" NEXTID="0" UPDATEDATE="2025-11-01" STARTDATE="2025-11-01" ENDDATE="2079-06-06" ISACTUAL="1" ISACTIVE="1" /><APARTMENT ID="112049699" OBJECTID="175643428" OBJECTGUID="0ca03b22-241a-437e-b800-96f2f86ddd12" CHANGEID="691536805" NUMBER="9" APARTTYPE="1" OPERTYPEID="10" PREVID="0" NEXTID="0" UPDATEDATE="2025-11-01" STARTDATE="2025-11-01" ENDDATE="2079-06-06" ISACTUAL="1" ISACTIVE="1" /><APARTMENT ID="112049700" OBJECTID="175643440" OBJECTGUID="da9a5b09-cc91-4eee-bf6f-ea21a2d4b814" CHANGEID="691536820" NUMBER="10/1/36" APARTTYPE="1" OPERTYPEID="10" PREVID="0" NEXTID="0" UPDATEDATE="2025-11-01" STARTDATE="2025-11-01" ENDDATE="2079-06-06" ISACTUAL="1" ISACTIVE="1" /><APARTMENT ID="112049703" OBJECTID="175614127" OBJECTGUID="bf4386f8-d511-4175-8cd1-9d1c38726893" CHANGEID="691536875" NUMBER="10" APARTTYPE="1" OPERTYPEID="30" PREVID="112039170" NEXTID="0" UPDATEDATE="2025-11-01" STARTDATE="2025-11-01" ENDDATE="2079-06-06" ISACTUAL="1" ISACTIVE="0" /><APARTMENT ID="112039170" OBJECTID="175614127" OBJECTGUID="bf4386f8-d511-4175-8cd1-9d1c38726893" CHANGEID="691491689" NUMBER="10" APARTTYPE="1" OPERTYPEID="10" PREVID="0" NEXTID="112049703" UPDATEDATE="2025-11-01" STARTDATE="2025-10-31" ENDDATE="2025-11-01" ISACTUAL="0" ISACTIVE="0" /><APARTMENT ID="112049796" OBJECTID="175643949" OBJECTGUID="a89ea3bc-4233-4c92-8a8d-fff458d5af73" CHANGEID="691546387" NUMBER="2" APARTTYPE="1" OPERTYPEID="10" PREVID="0" NEXTID="0" UPDATEDATE="2025-11-01" STARTDATE="2025-11-01" ENDDATE="2079-06-06" ISACTUAL="1" ISACTIVE="1" /><APARTMENT ID="112049797" OBJECTID="175643983" OBJECTGUID="2a52bd7a-e00b-499d-a3e4-002803aa7020" CHANGEID="691546561" NUMBER="10" APARTTYPE="2" OPERTYPEID="10" PREVID="0" NEXTID="0" UPDATEDATE="2025-11-01" STARTDATE="2025-11-01" ENDDATE="2079-06-06" ISACTUAL="1" ISACTIVE="1" /><APARTMENT ID="112049967" OBJECTID="175644397" OBJECTGUID="70f73aac-d8f1-455f-9a54-a02e203e1bfb" CHANGEID="691553172" NUMBER="2" APARTTYPE="2" OPERTYPEID="10" PREVID="0" NEXTID="0" UPDATEDATE="2025-11-01" STARTDATE="2025-11-01" ENDDATE="2079-06-06" ISACTUAL="1" ISACTIVE="1" /><APARTMENT ID="112049968" OBJECTID="175644398" OBJECTGUID="a4b25634-a056-498c-8022-faaceca9f6d5" CHANGEID="691553173" NUMBER="1" APARTTYPE="2" OPERTYPEID="10" PREVID="0" NEXTID="0" UPDATEDATE="2025-11-01" STARTDATE="2025-11-01" ENDDATE="2079-06-06" ISACTUAL="1" ISACTIVE="1" /><APARTMENT ID="112050336" OBJECTID="174646186" OBJECTGUID="21ec7e2a-8c53-4d07-a16e-98bf513f3ad9" CHANGEID="691557803" NUMBER="1" APARTTYPE="2" OPERTYPEID="30" PREVID="111696762" NEXTID="0" UPDATEDATE="2025-11-01" STARTDATE="2025-11-01" ENDDATE="2079-06-06" ISACTUAL="1" ISACTIVE="0" /><APARTMENT ID="112050734" OBJECTID="175647057" OBJECTGUID="c1f5af24-257e-4d08-b3f6-213bf619ff9d" CHANGEID="691560546" NUMBER="1/40" APARTTYPE="1" OPERTYPEID="10" PREVID="0" NEXTID="0" UPDATEDATE="2025-11-01" STARTDATE="2025-11-01" ENDDATE="2079-06-06" ISACTUAL="1" ISACTIVE="1" /><APARTMENT ID="112050735" OBJECTID="175647058" OBJECTGUID="b23a9481-cdf5-4737-8da6-81f52ed80371" CHANGEID="691560547" NUMBER="1/32" APARTTYPE="1" OPERTYPEID="10" PREVID="0" NEXTID="0" UPDATEDATE="2025-11-01" STARTDATE="2025-11-01" ENDDATE="2079-06-06" ISACTUAL="1" ISACTIVE="1" /><APARTMENT ID="112051584" OBJECTID="175648437" OBJECTGUID="04490871-29df-4f31-979b-54ec32af806b" CHANGEID="691562637" NUMBER="1" APARTTYPE="2" OPERTYPEID="10" PREVID="0" NEXTID="0" UPDATEDATE="2025-11-01" STARTDATE="2025-11-01" ENDDATE="2079-06-06" ISACTUAL="1" ISACTIVE="1" /><APARTMENT ID="112051612" OBJECTID="175648537" OBJECTGUID="643118ad-9249-4999-bd9c-b18f68dfeece" CHANGEID="691562773" NUMBER="4" APARTTYPE="2" OPERTYPEID="10" PREVID="0" NEXTID="0" UPDATEDATE="2025-11-01" STARTDATE="2025-11-01" ENDDATE="2079-06-06" ISACTUAL="1" ISACTIVE="1" /><APARTMENT ID="112051579" OBJECTID="175648422" OBJECTGUID="8921cc53-9901-4d97-a9b5-c8f71a0dd7fe" CHANGEID="691562582" NUMBER="1" APARTTYPE="2" OPERTYPEID="10" PREVID="0" NEXTID="0" UPDATEDATE="2025-11-01" STARTDATE="2025-11-01" ENDDATE="2079-06-06" ISACTUAL="1" ISACTIVE="1" /><APARTMENT ID="112051588" OBJECTID="175648468" OBJECTGUID="7ea639e0-3194-469a-8bf1-f405cfaed8f4" CHANGEID="691562672" NUMBER="4" APARTTYPE="2" OPERTYPEID="10" PREVID="0" NEXTID="0" UPDATEDATE="2025-11-01" STARTDATE="2025-11-01" ENDDATE="2079-06-06" ISACTUAL="1" ISACTIVE="1" /><APARTMENT ID="112051595" OBJECTID="175648476" OBJECTGUID="2a96569b-b156-4ab5-ba05-5efadc183f70" CHANGEID="691562681" NUMBER="2" APARTTYPE="2" OPERTYPEID="10" PREVID="0" NEXTID="0" UPDATEDATE="2025-11-01" STARTDATE="2025-11-01" ENDDATE="2079-06-06" ISACTUAL="1" ISACTIVE="1" /></APARTMENTS>