﻿<?xml version="1.0" encoding="utf-8"?><STEADS><STEAD ID="74515729" OBJECTID="175585463" OBJECTGUID="0ac0325f-4d24-4beb-b0ff-bd822518b442" CHANGEID="691441352" NUMBER="1/1" OPERTYPEID="10" PREVID="0" NEXTID="0" UPDATEDATE="2025-10-30" STARTDATE="2025-10-30" ENDDATE="2079-06-06" ISACTUAL="1" ISACTIVE="1" /><STEAD ID="71067004" OBJECTID="169231230" OBJECTGUID="e6088e15-82fb-4eaf-9f87-fb659468100a" CHANGEID="613538018" NUMBER="54А" OPERTYPEID="10" PREVID="0" NEXTID="74515730" UPDATEDATE="2025-10-30" STARTDATE="2024-12-27" ENDDATE="2025-10-30" ISACTUAL="0" ISACTIVE="0" /><STEAD ID="74515730" OBJECTID="169231230" OBJECTGUID="e6088e15-82fb-4eaf-9f87-fb659468100a" CHANGEID="691441353" NUMBER="52" OPERTYPEID="20" PREVID="71067004" UPDATEDATE="2025-10-30" STARTDATE="2025-10-30" ENDDATE="2079-06-06" ISACTUAL="1" ISACTIVE="1" /><STEAD ID="74515820" OBJECTID="175585552" OBJECTGUID="6b0da8c2-88dc-4a23-abb7-8a919cd3de67" CHANGEID="691441558" NUMBER="46" OPERTYPEID="10" PREVID="0" NEXTID="0" UPDATEDATE="2025-10-30" STARTDATE="2025-10-30" ENDDATE="2079-06-06" ISACTUAL="1" ISACTIVE="1" /><STEAD ID="74515889" OBJECTID="175585624" OBJECTGUID="6032fbfc-e38b-4664-9c26-2b1b929e34ef" CHANGEID="691441812" NUMBER="66" OPERTYPEID="10" PREVID="0" NEXTID="0" UPDATEDATE="2025-10-30" STARTDATE="2025-10-30" ENDDATE="2079-06-06" ISACTUAL="1" ISACTIVE="1" /><STEAD ID="74515890" OBJECTID="175585626" OBJECTGUID="13c6c360-1ab4-4653-bedb-07d1615fa519" CHANGEID="691441830" NUMBER="61б" OPERTYPEID="10" PREVID="0" NEXTID="0" UPDATEDATE="2025-10-30" STARTDATE="2025-10-30" ENDDATE="2079-06-06" ISACTUAL="1" ISACTIVE="1" /><STEAD ID="74515891" OBJECTID="175585627" OBJECTGUID="618eb4fb-a9ad-415f-884a-f7a378ecb91f" CHANGEID="691441831" NUMBER="61б/1" OPERTYPEID="10" PREVID="0" NEXTID="0" UPDATEDATE="2025-10-30" STARTDATE="2025-10-30" ENDDATE="2079-06-06" ISACTUAL="1" ISACTIVE="1" /><STEAD ID="74515895" OBJECTID="175585635" OBJECTGUID="cc43ec4f-91b0-4421-892f-bb4070d132a1" CHANGEID="691441885" NUMBER="62" OPERTYPEID="10" PREVID="0" NEXTID="0" UPDATEDATE="2025-10-30" STARTDATE="2025-10-30" ENDDATE="2079-06-06" ISACTUAL="1" ISACTIVE="1" /><STEAD ID="74515896" OBJECTID="175585636" OBJECTGUID="f59c3b0b-bd99-4416-9b17-2320314c94e9" CHANGEID="691441886" NUMBER="68" OPERTYPEID="10" PREVID="0" NEXTID="0" UPDATEDATE="2025-10-30" STARTDATE="2025-10-30" ENDDATE="2079-06-06" ISACTUAL="1" ISACTIVE="1" /><STEAD ID="74516118" OBJECTID="175585907" OBJECTGUID="3c4fb99c-f6bd-4525-8abd-8d9505e1c558" CHANGEID="691442382" NUMBER="64" OPERTYPEID="10" PREVID="0" NEXTID="0" UPDATEDATE="2025-10-30" STARTDATE="2025-10-30" ENDDATE="2079-06-06" ISACTUAL="1" ISACTIVE="1" /><STEAD ID="74516121" OBJECTID="175585913" OBJECTGUID="9a3d16ce-4fca-47e5-a8aa-c6e5ced55e6c" CHANGEID="691442388" NUMBER="61а" OPERTYPEID="10" PREVID="0" NEXTID="0" UPDATEDATE="2025-10-30" STARTDATE="2025-10-30" ENDDATE="2079-06-06" ISACTUAL="1" ISACTIVE="1" /><STEAD ID="74516119" OBJECTID="175585910" OBJECTGUID="6ee1226b-5c9b-40a6-880c-fe981ce53c21" CHANGEID="691442385" NUMBER="63а" OPERTYPEID="10" PREVID="0" NEXTID="0" UPDATEDATE="2025-10-30" STARTDATE="2025-10-30" ENDDATE="2079-06-06" ISACTUAL="1" ISACTIVE="1" /><STEAD ID="74516126" OBJECTID="175585917" OBJECTGUID="274c237b-f5dc-4969-9929-bff2d7ce8a04" CHANGEID="691442417" NUMBER="117" OPERTYPEID="10" PREVID="0" NEXTID="0" UPDATEDATE="2025-10-30" STARTDATE="2025-10-30" ENDDATE="2079-06-06" ISACTUAL="1" ISACTIVE="1" /><STEAD ID="74516289" OBJECTID="175586130" OBJECTGUID="c0fc907b-2a52-4c50-b761-ae7671baf89c" CHANGEID="691442873" NUMBER="19" OPERTYPEID="10" PREVID="0" NEXTID="0" UPDATEDATE="2025-10-30" STARTDATE="2025-10-30" ENDDATE="2079-06-06" ISACTUAL="1" ISACTIVE="1" /><STEAD ID="74516290" OBJECTID="102611780" OBJECTGUID="9b1eb6dc-0b40-48c5-b5dc-11277ae6241b" CHANGEID="691442876" NUMBER="12" OPERTYPEID="30" PREVID="14752599" NEXTID="0" UPDATEDATE="2025-10-30" STARTDATE="2025-10-30" ENDDATE="2079-06-06" ISACTUAL="1" ISACTIVE="0" /><STEAD ID="14752599" OBJECTID="102611780" OBJECTGUID="9b1eb6dc-0b40-48c5-b5dc-11277ae6241b" CHANGEID="219002967" NUMBER="12" OPERTYPEID="10" PREVID="0" NEXTID="74516290" UPDATEDATE="2025-10-30" STARTDATE="2021-10-06" ENDDATE="2025-10-30" ISACTUAL="0" ISACTIVE="0" /><STEAD ID="74516294" OBJECTID="175586135" OBJECTGUID="8c6ab52c-2a75-4775-9c76-dcb94c48011a" CHANGEID="691442908" NUMBER="9" OPERTYPEID="10" PREVID="0" NEXTID="0" UPDATEDATE="2025-10-30" STARTDATE="2025-10-30" ENDDATE="2079-06-06" ISACTUAL="1" ISACTIVE="1" /><STEAD ID="74517351" OBJECTID="175587614" OBJECTGUID="0858a1e8-cdf3-4d32-999f-c2a527b49c0c" CHANGEID="691445545" NUMBER="48" OPERTYPEID="10" PREVID="0" NEXTID="0" UPDATEDATE="2025-10-30" STARTDATE="2025-10-30" ENDDATE="2079-06-06" ISACTUAL="1" ISACTIVE="1" /><STEAD ID="74517358" OBJECTID="175587627" OBJECTGUID="715327a1-9aaa-4a70-a3d9-848e6d7a7664" CHANGEID="691445571" NUMBER="8" OPERTYPEID="10" PREVID="0" NEXTID="0" UPDATEDATE="2025-10-30" STARTDATE="2025-10-30" ENDDATE="2079-06-06" ISACTUAL="1" ISACTIVE="1" /><STEAD ID="74517442" OBJECTID="175587710" OBJECTGUID="99eb28d1-b9c2-4d75-865d-bca3249caf45" CHANGEID="691445675" NUMBER="3" OPERTYPEID="10" PREVID="0" NEXTID="0" UPDATEDATE="2025-10-30" STARTDATE="2025-10-30" ENDDATE="2079-06-06" ISACTUAL="1" ISACTIVE="1" /><STEAD ID="74517353" OBJECTID="175587617" OBJECTGUID="ce06bfae-dcb9-46d2-80c1-ed5e7597419d" CHANGEID="691445548" NUMBER="50" OPERTYPEID="10" PREVID="0" NEXTID="0" UPDATEDATE="2025-10-30" STARTDATE="2025-10-30" ENDDATE="2079-06-06" ISACTUAL="1" ISACTIVE="1" /><STEAD ID="74517360" OBJECTID="175587628" OBJECTGUID="fe1af34c-9d54-41a9-b4f0-baaebe2df8e7" CHANGEID="691445576" NUMBER="18" OPERTYPEID="10" PREVID="0" NEXTID="0" UPDATEDATE="2025-10-30" STARTDATE="2025-10-30" ENDDATE="2079-06-06" ISACTUAL="1" ISACTIVE="1" /><STEAD ID="74517803" OBJECTID="175588385" OBJECTGUID="3b38676e-5fcb-482a-b65b-edb7b689fb76" CHANGEID="691446686" NUMBER="4/2" OPERTYPEID="10" PREVID="0" NEXTID="0" UPDATEDATE="2025-10-30" STARTDATE="2025-10-30" ENDDATE="2079-06-06" ISACTUAL="1" ISACTIVE="1" /><STEAD ID="74517804" OBJECTID="175588386" OBJECTGUID="71925d4e-238f-43b6-9b0e-11a637732d8c" CHANGEID="691446687" NUMBER="42А" OPERTYPEID="10" PREVID="0" NEXTID="0" UPDATEDATE="2025-10-30" STARTDATE="2025-10-30" ENDDATE="2079-06-06" ISACTUAL="1" ISACTIVE="1" /><STEAD ID="74517805" OBJECTID="175588387" OBJECTGUID="a99f61e3-2881-481a-be6b-bfd44f1f4880" CHANGEID="691446689" NUMBER="46" OPERTYPEID="10" PREVID="0" NEXTID="0" UPDATEDATE="2025-10-30" STARTDATE="2025-10-30" ENDDATE="2079-06-06" ISACTUAL="1" ISACTIVE="1" /><STEAD ID="74517806" OBJECTID="175588388" OBJECTGUID="ee2eceb4-ce0c-47a2-ba61-9285aa9e50e8" CHANGEID="691446758" NUMBER="52А" OPERTYPEID="10" PREVID="0" NEXTID="0" UPDATEDATE="2025-10-30" STARTDATE="2025-10-30" ENDDATE="2079-06-06" ISACTUAL="1" ISACTIVE="1" /><STEAD ID="74517808" OBJECTID="175588390" OBJECTGUID="f08ceae2-c8c4-4136-916f-b737e1cab6ec" CHANGEID="691446770" NUMBER="52Б" OPERTYPEID="10" PREVID="0" NEXTID="0" UPDATEDATE="2025-10-30" STARTDATE="2025-10-30" ENDDATE="2079-06-06" ISACTUAL="1" ISACTIVE="1" /><STEAD ID="74517809" OBJECTID="175588391" OBJECTGUID="f141dae1-e143-43f3-aeb7-8f2737cec557" CHANGEID="691446771" NUMBER="54/2" OPERTYPEID="10" PREVID="0" NEXTID="0" UPDATEDATE="2025-10-30" STARTDATE="2025-10-30" ENDDATE="2079-06-06" ISACTUAL="1" ISACTIVE="1" /><STEAD ID="74517813" OBJECTID="175588400" OBJECTGUID="375e3bed-9f5d-42a4-897e-944ea7e70757" CHANGEID="691446805" NUMBER="21А" OPERTYPEID="10" PREVID="0" NEXTID="0" UPDATEDATE="2025-10-30" STARTDATE="2025-10-30" ENDDATE="2079-06-06" ISACTUAL="1" ISACTIVE="1" /><STEAD ID="74517897" OBJECTID="175588503" OBJECTGUID="f0084112-6dfb-4d88-ae6f-58e398fc54d5" CHANGEID="691447068" NUMBER="2" OPERTYPEID="10" PREVID="0" NEXTID="0" UPDATEDATE="2025-10-30" STARTDATE="2025-10-30" ENDDATE="2079-06-06" ISACTUAL="1" ISACTIVE="1" /><STEAD ID="74517947" OBJECTID="175588579" OBJECTGUID="77bde87f-fa91-4c29-9f29-1ed385db719b" CHANGEID="691447335" NUMBER="9" OPERTYPEID="10" PREVID="0" NEXTID="0" UPDATEDATE="2025-10-30" STARTDATE="2025-10-30" ENDDATE="2079-06-06" ISACTUAL="1" ISACTIVE="1" /><STEAD ID="74518062" OBJECTID="175588732" OBJECTGUID="2671246e-24a8-4b31-96f1-5f69846b116d" CHANGEID="691447627" NUMBER="15" OPERTYPEID="10" PREVID="0" NEXTID="0" UPDATEDATE="2025-10-30" STARTDATE="2025-10-30" ENDDATE="2079-06-06" ISACTUAL="1" ISACTIVE="1" /><STEAD ID="74518138" OBJECTID="175588825" OBJECTGUID="1d45f65c-04d1-4aea-8f26-c8de8b6a8ce6" CHANGEID="691448010" NUMBER="16А" OPERTYPEID="10" PREVID="0" NEXTID="0" UPDATEDATE="2025-10-30" STARTDATE="2025-10-30" ENDDATE="2079-06-06" ISACTUAL="1" ISACTIVE="1" /><STEAD ID="74518130" OBJECTID="175588817" OBJECTGUID="018563dc-57d6-4f46-a4ce-4e04f7de9d1a" CHANGEID="691447997" NUMBER="26" OPERTYPEID="10" PREVID="0" NEXTID="0" UPDATEDATE="2025-10-30" STARTDATE="2025-10-30" ENDDATE="2079-06-06" ISACTUAL="1" ISACTIVE="1" /><STEAD ID="74518345" OBJECTID="104100530" OBJECTGUID="750c3eeb-efc8-4f2b-951a-2a57935a4f14" CHANGEID="691449002" NUMBER="19/2" OPERTYPEID="30" PREVID="15306811" NEXTID="0" UPDATEDATE="2025-10-30" STARTDATE="2025-10-30" ENDDATE="2079-06-06" ISACTUAL="1" ISACTIVE="0" /><STEAD ID="15306811" OBJECTID="104100530" OBJECTGUID="750c3eeb-efc8-4f2b-951a-2a57935a4f14" CHANGEID="280535218" NUMBER="19/2" OPERTYPEID="10" PREVID="0" NEXTID="74518345" UPDATEDATE="2025-10-30" STARTDATE="2022-03-30" ENDDATE="2025-10-30" ISACTUAL="0" ISACTIVE="0" /><STEAD ID="74518397" OBJECTID="100758356" OBJECTGUID="f3b185e0-1935-41e5-bbb6-36514a5da980" CHANGEID="691449256" NUMBER="23Б" OPERTYPEID="30" PREVID="13842748" NEXTID="0" UPDATEDATE="2025-10-30" STARTDATE="2025-10-30" ENDDATE="2079-06-06" ISACTUAL="1" ISACTIVE="0" /><STEAD ID="13842748" OBJECTID="100758356" OBJECTGUID="f3b185e0-1935-41e5-bbb6-36514a5da980" CHANGEID="183963925" NUMBER="23Б" OPERTYPEID="10" PREVID="0" NEXTID="74518397" UPDATEDATE="2025-10-30" STARTDATE="2021-03-31" ENDDATE="2025-10-30" ISACTUAL="0" ISACTIVE="0" /><STEAD ID="74518456" OBJECTID="175589317" OBJECTGUID="1dd9e7c4-0152-412f-b326-24b4afe53588" CHANGEID="691449459" NUMBER="7/2/57" OPERTYPEID="10" PREVID="0" NEXTID="0" UPDATEDATE="2025-10-30" STARTDATE="2025-10-30" ENDDATE="2079-06-06" ISACTUAL="1" ISACTIVE="1" /><STEAD ID="74519278" OBJECTID="175590820" OBJECTGUID="52e69422-c324-462e-bed5-cd390be67e96" CHANGEID="691452202" NUMBER="23б" OPERTYPEID="10" PREVID="0" NEXTID="0" UPDATEDATE="2025-10-30" STARTDATE="2025-10-30" ENDDATE="2079-06-06" ISACTUAL="1" ISACTIVE="1" /><STEAD ID="74530890" OBJECTID="175613830" OBJECTGUID="41731ad1-21e2-40c9-aed6-421fc8fb276a" CHANGEID="691490313" NUMBER="1" OPERTYPEID="10" PREVID="0" NEXTID="0" UPDATEDATE="2025-10-31" STARTDATE="2025-10-31" ENDDATE="2079-06-06" ISACTUAL="1" ISACTIVE="1" /><STEAD ID="74530899" OBJECTID="175613841" OBJECTGUID="b17fa2e0-40d5-4de3-ae3a-caa67cf7d852" CHANGEID="691490346" NUMBER="49/2" OPERTYPEID="10" PREVID="0" NEXTID="0" UPDATEDATE="2025-10-31" STARTDATE="2025-10-31" ENDDATE="2079-06-06" ISACTUAL="1" ISACTIVE="1" /><STEAD ID="74530900" OBJECTID="175613842" OBJECTGUID="a23a9a53-7c90-4557-bc6d-f0e1cc188f15" CHANGEID="691490347" NUMBER="12" OPERTYPEID="10" PREVID="0" NEXTID="0" UPDATEDATE="2025-10-31" STARTDATE="2025-10-31" ENDDATE="2079-06-06" ISACTUAL="1" ISACTIVE="1" /><STEAD ID="74531204" OBJECTID="175614126" OBJECTGUID="86d5dfa8-5635-4adb-bf8d-8406a3f51ec2" CHANGEID="691491688" NUMBER="1д" OPERTYPEID="10" PREVID="0" NEXTID="0" UPDATEDATE="2025-10-31" STARTDATE="2025-10-31" ENDDATE="2079-06-06" ISACTUAL="1" ISACTIVE="1" /><STEAD ID="74531452" OBJECTID="175614679" OBJECTGUID="d9726462-df29-4207-a8db-29d1dc1c1017" CHANGEID="691492575" NUMBER="14" OPERTYPEID="10" PREVID="0" NEXTID="0" UPDATEDATE="2025-10-31" STARTDATE="2025-10-31" ENDDATE="2079-06-06" ISACTUAL="1" ISACTIVE="1" /><STEAD ID="74531465" OBJECTID="175614734" OBJECTGUID="39365194-8521-4177-bc69-210efbeb2492" CHANGEID="691492720" NUMBER="6" OPERTYPEID="10" PREVID="0" NEXTID="0" UPDATEDATE="2025-10-31" STARTDATE="2025-10-31" ENDDATE="2079-06-06" ISACTUAL="1" ISACTIVE="1" /><STEAD ID="74531457" OBJECTID="175614684" OBJECTGUID="25ed6383-435a-43de-8ff0-2b9ab675d5c4" CHANGEID="691492583" NUMBER="36" OPERTYPEID="10" PREVID="0" NEXTID="0" UPDATEDATE="2025-10-31" STARTDATE="2025-10-31" ENDDATE="2079-06-06" ISACTUAL="1" ISACTIVE="1" /><STEAD ID="74531460" OBJECTID="175614709" OBJECTGUID="a994f428-aa4c-4fe7-801f-55f1a0e84427" CHANGEID="691492673" NUMBER="6/1" OPERTYPEID="10" PREVID="0" NEXTID="0" UPDATEDATE="2025-10-31" STARTDATE="2025-10-31" ENDDATE="2079-06-06" ISACTUAL="1" ISACTIVE="1" /><STEAD ID="74531594" OBJECTID="175615260" OBJECTGUID="fa1a372f-a526-493d-ab5d-debac01a540f" CHANGEID="691493438" NUMBER="2" OPERTYPEID="10" PREVID="0" NEXTID="0" UPDATEDATE="2025-10-31" STARTDATE="2025-10-31" ENDDATE="2079-06-06" ISACTUAL="1" ISACTIVE="1" /><STEAD ID="74531596" OBJECTID="175615265" OBJECTGUID="ffdf2983-208d-4772-8fb1-a40c3cd3d3ed" CHANGEID="691493451" NUMBER="10" OPERTYPEID="10" PREVID="0" NEXTID="0" UPDATEDATE="2025-10-31" STARTDATE="2025-10-31" ENDDATE="2079-06-06" ISACTUAL="1" ISACTIVE="1" /><STEAD ID="74546097" OBJECTID="175643427" OBJECTGUID="e674f302-89e3-46f4-b1a9-aa6ea2b76497" CHANGEID="691536804" NUMBER="149а" OPERTYPEID="10" PREVID="0" NEXTID="0" UPDATEDATE="2025-11-01" STARTDATE="2025-11-01" ENDDATE="2079-06-06" ISACTUAL="1" ISACTIVE="1" /><STEAD ID="74546109" OBJECTID="175643441" OBJECTGUID="4d3ba1df-c282-452e-9ec4-e98d89a7189a" CHANGEID="691536821" NUMBER="10/1/36" OPERTYPEID="10" PREVID="0" NEXTID="0" UPDATEDATE="2025-11-01" STARTDATE="2025-11-01" ENDDATE="2079-06-06" ISACTUAL="1" ISACTIVE="1" /><STEAD ID="74546098" OBJECTID="175643429" OBJECTGUID="acb157cd-7576-4221-871d-daf047af932b" CHANGEID="691536807" NUMBER="28/1/2" OPERTYPEID="10" PREVID="0" NEXTID="0" UPDATEDATE="2025-11-01" STARTDATE="2025-11-01" ENDDATE="2079-06-06" ISACTUAL="1" ISACTIVE="1" /><STEAD ID="74546180" OBJECTID="175643543" OBJECTGUID="43c433cd-4598-4acd-bf27-f496b40be41c" CHANGEID="691538066" NUMBER="6А" OPERTYPEID="10" PREVID="0" NEXTID="0" UPDATEDATE="2025-11-01" STARTDATE="2025-11-01" ENDDATE="2079-06-06" ISACTUAL="1" ISACTIVE="1" /><STEAD ID="74546558" OBJECTID="175643981" OBJECTGUID="fbc8e488-7d76-4ef0-a12a-949c56a84e70" CHANGEID="691546551" NUMBER="8" OPERTYPEID="10" PREVID="0" NEXTID="0" UPDATEDATE="2025-11-01" STARTDATE="2025-11-01" ENDDATE="2079-06-06" ISACTUAL="1" ISACTIVE="1" /><STEAD ID="74546557" OBJECTID="175643979" OBJECTGUID="73a6a690-8e08-4e21-ae9c-bd448cb2580f" CHANGEID="691546531" NUMBER="10" OPERTYPEID="10" PREVID="0" NEXTID="0" UPDATEDATE="2025-11-01" STARTDATE="2025-11-01" ENDDATE="2079-06-06" ISACTUAL="1" ISACTIVE="1" /><STEAD ID="74546561" OBJECTID="175643985" OBJECTGUID="f1f9e651-db25-48da-b94a-616a4906b2f7" CHANGEID="691546574" NUMBER="2Б/4/58" OPERTYPEID="10" PREVID="0" NEXTID="0" UPDATEDATE="2025-11-01" STARTDATE="2025-11-01" ENDDATE="2079-06-06" ISACTUAL="1" ISACTIVE="1" /><STEAD ID="74547268" OBJECTID="175645695" OBJECTGUID="62ec79fa-3462-4066-a570-71f68e2f8ae6" CHANGEID="691557768" NUMBER="23Д" OPERTYPEID="10" PREVID="0" NEXTID="0" UPDATEDATE="2025-11-01" STARTDATE="2025-11-01" ENDDATE="2079-06-06" ISACTUAL="1" ISACTIVE="1" /><STEAD ID="74547254" OBJECTID="175645681" OBJECTGUID="50085586-a09b-4e63-b4cf-b77b4034e9a6" CHANGEID="691557715" NUMBER="5А" OPERTYPEID="10" PREVID="0" NEXTID="0" UPDATEDATE="2025-11-01" STARTDATE="2025-11-01" ENDDATE="2079-06-06" ISACTUAL="1" ISACTIVE="1" /><STEAD ID="74547550" OBJECTID="175646296" OBJECTGUID="59463219-7eed-482d-add4-571acc06b030" CHANGEID="691559019" NUMBER="44" OPERTYPEID="10" PREVID="0" NEXTID="0" UPDATEDATE="2025-11-01" STARTDATE="2025-11-01" ENDDATE="2079-06-06" ISACTUAL="1" ISACTIVE="1" /><STEAD ID="74547573" OBJECTID="175646330" OBJECTGUID="101ca5fe-7290-4b56-b5e2-e0cf7556685a" CHANGEID="691559072" NUMBER="22/1" OPERTYPEID="10" PREVID="0" NEXTID="0" UPDATEDATE="2025-11-01" STARTDATE="2025-11-01" ENDDATE="2079-06-06" ISACTUAL="1" ISACTIVE="1" /><STEAD ID="74547623" OBJECTID="175646388" OBJECTGUID="2eee115e-5a12-4257-9952-a8cdfd088956" CHANGEID="691559166" NUMBER="10Б" OPERTYPEID="10" PREVID="0" NEXTID="0" UPDATEDATE="2025-11-01" STARTDATE="2025-11-01" ENDDATE="2079-06-06" ISACTUAL="1" ISACTIVE="1" /><STEAD ID="74547583" OBJECTID="175646344" OBJECTGUID="8ecc397f-4148-42c8-b7ab-42376a46c724" CHANGEID="691559086" NUMBER="2А/1" OPERTYPEID="10" PREVID="0" NEXTID="0" UPDATEDATE="2025-11-01" STARTDATE="2025-11-01" ENDDATE="2079-06-06" ISACTUAL="1" ISACTIVE="1" /><STEAD ID="74547989" OBJECTID="175647032" OBJECTGUID="4230042a-4ee1-4ea2-9457-9612967e0215" CHANGEID="691560497" NUMBER="10/1" OPERTYPEID="10" PREVID="0" NEXTID="0" UPDATEDATE="2025-11-01" STARTDATE="2025-11-01" ENDDATE="2079-06-06" ISACTUAL="1" ISACTIVE="1" /></STEADS>