﻿<?xml version="1.0" encoding="utf-8"?><APARTMENTS><APARTMENT ID="48019581" OBJECTID="80296692" OBJECTGUID="8549de87-f409-4592-bf2d-cd3a496a07f8" CHANGEID="119333748" NUMBER="3" APARTTYPE="2" OPERTYPEID="10" PREVID="0" NEXTID="112037809" UPDATEDATE="2025-10-30" STARTDATE="2017-05-04" ENDDATE="2025-10-30" ISACTUAL="0" ISACTIVE="0" /><APARTMENT ID="112036141" OBJECTID="175603333" OBJECTGUID="920d8b23-2d4d-4a12-871f-22e751722ade" CHANGEID="691473090" NUMBER="4" APARTTYPE="2" OPERTYPEID="10" PREVID="0" NEXTID="0" UPDATEDATE="2025-10-30" STARTDATE="2025-10-30" ENDDATE="2079-06-06" ISACTUAL="1" ISACTIVE="1" /><APARTMENT ID="112036142" OBJECTID="175603361" OBJECTGUID="ae9af0b8-ec6c-4aad-a7d8-4f834cdf19e8" CHANGEID="691473243" NUMBER="2" APARTTYPE="2" OPERTYPEID="10" PREVID="0" NEXTID="0" UPDATEDATE="2025-10-30" STARTDATE="2025-10-30" ENDDATE="2079-06-06" ISACTUAL="1" ISACTIVE="1" /><APARTMENT ID="112036926" OBJECTID="175606261" OBJECTGUID="ed5ad4c9-a3fa-4dbd-b79f-6746763c103a" CHANGEID="691477621" NUMBER="40а" APARTTYPE="2" OPERTYPEID="10" PREVID="0" NEXTID="0" UPDATEDATE="2025-10-30" STARTDATE="2025-10-30" ENDDATE="2079-06-06" ISACTUAL="1" ISACTIVE="1" /><APARTMENT ID="112037810" OBJECTID="80296544" OBJECTGUID="22f11bfa-eb9f-461e-acc2-cdb645ebf72b" CHANGEID="691484576" NUMBER="4" APARTTYPE="2" OPERTYPEID="30" PREVID="48019529" NEXTID="0" UPDATEDATE="2025-10-30" STARTDATE="2025-10-30" ENDDATE="2079-06-06" ISACTUAL="1" ISACTIVE="0" /><APARTMENT ID="48019529" OBJECTID="80296544" OBJECTGUID="22f11bfa-eb9f-461e-acc2-cdb645ebf72b" CHANGEID="119333505" NUMBER="4" APARTTYPE="2" OPERTYPEID="10" PREVID="0" NEXTID="112037810" UPDATEDATE="2025-10-30" STARTDATE="2017-05-04" ENDDATE="2025-10-30" ISACTUAL="0" ISACTIVE="0" /><APARTMENT ID="112037811" OBJECTID="175610391" OBJECTGUID="0fd08d0e-a9c6-4c6f-8d7e-efa80c689bd8" CHANGEID="691484589" NUMBER="1" APARTTYPE="2" OPERTYPEID="10" PREVID="0" NEXTID="0" UPDATEDATE="2025-10-30" STARTDATE="2025-10-30" ENDDATE="2079-06-06" ISACTUAL="1" ISACTIVE="1" /><APARTMENT ID="112037809" OBJECTID="80296692" OBJECTGUID="8549de87-f409-4592-bf2d-cd3a496a07f8" CHANGEID="691484571" NUMBER="3" APARTTYPE="2" OPERTYPEID="30" PREVID="48019581" NEXTID="0" UPDATEDATE="2025-10-30" STARTDATE="2025-10-30" ENDDATE="2079-06-06" ISACTUAL="1" ISACTIVE="0" /><APARTMENT ID="112037812" OBJECTID="175610420" OBJECTGUID="e78380d5-fb4a-44e9-b3bd-5504fa3c7282" CHANGEID="691484624" NUMBER="1" APARTTYPE="2" OPERTYPEID="10" PREVID="0" NEXTID="0" UPDATEDATE="2025-10-30" STARTDATE="2025-10-30" ENDDATE="2079-06-06" ISACTUAL="1" ISACTIVE="1" /><APARTMENT ID="112037926" OBJECTID="80296855" OBJECTGUID="be6cc18c-8cf3-4c8e-9f35-f14f94d67d31" CHANGEID="691486356" NUMBER="6" APARTTYPE="2" OPERTYPEID="30" PREVID="48019706" NEXTID="0" UPDATEDATE="2025-10-30" STARTDATE="2025-10-30" ENDDATE="2079-06-06" ISACTUAL="1" ISACTIVE="0" /><APARTMENT ID="48019706" OBJECTID="80296855" OBJECTGUID="be6cc18c-8cf3-4c8e-9f35-f14f94d67d31" CHANGEID="119333975" NUMBER="6" APARTTYPE="2" OPERTYPEID="10" PREVID="0" NEXTID="112037926" UPDATEDATE="2025-10-30" STARTDATE="2017-05-04" ENDDATE="2025-10-30" ISACTUAL="0" ISACTIVE="0" /><APARTMENT ID="112037927" OBJECTID="80297065" OBJECTGUID="be872a88-1025-47e4-8507-36bd8561390d" CHANGEID="691486358" NUMBER="7" APARTTYPE="2" OPERTYPEID="30" PREVID="48019795" NEXTID="0" UPDATEDATE="2025-10-30" STARTDATE="2025-10-30" ENDDATE="2079-06-06" ISACTUAL="1" ISACTIVE="0" /><APARTMENT ID="48019795" OBJECTID="80297065" OBJECTGUID="be872a88-1025-47e4-8507-36bd8561390d" CHANGEID="119334272" NUMBER="7" APARTTYPE="2" OPERTYPEID="10" PREVID="0" NEXTID="112037927" UPDATEDATE="2025-10-30" STARTDATE="2017-05-04" ENDDATE="2025-10-30" ISACTUAL="0" ISACTIVE="0" /><APARTMENT ID="112041389" OBJECTID="175619191" OBJECTGUID="986d8652-6040-4c9f-b5bc-ee717d118c1e" CHANGEID="691499513" NUMBER="64" APARTTYPE="2" OPERTYPEID="10" PREVID="0" NEXTID="0" UPDATEDATE="2025-10-31" STARTDATE="2025-10-31" ENDDATE="2079-06-06" ISACTUAL="1" ISACTIVE="1" /><APARTMENT ID="112043835" OBJECTID="175628205" OBJECTGUID="488ac81d-b181-4103-bf3d-f2ac9a426307" CHANGEID="691514104" NUMBER="1" APARTTYPE="1" OPERTYPEID="10" PREVID="0" NEXTID="0" UPDATEDATE="2025-10-31" STARTDATE="2025-10-31" ENDDATE="2079-06-06" ISACTUAL="1" ISACTIVE="1" /><APARTMENT ID="112047283" OBJECTID="175636052" OBJECTGUID="44d1d8c4-00cc-46fd-9a26-70f72a1fcf0c" CHANGEID="691526223" NUMBER="6" APARTTYPE="2" OPERTYPEID="10" PREVID="0" NEXTID="0" UPDATEDATE="2025-10-31" STARTDATE="2025-10-31" ENDDATE="2079-06-06" ISACTUAL="1" ISACTIVE="1" /><APARTMENT ID="112047284" OBJECTID="175636054" OBJECTGUID="d6f1466a-7a07-4661-bcbe-f71c3225379f" CHANGEID="691526225" NUMBER="3" APARTTYPE="2" OPERTYPEID="10" PREVID="0" NEXTID="0" UPDATEDATE="2025-10-31" STARTDATE="2025-10-31" ENDDATE="2079-06-06" ISACTUAL="1" ISACTIVE="1" /><APARTMENT ID="112047287" OBJECTID="17877919" OBJECTGUID="872f305d-ada7-44bf-b2e4-e5c1dee9b0ba" CHANGEID="691526324" NUMBER="3" APARTTYPE="2" OPERTYPEID="30" PREVID="9900611" NEXTID="0" UPDATEDATE="2025-10-31" STARTDATE="2025-10-31" ENDDATE="2079-06-06" ISACTUAL="1" ISACTIVE="0" /><APARTMENT ID="9900611" OBJECTID="17877919" OBJECTGUID="872f305d-ada7-44bf-b2e4-e5c1dee9b0ba" CHANGEID="28200868" NUMBER="3" APARTTYPE="2" OPERTYPEID="10" PREVID="0" NEXTID="112047287" UPDATEDATE="2025-10-31" STARTDATE="2018-03-01" ENDDATE="2025-10-31" ISACTUAL="0" ISACTIVE="0" /><APARTMENT ID="112047386" OBJECTID="175636949" OBJECTGUID="191c3641-b14d-4fb9-bff1-edffabee7310" CHANGEID="691527789" NUMBER="2" APARTTYPE="1" OPERTYPEID="10" PREVID="0" NEXTID="0" UPDATEDATE="2025-10-31" STARTDATE="2025-10-31" ENDDATE="2079-06-06" ISACTUAL="1" ISACTIVE="1" /><APARTMENT ID="112047387" OBJECTID="175636950" OBJECTGUID="680f076e-489e-4fb8-a7ad-26143350ca1f" CHANGEID="691527790" NUMBER="1" APARTTYPE="1" OPERTYPEID="10" PREVID="0" NEXTID="0" UPDATEDATE="2025-10-31" STARTDATE="2025-10-31" ENDDATE="2079-06-06" ISACTUAL="1" ISACTIVE="1" /><APARTMENT ID="112048184" OBJECTID="175639604" OBJECTGUID="650e7d36-590c-4728-bfaf-3bbf2447acac" CHANGEID="691531873" NUMBER="7" APARTTYPE="2" OPERTYPEID="10" PREVID="0" NEXTID="0" UPDATEDATE="2025-10-31" STARTDATE="2025-10-31" ENDDATE="2079-06-06" ISACTUAL="1" ISACTIVE="1" /><APARTMENT ID="112048185" OBJECTID="175639605" OBJECTGUID="99c00183-ea2e-4c98-9f15-92b310e01b94" CHANGEID="691531874" NUMBER="6" APARTTYPE="2" OPERTYPEID="10" PREVID="0" NEXTID="0" UPDATEDATE="2025-10-31" STARTDATE="2025-10-31" ENDDATE="2079-06-06" ISACTUAL="1" ISACTIVE="1" /><APARTMENT ID="112048186" OBJECTID="175639606" OBJECTGUID="53bfb42b-4f2c-4b5c-a637-98dc23f9f91d" CHANGEID="691531875" NUMBER="5" APARTTYPE="2" OPERTYPEID="10" PREVID="0" NEXTID="0" UPDATEDATE="2025-10-31" STARTDATE="2025-10-31" ENDDATE="2079-06-06" ISACTUAL="1" ISACTIVE="1" /><APARTMENT ID="112048187" OBJECTID="175639607" OBJECTGUID="1410417d-cf52-4cde-9091-b3e08d030abe" CHANGEID="691531876" NUMBER="4" APARTTYPE="2" OPERTYPEID="10" PREVID="0" NEXTID="0" UPDATEDATE="2025-10-31" STARTDATE="2025-10-31" ENDDATE="2079-06-06" ISACTUAL="1" ISACTIVE="1" /><APARTMENT ID="112048188" OBJECTID="175639608" OBJECTGUID="c661c31b-aceb-4c87-9633-4bfb353d1d8a" CHANGEID="691531877" NUMBER="2" APARTTYPE="2" OPERTYPEID="10" PREVID="0" NEXTID="0" UPDATEDATE="2025-10-31" STARTDATE="2025-10-31" ENDDATE="2079-06-06" ISACTUAL="1" ISACTIVE="1" /><APARTMENT ID="112048189" OBJECTID="175639609" OBJECTGUID="bb3051db-ef3c-4911-b98d-3e57e42c5ca0" CHANGEID="691531878" NUMBER="1" APARTTYPE="2" OPERTYPEID="10" PREVID="0" NEXTID="0" UPDATEDATE="2025-10-31" STARTDATE="2025-10-31" ENDDATE="2079-06-06" ISACTUAL="1" ISACTIVE="1" /><APARTMENT ID="112048190" OBJECTID="175639610" OBJECTGUID="0052557e-dad5-46c9-a617-cd721bb8d920" CHANGEID="691531879" NUMBER="3" APARTTYPE="2" OPERTYPEID="10" PREVID="0" NEXTID="0" UPDATEDATE="2025-10-31" STARTDATE="2025-10-31" ENDDATE="2079-06-06" ISACTUAL="1" ISACTIVE="1" /><APARTMENT ID="112048283" OBJECTID="175639831" OBJECTGUID="9bc70da1-02be-4c84-ad94-673bdaf9345d" CHANGEID="691532397" NUMBER="2" APARTTYPE="2" OPERTYPEID="10" PREVID="0" NEXTID="0" UPDATEDATE="2025-10-31" STARTDATE="2025-10-31" ENDDATE="2079-06-06" ISACTUAL="1" ISACTIVE="1" /><APARTMENT ID="112048394" OBJECTID="175640085" OBJECTGUID="e4f1c4b5-30c8-463c-bafe-ba66facc5d4b" CHANGEID="691532790" NUMBER="2" APARTTYPE="2" OPERTYPEID="10" PREVID="0" NEXTID="0" UPDATEDATE="2025-10-31" STARTDATE="2025-10-31" ENDDATE="2079-06-06" ISACTUAL="1" ISACTIVE="1" /><APARTMENT ID="112048395" OBJECTID="175640101" OBJECTGUID="4a8cb1c2-f73a-42f4-a03b-51d60c4534a4" CHANGEID="691532806" NUMBER="1" APARTTYPE="2" OPERTYPEID="10" PREVID="0" NEXTID="0" UPDATEDATE="2025-10-31" STARTDATE="2025-10-31" ENDDATE="2079-06-06" ISACTUAL="1" ISACTIVE="1" /><APARTMENT ID="112048724" OBJECTID="175640856" OBJECTGUID="84f6e5d7-3c69-4ed8-ac62-731124a85e26" CHANGEID="691533726" NUMBER="5" APARTTYPE="2" OPERTYPEID="10" PREVID="0" NEXTID="0" UPDATEDATE="2025-10-31" STARTDATE="2025-10-31" ENDDATE="2079-06-06" ISACTUAL="1" ISACTIVE="1" /><APARTMENT ID="112048732" OBJECTID="175640931" OBJECTGUID="eed2d453-ae74-4806-afbc-bac1ee4784a4" CHANGEID="691533810" NUMBER="5" APARTTYPE="2" OPERTYPEID="10" PREVID="0" NEXTID="0" UPDATEDATE="2025-10-31" STARTDATE="2025-10-31" ENDDATE="2079-06-06" ISACTUAL="1" ISACTIVE="1" /><APARTMENT ID="112048733" OBJECTID="175640933" OBJECTGUID="884e34c0-c113-417e-a64c-26e343aa5dd4" CHANGEID="691533814" NUMBER="10" APARTTYPE="2" OPERTYPEID="10" PREVID="0" NEXTID="0" UPDATEDATE="2025-10-31" STARTDATE="2025-10-31" ENDDATE="2079-06-06" ISACTUAL="1" ISACTIVE="1" /><APARTMENT ID="112048734" OBJECTID="175640934" OBJECTGUID="dbfd124d-0a44-43a9-9899-d887cafc7fdb" CHANGEID="691533815" NUMBER="9" APARTTYPE="2" OPERTYPEID="10" PREVID="0" NEXTID="0" UPDATEDATE="2025-10-31" STARTDATE="2025-10-31" ENDDATE="2079-06-06" ISACTUAL="1" ISACTIVE="1" /><APARTMENT ID="112048735" OBJECTID="175640935" OBJECTGUID="5f0be766-0e6b-4d06-8a31-1eb9d42f615a" CHANGEID="691533816" NUMBER="8" APARTTYPE="2" OPERTYPEID="10" PREVID="0" NEXTID="0" UPDATEDATE="2025-10-31" STARTDATE="2025-10-31" ENDDATE="2079-06-06" ISACTUAL="1" ISACTIVE="1" /><APARTMENT ID="112048736" OBJECTID="175640936" OBJECTGUID="5066e17e-7a19-42e6-a7d2-a0f105e861ff" CHANGEID="691533817" NUMBER="5а" APARTTYPE="2" OPERTYPEID="10" PREVID="0" NEXTID="0" UPDATEDATE="2025-10-31" STARTDATE="2025-10-31" ENDDATE="2079-06-06" ISACTUAL="1" ISACTIVE="1" /><APARTMENT ID="112048723" OBJECTID="175640854" OBJECTGUID="f6f1235e-3abd-44c2-a4c5-73a9a469a44e" CHANGEID="691533717" NUMBER="1" APARTTYPE="2" OPERTYPEID="10" PREVID="0" NEXTID="0" UPDATEDATE="2025-10-31" STARTDATE="2025-10-31" ENDDATE="2079-06-06" ISACTUAL="1" ISACTIVE="1" /><APARTMENT ID="112048725" OBJECTID="175640866" OBJECTGUID="fcadb913-697c-4958-ac1e-d45c8268b5ef" CHANGEID="691533741" NUMBER="8" APARTTYPE="2" OPERTYPEID="10" PREVID="0" NEXTID="0" UPDATEDATE="2025-10-31" STARTDATE="2025-10-31" ENDDATE="2079-06-06" ISACTUAL="1" ISACTIVE="1" /><APARTMENT ID="112048726" OBJECTID="175640867" OBJECTGUID="840da704-c069-4cb7-b4bd-6f52ce732bf0" CHANGEID="691533742" NUMBER="7" APARTTYPE="2" OPERTYPEID="10" PREVID="0" NEXTID="0" UPDATEDATE="2025-10-31" STARTDATE="2025-10-31" ENDDATE="2079-06-06" ISACTUAL="1" ISACTIVE="1" /><APARTMENT ID="112048727" OBJECTID="175640868" OBJECTGUID="0b3edefe-c786-4085-bf71-a8d813c800b5" CHANGEID="691533743" NUMBER="6" APARTTYPE="2" OPERTYPEID="10" PREVID="0" NEXTID="0" UPDATEDATE="2025-10-31" STARTDATE="2025-10-31" ENDDATE="2079-06-06" ISACTUAL="1" ISACTIVE="1" /><APARTMENT ID="112048728" OBJECTID="175640869" OBJECTGUID="b4e2301b-b023-4b95-8936-56bcfce873c0" CHANGEID="691533744" NUMBER="4" APARTTYPE="2" OPERTYPEID="10" PREVID="0" NEXTID="0" UPDATEDATE="2025-10-31" STARTDATE="2025-10-31" ENDDATE="2079-06-06" ISACTUAL="1" ISACTIVE="1" /><APARTMENT ID="112048729" OBJECTID="175640870" OBJECTGUID="88b3c5c3-9c1e-46b8-9b74-60417f549c9b" CHANGEID="691533745" NUMBER="3" APARTTYPE="2" OPERTYPEID="10" PREVID="0" NEXTID="0" UPDATEDATE="2025-10-31" STARTDATE="2025-10-31" ENDDATE="2079-06-06" ISACTUAL="1" ISACTIVE="1" /><APARTMENT ID="112048730" OBJECTID="175640871" OBJECTGUID="ff768db4-386c-486e-8edb-e32c315c0920" CHANGEID="691533746" NUMBER="2" APARTTYPE="2" OPERTYPEID="10" PREVID="0" NEXTID="0" UPDATEDATE="2025-10-31" STARTDATE="2025-10-31" ENDDATE="2079-06-06" ISACTUAL="1" ISACTIVE="1" /><APARTMENT ID="112048731" OBJECTID="175640872" OBJECTGUID="837de213-379d-43aa-a53b-5c262d94e0b7" CHANGEID="691533748" NUMBER="4" APARTTYPE="2" OPERTYPEID="10" PREVID="0" NEXTID="0" UPDATEDATE="2025-10-31" STARTDATE="2025-10-31" ENDDATE="2079-06-06" ISACTUAL="1" ISACTIVE="1" /><APARTMENT ID="112052596" OBJECTID="11746217" OBJECTGUID="ec6a87ee-a567-490a-83cb-9470733160bd" CHANGEID="691564424" NUMBER="2" APARTTYPE="2" OPERTYPEID="40" PREVID="6282319" UPDATEDATE="2025-11-01" STARTDATE="2025-11-01" ENDDATE="2079-06-06" ISACTUAL="1" ISACTIVE="1" /><APARTMENT ID="6282319" OBJECTID="11746217" OBJECTGUID="ec6a87ee-a567-490a-83cb-9470733160bd" CHANGEID="19057682" NUMBER="2" APARTTYPE="2" OPERTYPEID="10" PREVID="0" NEXTID="112052596" UPDATEDATE="2025-11-01" STARTDATE="2017-06-14" ENDDATE="2025-11-01" ISACTUAL="0" ISACTIVE="0" /><APARTMENT ID="112052597" OBJECTID="44979103" OBJECTGUID="e34981c5-42ab-4dfa-9495-d1f6aa29c8aa" CHANGEID="691564425" NUMBER="2" APARTTYPE="2" OPERTYPEID="42" PREVID="26498808" NEXTID="112052596" UPDATEDATE="2025-11-01" STARTDATE="2025-11-01" ENDDATE="2079-06-06" ISACTUAL="1" ISACTIVE="0" /><APARTMENT ID="26498808" OBJECTID="44979103" OBJECTGUID="e34981c5-42ab-4dfa-9495-d1f6aa29c8aa" CHANGEID="67782659" NUMBER="2" APARTTYPE="2" OPERTYPEID="10" PREVID="0" NEXTID="112052597" UPDATEDATE="2025-11-01" STARTDATE="2019-04-11" ENDDATE="2025-11-01" ISACTUAL="0" ISACTIVE="0" /><APARTMENT ID="112053575" OBJECTID="175653215" OBJECTGUID="a0772784-6b2b-450f-8d95-0a184efbba00" CHANGEID="691569007" NUMBER="2" APARTTYPE="2" OPERTYPEID="10" PREVID="0" NEXTID="0" UPDATEDATE="2025-11-01" STARTDATE="2025-11-01" ENDDATE="2079-06-06" ISACTUAL="1" ISACTIVE="1" /><APARTMENT ID="112054893" OBJECTID="57081045" OBJECTGUID="e9b250ee-5ead-4e46-84bc-8cafe097b8c4" CHANGEID="691575795" NUMBER="29" APARTTYPE="2" OPERTYPEID="30" PREVID="33956371" NEXTID="0" UPDATEDATE="2025-11-01" STARTDATE="2025-11-01" ENDDATE="2079-06-06" ISACTUAL="1" ISACTIVE="0" /><APARTMENT ID="33956371" OBJECTID="57081045" OBJECTGUID="e9b250ee-5ead-4e46-84bc-8cafe097b8c4" CHANGEID="85357640" NUMBER="29" APARTTYPE="2" OPERTYPEID="10" PREVID="0" NEXTID="112054893" UPDATEDATE="2025-11-01" STARTDATE="2017-06-14" ENDDATE="2025-11-01" ISACTUAL="0" ISACTIVE="0" /><APARTMENT ID="112054894" OBJECTID="57081061" OBJECTGUID="ef76d94a-fc31-4e62-8c80-6d8a7452a833" CHANGEID="691575796" NUMBER="22" APARTTYPE="2" OPERTYPEID="30" PREVID="33956387" NEXTID="0" UPDATEDATE="2025-11-01" STARTDATE="2025-11-01" ENDDATE="2079-06-06" ISACTUAL="1" ISACTIVE="0" /><APARTMENT ID="33956387" OBJECTID="57081061" OBJECTGUID="ef76d94a-fc31-4e62-8c80-6d8a7452a833" CHANGEID="85357662" NUMBER="22" APARTTYPE="2" OPERTYPEID="10" PREVID="0" NEXTID="112054894" UPDATEDATE="2025-11-01" STARTDATE="2017-06-14" ENDDATE="2025-11-01" ISACTUAL="0" ISACTIVE="0" /><APARTMENT ID="112055602" OBJECTID="175660553" OBJECTGUID="7b46bf9f-3c33-4f96-bb38-fc451f5ef352" CHANGEID="691580755" NUMBER="2" APARTTYPE="1" OPERTYPEID="10" PREVID="0" NEXTID="0" UPDATEDATE="2025-11-01" STARTDATE="2025-11-01" ENDDATE="2079-06-06" ISACTUAL="1" ISACTIVE="1" /><APARTMENT ID="112055603" OBJECTID="175660563" OBJECTGUID="ad392afb-bea5-4243-a5aa-fe46b177f9fc" CHANGEID="691580788" NUMBER="3" APARTTYPE="1" OPERTYPEID="10" PREVID="0" NEXTID="0" UPDATEDATE="2025-11-01" STARTDATE="2025-11-01" ENDDATE="2079-06-06" ISACTUAL="1" ISACTIVE="1" /><APARTMENT ID="112055604" OBJECTID="175660566" OBJECTGUID="5a7c4e7e-3070-4383-a0b7-d0643a00bd11" CHANGEID="691580796" NUMBER="4" APARTTYPE="1" OPERTYPEID="10" PREVID="0" NEXTID="0" UPDATEDATE="2025-11-01" STARTDATE="2025-11-01" ENDDATE="2079-06-06" ISACTUAL="1" ISACTIVE="1" /><APARTMENT ID="112055605" OBJECTID="175660585" OBJECTGUID="d90c86bd-ada3-4600-9c02-9c0a907ade98" CHANGEID="691580830" NUMBER="5" APARTTYPE="1" OPERTYPEID="10" PREVID="0" NEXTID="0" UPDATEDATE="2025-11-01" STARTDATE="2025-11-01" ENDDATE="2079-06-06" ISACTUAL="1" ISACTIVE="1" /></APARTMENTS>