﻿<?xml version="1.0" encoding="utf-8"?><ADDRESSOBJECTS><OBJECT ID="52212663" OBJECTID="175606304" OBJECTGUID="e61aee23-67c7-4ee2-8aad-f72758410a92" CHANGEID="691477668" NAME="Арсена Рамазанова" TYPENAME="ул." LEVEL="8" OPERTYPEID="10" PREVID="0" NEXTID="0" UPDATEDATE="2025-10-30" STARTDATE="2025-10-30" ENDDATE="2079-06-06" ISACTUAL="1" ISACTIVE="1" /><OBJECT ID="52212780" OBJECTID="175626691" OBJECTGUID="7255d46f-742f-43be-8929-41b51f9ceb5b" CHANGEID="691511434" NAME="Шейха Мухаммад-Мухтара" TYPENAME="ул." LEVEL="8" OPERTYPEID="10" PREVID="0" NEXTID="0" UPDATEDATE="2025-10-31" STARTDATE="2025-10-31" ENDDATE="2079-06-06" ISACTUAL="1" ISACTIVE="1" /><OBJECT ID="52212781" OBJECTID="175626771" OBJECTGUID="2c069371-8ae0-45f4-8070-9548deafc8fd" CHANGEID="691511579" NAME="Спортивная" TYPENAME="ул." LEVEL="8" OPERTYPEID="10" PREVID="0" NEXTID="0" UPDATEDATE="2025-10-31" STARTDATE="2025-10-31" ENDDATE="2079-06-06" ISACTUAL="1" ISACTIVE="1" /><OBJECT ID="52212782" OBJECTID="175626772" OBJECTGUID="171d4370-4583-4895-97c5-f10bdb6c4d34" CHANGEID="691511580" NAME="Карьерная" TYPENAME="ул." LEVEL="8" OPERTYPEID="10" PREVID="0" NEXTID="0" UPDATEDATE="2025-10-31" STARTDATE="2025-10-31" ENDDATE="2079-06-06" ISACTUAL="1" ISACTIVE="1" /><OBJECT ID="52212783" OBJECTID="175626773" OBJECTGUID="57d84bc8-9fa8-4647-bb6b-bb05ad74180f" CHANGEID="691511581" NAME="Заречная" TYPENAME="ул." LEVEL="8" OPERTYPEID="10" PREVID="0" NEXTID="0" UPDATEDATE="2025-10-31" STARTDATE="2025-10-31" ENDDATE="2079-06-06" ISACTUAL="1" ISACTIVE="1" /><OBJECT ID="52212850" OBJECTID="175639367" OBJECTGUID="e981e740-c85b-42d7-9e26-29a154edb8d1" CHANGEID="691531553" NAME="Прихолмовая" TYPENAME="ул." LEVEL="8" OPERTYPEID="10" PREVID="0" NEXTID="0" UPDATEDATE="2025-10-31" STARTDATE="2025-10-31" ENDDATE="2079-06-06" ISACTUAL="1" ISACTIVE="1" /><OBJECT ID="52212851" OBJECTID="175639368" OBJECTGUID="023ea587-c9e4-4d51-a051-9ba370881700" CHANGEID="691531555" NAME="Муса Манарова" TYPENAME="ул." LEVEL="8" OPERTYPEID="10" PREVID="0" NEXTID="0" UPDATEDATE="2025-10-31" STARTDATE="2025-10-31" ENDDATE="2079-06-06" ISACTUAL="1" ISACTIVE="1" /><OBJECT ID="52212852" OBJECTID="175639369" OBJECTGUID="c4c9439b-8ce9-488d-9370-4e2e111278e3" CHANGEID="691531556" NAME="Зейналабдин Тагиева" TYPENAME="ул." LEVEL="8" OPERTYPEID="10" PREVID="0" NEXTID="0" UPDATEDATE="2025-10-31" STARTDATE="2025-10-31" ENDDATE="2079-06-06" ISACTUAL="1" ISACTIVE="1" /><OBJECT ID="52212853" OBJECTID="175639370" OBJECTGUID="868f18b9-05f7-4254-af1f-6610cb6eae38" CHANGEID="691531557" NAME="Толстого" TYPENAME="ул." LEVEL="8" OPERTYPEID="10" PREVID="0" NEXTID="0" UPDATEDATE="2025-10-31" STARTDATE="2025-10-31" ENDDATE="2079-06-06" ISACTUAL="1" ISACTIVE="1" /><OBJECT ID="52212854" OBJECTID="175639371" OBJECTGUID="276ec8be-c78b-4aad-92ca-43908f7af0b2" CHANGEID="691531558" NAME="Ломоносова" TYPENAME="ул." LEVEL="8" OPERTYPEID="10" PREVID="0" NEXTID="0" UPDATEDATE="2025-10-31" STARTDATE="2025-10-31" ENDDATE="2079-06-06" ISACTUAL="1" ISACTIVE="1" /><OBJECT ID="52212855" OBJECTID="175639372" OBJECTGUID="3b170ec6-266e-44bb-b473-1a7432cb2a84" CHANGEID="691531559" NAME="Пушкина" TYPENAME="ул." LEVEL="8" OPERTYPEID="10" PREVID="0" NEXTID="0" UPDATEDATE="2025-10-31" STARTDATE="2025-10-31" ENDDATE="2079-06-06" ISACTUAL="1" ISACTIVE="1" /><OBJECT ID="52212859" OBJECTID="175639703" OBJECTGUID="5bc7d8a4-8366-4cc9-bc6e-ade2c4dc7b03" CHANGEID="691532122" NAME="Дачная" TYPENAME="ул." LEVEL="8" OPERTYPEID="10" PREVID="0" NEXTID="0" UPDATEDATE="2025-10-31" STARTDATE="2025-10-31" ENDDATE="2079-06-06" ISACTUAL="1" ISACTIVE="1" /><OBJECT ID="52212860" OBJECTID="175639737" OBJECTGUID="26506cd7-b3c0-4ea3-bfca-f9f7f0288f17" CHANGEID="691532202" NAME="3-я Центральная" TYPENAME="ул." LEVEL="8" OPERTYPEID="10" PREVID="0" NEXTID="0" UPDATEDATE="2025-10-31" STARTDATE="2025-10-31" ENDDATE="2079-06-06" ISACTUAL="1" ISACTIVE="1" /><OBJECT ID="52212995" OBJECTID="175657634" OBJECTGUID="4ceb31d4-a385-441c-8e53-371e79b5e092" CHANGEID="691576233" NAME="Исмаила Исаева" TYPENAME="ул." LEVEL="8" OPERTYPEID="10" PREVID="0" NEXTID="0" UPDATEDATE="2025-11-01" STARTDATE="2025-11-01" ENDDATE="2079-06-06" ISACTUAL="1" ISACTIVE="1" /><OBJECT ID="52213002" OBJECTID="175658743" OBJECTGUID="14e64ca4-d2cf-4ab5-9b43-5c58e84b3fe9" CHANGEID="691578077" NAME="Саидбега Абдулахидова" TYPENAME="ул." LEVEL="8" OPERTYPEID="10" PREVID="0" NEXTID="0" UPDATEDATE="2025-11-01" STARTDATE="2025-11-01" ENDDATE="2079-06-06" ISACTUAL="1" ISACTIVE="1" /></ADDRESSOBJECTS>