﻿<?xml version="1.0" encoding="utf-8"?><STEADS><STEAD ID="74521032" OBJECTID="175594547" OBJECTGUID="062d127e-8654-4e62-81ca-d83487d7c655" CHANGEID="691457468" NUMBER="20а" OPERTYPEID="10" PREVID="0" NEXTID="0" UPDATEDATE="2025-10-30" STARTDATE="2025-10-30" ENDDATE="2079-06-06" ISACTUAL="1" ISACTIVE="1" /><STEAD ID="74521334" OBJECTID="175595109" OBJECTGUID="03045a70-a3bc-45a9-ac8b-6c75bb94396f" CHANGEID="691458913" NUMBER="48а" OPERTYPEID="10" PREVID="0" NEXTID="0" UPDATEDATE="2025-10-30" STARTDATE="2025-10-30" ENDDATE="2079-06-06" ISACTUAL="1" ISACTIVE="1" /><STEAD ID="74524171" OBJECTID="175601037" OBJECTGUID="d0725d52-4d73-49f5-a8e1-93d090589172" CHANGEID="691468976" NUMBER="57" OPERTYPEID="10" PREVID="0" NEXTID="0" UPDATEDATE="2025-10-30" STARTDATE="2025-10-30" ENDDATE="2079-06-06" ISACTUAL="1" ISACTIVE="1" /><STEAD ID="74524172" OBJECTID="175601040" OBJECTGUID="de2b41bf-cbc2-4314-aa21-9c7416e6d68a" CHANGEID="691468982" NUMBER="62" OPERTYPEID="10" PREVID="0" NEXTID="0" UPDATEDATE="2025-10-30" STARTDATE="2025-10-30" ENDDATE="2079-06-06" ISACTUAL="1" ISACTIVE="1" /><STEAD ID="74524174" OBJECTID="175601044" OBJECTGUID="ba7c979f-005c-407b-9301-8eaa3909c890" CHANGEID="691469001" NUMBER="5" OPERTYPEID="10" PREVID="0" NEXTID="0" UPDATEDATE="2025-10-30" STARTDATE="2025-10-30" ENDDATE="2079-06-06" ISACTUAL="1" ISACTIVE="1" /><STEAD ID="74524175" OBJECTID="175601046" OBJECTGUID="3a61ce33-ec78-4930-b491-dfc2c6a69b61" CHANGEID="691469015" NUMBER="8А" OPERTYPEID="10" PREVID="0" NEXTID="0" UPDATEDATE="2025-10-30" STARTDATE="2025-10-30" ENDDATE="2079-06-06" ISACTUAL="1" ISACTIVE="1" /><STEAD ID="74524178" OBJECTID="175601050" OBJECTGUID="96a52420-db30-4f84-a738-da94bc383681" CHANGEID="691469039" NUMBER="10А" OPERTYPEID="10" PREVID="0" NEXTID="0" UPDATEDATE="2025-10-30" STARTDATE="2025-10-30" ENDDATE="2079-06-06" ISACTUAL="1" ISACTIVE="1" /><STEAD ID="74524567" OBJECTID="175601695" OBJECTGUID="f23a836b-7809-4ba6-8fee-cd90f155c6be" CHANGEID="691470299" NUMBER="12а" OPERTYPEID="10" PREVID="0" NEXTID="0" UPDATEDATE="2025-10-30" STARTDATE="2025-10-30" ENDDATE="2079-06-06" ISACTUAL="1" ISACTIVE="1" /><STEAD ID="74524568" OBJECTID="175601697" OBJECTGUID="ff723b05-9cf3-4129-abcf-48cc8e3a30ee" CHANGEID="691470303" NUMBER="13" OPERTYPEID="10" PREVID="0" NEXTID="0" UPDATEDATE="2025-10-30" STARTDATE="2025-10-30" ENDDATE="2079-06-06" ISACTUAL="1" ISACTIVE="1" /><STEAD ID="74524576" OBJECTID="175601718" OBJECTGUID="ddc73085-f75c-4600-be3e-3520de16ec25" CHANGEID="691470336" NUMBER="17" OPERTYPEID="10" PREVID="0" NEXTID="0" UPDATEDATE="2025-10-30" STARTDATE="2025-10-30" ENDDATE="2079-06-06" ISACTUAL="1" ISACTIVE="1" /><STEAD ID="74524594" OBJECTID="175601770" OBJECTGUID="d9b56224-44a1-415a-965e-5a55524179af" CHANGEID="691470424" NUMBER="44а" OPERTYPEID="10" PREVID="0" NEXTID="0" UPDATEDATE="2025-10-30" STARTDATE="2025-10-30" ENDDATE="2079-06-06" ISACTUAL="1" ISACTIVE="1" /><STEAD ID="74524616" OBJECTID="175601798" OBJECTGUID="3f0dd319-c41a-4ff3-acfe-f04bb5b9643f" CHANGEID="691470467" NUMBER="24" OPERTYPEID="10" PREVID="0" NEXTID="0" UPDATEDATE="2025-10-30" STARTDATE="2025-10-30" ENDDATE="2079-06-06" ISACTUAL="1" ISACTIVE="1" /><STEAD ID="74524620" OBJECTID="175601807" OBJECTGUID="a4bbbd89-5471-4c69-b57b-70fb03922ee1" CHANGEID="691470482" NUMBER="27" OPERTYPEID="10" PREVID="0" NEXTID="0" UPDATEDATE="2025-10-30" STARTDATE="2025-10-30" ENDDATE="2079-06-06" ISACTUAL="1" ISACTIVE="1" /><STEAD ID="74524561" OBJECTID="175601684" OBJECTGUID="937af34b-84ac-4e47-8457-1266b21fcc57" CHANGEID="691470263" NUMBER="61" OPERTYPEID="10" PREVID="0" NEXTID="0" UPDATEDATE="2025-10-30" STARTDATE="2025-10-30" ENDDATE="2079-06-06" ISACTUAL="1" ISACTIVE="1" /><STEAD ID="74524563" OBJECTID="175601689" OBJECTGUID="e80da79f-14cd-4b69-b133-0cf7c12fab97" CHANGEID="691470284" NUMBER="9" OPERTYPEID="10" PREVID="0" NEXTID="0" UPDATEDATE="2025-10-30" STARTDATE="2025-10-30" ENDDATE="2079-06-06" ISACTUAL="1" ISACTIVE="1" /><STEAD ID="74524565" OBJECTID="175601692" OBJECTGUID="5d2331a5-2482-49f3-8048-87be69dc975d" CHANGEID="691470294" NUMBER="12" OPERTYPEID="10" PREVID="0" NEXTID="0" UPDATEDATE="2025-10-30" STARTDATE="2025-10-30" ENDDATE="2079-06-06" ISACTUAL="1" ISACTIVE="1" /><STEAD ID="74524569" OBJECTID="175601698" OBJECTGUID="84bc94d5-ec46-4b09-8b24-d54543e1e529" CHANGEID="691470304" NUMBER="14" OPERTYPEID="10" PREVID="0" NEXTID="0" UPDATEDATE="2025-10-30" STARTDATE="2025-10-30" ENDDATE="2079-06-06" ISACTUAL="1" ISACTIVE="1" /><STEAD ID="74524571" OBJECTID="175601700" OBJECTGUID="09e3a7dc-e8bd-4b99-91b4-782df15c0e4c" CHANGEID="691470306" NUMBER="14а" OPERTYPEID="10" PREVID="0" NEXTID="0" UPDATEDATE="2025-10-30" STARTDATE="2025-10-30" ENDDATE="2079-06-06" ISACTUAL="1" ISACTIVE="1" /><STEAD ID="74524573" OBJECTID="175601712" OBJECTGUID="0cecef31-0c9f-4cb5-a211-e72b40f4ff5d" CHANGEID="691470326" NUMBER="15" OPERTYPEID="10" PREVID="0" NEXTID="0" UPDATEDATE="2025-10-30" STARTDATE="2025-10-30" ENDDATE="2079-06-06" ISACTUAL="1" ISACTIVE="1" /><STEAD ID="74524575" OBJECTID="175601714" OBJECTGUID="e62eba95-1462-46ad-a90d-5b361492529f" CHANGEID="691470330" NUMBER="16" OPERTYPEID="10" PREVID="0" NEXTID="0" UPDATEDATE="2025-10-30" STARTDATE="2025-10-30" ENDDATE="2079-06-06" ISACTUAL="1" ISACTIVE="1" /><STEAD ID="74524579" OBJECTID="175601721" OBJECTGUID="a9f900b9-9383-4419-a2c3-c17e2f77fb6d" CHANGEID="691470342" NUMBER="18" OPERTYPEID="10" PREVID="0" NEXTID="0" UPDATEDATE="2025-10-30" STARTDATE="2025-10-30" ENDDATE="2079-06-06" ISACTUAL="1" ISACTIVE="1" /><STEAD ID="74524580" OBJECTID="175601735" OBJECTGUID="a5a984d5-6969-4700-8e77-242a9d5a0e5f" CHANGEID="691470362" NUMBER="21" OPERTYPEID="10" PREVID="0" NEXTID="0" UPDATEDATE="2025-10-30" STARTDATE="2025-10-30" ENDDATE="2079-06-06" ISACTUAL="1" ISACTIVE="1" /><STEAD ID="74524581" OBJECTID="175601736" OBJECTGUID="097bb670-f111-4252-aa4a-3488e1fd2b5b" CHANGEID="691470364" NUMBER="22" OPERTYPEID="10" PREVID="0" NEXTID="0" UPDATEDATE="2025-10-30" STARTDATE="2025-10-30" ENDDATE="2079-06-06" ISACTUAL="1" ISACTIVE="1" /><STEAD ID="74524582" OBJECTID="175601739" OBJECTGUID="811f003e-5874-4e69-bdd1-0832a3dc9bd6" CHANGEID="691470370" NUMBER="24" OPERTYPEID="10" PREVID="0" NEXTID="0" UPDATEDATE="2025-10-30" STARTDATE="2025-10-30" ENDDATE="2079-06-06" ISACTUAL="1" ISACTIVE="1" /><STEAD ID="74524591" OBJECTID="175601762" OBJECTGUID="ac130bda-d3bc-4031-9c8c-650265cad2ab" CHANGEID="691470400" NUMBER="36" OPERTYPEID="10" PREVID="0" NEXTID="0" UPDATEDATE="2025-10-30" STARTDATE="2025-10-30" ENDDATE="2079-06-06" ISACTUAL="1" ISACTIVE="1" /><STEAD ID="74524593" OBJECTID="175601766" OBJECTGUID="bb033d8a-1249-4b4b-aebf-169d25ca7f4c" CHANGEID="691470408" NUMBER="37Б" OPERTYPEID="10" PREVID="0" NEXTID="0" UPDATEDATE="2025-10-30" STARTDATE="2025-10-30" ENDDATE="2079-06-06" ISACTUAL="1" ISACTIVE="1" /><STEAD ID="74524613" OBJECTID="175601790" OBJECTGUID="cc6600ea-6665-43eb-b42a-eeb72e1e0ec1" CHANGEID="691470447" NUMBER="23" OPERTYPEID="10" PREVID="0" NEXTID="0" UPDATEDATE="2025-10-30" STARTDATE="2025-10-30" ENDDATE="2079-06-06" ISACTUAL="1" ISACTIVE="1" /><STEAD ID="74524615" OBJECTID="175601794" OBJECTGUID="4733c80b-5222-491f-bef3-956590fa1b3c" CHANGEID="691470455" NUMBER="23а" OPERTYPEID="10" PREVID="0" NEXTID="0" UPDATEDATE="2025-10-30" STARTDATE="2025-10-30" ENDDATE="2079-06-06" ISACTUAL="1" ISACTIVE="1" /><STEAD ID="74524619" OBJECTID="175601804" OBJECTGUID="ab0bb81e-9caa-42aa-8126-95ce94d1c034" CHANGEID="691470477" NUMBER="26" OPERTYPEID="10" PREVID="0" NEXTID="0" UPDATEDATE="2025-10-30" STARTDATE="2025-10-30" ENDDATE="2079-06-06" ISACTUAL="1" ISACTIVE="1" /><STEAD ID="74524622" OBJECTID="175601811" OBJECTGUID="bb7590c5-7a79-4888-93d4-6c689b5f2f4a" CHANGEID="691470487" NUMBER="30" OPERTYPEID="10" PREVID="0" NEXTID="0" UPDATEDATE="2025-10-30" STARTDATE="2025-10-30" ENDDATE="2079-06-06" ISACTUAL="1" ISACTIVE="1" /><STEAD ID="74524625" OBJECTID="175601820" OBJECTGUID="906ff067-c42c-438a-8b56-33052c16e80c" CHANGEID="691470501" NUMBER="35А" OPERTYPEID="10" PREVID="0" NEXTID="0" UPDATEDATE="2025-10-30" STARTDATE="2025-10-30" ENDDATE="2079-06-06" ISACTUAL="1" ISACTIVE="1" /><STEAD ID="74524649" OBJECTID="175601846" OBJECTGUID="7477626a-c483-4cdb-94e3-73fb459578d4" CHANGEID="691470531" NUMBER="37" OPERTYPEID="10" PREVID="0" NEXTID="0" UPDATEDATE="2025-10-30" STARTDATE="2025-10-30" ENDDATE="2079-06-06" ISACTUAL="1" ISACTIVE="1" /><STEAD ID="74524623" OBJECTID="175601815" OBJECTGUID="83a2bf00-0b79-4b14-be5f-b15cafccc79d" CHANGEID="691470492" NUMBER="31" OPERTYPEID="10" PREVID="0" NEXTID="0" UPDATEDATE="2025-10-30" STARTDATE="2025-10-30" ENDDATE="2079-06-06" ISACTUAL="1" ISACTIVE="1" /><STEAD ID="74526940" OBJECTID="175605593" OBJECTGUID="98454423-aa29-4b97-8f9b-51ce5f142f62" CHANGEID="691476422" NUMBER="1" OPERTYPEID="10" PREVID="0" NEXTID="0" UPDATEDATE="2025-10-30" STARTDATE="2025-10-30" ENDDATE="2079-06-06" ISACTUAL="1" ISACTIVE="1" /><STEAD ID="74526969" OBJECTID="175605658" OBJECTGUID="403b9f6f-e40f-4e34-97ee-7a28b0d307c8" CHANGEID="691476488" NUMBER="20" OPERTYPEID="10" PREVID="0" NEXTID="0" UPDATEDATE="2025-10-30" STARTDATE="2025-10-30" ENDDATE="2079-06-06" ISACTUAL="1" ISACTIVE="1" /><STEAD ID="74528085" OBJECTID="175607652" OBJECTGUID="6c1136be-34c7-4b51-8948-b6d90da43dca" CHANGEID="691479792" NUMBER="33" OPERTYPEID="10" PREVID="0" NEXTID="0" UPDATEDATE="2025-10-30" STARTDATE="2025-10-30" ENDDATE="2079-06-06" ISACTUAL="1" ISACTIVE="1" /><STEAD ID="74530291" OBJECTID="175611603" OBJECTGUID="59f0a12f-03b2-493e-9501-97cb2a9141f9" CHANGEID="691487054" NUMBER="1а" OPERTYPEID="10" PREVID="0" NEXTID="0" UPDATEDATE="2025-10-30" STARTDATE="2025-10-30" ENDDATE="2079-06-06" ISACTUAL="1" ISACTIVE="1" /><STEAD ID="74530310" OBJECTID="175611663" OBJECTGUID="4815d3cf-a4d5-4853-9f67-453ec82bd2bf" CHANGEID="691487166" NUMBER="36а" OPERTYPEID="10" PREVID="0" NEXTID="0" UPDATEDATE="2025-10-30" STARTDATE="2025-10-30" ENDDATE="2079-06-06" ISACTUAL="1" ISACTIVE="1" /><STEAD ID="74530304" OBJECTID="175611651" OBJECTGUID="11d76b72-8937-4b6b-9d90-b6fd45c24d39" CHANGEID="691487143" NUMBER="49а" OPERTYPEID="10" PREVID="0" NEXTID="0" UPDATEDATE="2025-10-30" STARTDATE="2025-10-30" ENDDATE="2079-06-06" ISACTUAL="1" ISACTIVE="1" /><STEAD ID="74530307" OBJECTID="175611656" OBJECTGUID="902ef045-885d-461a-bf5d-ec45bfde3895" CHANGEID="691487149" NUMBER="2а" OPERTYPEID="10" PREVID="0" NEXTID="0" UPDATEDATE="2025-10-30" STARTDATE="2025-10-30" ENDDATE="2079-06-06" ISACTUAL="1" ISACTIVE="1" /><STEAD ID="74530311" OBJECTID="175611666" OBJECTGUID="6f511428-5ee2-426a-8a68-4b320c428676" CHANGEID="691487171" NUMBER="36" OPERTYPEID="10" PREVID="0" NEXTID="0" UPDATEDATE="2025-10-30" STARTDATE="2025-10-30" ENDDATE="2079-06-06" ISACTUAL="1" ISACTIVE="1" /><STEAD ID="74530837" OBJECTID="175613719" OBJECTGUID="5cd0da6a-fb2b-4bde-967b-c06ea6253b3b" CHANGEID="691490067" NUMBER="111" OPERTYPEID="10" PREVID="0" NEXTID="0" UPDATEDATE="2025-10-30" STARTDATE="2025-10-30" ENDDATE="2079-06-06" ISACTUAL="1" ISACTIVE="1" /><STEAD ID="74537896" OBJECTID="175626695" OBJECTGUID="4630dcb5-69ca-4462-b7d3-5eeef4a02978" CHANGEID="691511438" NUMBER="65" OPERTYPEID="10" PREVID="0" NEXTID="0" UPDATEDATE="2025-10-31" STARTDATE="2025-10-31" ENDDATE="2079-06-06" ISACTUAL="1" ISACTIVE="1" /><STEAD ID="74537962" OBJECTID="175626927" OBJECTGUID="70a4ae71-42c4-425b-93f2-6edc1aff1076" CHANGEID="691511873" NUMBER="16" OPERTYPEID="10" PREVID="0" NEXTID="0" UPDATEDATE="2025-10-31" STARTDATE="2025-10-31" ENDDATE="2079-06-06" ISACTUAL="1" ISACTIVE="1" /><STEAD ID="74537972" OBJECTID="175626938" OBJECTGUID="c64cfea5-b571-421e-8620-da304eb82160" CHANGEID="691511885" NUMBER="20в" OPERTYPEID="10" PREVID="0" NEXTID="0" UPDATEDATE="2025-10-31" STARTDATE="2025-10-31" ENDDATE="2079-06-06" ISACTUAL="1" ISACTIVE="1" /><STEAD ID="74537977" OBJECTID="175626944" OBJECTGUID="1033b94b-2139-48bf-88f3-63763c58d495" CHANGEID="691511891" NUMBER="20б" OPERTYPEID="10" PREVID="0" NEXTID="0" UPDATEDATE="2025-10-31" STARTDATE="2025-10-31" ENDDATE="2079-06-06" ISACTUAL="1" ISACTIVE="1" /><STEAD ID="74537963" OBJECTID="175626928" OBJECTGUID="9747d81a-781a-4371-9a35-97715e3bae83" CHANGEID="691511874" NUMBER="26" OPERTYPEID="10" PREVID="0" NEXTID="0" UPDATEDATE="2025-10-31" STARTDATE="2025-10-31" ENDDATE="2079-06-06" ISACTUAL="1" ISACTIVE="1" /><STEAD ID="74537973" OBJECTID="175626939" OBJECTGUID="430074b6-6475-48a1-a5a1-bda087ff5df6" CHANGEID="691511886" NUMBER="1" OPERTYPEID="10" PREVID="0" NEXTID="0" UPDATEDATE="2025-10-31" STARTDATE="2025-10-31" ENDDATE="2079-06-06" ISACTUAL="1" ISACTIVE="1" /><STEAD ID="74538024" OBJECTID="175627068" OBJECTGUID="01600dcd-a0d1-4f95-a5fc-62120eb03a21" CHANGEID="691512087" NUMBER="45в" OPERTYPEID="10" PREVID="0" NEXTID="0" UPDATEDATE="2025-10-31" STARTDATE="2025-10-31" ENDDATE="2079-06-06" ISACTUAL="1" ISACTIVE="1" /><STEAD ID="74538028" OBJECTID="175627341" OBJECTGUID="77697003-c8fe-4ef2-8e6b-7ab550e2c816" CHANGEID="691512371" NUMBER="55Б" OPERTYPEID="10" PREVID="0" NEXTID="0" UPDATEDATE="2025-10-31" STARTDATE="2025-10-31" ENDDATE="2079-06-06" ISACTUAL="1" ISACTIVE="1" /><STEAD ID="74538606" OBJECTID="175628279" OBJECTGUID="7c5f3d0f-4560-4174-bd58-fb1b20af1b80" CHANGEID="691514214" NUMBER="41" OPERTYPEID="10" PREVID="0" NEXTID="0" UPDATEDATE="2025-10-31" STARTDATE="2025-10-31" ENDDATE="2079-06-06" ISACTUAL="1" ISACTIVE="1" /><STEAD ID="74538605" OBJECTID="175628278" OBJECTGUID="9c5e1707-fc08-4e5d-bddd-a0fcea8dd301" CHANGEID="691514213" NUMBER="38" OPERTYPEID="10" PREVID="0" NEXTID="0" UPDATEDATE="2025-10-31" STARTDATE="2025-10-31" ENDDATE="2079-06-06" ISACTUAL="1" ISACTIVE="1" /><STEAD ID="74538608" OBJECTID="175628282" OBJECTGUID="eecd988f-8126-42f3-a2fd-d571186e1c27" CHANGEID="691514217" NUMBER="45" OPERTYPEID="10" PREVID="0" NEXTID="0" UPDATEDATE="2025-10-31" STARTDATE="2025-10-31" ENDDATE="2079-06-06" ISACTUAL="1" ISACTIVE="1" /><STEAD ID="74538609" OBJECTID="175628285" OBJECTGUID="719ecd8d-07c9-4240-a517-01dcc063b04c" CHANGEID="691514221" NUMBER="32" OPERTYPEID="10" PREVID="0" NEXTID="0" UPDATEDATE="2025-10-31" STARTDATE="2025-10-31" ENDDATE="2079-06-06" ISACTUAL="1" ISACTIVE="1" /><STEAD ID="74538611" OBJECTID="175628287" OBJECTGUID="4f253d74-11e9-46fa-aef1-b08adb2fd87b" CHANGEID="691514225" NUMBER="63Д" OPERTYPEID="10" PREVID="0" NEXTID="0" UPDATEDATE="2025-10-31" STARTDATE="2025-10-31" ENDDATE="2079-06-06" ISACTUAL="1" ISACTIVE="1" /><STEAD ID="74538612" OBJECTID="175628289" OBJECTGUID="f264cece-2394-4d79-b95c-0ecc3d53c13f" CHANGEID="691514227" NUMBER="35" OPERTYPEID="10" PREVID="0" NEXTID="0" UPDATEDATE="2025-10-31" STARTDATE="2025-10-31" ENDDATE="2079-06-06" ISACTUAL="1" ISACTIVE="1" /><STEAD ID="74538619" OBJECTID="175628296" OBJECTGUID="edd84bff-8cc7-4e7d-884a-fbb93f316f0f" CHANGEID="691514274" NUMBER="43б" OPERTYPEID="10" PREVID="0" NEXTID="0" UPDATEDATE="2025-10-31" STARTDATE="2025-10-31" ENDDATE="2079-06-06" ISACTUAL="1" ISACTIVE="1" /><STEAD ID="74538623" OBJECTID="175628304" OBJECTGUID="1cd0357b-0660-4f3b-a6fa-1a8d081280e0" CHANGEID="691514284" NUMBER="43д" OPERTYPEID="10" PREVID="0" NEXTID="0" UPDATEDATE="2025-10-31" STARTDATE="2025-10-31" ENDDATE="2079-06-06" ISACTUAL="1" ISACTIVE="1" /><STEAD ID="74538624" OBJECTID="175628305" OBJECTGUID="34764a4a-d0da-4e0c-b549-848aabfbf0e5" CHANGEID="691514286" NUMBER="44" OPERTYPEID="10" PREVID="0" NEXTID="0" UPDATEDATE="2025-10-31" STARTDATE="2025-10-31" ENDDATE="2079-06-06" ISACTUAL="1" ISACTIVE="1" /><STEAD ID="74538607" OBJECTID="175628281" OBJECTGUID="4ba3abb2-462a-4772-9cd3-53b89ffce86d" CHANGEID="691514216" NUMBER="42" OPERTYPEID="10" PREVID="0" NEXTID="0" UPDATEDATE="2025-10-31" STARTDATE="2025-10-31" ENDDATE="2079-06-06" ISACTUAL="1" ISACTIVE="1" /><STEAD ID="74538616" OBJECTID="175628293" OBJECTGUID="f7e52d9d-748e-4ed8-b421-98317e8d52bb" CHANGEID="691514271" NUMBER="43а" OPERTYPEID="10" PREVID="0" NEXTID="0" UPDATEDATE="2025-10-31" STARTDATE="2025-10-31" ENDDATE="2079-06-06" ISACTUAL="1" ISACTIVE="1" /><STEAD ID="74538622" OBJECTID="175628303" OBJECTGUID="40fc6409-a25e-4ee3-add9-f59f32c82bcc" CHANGEID="691514283" NUMBER="43г" OPERTYPEID="10" PREVID="0" NEXTID="0" UPDATEDATE="2025-10-31" STARTDATE="2025-10-31" ENDDATE="2079-06-06" ISACTUAL="1" ISACTIVE="1" /><STEAD ID="74538630" OBJECTID="175628318" OBJECTGUID="4dc78fd9-d0da-49a6-97ef-54aa632bfb2e" CHANGEID="691514304" NUMBER="45а" OPERTYPEID="10" PREVID="0" NEXTID="0" UPDATEDATE="2025-10-31" STARTDATE="2025-10-31" ENDDATE="2079-06-06" ISACTUAL="1" ISACTIVE="1" /><STEAD ID="74538632" OBJECTID="175628323" OBJECTGUID="c5d5c871-bdee-488b-b130-8442981a5617" CHANGEID="691514310" NUMBER="45б" OPERTYPEID="10" PREVID="0" NEXTID="0" UPDATEDATE="2025-10-31" STARTDATE="2025-10-31" ENDDATE="2079-06-06" ISACTUAL="1" ISACTIVE="1" /><STEAD ID="74541993" OBJECTID="175635697" OBJECTGUID="35c1aea1-7605-4220-b727-78ca2396be56" CHANGEID="691525801" NUMBER="43в" OPERTYPEID="10" PREVID="0" NEXTID="0" UPDATEDATE="2025-10-31" STARTDATE="2025-10-31" ENDDATE="2079-06-06" ISACTUAL="1" ISACTIVE="1" /><STEAD ID="74541995" OBJECTID="175635699" OBJECTGUID="d1d853c6-17ee-47a0-9f4f-176295329457" CHANGEID="691525805" NUMBER="47" OPERTYPEID="10" PREVID="0" NEXTID="0" UPDATEDATE="2025-10-31" STARTDATE="2025-10-31" ENDDATE="2079-06-06" ISACTUAL="1" ISACTIVE="1" /><STEAD ID="74541997" OBJECTID="175635701" OBJECTGUID="68cdb645-bd73-4998-92ed-b4ed74bcc8f9" CHANGEID="691525807" NUMBER="47/4" OPERTYPEID="10" PREVID="0" NEXTID="0" UPDATEDATE="2025-10-31" STARTDATE="2025-10-31" ENDDATE="2079-06-06" ISACTUAL="1" ISACTIVE="1" /><STEAD ID="74542000" OBJECTID="175635705" OBJECTGUID="17a947f5-9462-4601-b592-25460fe70c1a" CHANGEID="691525811" NUMBER="52" OPERTYPEID="10" PREVID="0" NEXTID="0" UPDATEDATE="2025-10-31" STARTDATE="2025-10-31" ENDDATE="2079-06-06" ISACTUAL="1" ISACTIVE="1" /><STEAD ID="74542001" OBJECTID="175635707" OBJECTGUID="b7dcc3ba-2382-496a-a58b-e46d53084dd9" CHANGEID="691525813" NUMBER="53" OPERTYPEID="10" PREVID="0" NEXTID="0" UPDATEDATE="2025-10-31" STARTDATE="2025-10-31" ENDDATE="2079-06-06" ISACTUAL="1" ISACTIVE="1" /><STEAD ID="74542003" OBJECTID="175635709" OBJECTGUID="5ca2c6f5-d666-4457-a262-59dfc9dee1dd" CHANGEID="691525815" NUMBER="55" OPERTYPEID="10" PREVID="0" NEXTID="0" UPDATEDATE="2025-10-31" STARTDATE="2025-10-31" ENDDATE="2079-06-06" ISACTUAL="1" ISACTIVE="1" /><STEAD ID="74542005" OBJECTID="175635711" OBJECTGUID="c6c23657-a3e0-4f10-b36d-26aea8466a08" CHANGEID="691525817" NUMBER="57" OPERTYPEID="10" PREVID="0" NEXTID="0" UPDATEDATE="2025-10-31" STARTDATE="2025-10-31" ENDDATE="2079-06-06" ISACTUAL="1" ISACTIVE="1" /><STEAD ID="74542007" OBJECTID="175635713" OBJECTGUID="961b196e-9201-4a7f-8589-3179f96944be" CHANGEID="691525819" NUMBER="62" OPERTYPEID="10" PREVID="0" NEXTID="0" UPDATEDATE="2025-10-31" STARTDATE="2025-10-31" ENDDATE="2079-06-06" ISACTUAL="1" ISACTIVE="1" /><STEAD ID="74542008" OBJECTID="175635715" OBJECTGUID="eb4eea9c-ebbb-4539-a222-61fc7a6d6250" CHANGEID="691525821" NUMBER="63г" OPERTYPEID="10" PREVID="0" NEXTID="0" UPDATEDATE="2025-10-31" STARTDATE="2025-10-31" ENDDATE="2079-06-06" ISACTUAL="1" ISACTIVE="1" /><STEAD ID="74542010" OBJECTID="175635717" OBJECTGUID="59b1b521-a5b9-4802-97c0-051a87130ecf" CHANGEID="691525823" NUMBER="75" OPERTYPEID="10" PREVID="0" NEXTID="0" UPDATEDATE="2025-10-31" STARTDATE="2025-10-31" ENDDATE="2079-06-06" ISACTUAL="1" ISACTIVE="1" /><STEAD ID="74542014" OBJECTID="175635724" OBJECTGUID="4c8d9d4c-a622-4ff8-b576-a45dd02d227d" CHANGEID="691525831" NUMBER="16" OPERTYPEID="10" PREVID="0" NEXTID="0" UPDATEDATE="2025-10-31" STARTDATE="2025-10-31" ENDDATE="2079-06-06" ISACTUAL="1" ISACTIVE="1" /><STEAD ID="74542017" OBJECTID="175635730" OBJECTGUID="f803b9c9-7507-4517-be2f-2eee939f04c5" CHANGEID="691525837" NUMBER="15Б" OPERTYPEID="10" PREVID="0" NEXTID="0" UPDATEDATE="2025-10-31" STARTDATE="2025-10-31" ENDDATE="2079-06-06" ISACTUAL="1" ISACTIVE="1" /><STEAD ID="74542018" OBJECTID="175635732" OBJECTGUID="677ad6b3-0436-4881-8f52-1bb6d4bc1ac2" CHANGEID="691525839" NUMBER="14" OPERTYPEID="10" PREVID="0" NEXTID="0" UPDATEDATE="2025-10-31" STARTDATE="2025-10-31" ENDDATE="2079-06-06" ISACTUAL="1" ISACTIVE="1" /><STEAD ID="74542019" OBJECTID="175635734" OBJECTGUID="146572ec-f8e8-4bf9-8528-cb29936857cd" CHANGEID="691525841" NUMBER="13А" OPERTYPEID="10" PREVID="0" NEXTID="0" UPDATEDATE="2025-10-31" STARTDATE="2025-10-31" ENDDATE="2079-06-06" ISACTUAL="1" ISACTIVE="1" /><STEAD ID="74542020" OBJECTID="175635738" OBJECTGUID="6f71fbc0-1b16-4be7-adfd-4a6df445687b" CHANGEID="691525845" NUMBER="13" OPERTYPEID="10" PREVID="0" NEXTID="0" UPDATEDATE="2025-10-31" STARTDATE="2025-10-31" ENDDATE="2079-06-06" ISACTUAL="1" ISACTIVE="1" /><STEAD ID="74542023" OBJECTID="175635746" OBJECTGUID="44bef581-a396-4f87-9c72-d9c6ded71a85" CHANGEID="691525853" NUMBER="9/2" OPERTYPEID="10" PREVID="0" NEXTID="0" UPDATEDATE="2025-10-31" STARTDATE="2025-10-31" ENDDATE="2079-06-06" ISACTUAL="1" ISACTIVE="1" /><STEAD ID="74542026" OBJECTID="175635758" OBJECTGUID="97f1a26f-b8e9-4f12-b42f-e9130120fdef" CHANGEID="691525865" NUMBER="7" OPERTYPEID="10" PREVID="0" NEXTID="0" UPDATEDATE="2025-10-31" STARTDATE="2025-10-31" ENDDATE="2079-06-06" ISACTUAL="1" ISACTIVE="1" /><STEAD ID="74542027" OBJECTID="175635760" OBJECTGUID="e3a45d40-6ef5-46c7-9efe-d4417affcc15" CHANGEID="691525867" NUMBER="6" OPERTYPEID="10" PREVID="0" NEXTID="0" UPDATEDATE="2025-10-31" STARTDATE="2025-10-31" ENDDATE="2079-06-06" ISACTUAL="1" ISACTIVE="1" /><STEAD ID="74542028" OBJECTID="175635775" OBJECTGUID="bf2d14b2-b2bc-42ea-bd5c-44017ce08f2d" CHANGEID="691525882" NUMBER="5" OPERTYPEID="10" PREVID="0" NEXTID="0" UPDATEDATE="2025-10-31" STARTDATE="2025-10-31" ENDDATE="2079-06-06" ISACTUAL="1" ISACTIVE="1" /><STEAD ID="74542029" OBJECTID="175635779" OBJECTGUID="41d30fb5-5939-4d5a-9d09-c5c9821f86ef" CHANGEID="691525886" NUMBER="1а" OPERTYPEID="10" PREVID="0" NEXTID="0" UPDATEDATE="2025-10-31" STARTDATE="2025-10-31" ENDDATE="2079-06-06" ISACTUAL="1" ISACTIVE="1" /><STEAD ID="74541999" OBJECTID="175635704" OBJECTGUID="722147b7-ddcf-4bcf-a47f-0f648c2c1941" CHANGEID="691525810" NUMBER="51" OPERTYPEID="10" PREVID="0" NEXTID="0" UPDATEDATE="2025-10-31" STARTDATE="2025-10-31" ENDDATE="2079-06-06" ISACTUAL="1" ISACTIVE="1" /><STEAD ID="74542002" OBJECTID="175635708" OBJECTGUID="ea36a3d9-aca6-43af-b024-43b6b6e303f5" CHANGEID="691525814" NUMBER="54" OPERTYPEID="10" PREVID="0" NEXTID="0" UPDATEDATE="2025-10-31" STARTDATE="2025-10-31" ENDDATE="2079-06-06" ISACTUAL="1" ISACTIVE="1" /><STEAD ID="74542004" OBJECTID="175635710" OBJECTGUID="c43d934a-58df-407f-9c89-f959f14aaa97" CHANGEID="691525816" NUMBER="61" OPERTYPEID="10" PREVID="0" NEXTID="0" UPDATEDATE="2025-10-31" STARTDATE="2025-10-31" ENDDATE="2079-06-06" ISACTUAL="1" ISACTIVE="1" /><STEAD ID="74542006" OBJECTID="175635712" OBJECTGUID="1f4bbc06-0843-4483-b34d-22d5b749c63c" CHANGEID="691525818" NUMBER="63а" OPERTYPEID="10" PREVID="0" NEXTID="0" UPDATEDATE="2025-10-31" STARTDATE="2025-10-31" ENDDATE="2079-06-06" ISACTUAL="1" ISACTIVE="1" /><STEAD ID="74542009" OBJECTID="175635716" OBJECTGUID="1844c86b-4ac5-4ffd-9f31-25f2b77e16a9" CHANGEID="691525822" NUMBER="66" OPERTYPEID="10" PREVID="0" NEXTID="0" UPDATEDATE="2025-10-31" STARTDATE="2025-10-31" ENDDATE="2079-06-06" ISACTUAL="1" ISACTIVE="1" /><STEAD ID="74542013" OBJECTID="175635723" OBJECTGUID="07572acb-4abf-4508-a204-24140771cf80" CHANGEID="691525830" NUMBER="1" OPERTYPEID="10" PREVID="0" NEXTID="0" UPDATEDATE="2025-10-31" STARTDATE="2025-10-31" ENDDATE="2079-06-06" ISACTUAL="1" ISACTIVE="1" /><STEAD ID="74542015" OBJECTID="175635725" OBJECTGUID="eb89501d-efe9-427c-bdeb-3287fdfd7e57" CHANGEID="691525832" NUMBER="21" OPERTYPEID="10" PREVID="0" NEXTID="0" UPDATEDATE="2025-10-31" STARTDATE="2025-10-31" ENDDATE="2079-06-06" ISACTUAL="1" ISACTIVE="1" /><STEAD ID="74542016" OBJECTID="175635727" OBJECTGUID="a6780e6b-98b0-46a8-9b30-6d7cd3691e52" CHANGEID="691525834" NUMBER="15а" OPERTYPEID="10" PREVID="0" NEXTID="0" UPDATEDATE="2025-10-31" STARTDATE="2025-10-31" ENDDATE="2079-06-06" ISACTUAL="1" ISACTIVE="1" /><STEAD ID="74542021" OBJECTID="175635741" OBJECTGUID="26196fdc-36e2-4fea-8dee-38d05e827903" CHANGEID="691525848" NUMBER="11" OPERTYPEID="10" PREVID="0" NEXTID="0" UPDATEDATE="2025-10-31" STARTDATE="2025-10-31" ENDDATE="2079-06-06" ISACTUAL="1" ISACTIVE="1" /><STEAD ID="74542022" OBJECTID="175635745" OBJECTGUID="78a3d808-0591-4b3f-94b2-9738434f92f2" CHANGEID="691525852" NUMBER="10" OPERTYPEID="10" PREVID="0" NEXTID="0" UPDATEDATE="2025-10-31" STARTDATE="2025-10-31" ENDDATE="2079-06-06" ISACTUAL="1" ISACTIVE="1" /><STEAD ID="74542024" OBJECTID="175635749" OBJECTGUID="a0ffc26b-b101-4eaa-ae6e-6438ce631c28" CHANGEID="691525856" NUMBER="9/1" OPERTYPEID="10" PREVID="0" NEXTID="0" UPDATEDATE="2025-10-31" STARTDATE="2025-10-31" ENDDATE="2079-06-06" ISACTUAL="1" ISACTIVE="1" /><STEAD ID="74542025" OBJECTID="175635751" OBJECTGUID="25856e0c-6c94-47c7-8e7e-2867794134c4" CHANGEID="691525858" NUMBER="8" OPERTYPEID="10" PREVID="0" NEXTID="0" UPDATEDATE="2025-10-31" STARTDATE="2025-10-31" ENDDATE="2079-06-06" ISACTUAL="1" ISACTIVE="1" /><STEAD ID="74542030" OBJECTID="175635780" OBJECTGUID="d4a67942-cf38-4bcc-a3c7-649604f1b2f5" CHANGEID="691525887" NUMBER="2" OPERTYPEID="10" PREVID="0" NEXTID="0" UPDATEDATE="2025-10-31" STARTDATE="2025-10-31" ENDDATE="2079-06-06" ISACTUAL="1" ISACTIVE="1" /><STEAD ID="74542031" OBJECTID="175635783" OBJECTGUID="8777dc1d-d1d8-40ee-a9e8-0af11013fb5b" CHANGEID="691525891" NUMBER="2Б" OPERTYPEID="10" PREVID="0" NEXTID="0" UPDATEDATE="2025-10-31" STARTDATE="2025-10-31" ENDDATE="2079-06-06" ISACTUAL="1" ISACTIVE="1" /><STEAD ID="74544315" OBJECTID="175639883" OBJECTGUID="6598725b-00bf-4552-9796-e4956c2e398c" CHANGEID="691532477" NUMBER="30" OPERTYPEID="10" PREVID="0" NEXTID="0" UPDATEDATE="2025-10-31" STARTDATE="2025-10-31" ENDDATE="2079-06-06" ISACTUAL="1" ISACTIVE="1" /><STEAD ID="74544307" OBJECTID="175639866" OBJECTGUID="d8a81e66-52a6-4f85-9017-a1e84b3d77f0" CHANGEID="691532450" NUMBER="6" OPERTYPEID="10" PREVID="0" NEXTID="0" UPDATEDATE="2025-10-31" STARTDATE="2025-10-31" ENDDATE="2079-06-06" ISACTUAL="1" ISACTIVE="1" /><STEAD ID="74545078" OBJECTID="175641356" OBJECTGUID="592211e1-66b8-42f1-bb55-4287edb7fd49" CHANGEID="691534323" NUMBER="5/4" OPERTYPEID="10" PREVID="0" NEXTID="0" UPDATEDATE="2025-10-31" STARTDATE="2025-10-31" ENDDATE="2079-06-06" ISACTUAL="1" ISACTIVE="1" /><STEAD ID="74546001" OBJECTID="175643035" OBJECTGUID="a7e30ae6-2e51-442f-b06f-e2e1939de277" CHANGEID="691536317" NUMBER="13" OPERTYPEID="10" PREVID="0" NEXTID="0" UPDATEDATE="2025-10-31" STARTDATE="2025-10-31" ENDDATE="2079-06-06" ISACTUAL="1" ISACTIVE="1" /><STEAD ID="74546023" OBJECTID="175643073" OBJECTGUID="1fc2f7e2-8e1e-4647-885d-d80fa4ad2e4c" CHANGEID="691536362" NUMBER="5/2" OPERTYPEID="10" PREVID="0" NEXTID="0" UPDATEDATE="2025-10-31" STARTDATE="2025-10-31" ENDDATE="2079-06-06" ISACTUAL="1" ISACTIVE="1" /><STEAD ID="74546008" OBJECTID="175643046" OBJECTGUID="db32c14c-771b-40ca-9f24-a4b5584c5eae" CHANGEID="691536330" NUMBER="51а" OPERTYPEID="10" PREVID="0" NEXTID="0" UPDATEDATE="2025-10-31" STARTDATE="2025-10-31" ENDDATE="2079-06-06" ISACTUAL="1" ISACTIVE="1" /><STEAD ID="74546014" OBJECTID="175643056" OBJECTGUID="382749e1-2fb2-4ab7-93f3-8dd5b25d046a" CHANGEID="691536341" NUMBER="30" OPERTYPEID="10" PREVID="0" NEXTID="0" UPDATEDATE="2025-10-31" STARTDATE="2025-10-31" ENDDATE="2079-06-06" ISACTUAL="1" ISACTIVE="1" /><STEAD ID="74546017" OBJECTID="175643063" OBJECTGUID="201ba4ab-d63d-4b41-b7d8-5fdcfb6a65e0" CHANGEID="691536349" NUMBER="43а" OPERTYPEID="10" PREVID="0" NEXTID="0" UPDATEDATE="2025-10-31" STARTDATE="2025-10-31" ENDDATE="2079-06-06" ISACTUAL="1" ISACTIVE="1" /><STEAD ID="74550028" OBJECTID="175654046" OBJECTGUID="5efa03b0-6bb3-4c57-a2b0-a82aa4744efe" CHANGEID="691570286" NUMBER="2/3" OPERTYPEID="10" PREVID="0" NEXTID="0" UPDATEDATE="2025-11-01" STARTDATE="2025-11-01" ENDDATE="2079-06-06" ISACTUAL="1" ISACTIVE="1" /><STEAD ID="74550851" OBJECTID="175656309" OBJECTGUID="4de64c6c-3440-4a46-9efe-cfdba3fffe2e" CHANGEID="691573781" NUMBER="5" OPERTYPEID="10" PREVID="0" NEXTID="0" UPDATEDATE="2025-11-01" STARTDATE="2025-11-01" ENDDATE="2079-06-06" ISACTUAL="1" ISACTIVE="1" /><STEAD ID="74550853" OBJECTID="175656311" OBJECTGUID="95c8d587-aabb-4629-baa8-2b326c11d9b4" CHANGEID="691573783" NUMBER="44" OPERTYPEID="10" PREVID="0" NEXTID="0" UPDATEDATE="2025-11-01" STARTDATE="2025-11-01" ENDDATE="2079-06-06" ISACTUAL="1" ISACTIVE="1" /><STEAD ID="74550868" OBJECTID="175656326" OBJECTGUID="59ad53ab-fe33-4a56-ba1a-de1bf78e9e3b" CHANGEID="691573799" NUMBER="12б" OPERTYPEID="10" PREVID="0" NEXTID="0" UPDATEDATE="2025-11-01" STARTDATE="2025-11-01" ENDDATE="2079-06-06" ISACTUAL="1" ISACTIVE="1" /><STEAD ID="74550869" OBJECTID="175656327" OBJECTGUID="d6fec586-964d-4b5b-a9e1-756011c62394" CHANGEID="691573801" NUMBER="25" OPERTYPEID="10" PREVID="0" NEXTID="0" UPDATEDATE="2025-11-01" STARTDATE="2025-11-01" ENDDATE="2079-06-06" ISACTUAL="1" ISACTIVE="1" /><STEAD ID="74550870" OBJECTID="175656345" OBJECTGUID="7fc0008c-6852-4306-a6dc-ebf0eae68d1c" CHANGEID="691573819" NUMBER="66" OPERTYPEID="10" PREVID="0" NEXTID="0" UPDATEDATE="2025-11-01" STARTDATE="2025-11-01" ENDDATE="2079-06-06" ISACTUAL="1" ISACTIVE="1" /><STEAD ID="74550872" OBJECTID="175656347" OBJECTGUID="9e555d5e-5291-4eb9-9adc-9f3c4eb7008e" CHANGEID="691573821" NUMBER="122а" OPERTYPEID="10" PREVID="0" NEXTID="0" UPDATEDATE="2025-11-01" STARTDATE="2025-11-01" ENDDATE="2079-06-06" ISACTUAL="1" ISACTIVE="1" /><STEAD ID="74550878" OBJECTID="175656360" OBJECTGUID="545ca144-5fae-41fe-9aaf-ad011ef5563e" CHANGEID="691573841" NUMBER="17" OPERTYPEID="10" PREVID="0" NEXTID="0" UPDATEDATE="2025-11-01" STARTDATE="2025-11-01" ENDDATE="2079-06-06" ISACTUAL="1" ISACTIVE="1" /><STEAD ID="74550852" OBJECTID="175656310" OBJECTGUID="36857496-5305-4547-9096-0896565fb0c4" CHANGEID="691573782" NUMBER="23а" OPERTYPEID="10" PREVID="0" NEXTID="0" UPDATEDATE="2025-11-01" STARTDATE="2025-11-01" ENDDATE="2079-06-06" ISACTUAL="1" ISACTIVE="1" /><STEAD ID="74550867" OBJECTID="175656325" OBJECTGUID="a6293b27-ff67-4dd1-98b8-c2010d03c8a3" CHANGEID="691573798" NUMBER="8" OPERTYPEID="10" PREVID="0" NEXTID="0" UPDATEDATE="2025-11-01" STARTDATE="2025-11-01" ENDDATE="2079-06-06" ISACTUAL="1" ISACTIVE="1" /><STEAD ID="74550871" OBJECTID="175656346" OBJECTGUID="782f39e3-b4f2-49b5-848a-f39dcebb4b99" CHANGEID="691573820" NUMBER="26а" OPERTYPEID="10" PREVID="0" NEXTID="0" UPDATEDATE="2025-11-01" STARTDATE="2025-11-01" ENDDATE="2079-06-06" ISACTUAL="1" ISACTIVE="1" /><STEAD ID="74550873" OBJECTID="175656348" OBJECTGUID="7080488e-8656-4093-b380-73e8451c73fe" CHANGEID="691573822" NUMBER="89" OPERTYPEID="10" PREVID="0" NEXTID="0" UPDATEDATE="2025-11-01" STARTDATE="2025-11-01" ENDDATE="2079-06-06" ISACTUAL="1" ISACTIVE="1" /><STEAD ID="74550874" OBJECTID="175656349" OBJECTGUID="19a4a7e4-13dd-4c21-9570-a1f6d4ea13aa" CHANGEID="691573824" NUMBER="8" OPERTYPEID="10" PREVID="0" NEXTID="0" UPDATEDATE="2025-11-01" STARTDATE="2025-11-01" ENDDATE="2079-06-06" ISACTUAL="1" ISACTIVE="1" /><STEAD ID="74550876" OBJECTID="175656351" OBJECTGUID="a4061856-780d-4da8-9105-36c12a28c09d" CHANGEID="691573828" NUMBER="21д" OPERTYPEID="10" PREVID="0" NEXTID="0" UPDATEDATE="2025-11-01" STARTDATE="2025-11-01" ENDDATE="2079-06-06" ISACTUAL="1" ISACTIVE="1" /><STEAD ID="74550877" OBJECTID="175656352" OBJECTGUID="4dcfc23c-dba9-43df-8e80-3a760b8bb96e" CHANGEID="691573830" NUMBER="120" OPERTYPEID="10" PREVID="0" NEXTID="0" UPDATEDATE="2025-11-01" STARTDATE="2025-11-01" ENDDATE="2079-06-06" ISACTUAL="1" ISACTIVE="1" /><STEAD ID="74551403" OBJECTID="175657116" OBJECTGUID="f87ef8ab-f7fe-41cc-9dd9-1a19ea9887d4" CHANGEID="691575230" NUMBER="9а" OPERTYPEID="10" PREVID="0" NEXTID="0" UPDATEDATE="2025-11-01" STARTDATE="2025-11-01" ENDDATE="2079-06-06" ISACTUAL="1" ISACTIVE="1" /><STEAD ID="74551409" OBJECTID="175657128" OBJECTGUID="07c6dcca-b6a5-4477-949a-46ae0cddb95c" CHANGEID="691575255" NUMBER="7/1" OPERTYPEID="10" PREVID="0" NEXTID="0" UPDATEDATE="2025-11-01" STARTDATE="2025-11-01" ENDDATE="2079-06-06" ISACTUAL="1" ISACTIVE="1" /><STEAD ID="74551421" OBJECTID="175657144" OBJECTGUID="d19935a9-7d9e-46d9-902f-807f46b76b6d" CHANGEID="691575286" NUMBER="27д" OPERTYPEID="10" PREVID="0" NEXTID="0" UPDATEDATE="2025-11-01" STARTDATE="2025-11-01" ENDDATE="2079-06-06" ISACTUAL="1" ISACTIVE="1" /><STEAD ID="74551427" OBJECTID="175657155" OBJECTGUID="b04a6927-2262-4231-a1f9-5a173396da47" CHANGEID="691575311" NUMBER="75а" OPERTYPEID="10" PREVID="0" NEXTID="0" UPDATEDATE="2025-11-01" STARTDATE="2025-11-01" ENDDATE="2079-06-06" ISACTUAL="1" ISACTIVE="1" /><STEAD ID="74551870" OBJECTID="175657797" OBJECTGUID="be208a5e-27f1-490f-ae85-a4b0a14ee52c" CHANGEID="691576540" NUMBER="1А" OPERTYPEID="10" PREVID="0" NEXTID="0" UPDATEDATE="2025-11-01" STARTDATE="2025-11-01" ENDDATE="2079-06-06" ISACTUAL="1" ISACTIVE="1" /><STEAD ID="74551845" OBJECTID="175657747" OBJECTGUID="f08acc33-b09f-46bf-b27c-0122f3112609" CHANGEID="691576439" NUMBER="1А" OPERTYPEID="10" PREVID="0" NEXTID="0" UPDATEDATE="2025-11-01" STARTDATE="2025-11-01" ENDDATE="2079-06-06" ISACTUAL="1" ISACTIVE="1" /><STEAD ID="74551850" OBJECTID="175657771" OBJECTGUID="173a6cc5-e736-403b-9a8a-9d6800493ef1" CHANGEID="691576470" NUMBER="15А" OPERTYPEID="10" PREVID="0" NEXTID="0" UPDATEDATE="2025-11-01" STARTDATE="2025-11-01" ENDDATE="2079-06-06" ISACTUAL="1" ISACTIVE="1" /><STEAD ID="74551867" OBJECTID="175657792" OBJECTGUID="830bfe7d-6205-486b-9f33-225b8a9434a9" CHANGEID="691576506" NUMBER="24А" OPERTYPEID="10" PREVID="0" NEXTID="0" UPDATEDATE="2025-11-01" STARTDATE="2025-11-01" ENDDATE="2079-06-06" ISACTUAL="1" ISACTIVE="1" /><STEAD ID="74551980" OBJECTID="175657924" OBJECTGUID="62e11baa-f027-4967-beeb-0b654d56d72c" CHANGEID="691576823" NUMBER="20А" OPERTYPEID="10" PREVID="0" NEXTID="0" UPDATEDATE="2025-11-01" STARTDATE="2025-11-01" ENDDATE="2079-06-06" ISACTUAL="1" ISACTIVE="1" /><STEAD ID="74557798" OBJECTID="175669527" OBJECTGUID="49a8a063-d00d-411d-acf3-8a24dff709a2" CHANGEID="691596030" NUMBER="40" OPERTYPEID="10" PREVID="0" NEXTID="0" UPDATEDATE="2025-11-01" STARTDATE="2025-11-01" ENDDATE="2079-06-06" ISACTUAL="1" ISACTIVE="1" /></STEADS>