﻿<?xml version="1.0" encoding="utf-8"?><APARTMENTS><APARTMENT ID="11128661" OBJECTID="19935282" OBJECTGUID="c632d784-27a0-4bcf-90c2-bfb4e6a03661" CHANGEID="31242540" NUMBER="5" APARTTYPE="2" OPERTYPEID="10" PREVID="0" NEXTID="112048248" UPDATEDATE="2025-10-31" STARTDATE="2017-05-15" ENDDATE="2025-10-31" ISACTUAL="0" ISACTIVE="0" /><APARTMENT ID="112036143" OBJECTID="175603376" OBJECTGUID="4073a787-1042-475e-b3e0-8dfd928c9959" CHANGEID="691473260" NUMBER="16" APARTTYPE="2" OPERTYPEID="10" PREVID="0" NEXTID="0" UPDATEDATE="2025-10-30" STARTDATE="2025-10-30" ENDDATE="2079-06-06" ISACTUAL="1" ISACTIVE="1" /><APARTMENT ID="112036144" OBJECTID="175603377" OBJECTGUID="785f110e-8c86-47bc-b278-3e7c4f3654cf" CHANGEID="691473261" NUMBER="15" APARTTYPE="2" OPERTYPEID="10" PREVID="0" NEXTID="0" UPDATEDATE="2025-10-30" STARTDATE="2025-10-30" ENDDATE="2079-06-06" ISACTUAL="1" ISACTIVE="1" /><APARTMENT ID="112036145" OBJECTID="175603378" OBJECTGUID="5db4cf3c-6e6b-49e4-961b-39e201613e70" CHANGEID="691473262" NUMBER="14" APARTTYPE="2" OPERTYPEID="10" PREVID="0" NEXTID="0" UPDATEDATE="2025-10-30" STARTDATE="2025-10-30" ENDDATE="2079-06-06" ISACTUAL="1" ISACTIVE="1" /><APARTMENT ID="112036146" OBJECTID="175603379" OBJECTGUID="a3c5226b-574f-4c96-84c6-dc2eedceb634" CHANGEID="691473263" NUMBER="13" APARTTYPE="2" OPERTYPEID="10" PREVID="0" NEXTID="0" UPDATEDATE="2025-10-30" STARTDATE="2025-10-30" ENDDATE="2079-06-06" ISACTUAL="1" ISACTIVE="1" /><APARTMENT ID="112036147" OBJECTID="175603380" OBJECTGUID="f81ddc39-d598-4fd5-b467-7e333a5365a6" CHANGEID="691473264" NUMBER="12" APARTTYPE="2" OPERTYPEID="10" PREVID="0" NEXTID="0" UPDATEDATE="2025-10-30" STARTDATE="2025-10-30" ENDDATE="2079-06-06" ISACTUAL="1" ISACTIVE="1" /><APARTMENT ID="112036148" OBJECTID="175603381" OBJECTGUID="06033403-f79e-451a-a0de-0c92de6afbd4" CHANGEID="691473265" NUMBER="11" APARTTYPE="2" OPERTYPEID="10" PREVID="0" NEXTID="0" UPDATEDATE="2025-10-30" STARTDATE="2025-10-30" ENDDATE="2079-06-06" ISACTUAL="1" ISACTIVE="1" /><APARTMENT ID="112036149" OBJECTID="175603382" OBJECTGUID="c8043a5e-344b-4ca2-ad7e-88f1d15f0a57" CHANGEID="691473266" NUMBER="10" APARTTYPE="2" OPERTYPEID="10" PREVID="0" NEXTID="0" UPDATEDATE="2025-10-30" STARTDATE="2025-10-30" ENDDATE="2079-06-06" ISACTUAL="1" ISACTIVE="1" /><APARTMENT ID="112036150" OBJECTID="175603383" OBJECTGUID="896ed744-e3eb-4082-afc7-ea8c4c777e35" CHANGEID="691473267" NUMBER="9" APARTTYPE="2" OPERTYPEID="10" PREVID="0" NEXTID="0" UPDATEDATE="2025-10-30" STARTDATE="2025-10-30" ENDDATE="2079-06-06" ISACTUAL="1" ISACTIVE="1" /><APARTMENT ID="112036151" OBJECTID="175603384" OBJECTGUID="efd032a2-ce4f-410a-8f27-d8412554d314" CHANGEID="691473268" NUMBER="8" APARTTYPE="2" OPERTYPEID="10" PREVID="0" NEXTID="0" UPDATEDATE="2025-10-30" STARTDATE="2025-10-30" ENDDATE="2079-06-06" ISACTUAL="1" ISACTIVE="1" /><APARTMENT ID="112036152" OBJECTID="175603385" OBJECTGUID="13871491-313e-496d-b212-0e90f43bccf8" CHANGEID="691473269" NUMBER="7" APARTTYPE="2" OPERTYPEID="10" PREVID="0" NEXTID="0" UPDATEDATE="2025-10-30" STARTDATE="2025-10-30" ENDDATE="2079-06-06" ISACTUAL="1" ISACTIVE="1" /><APARTMENT ID="112036153" OBJECTID="175603386" OBJECTGUID="d78d4741-47fb-4f04-bb57-a30af8dce8b9" CHANGEID="691473270" NUMBER="6" APARTTYPE="2" OPERTYPEID="10" PREVID="0" NEXTID="0" UPDATEDATE="2025-10-30" STARTDATE="2025-10-30" ENDDATE="2079-06-06" ISACTUAL="1" ISACTIVE="1" /><APARTMENT ID="112036154" OBJECTID="175603387" OBJECTGUID="2a71aa95-87bc-4575-9bf6-6b3efe3c86a5" CHANGEID="691473271" NUMBER="5" APARTTYPE="2" OPERTYPEID="10" PREVID="0" NEXTID="0" UPDATEDATE="2025-10-30" STARTDATE="2025-10-30" ENDDATE="2079-06-06" ISACTUAL="1" ISACTIVE="1" /><APARTMENT ID="112036155" OBJECTID="175603388" OBJECTGUID="f31bb426-09c2-4bc5-9735-b507b52a84a8" CHANGEID="691473272" NUMBER="4" APARTTYPE="2" OPERTYPEID="10" PREVID="0" NEXTID="0" UPDATEDATE="2025-10-30" STARTDATE="2025-10-30" ENDDATE="2079-06-06" ISACTUAL="1" ISACTIVE="1" /><APARTMENT ID="112036156" OBJECTID="175603389" OBJECTGUID="08d55325-18c3-475c-adc2-4c08a5f3bdd1" CHANGEID="691473273" NUMBER="3" APARTTYPE="2" OPERTYPEID="10" PREVID="0" NEXTID="0" UPDATEDATE="2025-10-30" STARTDATE="2025-10-30" ENDDATE="2079-06-06" ISACTUAL="1" ISACTIVE="1" /><APARTMENT ID="112036157" OBJECTID="175603390" OBJECTGUID="3269f262-5a0b-4a2c-a065-9e1e5bad0501" CHANGEID="691473274" NUMBER="2" APARTTYPE="2" OPERTYPEID="10" PREVID="0" NEXTID="0" UPDATEDATE="2025-10-30" STARTDATE="2025-10-30" ENDDATE="2079-06-06" ISACTUAL="1" ISACTIVE="1" /><APARTMENT ID="112036158" OBJECTID="175603391" OBJECTGUID="4211024a-4e81-44f4-8612-2dedfe660468" CHANGEID="691473275" NUMBER="1" APARTTYPE="2" OPERTYPEID="10" PREVID="0" NEXTID="0" UPDATEDATE="2025-10-30" STARTDATE="2025-10-30" ENDDATE="2079-06-06" ISACTUAL="1" ISACTIVE="1" /><APARTMENT ID="112037991" OBJECTID="175612153" OBJECTGUID="ad82b9c1-15b9-484d-9b07-ed7683810587" CHANGEID="691488087" NUMBER="2004" APARTTYPE="1" OPERTYPEID="10" PREVID="0" NEXTID="0" UPDATEDATE="2025-10-30" STARTDATE="2025-10-30" ENDDATE="2079-06-06" ISACTUAL="1" ISACTIVE="1" /><APARTMENT ID="112037994" OBJECTID="175612168" OBJECTGUID="0d57ac7a-0c7b-4b9b-9538-2da9336c77b1" CHANGEID="691488104" NUMBER="8" APARTTYPE="4" OPERTYPEID="10" PREVID="0" NEXTID="0" UPDATEDATE="2025-10-30" STARTDATE="2025-10-30" ENDDATE="2079-06-06" ISACTUAL="1" ISACTIVE="1" /><APARTMENT ID="112037995" OBJECTID="175612177" OBJECTGUID="09473145-c730-4387-8591-4f3a461e80f0" CHANGEID="691488122" NUMBER="7" APARTTYPE="4" OPERTYPEID="10" PREVID="0" NEXTID="0" UPDATEDATE="2025-10-30" STARTDATE="2025-10-30" ENDDATE="2079-06-06" ISACTUAL="1" ISACTIVE="1" /><APARTMENT ID="112042358" OBJECTID="67123688" OBJECTGUID="97b28328-0b31-4583-aeba-f9f57f67ad59" CHANGEID="691503114" NUMBER="2" APARTTYPE="2" OPERTYPEID="55" PREVID="40024567" NEXTID="129426560" UPDATEDATE="2025-10-31" STARTDATE="2025-10-31" ENDDATE="2079-06-06" ISACTUAL="1" ISACTIVE="0" /><APARTMENT ID="40024567" OBJECTID="67123688" OBJECTGUID="97b28328-0b31-4583-aeba-f9f57f67ad59" CHANGEID="100085012" NUMBER="2" APARTTYPE="2" OPERTYPEID="10" PREVID="0" NEXTID="112042358" UPDATEDATE="2025-10-31" STARTDATE="2017-06-01" ENDDATE="2025-10-31" ISACTUAL="0" ISACTIVE="0" /><APARTMENT ID="112042359" OBJECTID="67123670" OBJECTGUID="60ecdeec-d112-4de6-941c-0223e45042b5" CHANGEID="691503117" NUMBER="4" APARTTYPE="2" OPERTYPEID="55" PREVID="40024550" NEXTID="129426562" UPDATEDATE="2025-10-31" STARTDATE="2025-10-31" ENDDATE="2079-06-06" ISACTUAL="1" ISACTIVE="0" /><APARTMENT ID="40024550" OBJECTID="67123670" OBJECTGUID="60ecdeec-d112-4de6-941c-0223e45042b5" CHANGEID="100084984" NUMBER="4" APARTTYPE="2" OPERTYPEID="10" PREVID="0" NEXTID="112042359" UPDATEDATE="2025-10-31" STARTDATE="2017-06-01" ENDDATE="2025-10-31" ISACTUAL="0" ISACTIVE="0" /><APARTMENT ID="112043015" OBJECTID="175625068" OBJECTGUID="495cc371-f7db-4a0d-99a4-d93c73ae6fca" CHANGEID="691509340" NUMBER="4" APARTTYPE="2" OPERTYPEID="10" PREVID="0" NEXTID="0" UPDATEDATE="2025-10-31" STARTDATE="2025-10-31" ENDDATE="2079-06-06" ISACTUAL="1" ISACTIVE="1" /><APARTMENT ID="112043016" OBJECTID="175625069" OBJECTGUID="1575f099-64fc-40d4-a8c0-97935ed5ecad" CHANGEID="691509341" NUMBER="3" APARTTYPE="2" OPERTYPEID="10" PREVID="0" NEXTID="0" UPDATEDATE="2025-10-31" STARTDATE="2025-10-31" ENDDATE="2079-06-06" ISACTUAL="1" ISACTIVE="1" /><APARTMENT ID="112043017" OBJECTID="175625070" OBJECTGUID="3d34f974-7323-47b8-8ba9-3f34fa7d4f56" CHANGEID="691509342" NUMBER="2" APARTTYPE="2" OPERTYPEID="10" PREVID="0" NEXTID="0" UPDATEDATE="2025-10-31" STARTDATE="2025-10-31" ENDDATE="2079-06-06" ISACTUAL="1" ISACTIVE="1" /><APARTMENT ID="112043018" OBJECTID="175625071" OBJECTGUID="425bce2d-424f-4783-be45-12d72e7702e8" CHANGEID="691509343" NUMBER="1" APARTTYPE="2" OPERTYPEID="10" PREVID="0" NEXTID="0" UPDATEDATE="2025-10-31" STARTDATE="2025-10-31" ENDDATE="2079-06-06" ISACTUAL="1" ISACTIVE="1" /><APARTMENT ID="112043019" OBJECTID="175625090" OBJECTGUID="362206e3-6d70-44bf-9c29-5093eb9dd85f" CHANGEID="691509363" NUMBER="1001" APARTTYPE="1" OPERTYPEID="10" PREVID="0" NEXTID="0" UPDATEDATE="2025-10-31" STARTDATE="2025-10-31" ENDDATE="2079-06-06" ISACTUAL="1" ISACTIVE="1" /><APARTMENT ID="112043020" OBJECTID="175625091" OBJECTGUID="f337ed31-ff79-4a71-9d8b-81f3b3524913" CHANGEID="691509364" NUMBER="1003" APARTTYPE="1" OPERTYPEID="10" PREVID="0" NEXTID="0" UPDATEDATE="2025-10-31" STARTDATE="2025-10-31" ENDDATE="2079-06-06" ISACTUAL="1" ISACTIVE="1" /><APARTMENT ID="112043021" OBJECTID="175625092" OBJECTGUID="96050d93-df56-4a82-a15c-8fd077f8d79a" CHANGEID="691509365" NUMBER="1002" APARTTYPE="1" OPERTYPEID="10" PREVID="0" NEXTID="0" UPDATEDATE="2025-10-31" STARTDATE="2025-10-31" ENDDATE="2079-06-06" ISACTUAL="1" ISACTIVE="1" /><APARTMENT ID="112048248" OBJECTID="19935282" OBJECTGUID="c632d784-27a0-4bcf-90c2-bfb4e6a03661" CHANGEID="691532310" NUMBER="5" APARTTYPE="2" OPERTYPEID="30" PREVID="11128661" NEXTID="0" UPDATEDATE="2025-10-31" STARTDATE="2025-10-31" ENDDATE="2079-06-06" ISACTUAL="1" ISACTIVE="0" /><APARTMENT ID="112049166" OBJECTID="17742966" OBJECTGUID="1952e500-bc57-4d77-bc15-ec45e16f9da7" CHANGEID="691535011" NUMBER="1-2" APARTTYPE="2" OPERTYPEID="30" PREVID="9820512" NEXTID="0" UPDATEDATE="2025-10-31" STARTDATE="2025-10-31" ENDDATE="2079-06-06" ISACTUAL="1" ISACTIVE="0" /><APARTMENT ID="9820512" OBJECTID="17742966" OBJECTGUID="1952e500-bc57-4d77-bc15-ec45e16f9da7" CHANGEID="27996673" NUMBER="1-2" APARTTYPE="2" OPERTYPEID="10" PREVID="0" NEXTID="112049166" UPDATEDATE="2025-10-31" STARTDATE="2018-10-26" ENDDATE="2025-10-31" ISACTUAL="0" ISACTIVE="0" /><APARTMENT ID="112049168" OBJECTID="17758660" OBJECTGUID="013fc7a5-1be9-4f05-b22f-278720874801" CHANGEID="691535013" NUMBER="1-2" APARTTYPE="2" OPERTYPEID="30" PREVID="9830152" NEXTID="0" UPDATEDATE="2025-10-31" STARTDATE="2025-10-31" ENDDATE="2079-06-06" ISACTUAL="1" ISACTIVE="0" /><APARTMENT ID="112049165" OBJECTID="17756370" OBJECTGUID="c9edd15b-df2d-42dc-b9cc-bed7c2976edb" CHANGEID="691535010" NUMBER="1-2" APARTTYPE="2" OPERTYPEID="30" PREVID="9828915" NEXTID="0" UPDATEDATE="2025-10-31" STARTDATE="2025-10-31" ENDDATE="2079-06-06" ISACTUAL="1" ISACTIVE="0" /><APARTMENT ID="9828915" OBJECTID="17756370" OBJECTGUID="c9edd15b-df2d-42dc-b9cc-bed7c2976edb" CHANGEID="28016375" NUMBER="1-2" APARTTYPE="2" OPERTYPEID="10" PREVID="0" NEXTID="112049165" UPDATEDATE="2025-10-31" STARTDATE="2018-10-26" ENDDATE="2025-10-31" ISACTUAL="0" ISACTIVE="0" /><APARTMENT ID="112049167" OBJECTID="17736904" OBJECTGUID="ddee1a57-b551-42d8-b068-2f0946d68ba8" CHANGEID="691535012" NUMBER="1-2" APARTTYPE="2" OPERTYPEID="30" PREVID="9816930" NEXTID="0" UPDATEDATE="2025-10-31" STARTDATE="2025-10-31" ENDDATE="2079-06-06" ISACTUAL="1" ISACTIVE="0" /><APARTMENT ID="9816930" OBJECTID="17736904" OBJECTGUID="ddee1a57-b551-42d8-b068-2f0946d68ba8" CHANGEID="27987664" NUMBER="1-2" APARTTYPE="2" OPERTYPEID="10" PREVID="0" NEXTID="112049167" UPDATEDATE="2025-10-31" STARTDATE="2018-10-26" ENDDATE="2025-10-31" ISACTUAL="0" ISACTIVE="0" /><APARTMENT ID="9830152" OBJECTID="17758660" OBJECTGUID="013fc7a5-1be9-4f05-b22f-278720874801" CHANGEID="28019941" NUMBER="1-2" APARTTYPE="2" OPERTYPEID="10" PREVID="0" NEXTID="112049168" UPDATEDATE="2025-10-31" STARTDATE="2018-10-26" ENDDATE="2025-10-31" ISACTUAL="0" ISACTIVE="0" /><APARTMENT ID="112049170" OBJECTID="41896888" OBJECTGUID="51c9ad6f-6472-4f3f-bb03-a7e88616519a" CHANGEID="691535015" NUMBER="4-9" APARTTYPE="2" OPERTYPEID="30" PREVID="24571518" NEXTID="0" UPDATEDATE="2025-10-31" STARTDATE="2025-10-31" ENDDATE="2079-06-06" ISACTUAL="1" ISACTIVE="0" /><APARTMENT ID="24571518" OBJECTID="41896888" OBJECTGUID="51c9ad6f-6472-4f3f-bb03-a7e88616519a" CHANGEID="63335540" NUMBER="4-9" APARTTYPE="2" OPERTYPEID="10" PREVID="0" NEXTID="112049170" UPDATEDATE="2025-10-31" STARTDATE="2018-10-23" ENDDATE="2025-10-31" ISACTUAL="0" ISACTIVE="0" /><APARTMENT ID="112049173" OBJECTID="41896909" OBJECTGUID="aeb13863-29e4-4333-b9b7-34ea51af9477" CHANGEID="691535019" NUMBER="1001-1002" APARTTYPE="1" OPERTYPEID="30" PREVID="24571537" NEXTID="0" UPDATEDATE="2025-10-31" STARTDATE="2025-10-31" ENDDATE="2079-06-06" ISACTUAL="1" ISACTIVE="0" /><APARTMENT ID="24571537" OBJECTID="41896909" OBJECTGUID="aeb13863-29e4-4333-b9b7-34ea51af9477" CHANGEID="63335561" NUMBER="1001-1002" APARTTYPE="1" OPERTYPEID="10" PREVID="0" NEXTID="112049173" UPDATEDATE="2025-10-31" STARTDATE="2018-10-18" ENDDATE="2025-10-31" ISACTUAL="0" ISACTIVE="0" /><APARTMENT ID="112049174" OBJECTID="175641944" OBJECTGUID="30abca05-274c-4a46-afad-9d12eeb654e4" CHANGEID="691535021" NUMBER="2" APARTTYPE="2" OPERTYPEID="10" PREVID="0" NEXTID="0" UPDATEDATE="2025-10-31" STARTDATE="2025-10-31" ENDDATE="2079-06-06" ISACTUAL="1" ISACTIVE="1" /><APARTMENT ID="112049176" OBJECTID="175641946" OBJECTGUID="2840404f-ffa1-48ad-9e02-67c518b1454f" CHANGEID="691535023" NUMBER="5" APARTTYPE="2" OPERTYPEID="10" PREVID="0" NEXTID="0" UPDATEDATE="2025-10-31" STARTDATE="2025-10-31" ENDDATE="2079-06-06" ISACTUAL="1" ISACTIVE="1" /><APARTMENT ID="112049177" OBJECTID="175641948" OBJECTGUID="6c072055-72f2-4c7d-85e6-f73519116e69" CHANGEID="691535025" NUMBER="6" APARTTYPE="2" OPERTYPEID="10" PREVID="0" NEXTID="0" UPDATEDATE="2025-10-31" STARTDATE="2025-10-31" ENDDATE="2079-06-06" ISACTUAL="1" ISACTIVE="1" /><APARTMENT ID="112049185" OBJECTID="175641989" OBJECTGUID="9b0dfdb1-6728-4c24-9e04-489f3010d2ba" CHANGEID="691535086" NUMBER="9" APARTTYPE="2" OPERTYPEID="10" PREVID="0" NEXTID="0" UPDATEDATE="2025-10-31" STARTDATE="2025-10-31" ENDDATE="2079-06-06" ISACTUAL="1" ISACTIVE="1" /><APARTMENT ID="112049187" OBJECTID="175641991" OBJECTGUID="8004ddba-7a92-4054-98de-42837225e5ea" CHANGEID="691535088" NUMBER="10" APARTTYPE="2" OPERTYPEID="10" PREVID="0" NEXTID="0" UPDATEDATE="2025-10-31" STARTDATE="2025-10-31" ENDDATE="2079-06-06" ISACTUAL="1" ISACTIVE="1" /><APARTMENT ID="112049189" OBJECTID="175641993" OBJECTGUID="8be084c7-4399-4d81-b7d1-ea0a146b47fa" CHANGEID="691535090" NUMBER="12" APARTTYPE="2" OPERTYPEID="10" PREVID="0" NEXTID="0" UPDATEDATE="2025-10-31" STARTDATE="2025-10-31" ENDDATE="2079-06-06" ISACTUAL="1" ISACTIVE="1" /><APARTMENT ID="112049191" OBJECTID="175641995" OBJECTGUID="09a4014d-a8d0-4912-ad7f-d5750808744c" CHANGEID="691535092" NUMBER="14" APARTTYPE="2" OPERTYPEID="10" PREVID="0" NEXTID="0" UPDATEDATE="2025-10-31" STARTDATE="2025-10-31" ENDDATE="2079-06-06" ISACTUAL="1" ISACTIVE="1" /><APARTMENT ID="112049204" OBJECTID="175642009" OBJECTGUID="bc320408-8c98-4733-b690-eee7c55bd4f0" CHANGEID="691535106" NUMBER="16" APARTTYPE="2" OPERTYPEID="10" PREVID="0" NEXTID="0" UPDATEDATE="2025-10-31" STARTDATE="2025-10-31" ENDDATE="2079-06-06" ISACTUAL="1" ISACTIVE="1" /><APARTMENT ID="112049169" OBJECTID="41896895" OBJECTGUID="70703720-0625-46c5-a4e5-f24dcc526376" CHANGEID="691535014" NUMBER="1-2" APARTTYPE="2" OPERTYPEID="30" PREVID="24571524" NEXTID="0" UPDATEDATE="2025-10-31" STARTDATE="2025-10-31" ENDDATE="2079-06-06" ISACTUAL="1" ISACTIVE="0" /><APARTMENT ID="24571524" OBJECTID="41896895" OBJECTGUID="70703720-0625-46c5-a4e5-f24dcc526376" CHANGEID="63335547" NUMBER="1-2" APARTTYPE="2" OPERTYPEID="10" PREVID="0" NEXTID="112049169" UPDATEDATE="2025-10-31" STARTDATE="2018-10-23" ENDDATE="2025-10-31" ISACTUAL="0" ISACTIVE="0" /><APARTMENT ID="112049171" OBJECTID="41896812" OBJECTGUID="2ff019ae-d329-40b5-af04-6adb5717b8e2" CHANGEID="691535016" NUMBER="11-18" APARTTYPE="2" OPERTYPEID="30" PREVID="24571448" NEXTID="0" UPDATEDATE="2025-10-31" STARTDATE="2025-10-31" ENDDATE="2079-06-06" ISACTUAL="1" ISACTIVE="0" /><APARTMENT ID="24571448" OBJECTID="41896812" OBJECTGUID="2ff019ae-d329-40b5-af04-6adb5717b8e2" CHANGEID="63335445" NUMBER="11-18" APARTTYPE="2" OPERTYPEID="10" PREVID="0" NEXTID="112049171" UPDATEDATE="2025-10-31" STARTDATE="2018-10-23" ENDDATE="2025-10-31" ISACTUAL="0" ISACTIVE="0" /><APARTMENT ID="112049172" OBJECTID="175641942" OBJECTGUID="21c75c1d-033f-4f70-8670-b4500c1c083d" CHANGEID="691535018" NUMBER="1" APARTTYPE="2" OPERTYPEID="10" PREVID="0" NEXTID="0" UPDATEDATE="2025-10-31" STARTDATE="2025-10-31" ENDDATE="2079-06-06" ISACTUAL="1" ISACTIVE="1" /><APARTMENT ID="112049175" OBJECTID="175641945" OBJECTGUID="54a902d5-41fc-4f0b-8633-66056ee420b1" CHANGEID="691535022" NUMBER="4" APARTTYPE="2" OPERTYPEID="10" PREVID="0" NEXTID="0" UPDATEDATE="2025-10-31" STARTDATE="2025-10-31" ENDDATE="2079-06-06" ISACTUAL="1" ISACTIVE="1" /><APARTMENT ID="112049178" OBJECTID="175641949" OBJECTGUID="6affd7c5-616a-4fdc-a571-d240aae33446" CHANGEID="691535026" NUMBER="7" APARTTYPE="2" OPERTYPEID="10" PREVID="0" NEXTID="0" UPDATEDATE="2025-10-31" STARTDATE="2025-10-31" ENDDATE="2079-06-06" ISACTUAL="1" ISACTIVE="1" /><APARTMENT ID="112049184" OBJECTID="175641988" OBJECTGUID="f38eba7e-bd70-4f2f-884b-dbf8e5cfd0f5" CHANGEID="691535085" NUMBER="8" APARTTYPE="2" OPERTYPEID="10" PREVID="0" NEXTID="0" UPDATEDATE="2025-10-31" STARTDATE="2025-10-31" ENDDATE="2079-06-06" ISACTUAL="1" ISACTIVE="1" /><APARTMENT ID="112049188" OBJECTID="175641992" OBJECTGUID="3184f29b-f769-44b2-9aca-6d67e7485fc9" CHANGEID="691535089" NUMBER="11" APARTTYPE="2" OPERTYPEID="10" PREVID="0" NEXTID="0" UPDATEDATE="2025-10-31" STARTDATE="2025-10-31" ENDDATE="2079-06-06" ISACTUAL="1" ISACTIVE="1" /><APARTMENT ID="112049190" OBJECTID="175641994" OBJECTGUID="0d7dcde9-2394-47f1-a86a-46e81f7a0d69" CHANGEID="691535091" NUMBER="13" APARTTYPE="2" OPERTYPEID="10" PREVID="0" NEXTID="0" UPDATEDATE="2025-10-31" STARTDATE="2025-10-31" ENDDATE="2079-06-06" ISACTUAL="1" ISACTIVE="1" /><APARTMENT ID="112049192" OBJECTID="175641996" OBJECTGUID="4aebee51-0f6f-486c-86b1-48065940815c" CHANGEID="691535093" NUMBER="15" APARTTYPE="2" OPERTYPEID="10" PREVID="0" NEXTID="0" UPDATEDATE="2025-10-31" STARTDATE="2025-10-31" ENDDATE="2079-06-06" ISACTUAL="1" ISACTIVE="1" /><APARTMENT ID="112049205" OBJECTID="175642010" OBJECTGUID="33944f0e-ae4b-4029-ac88-f88a00d3b7af" CHANGEID="691535107" NUMBER="17" APARTTYPE="2" OPERTYPEID="10" PREVID="0" NEXTID="0" UPDATEDATE="2025-10-31" STARTDATE="2025-10-31" ENDDATE="2079-06-06" ISACTUAL="1" ISACTIVE="1" /><APARTMENT ID="112049206" OBJECTID="175642013" OBJECTGUID="875351ef-cb4f-443c-9746-068acb6a817a" CHANGEID="691535110" NUMBER="18" APARTTYPE="2" OPERTYPEID="10" PREVID="0" NEXTID="0" UPDATEDATE="2025-10-31" STARTDATE="2025-10-31" ENDDATE="2079-06-06" ISACTUAL="1" ISACTIVE="1" /><APARTMENT ID="112059042" OBJECTID="41896303" OBJECTGUID="1932a474-dce5-456d-9118-0b2ff8581682" CHANGEID="691595620" NUMBER="001" APARTTYPE="1" OPERTYPEID="30" PREVID="24570960" NEXTID="0" UPDATEDATE="2025-11-01" STARTDATE="2025-11-01" ENDDATE="2079-06-06" ISACTUAL="1" ISACTIVE="0" /><APARTMENT ID="24570960" OBJECTID="41896303" OBJECTGUID="1932a474-dce5-456d-9118-0b2ff8581682" CHANGEID="63334882" NUMBER="001" APARTTYPE="1" OPERTYPEID="1" PREVID="0" NEXTID="112059042" UPDATEDATE="2025-11-01" STARTDATE="2014-01-04" ENDDATE="2025-11-01" ISACTUAL="0" ISACTIVE="0" /></APARTMENTS>