﻿<?xml version="1.0" encoding="utf-8"?><ADDRESSOBJECTS><OBJECT ID="52212606" OBJECTID="175593571" OBJECTGUID="8bf892b6-583d-4b49-8ba3-52060f426d30" CHANGEID="691456158" NAME="Юрово" TYPENAME="кв-л" LEVEL="7" OPERTYPEID="10" PREVID="0" NEXTID="0" UPDATEDATE="2025-10-30" STARTDATE="2025-10-30" ENDDATE="2079-06-06" ISACTUAL="1" ISACTIVE="1" /><OBJECT ID="52212616" OBJECTID="175595980" OBJECTGUID="cd0b12d0-4501-467b-893a-6d258b5b3e87" CHANGEID="691460265" NAME="Полевая" TYPENAME="ул." LEVEL="8" OPERTYPEID="10" PREVID="0" NEXTID="0" UPDATEDATE="2025-10-30" STARTDATE="2025-10-30" ENDDATE="2079-06-06" ISACTUAL="1" ISACTIVE="1" /><OBJECT ID="52212617" OBJECTID="175595981" OBJECTGUID="3c956f5e-39db-47e7-9068-32b2f1d8e3a0" CHANGEID="691460266" NAME="Береговая" TYPENAME="ул." LEVEL="8" OPERTYPEID="10" PREVID="0" NEXTID="0" UPDATEDATE="2025-10-30" STARTDATE="2025-10-30" ENDDATE="2079-06-06" ISACTUAL="1" ISACTIVE="1" /><OBJECT ID="52212618" OBJECTID="175595983" OBJECTGUID="c768bb67-1024-4b96-b1d5-806412b2c232" CHANGEID="691460268" NAME="Садовая" TYPENAME="ул." LEVEL="8" OPERTYPEID="10" PREVID="0" NEXTID="0" UPDATEDATE="2025-10-30" STARTDATE="2025-10-30" ENDDATE="2079-06-06" ISACTUAL="1" ISACTIVE="1" /><OBJECT ID="52212619" OBJECTID="175595984" OBJECTGUID="12be9201-1793-4cfd-af0d-28b88039609b" CHANGEID="691460269" NAME="Луговая" TYPENAME="ул." LEVEL="8" OPERTYPEID="10" PREVID="0" NEXTID="0" UPDATEDATE="2025-10-30" STARTDATE="2025-10-30" ENDDATE="2079-06-06" ISACTUAL="1" ISACTIVE="1" /><OBJECT ID="52212621" OBJECTID="175596813" OBJECTGUID="5aed4b8d-3074-4694-ba18-ea239f666dd9" CHANGEID="691462868" NAME="Прибрежная" TYPENAME="ул." LEVEL="8" OPERTYPEID="10" PREVID="0" NEXTID="0" UPDATEDATE="2025-10-30" STARTDATE="2025-10-30" ENDDATE="2079-06-06" ISACTUAL="1" ISACTIVE="1" /><OBJECT ID="52212829" OBJECTID="175635656" OBJECTGUID="1329ad7a-dea8-4b7e-b81f-647ae2831b51" CHANGEID="691525624" NAME="Дорожный" TYPENAME="туп." LEVEL="8" OPERTYPEID="10" PREVID="0" NEXTID="0" UPDATEDATE="2025-10-31" STARTDATE="2025-10-31" ENDDATE="2079-06-06" ISACTUAL="1" ISACTIVE="1" /><OBJECT ID="52212862" OBJECTID="175639825" OBJECTGUID="c03835a7-29bd-4469-94c1-5270b751df4f" CHANGEID="691532385" NAME="Еловая" TYPENAME="ул." LEVEL="8" OPERTYPEID="10" PREVID="0" NEXTID="0" UPDATEDATE="2025-10-31" STARTDATE="2025-10-31" ENDDATE="2079-06-06" ISACTUAL="1" ISACTIVE="1" /><OBJECT ID="52213069" OBJECTID="175669280" OBJECTGUID="4be861c2-eaac-4478-900b-73710da5343d" CHANGEID="691595712" NAME="КП Капитанский родник" TYPENAME="тер." LEVEL="7" OPERTYPEID="10" PREVID="0" NEXTID="0" UPDATEDATE="2025-11-01" STARTDATE="2025-11-01" ENDDATE="2079-06-06" ISACTUAL="1" ISACTIVE="1" /></ADDRESSOBJECTS>