﻿<?xml version="1.0" encoding="utf-8"?><REESTR_OBJECTS><OBJECT OBJECTID="31574702" OBJECTGUID="9555c553-0a15-43a6-a87f-1de5ec736d85" CHANGEID="691478182" ISACTIVE="1" LEVELID="10" CREATEDATE="2015-04-20" UPDATEDATE="2025-10-30" /><OBJECT OBJECTID="82789206" OBJECTGUID="f129b6e9-7e9a-42ea-855f-e9cc3a5d8090" CHANGEID="691458525" ISACTIVE="0" LEVELID="10" CREATEDATE="2019-07-10" UPDATEDATE="2025-10-30" /><OBJECT OBJECTID="31565357" OBJECTGUID="6da27d1c-bc6b-483f-8954-119f5bde069b" CHANGEID="691470161" ISACTIVE="1" LEVELID="10" CREATEDATE="2015-04-20" UPDATEDATE="2025-10-30" /><OBJECT OBJECTID="32870782" OBJECTGUID="77a89728-c90d-40ea-b883-02c152d57d09" CHANGEID="691458666" ISACTIVE="1" LEVELID="11" CREATEDATE="2017-05-24" UPDATEDATE="2025-10-30" /><OBJECT OBJECTID="157997659" OBJECTGUID="b5147a0f-c511-45b8-b30c-20045bc6e2b0" CHANGEID="691550576" ISACTIVE="1" LEVELID="10" CREATEDATE="2023-02-06" UPDATEDATE="2025-11-01" /><OBJECT OBJECTID="55728125" OBJECTGUID="0ee65808-a6fa-4e91-b7f2-e352eb8bc516" CHANGEID="691458541" ISACTIVE="0" LEVELID="10" CREATEDATE="2017-12-28" UPDATEDATE="2025-10-30" /><OBJECT OBJECTID="103354920" OBJECTGUID="d55b4923-1a9f-4f09-9196-f3ed2b2171ed" CHANGEID="691532654" ISACTIVE="1" LEVELID="10" CREATEDATE="2021-12-28" UPDATEDATE="2025-10-31" /><OBJECT OBJECTID="42261725" OBJECTGUID="3c805550-886c-4046-8427-c8a2347adbe5" CHANGEID="691458489" ISACTIVE="0" LEVELID="10" CREATEDATE="2018-01-17" UPDATEDATE="2025-10-30" /><OBJECT OBJECTID="28659344" OBJECTGUID="c6aa2d92-fd8a-43c3-a764-763de8c089a0" CHANGEID="691458509" ISACTIVE="0" LEVELID="10" CREATEDATE="2019-07-10" UPDATEDATE="2025-10-30" /><OBJECT OBJECTID="49781969" OBJECTGUID="5e833807-2a4c-434e-9410-a7e8b69be5d9" CHANGEID="691576497" ISACTIVE="1" LEVELID="10" CREATEDATE="2017-12-18" UPDATEDATE="2025-11-01" /><OBJECT OBJECTID="54304664" OBJECTGUID="78d4adf5-2867-4115-88c2-20d30adb1a48" CHANGEID="691459081" ISACTIVE="1" LEVELID="10" CREATEDATE="2017-12-17" UPDATEDATE="2025-10-30" /><OBJECT OBJECTID="162416411" OBJECTGUID="290cc116-b099-40ba-99f4-10248344e9e9" CHANGEID="691542622" ISACTIVE="1" LEVELID="10" CREATEDATE="2024-02-09" UPDATEDATE="2025-11-01" /><OBJECT OBJECTID="15098036" OBJECTGUID="c3e0c90c-e08b-4676-9c51-5047499a4346" CHANGEID="691470037" ISACTIVE="1" LEVELID="10" CREATEDATE="2019-07-10" UPDATEDATE="2025-10-30" /><OBJECT OBJECTID="55719327" OBJECTGUID="f8044b8b-3dc5-4ba3-bf03-1538f9713426" CHANGEID="691461583" ISACTIVE="0" LEVELID="10" CREATEDATE="2015-04-21" UPDATEDATE="2025-10-30" /><OBJECT OBJECTID="63962912" OBJECTGUID="d2ca374e-ac77-4e20-b06f-cbb20d96ffab" CHANGEID="691478338" ISACTIVE="1" LEVELID="10" CREATEDATE="2017-12-28" UPDATEDATE="2025-10-30" /><OBJECT OBJECTID="15845461" OBJECTGUID="372c5a82-9f07-48e5-8649-c3e6e480740a" CHANGEID="691470982" ISACTIVE="1" LEVELID="10" CREATEDATE="2019-07-10" UPDATEDATE="2025-10-30" /><OBJECT OBJECTID="65951440" OBJECTGUID="b0f63d8a-dc8c-4313-bd4d-6782343585ed" CHANGEID="691470144" ISACTIVE="1" LEVELID="10" CREATEDATE="2019-07-10" UPDATEDATE="2025-10-30" /><OBJECT OBJECTID="77930305" OBJECTGUID="962ee66e-a549-4bb4-8069-96c370c216d9" CHANGEID="691455149" ISACTIVE="1" LEVELID="10" CREATEDATE="2019-10-17" UPDATEDATE="2025-10-30" /><OBJECT OBJECTID="104711597" OBJECTGUID="424c9977-5030-4bf0-88d7-89aa81cf8e68" CHANGEID="691534353" ISACTIVE="1" LEVELID="10" CREATEDATE="2022-06-10" UPDATEDATE="2025-10-31" /><OBJECT OBJECTID="62355695" OBJECTGUID="1bdf0913-6f8f-4590-8b37-42266b73b84e" CHANGEID="691468148" ISACTIVE="1" LEVELID="10" CREATEDATE="2019-07-10" UPDATEDATE="2025-10-30" /><OBJECT OBJECTID="49399408" OBJECTGUID="7ca83090-fade-4419-bf05-13cec87dd983" CHANGEID="691475558" ISACTIVE="0" LEVELID="10" CREATEDATE="2015-04-21" UPDATEDATE="2025-10-30" /><OBJECT OBJECTID="78586519" OBJECTGUID="730e8189-1379-48d5-ae32-3b43a165c1db" CHANGEID="691470186" ISACTIVE="1" LEVELID="10" CREATEDATE="2019-07-10" UPDATEDATE="2025-10-30" /><OBJECT OBJECTID="51284242" OBJECTGUID="6ded9a5b-a957-4489-83d9-e61b208827d2" CHANGEID="691471038" ISACTIVE="1" LEVELID="10" CREATEDATE="2019-07-10" UPDATEDATE="2025-10-30" /><OBJECT OBJECTID="31593068" OBJECTGUID="da02da5a-c667-4ae2-8306-355c7d895cfc" CHANGEID="691470178" ISACTIVE="1" LEVELID="10" CREATEDATE="2019-07-10" UPDATEDATE="2025-10-30" /><OBJECT OBJECTID="75847530" OBJECTGUID="2f23849f-999a-4341-be4e-7f60ddf1a3cb" CHANGEID="691471024" ISACTIVE="1" LEVELID="10" CREATEDATE="2019-07-10" UPDATEDATE="2025-10-30" /><OBJECT OBJECTID="77022376" OBJECTGUID="6f18a947-304c-4479-bf65-8e6b1c417469" CHANGEID="691465193" ISACTIVE="1" LEVELID="10" CREATEDATE="2017-11-21" UPDATEDATE="2025-10-30" /><OBJECT OBJECTID="104967325" OBJECTGUID="e816b5dc-fde8-421e-81eb-15c1b64e4d59" CHANGEID="691568878" ISACTIVE="1" LEVELID="10" CREATEDATE="2022-07-12" UPDATEDATE="2025-11-01" /><OBJECT OBJECTID="2841933" OBJECTGUID="2fc6aa09-17da-42bc-a702-e462ea11b6cc" CHANGEID="691471076" ISACTIVE="1" LEVELID="10" CREATEDATE="2019-07-10" UPDATEDATE="2025-10-30" /><OBJECT OBJECTID="175593571" OBJECTGUID="8bf892b6-583d-4b49-8ba3-52060f426d30" CHANGEID="691456158" ISACTIVE="1" LEVELID="7" CREATEDATE="2025-10-30" UPDATEDATE="2025-10-30" /><OBJECT OBJECTID="175595164" OBJECTGUID="b6a3be86-a8b1-43aa-b7b6-4459cb9d3dee" CHANGEID="691458989" ISACTIVE="1" LEVELID="9" CREATEDATE="2025-10-30" UPDATEDATE="2025-10-30" /><OBJECT OBJECTID="175595324" OBJECTGUID="fe4b6865-5b6f-46b3-ae1c-cd2f4b10e452" CHANGEID="691459216" ISACTIVE="1" LEVELID="10" CREATEDATE="2025-10-30" UPDATEDATE="2025-10-30" /><OBJECT OBJECTID="175595326" OBJECTGUID="246152e0-5bab-4398-87d3-6a0e3db16865" CHANGEID="691459218" ISACTIVE="1" LEVELID="10" CREATEDATE="2025-10-30" UPDATEDATE="2025-10-30" /><OBJECT OBJECTID="175595980" OBJECTGUID="cd0b12d0-4501-467b-893a-6d258b5b3e87" CHANGEID="691530718" ISACTIVE="1" LEVELID="8" CREATEDATE="2025-10-30" UPDATEDATE="2025-10-31" /><OBJECT OBJECTID="175595981" OBJECTGUID="3c956f5e-39db-47e7-9068-32b2f1d8e3a0" CHANGEID="691527806" ISACTIVE="1" LEVELID="8" CREATEDATE="2025-10-30" UPDATEDATE="2025-10-31" /><OBJECT OBJECTID="175595983" OBJECTGUID="c768bb67-1024-4b96-b1d5-806412b2c232" CHANGEID="691534164" ISACTIVE="1" LEVELID="8" CREATEDATE="2025-10-30" UPDATEDATE="2025-10-31" /><OBJECT OBJECTID="15844260" OBJECTGUID="e22f6e19-7591-42ef-8d12-bbc3918ebcd4" CHANGEID="691461585" ISACTIVE="0" LEVELID="10" CREATEDATE="2019-07-10" UPDATEDATE="2025-10-30" /><OBJECT OBJECTID="175596472" OBJECTGUID="b557194d-1b2a-4175-96ee-6c28a14a8eca" CHANGEID="691462069" ISACTIVE="1" LEVELID="10" CREATEDATE="2025-10-30" UPDATEDATE="2025-10-30" /><OBJECT OBJECTID="175596481" OBJECTGUID="cecdb450-68b0-45e9-a9db-40141be942ac" CHANGEID="691462098" ISACTIVE="1" LEVELID="9" CREATEDATE="2025-10-30" UPDATEDATE="2025-10-30" /><OBJECT OBJECTID="175596777" OBJECTGUID="4a781271-ec77-4ee4-ba69-37393dee2a3c" CHANGEID="691462814" ISACTIVE="1" LEVELID="9" CREATEDATE="2025-10-30" UPDATEDATE="2025-10-30" /><OBJECT OBJECTID="175596780" OBJECTGUID="35120f99-7a3e-4e4f-a66f-26936c5abe2a" CHANGEID="691462827" ISACTIVE="1" LEVELID="10" CREATEDATE="2025-10-30" UPDATEDATE="2025-10-30" /><OBJECT OBJECTID="175596785" OBJECTGUID="1236a0fb-6d94-408e-914b-a392322ef750" CHANGEID="691462834" ISACTIVE="1" LEVELID="9" CREATEDATE="2025-10-30" UPDATEDATE="2025-10-30" /><OBJECT OBJECTID="175596830" OBJECTGUID="57a495a6-a4a7-4e24-8942-af968acc7cbe" CHANGEID="691462891" ISACTIVE="1" LEVELID="9" CREATEDATE="2025-10-30" UPDATEDATE="2025-10-30" /><OBJECT OBJECTID="175596835" OBJECTGUID="38fe9c23-21a4-4bbb-a518-c058d13c458b" CHANGEID="691462900" ISACTIVE="1" LEVELID="10" CREATEDATE="2025-10-30" UPDATEDATE="2025-10-30" /><OBJECT OBJECTID="175598407" OBJECTGUID="888f3d39-6806-4808-ba46-0b263eeae43a" CHANGEID="691465414" ISACTIVE="1" LEVELID="10" CREATEDATE="2025-10-30" UPDATEDATE="2025-10-30" /><OBJECT OBJECTID="175600754" OBJECTGUID="200d164b-861e-4a49-a737-1ce4d32bffc3" CHANGEID="691468625" ISACTIVE="1" LEVELID="9" CREATEDATE="2025-10-30" UPDATEDATE="2025-10-30" /><OBJECT OBJECTID="31626777" OBJECTGUID="1e6efc62-d16c-4026-823c-831fca69566c" CHANGEID="691470169" ISACTIVE="1" LEVELID="10" CREATEDATE="2019-07-10" UPDATEDATE="2025-10-30" /><OBJECT OBJECTID="78545811" OBJECTGUID="18466af8-e05b-4098-b24f-b5c22ae0fc11" CHANGEID="691470209" ISACTIVE="1" LEVELID="10" CREATEDATE="2019-07-10" UPDATEDATE="2025-10-30" /><OBJECT OBJECTID="175602000" OBJECTGUID="efe66737-81ce-4701-af02-5ecaf24a0519" CHANGEID="691470754" ISACTIVE="1" LEVELID="9" CREATEDATE="2025-10-30" UPDATEDATE="2025-10-30" /><OBJECT OBJECTID="175602077" OBJECTGUID="f902fddc-8085-4350-b864-0d55021008db" CHANGEID="691470850" ISACTIVE="1" LEVELID="10" CREATEDATE="2025-10-30" UPDATEDATE="2025-10-30" /><OBJECT OBJECTID="175602102" OBJECTGUID="f78baa7d-4e2d-4d9f-aba6-c06722906261" CHANGEID="691470884" ISACTIVE="1" LEVELID="9" CREATEDATE="2025-10-30" UPDATEDATE="2025-10-30" /><OBJECT OBJECTID="3886943" OBJECTGUID="d12dfac5-efff-4c58-aecd-f250679c95e9" CHANGEID="691471082" ISACTIVE="1" LEVELID="10" CREATEDATE="2019-07-10" UPDATEDATE="2025-10-30" /><OBJECT OBJECTID="175601421" OBJECTGUID="e2bdf50d-743c-4404-a952-4d7dace78da3" CHANGEID="691469649" ISACTIVE="1" LEVELID="10" CREATEDATE="2025-10-30" UPDATEDATE="2025-10-30" /><OBJECT OBJECTID="2809520" OBJECTGUID="6eb7db13-291c-430a-8a77-3cece2e3154b" CHANGEID="691469900" ISACTIVE="1" LEVELID="10" CREATEDATE="2019-07-10" UPDATEDATE="2025-10-30" /><OBJECT OBJECTID="9874706" OBJECTGUID="461d487d-ea5e-4fd4-aae3-312ca13fd1dc" CHANGEID="691478623" ISACTIVE="1" LEVELID="10" CREATEDATE="2019-07-10" UPDATEDATE="2025-10-30" /><OBJECT OBJECTID="175607021" OBJECTGUID="a6bada3c-74ce-46ff-819c-eb2cf7e4a0b1" CHANGEID="691478656" ISACTIVE="1" LEVELID="9" CREATEDATE="2025-10-30" UPDATEDATE="2025-10-30" /><OBJECT OBJECTID="175607023" OBJECTGUID="b57fac9c-c371-4a4a-a0e5-017c4bd98c93" CHANGEID="691478660" ISACTIVE="1" LEVELID="11" CREATEDATE="2025-10-30" UPDATEDATE="2025-10-30" /><OBJECT OBJECTID="175605512" OBJECTGUID="6d69022f-3709-4195-a584-1d07cba273cf" CHANGEID="691476310" ISACTIVE="1" LEVELID="11" CREATEDATE="2025-10-30" UPDATEDATE="2025-10-30" /><OBJECT OBJECTID="2004160" OBJECTGUID="a6cc038f-12e1-4a6c-86dc-48510382d507" CHANGEID="691477605" ISACTIVE="0" LEVELID="11" CREATEDATE="2017-06-02" UPDATEDATE="2025-10-30" /><OBJECT OBJECTID="175606258" OBJECTGUID="51446dd7-c590-4ba7-9fb5-f65192bd7920" CHANGEID="691477606" ISACTIVE="1" LEVELID="10" CREATEDATE="2025-10-30" UPDATEDATE="2025-10-30" /><OBJECT OBJECTID="2003981" OBJECTGUID="2d9bb2de-d15b-4952-b563-1e94f84ece51" CHANGEID="691477607" ISACTIVE="0" LEVELID="10" CREATEDATE="2017-12-17" UPDATEDATE="2025-10-30" /><OBJECT OBJECTID="175609320" OBJECTGUID="fe79f153-c464-45ba-a4ef-f257e5d38224" CHANGEID="691482629" ISACTIVE="1" LEVELID="9" CREATEDATE="2025-10-30" UPDATEDATE="2025-10-30" /><OBJECT OBJECTID="175609324" OBJECTGUID="051f5376-5bf9-4f09-a9fc-dd3ae9663d87" CHANGEID="691482637" ISACTIVE="1" LEVELID="10" CREATEDATE="2025-10-30" UPDATEDATE="2025-10-30" /><OBJECT OBJECTID="175609384" OBJECTGUID="21527988-e36a-42bc-a322-3333aacb4776" CHANGEID="691482770" ISACTIVE="1" LEVELID="9" CREATEDATE="2025-10-30" UPDATEDATE="2025-10-30" /><OBJECT OBJECTID="175609387" OBJECTGUID="38fe4502-94ff-4120-8fce-9131fc1b5b75" CHANGEID="691482775" ISACTIVE="1" LEVELID="10" CREATEDATE="2025-10-30" UPDATEDATE="2025-10-30" /><OBJECT OBJECTID="175609474" OBJECTGUID="946046de-a698-445a-bcd6-23eeb8d2480c" CHANGEID="691482935" ISACTIVE="1" LEVELID="9" CREATEDATE="2025-10-30" UPDATEDATE="2025-10-30" /><OBJECT OBJECTID="175610706" OBJECTGUID="1395dd2d-0f7b-4c35-9926-993d145f9f33" CHANGEID="691485196" ISACTIVE="1" LEVELID="11" CREATEDATE="2025-10-30" UPDATEDATE="2025-10-30" /><OBJECT OBJECTID="175609700" OBJECTGUID="89194e94-b7d7-4369-8ec1-9e8cabf24211" CHANGEID="691483277" ISACTIVE="1" LEVELID="9" CREATEDATE="2025-10-30" UPDATEDATE="2025-10-30" /><OBJECT OBJECTID="175609764" OBJECTGUID="6e30ef24-8f06-4bcc-b1e7-696a1e75ba65" CHANGEID="691483372" ISACTIVE="1" LEVELID="10" CREATEDATE="2025-10-30" UPDATEDATE="2025-10-30" /><OBJECT OBJECTID="175609796" OBJECTGUID="dfd57863-7ed6-4b6d-ae30-09020bbcf6ec" CHANGEID="691483411" ISACTIVE="1" LEVELID="9" CREATEDATE="2025-10-30" UPDATEDATE="2025-10-30" /><OBJECT OBJECTID="175609799" OBJECTGUID="bc1d1b5a-5838-49bd-84f1-93eeeac8c900" CHANGEID="691483418" ISACTIVE="1" LEVELID="10" CREATEDATE="2025-10-30" UPDATEDATE="2025-10-30" /><OBJECT OBJECTID="175609803" OBJECTGUID="0e5728d5-0770-4108-8a4e-8d057a5f01ee" CHANGEID="691483427" ISACTIVE="1" LEVELID="9" CREATEDATE="2025-10-30" UPDATEDATE="2025-10-30" /><OBJECT OBJECTID="175609808" OBJECTGUID="bf62eb10-c0f8-431a-9c17-05e5a21c5889" CHANGEID="691483436" ISACTIVE="1" LEVELID="10" CREATEDATE="2025-10-30" UPDATEDATE="2025-10-30" /><OBJECT OBJECTID="175609812" OBJECTGUID="730b3ccb-8888-4773-a3f8-d0241a394c41" CHANGEID="691483443" ISACTIVE="1" LEVELID="10" CREATEDATE="2025-10-30" UPDATEDATE="2025-10-30" /><OBJECT OBJECTID="80491882" OBJECTGUID="4ce28815-a001-4120-8cec-89b2c8b0adf7" CHANGEID="691486517" ISACTIVE="0" LEVELID="11" CREATEDATE="2018-12-21" UPDATEDATE="2025-10-30" /><OBJECT OBJECTID="175611354" OBJECTGUID="40e7e907-b606-4a4f-bf9f-8749df3bd0db" CHANGEID="691486518" ISACTIVE="1" LEVELID="10" CREATEDATE="2025-10-30" UPDATEDATE="2025-10-30" /><OBJECT OBJECTID="175611404" OBJECTGUID="fd138b32-2652-4dab-b299-cbc47c7ad6f0" CHANGEID="691486607" ISACTIVE="1" LEVELID="10" CREATEDATE="2025-10-30" UPDATEDATE="2025-10-30" /><OBJECT OBJECTID="175611512" OBJECTGUID="14e181cd-8c72-421d-b755-1e28552e6d85" CHANGEID="691486875" ISACTIVE="1" LEVELID="9" CREATEDATE="2025-10-30" UPDATEDATE="2025-10-30" /><OBJECT OBJECTID="175611514" OBJECTGUID="ea9e2a50-4f4c-44f4-a140-92607520451b" CHANGEID="691486931" ISACTIVE="1" LEVELID="9" CREATEDATE="2025-10-30" UPDATEDATE="2025-10-30" /><OBJECT OBJECTID="3884102" OBJECTGUID="37d63f90-b581-46e2-ac6b-78ddbbcb935e" CHANGEID="691470105" ISACTIVE="1" LEVELID="10" CREATEDATE="2019-07-10" UPDATEDATE="2025-10-30" /><OBJECT OBJECTID="175613510" OBJECTGUID="ac4531b9-3bcd-43e8-93b6-8a1a3fcfb502" CHANGEID="691489721" ISACTIVE="1" LEVELID="10" CREATEDATE="2025-10-30" UPDATEDATE="2025-10-30" /><OBJECT OBJECTID="175613512" OBJECTGUID="6f01b6db-7242-48b4-9774-18e153a347ad" CHANGEID="691489724" ISACTIVE="1" LEVELID="9" CREATEDATE="2025-10-30" UPDATEDATE="2025-10-30" /><OBJECT OBJECTID="175618464" OBJECTGUID="08efb643-e523-43e8-aab9-590524bb59c0" CHANGEID="691498476" ISACTIVE="1" LEVELID="10" CREATEDATE="2025-10-31" UPDATEDATE="2025-10-31" /><OBJECT OBJECTID="175622229" OBJECTGUID="ce852939-0bc7-4711-92ff-e58410dcaf5a" CHANGEID="691504389" ISACTIVE="1" LEVELID="10" CREATEDATE="2025-10-31" UPDATEDATE="2025-10-31" /><OBJECT OBJECTID="175622302" OBJECTGUID="7ef13d86-0d4f-4d20-a9da-89ae2ac715b1" CHANGEID="691504516" ISACTIVE="1" LEVELID="10" CREATEDATE="2025-10-31" UPDATEDATE="2025-10-31" /><OBJECT OBJECTID="175623762" OBJECTGUID="f8ba35e4-d466-42d3-ad1c-b04147bf8c00" CHANGEID="691507046" ISACTIVE="1" LEVELID="9" CREATEDATE="2025-10-31" UPDATEDATE="2025-10-31" /><OBJECT OBJECTID="175623956" OBJECTGUID="c78b99ad-85bf-4ef8-91ea-f59d6168bc67" CHANGEID="691507296" ISACTIVE="1" LEVELID="10" CREATEDATE="2025-10-31" UPDATEDATE="2025-10-31" /><OBJECT OBJECTID="175624023" OBJECTGUID="303dbbff-586f-4476-b47f-b32b931170b6" CHANGEID="691507386" ISACTIVE="1" LEVELID="10" CREATEDATE="2025-10-31" UPDATEDATE="2025-10-31" /><OBJECT OBJECTID="175624030" OBJECTGUID="fbd36ce9-2232-4867-8c0b-4b500afdf5e0" CHANGEID="691507397" ISACTIVE="1" LEVELID="9" CREATEDATE="2025-10-31" UPDATEDATE="2025-10-31" /><OBJECT OBJECTID="175622421" OBJECTGUID="ed59f94d-9477-4c95-919a-9f940c021046" CHANGEID="691504678" ISACTIVE="1" LEVELID="10" CREATEDATE="2025-10-31" UPDATEDATE="2025-10-31" /><OBJECT OBJECTID="175625418" OBJECTGUID="b85009f4-5f80-4889-9174-4b5336990d76" CHANGEID="691509838" ISACTIVE="1" LEVELID="10" CREATEDATE="2025-10-31" UPDATEDATE="2025-10-31" /><OBJECT OBJECTID="175625455" OBJECTGUID="b6816757-be64-46e2-b151-9f067cf4f547" CHANGEID="691509901" ISACTIVE="1" LEVELID="11" CREATEDATE="2025-10-31" UPDATEDATE="2025-10-31" /><OBJECT OBJECTID="175625460" OBJECTGUID="71256a6c-818f-488b-ac6c-3b32e2f36856" CHANGEID="691509908" ISACTIVE="1" LEVELID="10" CREATEDATE="2025-10-31" UPDATEDATE="2025-10-31" /><OBJECT OBJECTID="175625543" OBJECTGUID="f9353b53-a3b2-403f-adb5-061b4b373c1e" CHANGEID="691510021" ISACTIVE="1" LEVELID="10" CREATEDATE="2025-10-31" UPDATEDATE="2025-10-31" /><OBJECT OBJECTID="175625576" OBJECTGUID="8d14b35f-0340-4da1-8dda-82ddd44bf9e3" CHANGEID="691510084" ISACTIVE="1" LEVELID="9" CREATEDATE="2025-10-31" UPDATEDATE="2025-10-31" /><OBJECT OBJECTID="175627597" OBJECTGUID="714b9c07-8e60-4347-aafc-c36d00f692c0" CHANGEID="691512932" ISACTIVE="1" LEVELID="9" CREATEDATE="2025-10-31" UPDATEDATE="2025-10-31" /><OBJECT OBJECTID="175629047" OBJECTGUID="99778f42-8e3c-4150-a36c-0c55dad2b99b" CHANGEID="691515316" ISACTIVE="1" LEVELID="10" CREATEDATE="2025-10-31" UPDATEDATE="2025-10-31" /><OBJECT OBJECTID="175629071" OBJECTGUID="2d07666e-5ef5-4abc-b432-922aa3b7ffb4" CHANGEID="691515344" ISACTIVE="1" LEVELID="9" CREATEDATE="2025-10-31" UPDATEDATE="2025-10-31" /><OBJECT OBJECTID="175629093" OBJECTGUID="44066b63-3df2-4660-a863-d6007964c6ef" CHANGEID="691515404" ISACTIVE="1" LEVELID="9" CREATEDATE="2025-10-31" UPDATEDATE="2025-10-31" /><OBJECT OBJECTID="175629211" OBJECTGUID="e43af675-ad99-4ab1-8cc1-8f9ba9104e7d" CHANGEID="691515524" ISACTIVE="1" LEVELID="10" CREATEDATE="2025-10-31" UPDATEDATE="2025-10-31" /><OBJECT OBJECTID="175629223" OBJECTGUID="4042014c-8530-4e20-9250-728329384c20" CHANGEID="691515538" ISACTIVE="1" LEVELID="9" CREATEDATE="2025-10-31" UPDATEDATE="2025-10-31" /><OBJECT OBJECTID="175629229" OBJECTGUID="e0205fa9-3682-4ce7-9913-2bb939999d3f" CHANGEID="691515549" ISACTIVE="1" LEVELID="9" CREATEDATE="2025-10-31" UPDATEDATE="2025-10-31" /><OBJECT OBJECTID="175629246" OBJECTGUID="86c6d614-1d9c-479f-8665-3470c59f40db" CHANGEID="691515579" ISACTIVE="1" LEVELID="9" CREATEDATE="2025-10-31" UPDATEDATE="2025-10-31" /><OBJECT OBJECTID="175629254" OBJECTGUID="c38f0fc2-0f47-443a-9fe7-bd5d8eb403b9" CHANGEID="691515601" ISACTIVE="1" LEVELID="10" CREATEDATE="2025-10-31" UPDATEDATE="2025-10-31" /><OBJECT OBJECTID="175629338" OBJECTGUID="2486c7a1-329a-47f2-910c-7f52ba361d38" CHANGEID="691515715" ISACTIVE="1" LEVELID="10" CREATEDATE="2025-10-31" UPDATEDATE="2025-10-31" /><OBJECT OBJECTID="175629355" OBJECTGUID="0d12e2fd-24eb-4829-9737-a50af7add58d" CHANGEID="691515740" ISACTIVE="1" LEVELID="10" CREATEDATE="2025-10-31" UPDATEDATE="2025-10-31" /><OBJECT OBJECTID="175629424" OBJECTGUID="33c0f290-ddeb-43dd-b9bb-9da91040ba9a" CHANGEID="691515878" ISACTIVE="1" LEVELID="10" CREATEDATE="2025-10-31" UPDATEDATE="2025-10-31" /><OBJECT OBJECTID="175629885" OBJECTGUID="4621beb5-126c-4b88-88ad-d610dea81d12" CHANGEID="691516698" ISACTIVE="1" LEVELID="10" CREATEDATE="2025-10-31" UPDATEDATE="2025-10-31" /><OBJECT OBJECTID="175630991" OBJECTGUID="2c02dccf-a845-4bcb-b4ab-e7b0125264f0" CHANGEID="691518117" ISACTIVE="1" LEVELID="10" CREATEDATE="2025-10-31" UPDATEDATE="2025-10-31" /><OBJECT OBJECTID="68992190" OBJECTGUID="4fc11d22-7525-426d-abbe-69fa39738f08" CHANGEID="691518356" ISACTIVE="0" LEVELID="11" CREATEDATE="2019-07-19" UPDATEDATE="2025-10-31" /><OBJECT OBJECTID="175631097" OBJECTGUID="11128fdd-eda9-422f-89b4-16b65dd239cd" CHANGEID="691518357" ISACTIVE="1" LEVELID="10" CREATEDATE="2025-10-31" UPDATEDATE="2025-10-31" /><OBJECT OBJECTID="175631132" OBJECTGUID="443bc97c-9043-4220-9b29-a1567b1203ea" CHANGEID="691518413" ISACTIVE="1" LEVELID="11" CREATEDATE="2025-10-31" UPDATEDATE="2025-10-31" /><OBJECT OBJECTID="175631134" OBJECTGUID="19828385-d971-4f99-b6fa-e1e7820d6747" CHANGEID="691518417" ISACTIVE="1" LEVELID="11" CREATEDATE="2025-10-31" UPDATEDATE="2025-10-31" /><OBJECT OBJECTID="175631873" OBJECTGUID="0092cad8-b23e-4b87-a978-045a0be41f5c" CHANGEID="691519556" ISACTIVE="1" LEVELID="11" CREATEDATE="2025-10-31" UPDATEDATE="2025-10-31" /><OBJECT OBJECTID="175631890" OBJECTGUID="84aeb4e8-a930-4a06-9ce5-f6f5641db307" CHANGEID="691519575" ISACTIVE="1" LEVELID="11" CREATEDATE="2025-10-31" UPDATEDATE="2025-10-31" /><OBJECT OBJECTID="175631917" OBJECTGUID="146524f0-cfcf-4799-afa6-cdf43a127d68" CHANGEID="691519603" ISACTIVE="1" LEVELID="11" CREATEDATE="2025-10-31" UPDATEDATE="2025-10-31" /><OBJECT OBJECTID="175631931" OBJECTGUID="f31c165f-507c-47a4-b2f1-78904ed830ff" CHANGEID="691519621" ISACTIVE="1" LEVELID="11" CREATEDATE="2025-10-31" UPDATEDATE="2025-10-31" /><OBJECT OBJECTID="175631929" OBJECTGUID="82534d48-d517-479f-85af-2a7afa744f50" CHANGEID="691519618" ISACTIVE="1" LEVELID="11" CREATEDATE="2025-10-31" UPDATEDATE="2025-10-31" /><OBJECT OBJECTID="175631935" OBJECTGUID="7f11050a-130d-48e5-8677-e63e1d546207" CHANGEID="691519626" ISACTIVE="1" LEVELID="11" CREATEDATE="2025-10-31" UPDATEDATE="2025-10-31" /><OBJECT OBJECTID="175635656" OBJECTGUID="1329ad7a-dea8-4b7e-b81f-647ae2831b51" CHANGEID="691525624" ISACTIVE="1" LEVELID="8" CREATEDATE="2025-10-31" UPDATEDATE="2025-10-31" /><OBJECT OBJECTID="175636249" OBJECTGUID="9469c784-9d7d-4250-8710-3dc8b54b9bc6" CHANGEID="691526670" ISACTIVE="1" LEVELID="9" CREATEDATE="2025-10-31" UPDATEDATE="2025-10-31" /><OBJECT OBJECTID="175638989" OBJECTGUID="357a5dac-7a07-415e-81f5-395955a0999e" CHANGEID="691530824" ISACTIVE="1" LEVELID="10" CREATEDATE="2025-10-31" UPDATEDATE="2025-10-31" /><OBJECT OBJECTID="175639825" OBJECTGUID="c03835a7-29bd-4469-94c1-5270b751df4f" CHANGEID="691532385" ISACTIVE="1" LEVELID="8" CREATEDATE="2025-10-31" UPDATEDATE="2025-10-31" /><OBJECT OBJECTID="175639870" OBJECTGUID="12818bdc-6e95-4c0f-a2dc-54ad2154c210" CHANGEID="691532462" ISACTIVE="1" LEVELID="9" CREATEDATE="2025-10-31" UPDATEDATE="2025-10-31" /><OBJECT OBJECTID="175639888" OBJECTGUID="4b979e8b-e84c-4268-af1d-da22ea683c70" CHANGEID="691532484" ISACTIVE="1" LEVELID="10" CREATEDATE="2025-10-31" UPDATEDATE="2025-10-31" /><OBJECT OBJECTID="175639961" OBJECTGUID="3c60da09-62d1-4e71-85db-522eb5e44d0f" CHANGEID="691532604" ISACTIVE="1" LEVELID="9" CREATEDATE="2025-10-31" UPDATEDATE="2025-10-31" /><OBJECT OBJECTID="175639995" OBJECTGUID="9bd090ec-1393-4b13-9117-53d36e5aa047" CHANGEID="691532655" ISACTIVE="1" LEVELID="10" CREATEDATE="2025-10-31" UPDATEDATE="2025-10-31" /><OBJECT OBJECTID="175640192" OBJECTGUID="d7b3d20c-16e2-4c27-b08f-6e1230126e3e" CHANGEID="691532916" ISACTIVE="1" LEVELID="10" CREATEDATE="2025-10-31" UPDATEDATE="2025-10-31" /><OBJECT OBJECTID="175596813" OBJECTGUID="5aed4b8d-3074-4694-ba18-ea239f666dd9" CHANGEID="691534162" ISACTIVE="1" LEVELID="8" CREATEDATE="2025-10-30" UPDATEDATE="2025-10-31" /><OBJECT OBJECTID="175641392" OBJECTGUID="00f2687e-d2ba-4bea-b56f-214eac89d6de" CHANGEID="691534374" ISACTIVE="1" LEVELID="9" CREATEDATE="2025-10-31" UPDATEDATE="2025-10-31" /><OBJECT OBJECTID="175641555" OBJECTGUID="80d1a3a8-369c-427d-b5a7-6e962bce4297" CHANGEID="691534556" ISACTIVE="1" LEVELID="9" CREATEDATE="2025-10-31" UPDATEDATE="2025-10-31" /><OBJECT OBJECTID="175641579" OBJECTGUID="4da0434b-a182-410e-b709-411c5c968b97" CHANGEID="691534584" ISACTIVE="1" LEVELID="10" CREATEDATE="2025-10-31" UPDATEDATE="2025-10-31" /><OBJECT OBJECTID="175641595" OBJECTGUID="b1fc6c5f-46bd-42e9-a89e-73ecf87969ac" CHANGEID="691534604" ISACTIVE="1" LEVELID="10" CREATEDATE="2025-10-31" UPDATEDATE="2025-10-31" /><OBJECT OBJECTID="175641599" OBJECTGUID="208ee79a-b738-4fb6-861c-103430e92afa" CHANGEID="691534609" ISACTIVE="1" LEVELID="9" CREATEDATE="2025-10-31" UPDATEDATE="2025-10-31" /><OBJECT OBJECTID="175642283" OBJECTGUID="9eb008fa-aca9-4392-bd91-8012cb4a5cba" CHANGEID="691535414" ISACTIVE="1" LEVELID="10" CREATEDATE="2025-10-31" UPDATEDATE="2025-10-31" /><OBJECT OBJECTID="175642404" OBJECTGUID="f52bcb30-6f67-4b31-b351-fb00de29b319" CHANGEID="691535539" ISACTIVE="1" LEVELID="9" CREATEDATE="2025-10-31" UPDATEDATE="2025-10-31" /><OBJECT OBJECTID="175642576" OBJECTGUID="85311b9a-e2cc-47ca-9884-5e833342711f" CHANGEID="691535727" ISACTIVE="1" LEVELID="9" CREATEDATE="2025-10-31" UPDATEDATE="2025-10-31" /><OBJECT OBJECTID="175595984" OBJECTGUID="12be9201-1793-4cfd-af0d-28b88039609b" CHANGEID="691530705" ISACTIVE="1" LEVELID="8" CREATEDATE="2025-10-30" UPDATEDATE="2025-10-31" /><OBJECT OBJECTID="175638901" OBJECTGUID="d0fa9073-c97c-402a-978b-f63e14f73235" CHANGEID="691530719" ISACTIVE="1" LEVELID="9" CREATEDATE="2025-10-31" UPDATEDATE="2025-10-31" /><OBJECT OBJECTID="175638960" OBJECTGUID="f003025a-8be6-4341-90dd-bd660ea089b2" CHANGEID="691530786" ISACTIVE="1" LEVELID="10" CREATEDATE="2025-10-31" UPDATEDATE="2025-10-31" /><OBJECT OBJECTID="175653054" OBJECTGUID="389c555f-511b-4735-a858-be8a4792b81e" CHANGEID="691568779" ISACTIVE="1" LEVELID="10" CREATEDATE="2025-11-01" UPDATEDATE="2025-11-01" /><OBJECT OBJECTID="175653066" OBJECTGUID="4c515d97-c268-4228-827c-403057985a07" CHANGEID="691568802" ISACTIVE="1" LEVELID="10" CREATEDATE="2025-11-01" UPDATEDATE="2025-11-01" /><OBJECT OBJECTID="175653164" OBJECTGUID="3b1010be-1792-4ac3-a146-aa355fafa507" CHANGEID="691568942" ISACTIVE="1" LEVELID="9" CREATEDATE="2025-11-01" UPDATEDATE="2025-11-01" /><OBJECT OBJECTID="175653176" OBJECTGUID="18bf72fc-d925-4310-82ec-c9f3db0dc01f" CHANGEID="691568958" ISACTIVE="1" LEVELID="10" CREATEDATE="2025-11-01" UPDATEDATE="2025-11-01" /><OBJECT OBJECTID="175653219" OBJECTGUID="b093bd4a-5a1c-40a3-bc04-20247efc3a96" CHANGEID="691569018" ISACTIVE="1" LEVELID="9" CREATEDATE="2025-11-01" UPDATEDATE="2025-11-01" /><OBJECT OBJECTID="60933694" OBJECTGUID="7e813d3c-eb61-46c3-9a66-597b7e7beb5d" CHANGEID="691582933" ISACTIVE="1" LEVELID="10" CREATEDATE="2019-07-10" UPDATEDATE="2025-11-01" /><OBJECT OBJECTID="175654638" OBJECTGUID="95aa580d-c786-4db6-b3a3-f99730c351ed" CHANGEID="691571332" ISACTIVE="1" LEVELID="10" CREATEDATE="2025-11-01" UPDATEDATE="2025-11-01" /><OBJECT OBJECTID="175654663" OBJECTGUID="d4be4309-bbb0-4215-ac73-316d8d547a1c" CHANGEID="691571373" ISACTIVE="1" LEVELID="9" CREATEDATE="2025-11-01" UPDATEDATE="2025-11-01" /><OBJECT OBJECTID="175654674" OBJECTGUID="9607c682-04ab-4e70-b167-4fbc7cafdf17" CHANGEID="691571398" ISACTIVE="1" LEVELID="10" CREATEDATE="2025-11-01" UPDATEDATE="2025-11-01" /><OBJECT OBJECTID="175654787" OBJECTGUID="c33d08ee-f1bb-4b66-9e85-3be2369c83d2" CHANGEID="691571600" ISACTIVE="1" LEVELID="9" CREATEDATE="2025-11-01" UPDATEDATE="2025-11-01" /><OBJECT OBJECTID="175654907" OBJECTGUID="ac246a07-f9ec-430c-b0d1-c8d46bf1d041" CHANGEID="691571789" ISACTIVE="1" LEVELID="10" CREATEDATE="2025-11-01" UPDATEDATE="2025-11-01" /><OBJECT OBJECTID="175654916" OBJECTGUID="072b30a1-eb44-44b9-913c-21db9fc70557" CHANGEID="691571816" ISACTIVE="1" LEVELID="10" CREATEDATE="2025-11-01" UPDATEDATE="2025-11-01" /><OBJECT OBJECTID="175656867" OBJECTGUID="d6e02edd-088f-4947-bb62-71b3d3788aac" CHANGEID="691574710" ISACTIVE="1" LEVELID="9" CREATEDATE="2025-11-01" UPDATEDATE="2025-11-01" /><OBJECT OBJECTID="175656913" OBJECTGUID="b8a563b4-656d-4de0-9047-5170deafbb23" CHANGEID="691574895" ISACTIVE="1" LEVELID="9" CREATEDATE="2025-11-01" UPDATEDATE="2025-11-01" /><OBJECT OBJECTID="175656966" OBJECTGUID="aad6514b-f084-4354-93e1-990c91fab760" CHANGEID="691574967" ISACTIVE="1" LEVELID="10" CREATEDATE="2025-11-01" UPDATEDATE="2025-11-01" /><OBJECT OBJECTID="173239743" OBJECTGUID="8bb0fac5-c768-4f73-b6bf-0c947b4fb6e9" CHANGEID="691574983" ISACTIVE="1" LEVELID="9" CREATEDATE="2025-07-03" UPDATEDATE="2025-11-01" /><OBJECT OBJECTID="175657011" OBJECTGUID="0e5a614c-5097-4d7a-b96a-ad2b797f54cc" CHANGEID="691575039" ISACTIVE="1" LEVELID="9" CREATEDATE="2025-11-01" UPDATEDATE="2025-11-01" /><OBJECT OBJECTID="175657105" OBJECTGUID="0cd698a5-a30e-4416-959d-cf60e0176521" CHANGEID="691575214" ISACTIVE="1" LEVELID="9" CREATEDATE="2025-11-01" UPDATEDATE="2025-11-01" /><OBJECT OBJECTID="175657127" OBJECTGUID="62fcef11-ff55-4ebc-910e-dd885dd03636" CHANGEID="691575253" ISACTIVE="1" LEVELID="9" CREATEDATE="2025-11-01" UPDATEDATE="2025-11-01" /><OBJECT OBJECTID="175658846" OBJECTGUID="71326198-7de9-4585-abbe-3e2eff2f3355" CHANGEID="691578230" ISACTIVE="1" LEVELID="9" CREATEDATE="2025-11-01" UPDATEDATE="2025-11-01" /><OBJECT OBJECTID="36735899" OBJECTGUID="2fe58d67-6e8d-47a7-8b70-244e27e8af86" CHANGEID="691580280" ISACTIVE="0" LEVELID="11" CREATEDATE="2019-01-30" UPDATEDATE="2025-11-01" /><OBJECT OBJECTID="175660161" OBJECTGUID="dc593965-4aa0-450a-bae9-2237b663f225" CHANGEID="691580281" ISACTIVE="1" LEVELID="10" CREATEDATE="2025-11-01" UPDATEDATE="2025-11-01" /><OBJECT OBJECTID="175660657" OBJECTGUID="fa8d1757-996a-4d06-9807-a414fd45fc40" CHANGEID="691580920" ISACTIVE="1" LEVELID="10" CREATEDATE="2025-11-01" UPDATEDATE="2025-11-01" /><OBJECT OBJECTID="1867033" OBJECTGUID="4b6e17f6-534a-4cb0-b8bb-ce00afec5eb4" CHANGEID="691582348" ISACTIVE="0" LEVELID="11" CREATEDATE="2017-06-02" UPDATEDATE="2025-11-01" /><OBJECT OBJECTID="175661411" OBJECTGUID="7266fdaa-0a05-42bf-808d-67d62a136f38" CHANGEID="691582349" ISACTIVE="1" LEVELID="10" CREATEDATE="2025-11-01" UPDATEDATE="2025-11-01" /><OBJECT OBJECTID="175661508" OBJECTGUID="06be98f6-9438-4249-9565-051bbe3a32d9" CHANGEID="691582483" ISACTIVE="1" LEVELID="11" CREATEDATE="2025-11-01" UPDATEDATE="2025-11-01" /><OBJECT OBJECTID="175661509" OBJECTGUID="79146f81-91f8-480c-96d0-40bd250a4383" CHANGEID="691582484" ISACTIVE="1" LEVELID="11" CREATEDATE="2025-11-01" UPDATEDATE="2025-11-01" /><OBJECT OBJECTID="175663529" OBJECTGUID="6b8d9c73-3b32-42c2-b398-e373c1f865fa" CHANGEID="691586771" ISACTIVE="1" LEVELID="9" CREATEDATE="2025-11-01" UPDATEDATE="2025-11-01" /><OBJECT OBJECTID="175663566" OBJECTGUID="2aee94d2-a3ab-40fb-86c7-5a58459db6af" CHANGEID="691586828" ISACTIVE="1" LEVELID="10" CREATEDATE="2025-11-01" UPDATEDATE="2025-11-01" /><OBJECT OBJECTID="175666408" OBJECTGUID="34c24e6f-2d3b-4c53-a3b6-8dc799cb9e27" CHANGEID="691591476" ISACTIVE="1" LEVELID="9" CREATEDATE="2025-11-01" UPDATEDATE="2025-11-01" /><OBJECT OBJECTID="175666416" OBJECTGUID="3fc7272d-a962-4e09-a04c-5613e63fe8bc" CHANGEID="691591498" ISACTIVE="1" LEVELID="11" CREATEDATE="2025-11-01" UPDATEDATE="2025-11-01" /><OBJECT OBJECTID="175666417" OBJECTGUID="8b6f97ac-3e26-4002-8cbb-fc4973721489" CHANGEID="691591499" ISACTIVE="1" LEVELID="11" CREATEDATE="2025-11-01" UPDATEDATE="2025-11-01" /><OBJECT OBJECTID="175666418" OBJECTGUID="0a13a9a6-02ce-45e5-8ee4-f068d659b6bb" CHANGEID="691591500" ISACTIVE="1" LEVELID="11" CREATEDATE="2025-11-01" UPDATEDATE="2025-11-01" /><OBJECT OBJECTID="175666419" OBJECTGUID="d655eb0b-2a32-4219-ac51-8238bd149284" CHANGEID="691591501" ISACTIVE="1" LEVELID="11" CREATEDATE="2025-11-01" UPDATEDATE="2025-11-01" /><OBJECT OBJECTID="175666420" OBJECTGUID="fea71f59-8102-4863-a109-5822ed96b563" CHANGEID="691591502" ISACTIVE="1" LEVELID="11" CREATEDATE="2025-11-01" UPDATEDATE="2025-11-01" /><OBJECT OBJECTID="175666421" OBJECTGUID="6cdf34d5-388c-491d-9c47-0022dd45d954" CHANGEID="691591503" ISACTIVE="1" LEVELID="11" CREATEDATE="2025-11-01" UPDATEDATE="2025-11-01" /><OBJECT OBJECTID="175666422" OBJECTGUID="a7ed9d02-f43a-4b11-aabe-0723ace45165" CHANGEID="691591504" ISACTIVE="1" LEVELID="11" CREATEDATE="2025-11-01" UPDATEDATE="2025-11-01" /><OBJECT OBJECTID="175666423" OBJECTGUID="9664a86f-f7fb-4c18-a7f7-1b665ad624b7" CHANGEID="691591505" ISACTIVE="1" LEVELID="11" CREATEDATE="2025-11-01" UPDATEDATE="2025-11-01" /><OBJECT OBJECTID="175666424" OBJECTGUID="3bf5bf20-43ec-46ab-901f-394425f1f078" CHANGEID="691591506" ISACTIVE="1" LEVELID="11" CREATEDATE="2025-11-01" UPDATEDATE="2025-11-01" /><OBJECT OBJECTID="175666425" OBJECTGUID="651c00b9-4856-4344-a1dc-103fe0703a9e" CHANGEID="691591507" ISACTIVE="1" LEVELID="11" CREATEDATE="2025-11-01" UPDATEDATE="2025-11-01" /><OBJECT OBJECTID="175666426" OBJECTGUID="8effbf10-fd11-4bb3-9ecc-c2e510ee23d7" CHANGEID="691591508" ISACTIVE="1" LEVELID="11" CREATEDATE="2025-11-01" UPDATEDATE="2025-11-01" /><OBJECT OBJECTID="175666427" OBJECTGUID="a1afce7c-e43e-401d-951b-cf2ffe90e9e1" CHANGEID="691591509" ISACTIVE="1" LEVELID="11" CREATEDATE="2025-11-01" UPDATEDATE="2025-11-01" /><OBJECT OBJECTID="175666428" OBJECTGUID="efdc205f-c145-4709-adc6-15699bfd1bd8" CHANGEID="691591510" ISACTIVE="1" LEVELID="11" CREATEDATE="2025-11-01" UPDATEDATE="2025-11-01" /><OBJECT OBJECTID="175666429" OBJECTGUID="ebf42474-db69-427b-838b-776754520a69" CHANGEID="691591511" ISACTIVE="1" LEVELID="11" CREATEDATE="2025-11-01" UPDATEDATE="2025-11-01" /><OBJECT OBJECTID="175666430" OBJECTGUID="52297cad-9f71-47a6-befb-45e74d2b3ff5" CHANGEID="691591512" ISACTIVE="1" LEVELID="11" CREATEDATE="2025-11-01" UPDATEDATE="2025-11-01" /><OBJECT OBJECTID="175667182" OBJECTGUID="ff1bb0eb-3b33-4fb2-8ef8-bb8f066150c7" CHANGEID="691592694" ISACTIVE="1" LEVELID="11" CREATEDATE="2025-11-01" UPDATEDATE="2025-11-01" /><OBJECT OBJECTID="175667183" OBJECTGUID="96372953-2cb1-49de-9aef-89730e126175" CHANGEID="691592695" ISACTIVE="1" LEVELID="11" CREATEDATE="2025-11-01" UPDATEDATE="2025-11-01" /><OBJECT OBJECTID="175667184" OBJECTGUID="4bf9e738-6d73-4d43-9816-04665a1dc894" CHANGEID="691592696" ISACTIVE="1" LEVELID="11" CREATEDATE="2025-11-01" UPDATEDATE="2025-11-01" /><OBJECT OBJECTID="175667185" OBJECTGUID="6f6b17f8-b622-4263-afc2-f31f10d546c5" CHANGEID="691592697" ISACTIVE="1" LEVELID="11" CREATEDATE="2025-11-01" UPDATEDATE="2025-11-01" /><OBJECT OBJECTID="175667186" OBJECTGUID="9f3c7ede-1f75-4377-b2f0-ec631c746e45" CHANGEID="691592698" ISACTIVE="1" LEVELID="11" CREATEDATE="2025-11-01" UPDATEDATE="2025-11-01" /><OBJECT OBJECTID="175667187" OBJECTGUID="88e8bea5-5e4a-4c15-8f4d-35a929b09f10" CHANGEID="691592699" ISACTIVE="1" LEVELID="11" CREATEDATE="2025-11-01" UPDATEDATE="2025-11-01" /><OBJECT OBJECTID="175667188" OBJECTGUID="9bc745a4-6a99-4250-b683-048321d21a2a" CHANGEID="691592700" ISACTIVE="1" LEVELID="11" CREATEDATE="2025-11-01" UPDATEDATE="2025-11-01" /><OBJECT OBJECTID="175667189" OBJECTGUID="bfa0ba52-bd73-4d80-b2d1-4900640a8a69" CHANGEID="691592701" ISACTIVE="1" LEVELID="11" CREATEDATE="2025-11-01" UPDATEDATE="2025-11-01" /><OBJECT OBJECTID="175667190" OBJECTGUID="724c2680-a7cc-4bdc-ad49-fefa4790bfe5" CHANGEID="691592702" ISACTIVE="1" LEVELID="11" CREATEDATE="2025-11-01" UPDATEDATE="2025-11-01" /><OBJECT OBJECTID="175667191" OBJECTGUID="0e5b0178-a890-443b-a575-3d53cb4e2bc3" CHANGEID="691592703" ISACTIVE="1" LEVELID="11" CREATEDATE="2025-11-01" UPDATEDATE="2025-11-01" /><OBJECT OBJECTID="175667192" OBJECTGUID="c0335bcc-d5a4-495e-98e5-33720a37a8ef" CHANGEID="691592704" ISACTIVE="1" LEVELID="11" CREATEDATE="2025-11-01" UPDATEDATE="2025-11-01" /><OBJECT OBJECTID="175667193" OBJECTGUID="d0df83a4-cf70-4187-a140-e17e8945ed2d" CHANGEID="691592705" ISACTIVE="1" LEVELID="11" CREATEDATE="2025-11-01" UPDATEDATE="2025-11-01" /><OBJECT OBJECTID="175667194" OBJECTGUID="43db177d-ac24-4ce2-ab44-2d2a8b3c1a57" CHANGEID="691592706" ISACTIVE="1" LEVELID="11" CREATEDATE="2025-11-01" UPDATEDATE="2025-11-01" /><OBJECT OBJECTID="175667195" OBJECTGUID="3beb93e6-1d69-49dc-a707-d6772ea3e646" CHANGEID="691592707" ISACTIVE="1" LEVELID="11" CREATEDATE="2025-11-01" UPDATEDATE="2025-11-01" /><OBJECT OBJECTID="175667196" OBJECTGUID="753fe991-67bb-4a5f-bfcb-d49f39b7a123" CHANGEID="691592708" ISACTIVE="1" LEVELID="11" CREATEDATE="2025-11-01" UPDATEDATE="2025-11-01" /><OBJECT OBJECTID="175667213" OBJECTGUID="60759338-3eb4-4b58-8a66-de584042855f" CHANGEID="691592741" ISACTIVE="1" LEVELID="11" CREATEDATE="2025-11-01" UPDATEDATE="2025-11-01" /><OBJECT OBJECTID="175667214" OBJECTGUID="1039c8b0-4d2d-4890-b925-81450c028fe7" CHANGEID="691592742" ISACTIVE="1" LEVELID="11" CREATEDATE="2025-11-01" UPDATEDATE="2025-11-01" /><OBJECT OBJECTID="175667215" OBJECTGUID="ccdb7505-e0d6-41d7-a254-ccc20ad412b1" CHANGEID="691592743" ISACTIVE="1" LEVELID="11" CREATEDATE="2025-11-01" UPDATEDATE="2025-11-01" /><OBJECT OBJECTID="175667216" OBJECTGUID="34b081b3-7ed2-4ee7-8463-b4afc87a6ee0" CHANGEID="691592744" ISACTIVE="1" LEVELID="11" CREATEDATE="2025-11-01" UPDATEDATE="2025-11-01" /><OBJECT OBJECTID="175667217" OBJECTGUID="67101e44-d652-4237-9a20-aa29a0c0f5bd" CHANGEID="691592745" ISACTIVE="1" LEVELID="11" CREATEDATE="2025-11-01" UPDATEDATE="2025-11-01" /><OBJECT OBJECTID="175667218" OBJECTGUID="46ac0ff2-f401-4c43-9f27-4769853adc9f" CHANGEID="691592746" ISACTIVE="1" LEVELID="11" CREATEDATE="2025-11-01" UPDATEDATE="2025-11-01" /><OBJECT OBJECTID="175667219" OBJECTGUID="81ba60e8-493c-4212-8a3f-37a9980676c2" CHANGEID="691592747" ISACTIVE="1" LEVELID="11" CREATEDATE="2025-11-01" UPDATEDATE="2025-11-01" /><OBJECT OBJECTID="175667220" OBJECTGUID="f9a2b1c5-f39a-4d22-ba0f-05e86c6c7f06" CHANGEID="691592748" ISACTIVE="1" LEVELID="11" CREATEDATE="2025-11-01" UPDATEDATE="2025-11-01" /><OBJECT OBJECTID="175667221" OBJECTGUID="4d0ac28f-a339-4d70-9bc0-9ebf8cf1d57f" CHANGEID="691592749" ISACTIVE="1" LEVELID="11" CREATEDATE="2025-11-01" UPDATEDATE="2025-11-01" /><OBJECT OBJECTID="175667222" OBJECTGUID="9cb793fe-42c4-420e-b511-5980884c354d" CHANGEID="691592750" ISACTIVE="1" LEVELID="11" CREATEDATE="2025-11-01" UPDATEDATE="2025-11-01" /><OBJECT OBJECTID="175667223" OBJECTGUID="20714377-55b2-4430-b3e8-40d98052ee83" CHANGEID="691592751" ISACTIVE="1" LEVELID="11" CREATEDATE="2025-11-01" UPDATEDATE="2025-11-01" /><OBJECT OBJECTID="175667254" OBJECTGUID="d3ac9ec8-333e-4462-b097-69df63f770fa" CHANGEID="691592800" ISACTIVE="1" LEVELID="11" CREATEDATE="2025-11-01" UPDATEDATE="2025-11-01" /><OBJECT OBJECTID="175667255" OBJECTGUID="7e236452-9db3-4875-afee-667937f43ee5" CHANGEID="691592801" ISACTIVE="1" LEVELID="11" CREATEDATE="2025-11-01" UPDATEDATE="2025-11-01" /><OBJECT OBJECTID="175667256" OBJECTGUID="663f5bd3-bfc7-4f3b-9555-a53ca33c526b" CHANGEID="691592802" ISACTIVE="1" LEVELID="11" CREATEDATE="2025-11-01" UPDATEDATE="2025-11-01" /><OBJECT OBJECTID="175667257" OBJECTGUID="76f981ea-76da-43c3-86d3-6b39278913b0" CHANGEID="691592803" ISACTIVE="1" LEVELID="11" CREATEDATE="2025-11-01" UPDATEDATE="2025-11-01" /><OBJECT OBJECTID="175667258" OBJECTGUID="1862e984-e07d-43a1-a824-caa4d68b72b8" CHANGEID="691592804" ISACTIVE="1" LEVELID="11" CREATEDATE="2025-11-01" UPDATEDATE="2025-11-01" /><OBJECT OBJECTID="175667259" OBJECTGUID="b4160c31-b71e-469e-baf7-a5a3bb6a4d98" CHANGEID="691592805" ISACTIVE="1" LEVELID="11" CREATEDATE="2025-11-01" UPDATEDATE="2025-11-01" /><OBJECT OBJECTID="175667260" OBJECTGUID="43c4031d-30de-49bd-9c57-ce9279f52dab" CHANGEID="691592806" ISACTIVE="1" LEVELID="11" CREATEDATE="2025-11-01" UPDATEDATE="2025-11-01" /><OBJECT OBJECTID="175667261" OBJECTGUID="c03c8416-4a96-4012-b8de-4a53789b69e8" CHANGEID="691592807" ISACTIVE="1" LEVELID="11" CREATEDATE="2025-11-01" UPDATEDATE="2025-11-01" /><OBJECT OBJECTID="175667262" OBJECTGUID="18b6fdd0-0dc0-4f12-8abd-b94d28b374ff" CHANGEID="691592808" ISACTIVE="1" LEVELID="11" CREATEDATE="2025-11-01" UPDATEDATE="2025-11-01" /><OBJECT OBJECTID="175667263" OBJECTGUID="d3de88bd-736b-480c-bff3-1b7e2a4dce78" CHANGEID="691592809" ISACTIVE="1" LEVELID="11" CREATEDATE="2025-11-01" UPDATEDATE="2025-11-01" /><OBJECT OBJECTID="175667264" OBJECTGUID="18aa419c-569e-4174-bdba-b528ec1d34d9" CHANGEID="691592810" ISACTIVE="1" LEVELID="11" CREATEDATE="2025-11-01" UPDATEDATE="2025-11-01" /><OBJECT OBJECTID="175667265" OBJECTGUID="3361438a-5e86-4a42-b1ec-e019c130925a" CHANGEID="691592811" ISACTIVE="1" LEVELID="11" CREATEDATE="2025-11-01" UPDATEDATE="2025-11-01" /><OBJECT OBJECTID="175667266" OBJECTGUID="0002058c-83ea-4857-afd7-62b07f8ac402" CHANGEID="691592812" ISACTIVE="1" LEVELID="11" CREATEDATE="2025-11-01" UPDATEDATE="2025-11-01" /><OBJECT OBJECTID="175667267" OBJECTGUID="bdf284b3-e6e9-4751-8932-8a01e507b516" CHANGEID="691592813" ISACTIVE="1" LEVELID="11" CREATEDATE="2025-11-01" UPDATEDATE="2025-11-01" /><OBJECT OBJECTID="175667268" OBJECTGUID="f831b9d8-cbd9-4c2a-bbe3-397241f34680" CHANGEID="691592814" ISACTIVE="1" LEVELID="11" CREATEDATE="2025-11-01" UPDATEDATE="2025-11-01" /><OBJECT OBJECTID="175667269" OBJECTGUID="7d84a0c7-e2eb-4540-8c7d-4d24e912aa89" CHANGEID="691592815" ISACTIVE="1" LEVELID="11" CREATEDATE="2025-11-01" UPDATEDATE="2025-11-01" /><OBJECT OBJECTID="175667324" OBJECTGUID="6d8e044a-674c-47ab-8966-341552c746c5" CHANGEID="691592896" ISACTIVE="1" LEVELID="11" CREATEDATE="2025-11-01" UPDATEDATE="2025-11-01" /><OBJECT OBJECTID="175667325" OBJECTGUID="83ae3a5c-a435-4169-9755-e6a0939ed72d" CHANGEID="691592897" ISACTIVE="1" LEVELID="11" CREATEDATE="2025-11-01" UPDATEDATE="2025-11-01" /><OBJECT OBJECTID="175667326" OBJECTGUID="691dafa7-7e1f-46a9-8bed-b284bc236ead" CHANGEID="691592898" ISACTIVE="1" LEVELID="11" CREATEDATE="2025-11-01" UPDATEDATE="2025-11-01" /><OBJECT OBJECTID="175667327" OBJECTGUID="1510fc19-d595-4be4-9e2b-85f99181c19c" CHANGEID="691592899" ISACTIVE="1" LEVELID="11" CREATEDATE="2025-11-01" UPDATEDATE="2025-11-01" /><OBJECT OBJECTID="175667328" OBJECTGUID="5f58714c-4f86-4a9a-9c86-decc10a509b9" CHANGEID="691592900" ISACTIVE="1" LEVELID="11" CREATEDATE="2025-11-01" UPDATEDATE="2025-11-01" /><OBJECT OBJECTID="175667329" OBJECTGUID="89ee09fc-c2a1-42a9-81af-c2186c00cab6" CHANGEID="691592901" ISACTIVE="1" LEVELID="11" CREATEDATE="2025-11-01" UPDATEDATE="2025-11-01" /><OBJECT OBJECTID="175667330" OBJECTGUID="4be91ac9-95c8-412b-9cda-72f7bed2f442" CHANGEID="691592902" ISACTIVE="1" LEVELID="11" CREATEDATE="2025-11-01" UPDATEDATE="2025-11-01" /><OBJECT OBJECTID="175667331" OBJECTGUID="2d77e86c-7deb-46c5-8a78-b02161bd9edd" CHANGEID="691592903" ISACTIVE="1" LEVELID="11" CREATEDATE="2025-11-01" UPDATEDATE="2025-11-01" /><OBJECT OBJECTID="175667332" OBJECTGUID="abaeb191-6009-431c-af8f-a50cdf9dab07" CHANGEID="691592904" ISACTIVE="1" LEVELID="11" CREATEDATE="2025-11-01" UPDATEDATE="2025-11-01" /><OBJECT OBJECTID="175667333" OBJECTGUID="26065b70-93d1-4588-9367-2014dd8b121b" CHANGEID="691592905" ISACTIVE="1" LEVELID="11" CREATEDATE="2025-11-01" UPDATEDATE="2025-11-01" /><OBJECT OBJECTID="175667334" OBJECTGUID="fe662e83-9ca4-4928-b821-73aef2d4eedb" CHANGEID="691592906" ISACTIVE="1" LEVELID="11" CREATEDATE="2025-11-01" UPDATEDATE="2025-11-01" /><OBJECT OBJECTID="175667335" OBJECTGUID="cdb41509-b225-4472-a4bd-387a0c54fa0a" CHANGEID="691592907" ISACTIVE="1" LEVELID="11" CREATEDATE="2025-11-01" UPDATEDATE="2025-11-01" /><OBJECT OBJECTID="175667336" OBJECTGUID="bf1c3a0e-e196-486f-8c30-d2f1d9e05d9f" CHANGEID="691592908" ISACTIVE="1" LEVELID="11" CREATEDATE="2025-11-01" UPDATEDATE="2025-11-01" /><OBJECT OBJECTID="175667337" OBJECTGUID="4f93343a-996b-46bc-bb9a-45ed1da257e7" CHANGEID="691592909" ISACTIVE="1" LEVELID="11" CREATEDATE="2025-11-01" UPDATEDATE="2025-11-01" /><OBJECT OBJECTID="175667338" OBJECTGUID="b404a6f0-dacb-4a95-8367-1121f2afe6de" CHANGEID="691592910" ISACTIVE="1" LEVELID="11" CREATEDATE="2025-11-01" UPDATEDATE="2025-11-01" /><OBJECT OBJECTID="175667363" OBJECTGUID="75aeeba5-4589-4d25-a06b-02d3a419bd5e" CHANGEID="691592950" ISACTIVE="1" LEVELID="11" CREATEDATE="2025-11-01" UPDATEDATE="2025-11-01" /><OBJECT OBJECTID="175667364" OBJECTGUID="fcc1128f-cb92-4fbd-920a-eb6fa2b74f91" CHANGEID="691592951" ISACTIVE="1" LEVELID="11" CREATEDATE="2025-11-01" UPDATEDATE="2025-11-01" /><OBJECT OBJECTID="175667365" OBJECTGUID="b10f2f17-ba9c-4ac9-9e29-86b1436a066f" CHANGEID="691592952" ISACTIVE="1" LEVELID="11" CREATEDATE="2025-11-01" UPDATEDATE="2025-11-01" /><OBJECT OBJECTID="175667366" OBJECTGUID="3097b10f-47d0-4560-8bc2-609f4519bb6e" CHANGEID="691592953" ISACTIVE="1" LEVELID="11" CREATEDATE="2025-11-01" UPDATEDATE="2025-11-01" /><OBJECT OBJECTID="175667367" OBJECTGUID="3320d8fc-e07e-4a4f-ba9d-c1b3056c1cdb" CHANGEID="691592954" ISACTIVE="1" LEVELID="11" CREATEDATE="2025-11-01" UPDATEDATE="2025-11-01" /><OBJECT OBJECTID="175667368" OBJECTGUID="45bc4137-8a4b-4a75-a315-bdbbc8b63606" CHANGEID="691592955" ISACTIVE="1" LEVELID="11" CREATEDATE="2025-11-01" UPDATEDATE="2025-11-01" /><OBJECT OBJECTID="175667369" OBJECTGUID="527a5911-8575-4be4-be5c-3c3e5450cd09" CHANGEID="691592956" ISACTIVE="1" LEVELID="11" CREATEDATE="2025-11-01" UPDATEDATE="2025-11-01" /><OBJECT OBJECTID="175667370" OBJECTGUID="917bd399-12f4-4be6-9795-5776f2280fef" CHANGEID="691592957" ISACTIVE="1" LEVELID="11" CREATEDATE="2025-11-01" UPDATEDATE="2025-11-01" /><OBJECT OBJECTID="175667371" OBJECTGUID="d8c7da0f-3b8c-41d7-8d2e-23a9727512c3" CHANGEID="691592958" ISACTIVE="1" LEVELID="11" CREATEDATE="2025-11-01" UPDATEDATE="2025-11-01" /><OBJECT OBJECTID="175668018" OBJECTGUID="415a1f34-4357-419d-aa41-046ef82257f4" CHANGEID="691593845" ISACTIVE="1" LEVELID="11" CREATEDATE="2025-11-01" UPDATEDATE="2025-11-01" /><OBJECT OBJECTID="175668019" OBJECTGUID="3392e3d6-b973-4ad0-87d2-01d9778dc119" CHANGEID="691593846" ISACTIVE="1" LEVELID="11" CREATEDATE="2025-11-01" UPDATEDATE="2025-11-01" /><OBJECT OBJECTID="175668020" OBJECTGUID="78c621f8-dc1b-4f0d-8ca9-e4b99a8db57a" CHANGEID="691593847" ISACTIVE="1" LEVELID="11" CREATEDATE="2025-11-01" UPDATEDATE="2025-11-01" /><OBJECT OBJECTID="175668021" OBJECTGUID="af84b1ac-6c49-4715-a1b2-7fcb666411a0" CHANGEID="691593848" ISACTIVE="1" LEVELID="11" CREATEDATE="2025-11-01" UPDATEDATE="2025-11-01" /><OBJECT OBJECTID="175668022" OBJECTGUID="3aae04dc-aed0-48a2-91df-44ca5334ebff" CHANGEID="691593849" ISACTIVE="1" LEVELID="11" CREATEDATE="2025-11-01" UPDATEDATE="2025-11-01" /><OBJECT OBJECTID="175668023" OBJECTGUID="a1a36282-0259-4576-9073-08fdf2a751c3" CHANGEID="691593850" ISACTIVE="1" LEVELID="11" CREATEDATE="2025-11-01" UPDATEDATE="2025-11-01" /><OBJECT OBJECTID="175668024" OBJECTGUID="6cb629d8-f3fe-488d-b565-4ea791258363" CHANGEID="691593851" ISACTIVE="1" LEVELID="11" CREATEDATE="2025-11-01" UPDATEDATE="2025-11-01" /><OBJECT OBJECTID="175668025" OBJECTGUID="731c7859-eda0-4db2-b157-ebbb59ae0792" CHANGEID="691593852" ISACTIVE="1" LEVELID="11" CREATEDATE="2025-11-01" UPDATEDATE="2025-11-01" /><OBJECT OBJECTID="175668026" OBJECTGUID="74481bd3-38b6-4cc4-bf99-58eeb5c06ca2" CHANGEID="691593853" ISACTIVE="1" LEVELID="11" CREATEDATE="2025-11-01" UPDATEDATE="2025-11-01" /><OBJECT OBJECTID="175668027" OBJECTGUID="4a885117-c4f4-49f8-930f-2e145c77b2cc" CHANGEID="691593854" ISACTIVE="1" LEVELID="11" CREATEDATE="2025-11-01" UPDATEDATE="2025-11-01" /><OBJECT OBJECTID="175668160" OBJECTGUID="ba7cca68-af81-423b-b0e0-b28c2332ad25" CHANGEID="691594010" ISACTIVE="1" LEVELID="9" CREATEDATE="2025-11-01" UPDATEDATE="2025-11-01" /><OBJECT OBJECTID="175668165" OBJECTGUID="921928f2-8bcd-4aeb-803a-0b7976b441a8" CHANGEID="691594018" ISACTIVE="1" LEVELID="9" CREATEDATE="2025-11-01" UPDATEDATE="2025-11-01" /><OBJECT OBJECTID="175668161" OBJECTGUID="90186d4f-9f05-4017-971e-35f7968f8d1c" CHANGEID="691594013" ISACTIVE="1" LEVELID="9" CREATEDATE="2025-11-01" UPDATEDATE="2025-11-01" /><OBJECT OBJECTID="175668167" OBJECTGUID="75ab61b4-db57-4743-8103-fc94d0b4ea49" CHANGEID="691594021" ISACTIVE="1" LEVELID="10" CREATEDATE="2025-11-01" UPDATEDATE="2025-11-01" /><OBJECT OBJECTID="175668188" OBJECTGUID="ace2624a-0c1d-461c-afa7-bd5b3a2a2d15" CHANGEID="691594050" ISACTIVE="1" LEVELID="10" CREATEDATE="2025-11-01" UPDATEDATE="2025-11-01" /><OBJECT OBJECTID="175668745" OBJECTGUID="efeef24c-6c07-4a34-b6bc-da8767e0a293" CHANGEID="691594905" ISACTIVE="1" LEVELID="9" CREATEDATE="2025-11-01" UPDATEDATE="2025-11-01" /><OBJECT OBJECTID="175668725" OBJECTGUID="6e96199d-0719-4ba6-a04b-99db92821757" CHANGEID="691594885" ISACTIVE="1" LEVELID="11" CREATEDATE="2025-11-01" UPDATEDATE="2025-11-01" /><OBJECT OBJECTID="175668726" OBJECTGUID="ad3cc0de-ccc9-48be-96dd-1dcdc6a248ee" CHANGEID="691594886" ISACTIVE="1" LEVELID="11" CREATEDATE="2025-11-01" UPDATEDATE="2025-11-01" /><OBJECT OBJECTID="175668727" OBJECTGUID="c66d0829-b182-4d1a-a638-66210baf5c21" CHANGEID="691594887" ISACTIVE="1" LEVELID="11" CREATEDATE="2025-11-01" UPDATEDATE="2025-11-01" /><OBJECT OBJECTID="175668728" OBJECTGUID="d92d6ac3-e016-4634-b700-e593a2605772" CHANGEID="691594888" ISACTIVE="1" LEVELID="11" CREATEDATE="2025-11-01" UPDATEDATE="2025-11-01" /><OBJECT OBJECTID="175668729" OBJECTGUID="7a1222bd-692e-4f72-94e0-9a060a2074ec" CHANGEID="691594889" ISACTIVE="1" LEVELID="11" CREATEDATE="2025-11-01" UPDATEDATE="2025-11-01" /><OBJECT OBJECTID="175668730" OBJECTGUID="577bd5c5-fde3-42af-9278-f56d06ccc604" CHANGEID="691594890" ISACTIVE="1" LEVELID="11" CREATEDATE="2025-11-01" UPDATEDATE="2025-11-01" /><OBJECT OBJECTID="175668731" OBJECTGUID="d5a1e4ca-079a-4aa4-8d32-57e57870d328" CHANGEID="691594891" ISACTIVE="1" LEVELID="11" CREATEDATE="2025-11-01" UPDATEDATE="2025-11-01" /><OBJECT OBJECTID="175668732" OBJECTGUID="e6151501-9eb6-42a3-982b-20d74d00b073" CHANGEID="691594892" ISACTIVE="1" LEVELID="11" CREATEDATE="2025-11-01" UPDATEDATE="2025-11-01" /><OBJECT OBJECTID="175668733" OBJECTGUID="576a2715-b308-4075-beb7-823c4f3394df" CHANGEID="691594893" ISACTIVE="1" LEVELID="11" CREATEDATE="2025-11-01" UPDATEDATE="2025-11-01" /><OBJECT OBJECTID="175668734" OBJECTGUID="faea6e9e-79d4-4445-87c2-32984ba4e1c5" CHANGEID="691594894" ISACTIVE="1" LEVELID="11" CREATEDATE="2025-11-01" UPDATEDATE="2025-11-01" /><OBJECT OBJECTID="175668735" OBJECTGUID="c8c2ab4a-4b11-43de-aca9-14fb01320102" CHANGEID="691594895" ISACTIVE="1" LEVELID="11" CREATEDATE="2025-11-01" UPDATEDATE="2025-11-01" /><OBJECT OBJECTID="175668736" OBJECTGUID="ca74745e-131e-4bfb-9d89-e6007e978f99" CHANGEID="691594896" ISACTIVE="1" LEVELID="11" CREATEDATE="2025-11-01" UPDATEDATE="2025-11-01" /><OBJECT OBJECTID="175668737" OBJECTGUID="19309d56-458e-4a93-bc8c-7da9dd2f06ce" CHANGEID="691594897" ISACTIVE="1" LEVELID="11" CREATEDATE="2025-11-01" UPDATEDATE="2025-11-01" /><OBJECT OBJECTID="175668738" OBJECTGUID="68c8e2e6-6cbd-4a2a-92aa-bd45a9cf81cb" CHANGEID="691594898" ISACTIVE="1" LEVELID="11" CREATEDATE="2025-11-01" UPDATEDATE="2025-11-01" /><OBJECT OBJECTID="175668739" OBJECTGUID="e96ec638-d782-4ae9-a4a9-20890881fc26" CHANGEID="691594899" ISACTIVE="1" LEVELID="11" CREATEDATE="2025-11-01" UPDATEDATE="2025-11-01" /><OBJECT OBJECTID="175668746" OBJECTGUID="838557d2-6c60-4fbb-819e-242f4912b5e0" CHANGEID="691594908" ISACTIVE="1" LEVELID="9" CREATEDATE="2025-11-01" UPDATEDATE="2025-11-01" /><OBJECT OBJECTID="80929456" OBJECTGUID="2aa8b720-0223-45c2-aeea-9ae98a3c9453" CHANGEID="691594919" ISACTIVE="1" LEVELID="10" CREATEDATE="2019-07-10" UPDATEDATE="2025-11-01" /><OBJECT OBJECTID="175668747" OBJECTGUID="fa298e1e-1062-429d-bb59-ea02b2321e68" CHANGEID="691594909" ISACTIVE="1" LEVELID="11" CREATEDATE="2025-11-01" UPDATEDATE="2025-11-01" /><OBJECT OBJECTID="175668748" OBJECTGUID="377cd77f-7d6e-491b-bcfe-79acab4fe126" CHANGEID="691594910" ISACTIVE="1" LEVELID="11" CREATEDATE="2025-11-01" UPDATEDATE="2025-11-01" /><OBJECT OBJECTID="175668749" OBJECTGUID="474e68e7-4158-4eae-949a-bd416747aee4" CHANGEID="691594911" ISACTIVE="1" LEVELID="11" CREATEDATE="2025-11-01" UPDATEDATE="2025-11-01" /><OBJECT OBJECTID="175668750" OBJECTGUID="1874f4ea-f7d6-44ae-a047-2dbf26d29654" CHANGEID="691594912" ISACTIVE="1" LEVELID="11" CREATEDATE="2025-11-01" UPDATEDATE="2025-11-01" /><OBJECT OBJECTID="175668751" OBJECTGUID="b5d5efb3-ec14-4db3-87f7-f8bda4f046a8" CHANGEID="691594913" ISACTIVE="1" LEVELID="11" CREATEDATE="2025-11-01" UPDATEDATE="2025-11-01" /><OBJECT OBJECTID="175668752" OBJECTGUID="0ddea8d4-9d3c-41a3-ac50-7404a832a43c" CHANGEID="691594914" ISACTIVE="1" LEVELID="11" CREATEDATE="2025-11-01" UPDATEDATE="2025-11-01" /><OBJECT OBJECTID="175668753" OBJECTGUID="459a2a42-d61c-4563-9d62-3384a86514a2" CHANGEID="691594915" ISACTIVE="1" LEVELID="11" CREATEDATE="2025-11-01" UPDATEDATE="2025-11-01" /><OBJECT OBJECTID="175668754" OBJECTGUID="9f34a4d8-6d8c-4af9-a07c-f3aa5ca87c26" CHANGEID="691594916" ISACTIVE="1" LEVELID="11" CREATEDATE="2025-11-01" UPDATEDATE="2025-11-01" /><OBJECT OBJECTID="175668755" OBJECTGUID="0ab0297b-08dd-4bfa-bec8-76d301703148" CHANGEID="691594917" ISACTIVE="1" LEVELID="11" CREATEDATE="2025-11-01" UPDATEDATE="2025-11-01" /><OBJECT OBJECTID="175668756" OBJECTGUID="e1e92c23-b473-4bcc-b1cb-afd89b16186a" CHANGEID="691594918" ISACTIVE="1" LEVELID="11" CREATEDATE="2025-11-01" UPDATEDATE="2025-11-01" /><OBJECT OBJECTID="175668757" OBJECTGUID="f6270c4e-3a42-41de-895c-ed0f490ad3e3" CHANGEID="691594920" ISACTIVE="1" LEVELID="10" CREATEDATE="2025-11-01" UPDATEDATE="2025-11-01" /><OBJECT OBJECTID="175668768" OBJECTGUID="49200799-c49d-43f4-9180-5368e527288b" CHANGEID="691594936" ISACTIVE="1" LEVELID="11" CREATEDATE="2025-11-01" UPDATEDATE="2025-11-01" /><OBJECT OBJECTID="175668769" OBJECTGUID="f93f5a71-e1b5-40d6-bb78-ed1bab16cce7" CHANGEID="691594937" ISACTIVE="1" LEVELID="11" CREATEDATE="2025-11-01" UPDATEDATE="2025-11-01" /><OBJECT OBJECTID="175668770" OBJECTGUID="42eb6998-5a17-4259-9ca6-6f2d5703a534" CHANGEID="691594938" ISACTIVE="1" LEVELID="11" CREATEDATE="2025-11-01" UPDATEDATE="2025-11-01" /><OBJECT OBJECTID="175668771" OBJECTGUID="f38fd424-3d78-451d-ace7-cd5f3ac5302d" CHANGEID="691594939" ISACTIVE="1" LEVELID="11" CREATEDATE="2025-11-01" UPDATEDATE="2025-11-01" /><OBJECT OBJECTID="175668772" OBJECTGUID="73bf7fb4-3adb-48f1-8587-814888404a08" CHANGEID="691594940" ISACTIVE="1" LEVELID="11" CREATEDATE="2025-11-01" UPDATEDATE="2025-11-01" /><OBJECT OBJECTID="175668773" OBJECTGUID="208fc35e-8d70-43ae-9723-9fde2b774998" CHANGEID="691594941" ISACTIVE="1" LEVELID="11" CREATEDATE="2025-11-01" UPDATEDATE="2025-11-01" /><OBJECT OBJECTID="175668774" OBJECTGUID="a3f05e9a-6922-4182-8a0f-c7df17ba541c" CHANGEID="691594942" ISACTIVE="1" LEVELID="11" CREATEDATE="2025-11-01" UPDATEDATE="2025-11-01" /><OBJECT OBJECTID="175668775" OBJECTGUID="6530b485-ef76-420e-8086-157c9155d82c" CHANGEID="691594943" ISACTIVE="1" LEVELID="11" CREATEDATE="2025-11-01" UPDATEDATE="2025-11-01" /><OBJECT OBJECTID="175668776" OBJECTGUID="3cbed4b2-3dd1-4137-956c-19699bf016e1" CHANGEID="691594944" ISACTIVE="1" LEVELID="11" CREATEDATE="2025-11-01" UPDATEDATE="2025-11-01" /><OBJECT OBJECTID="175668777" OBJECTGUID="7f128caf-8869-4458-b393-c4398068be0c" CHANGEID="691594945" ISACTIVE="1" LEVELID="11" CREATEDATE="2025-11-01" UPDATEDATE="2025-11-01" /><OBJECT OBJECTID="175668778" OBJECTGUID="31934d87-8228-49b5-9fce-c806c33d76f6" CHANGEID="691594946" ISACTIVE="1" LEVELID="11" CREATEDATE="2025-11-01" UPDATEDATE="2025-11-01" /><OBJECT OBJECTID="175668779" OBJECTGUID="72be4252-26ce-44c8-b103-923e30b2a24a" CHANGEID="691594947" ISACTIVE="1" LEVELID="11" CREATEDATE="2025-11-01" UPDATEDATE="2025-11-01" /><OBJECT OBJECTID="175668780" OBJECTGUID="52ed8bbd-bab6-44d2-bbf2-77e075401530" CHANGEID="691594948" ISACTIVE="1" LEVELID="11" CREATEDATE="2025-11-01" UPDATEDATE="2025-11-01" /><OBJECT OBJECTID="175668781" OBJECTGUID="17891579-fb90-4f60-9c92-22c95dd2bb48" CHANGEID="691594949" ISACTIVE="1" LEVELID="11" CREATEDATE="2025-11-01" UPDATEDATE="2025-11-01" /><OBJECT OBJECTID="175668782" OBJECTGUID="87bc3290-7685-498b-8d9a-e3281921ccb0" CHANGEID="691594950" ISACTIVE="1" LEVELID="11" CREATEDATE="2025-11-01" UPDATEDATE="2025-11-01" /><OBJECT OBJECTID="175668783" OBJECTGUID="7740f315-7abe-41db-835d-3d4f33915bf1" CHANGEID="691594951" ISACTIVE="1" LEVELID="11" CREATEDATE="2025-11-01" UPDATEDATE="2025-11-01" /><OBJECT OBJECTID="175668784" OBJECTGUID="a530d28b-49b7-4c8b-be14-b3295dcc95b4" CHANGEID="691594952" ISACTIVE="1" LEVELID="11" CREATEDATE="2025-11-01" UPDATEDATE="2025-11-01" /><OBJECT OBJECTID="175668785" OBJECTGUID="82a61482-bc6b-423d-a552-a4d6a5200ab4" CHANGEID="691594953" ISACTIVE="1" LEVELID="11" CREATEDATE="2025-11-01" UPDATEDATE="2025-11-01" /><OBJECT OBJECTID="175668786" OBJECTGUID="1d1241ec-656a-4687-959c-91e18000a924" CHANGEID="691594954" ISACTIVE="1" LEVELID="11" CREATEDATE="2025-11-01" UPDATEDATE="2025-11-01" /><OBJECT OBJECTID="175668787" OBJECTGUID="13b8813e-ccde-45b8-a7f0-03ded6b65790" CHANGEID="691594955" ISACTIVE="1" LEVELID="11" CREATEDATE="2025-11-01" UPDATEDATE="2025-11-01" /><OBJECT OBJECTID="175668811" OBJECTGUID="0f3272a4-505a-4745-9dd8-65fa4efb0fd8" CHANGEID="691594988" ISACTIVE="1" LEVELID="11" CREATEDATE="2025-11-01" UPDATEDATE="2025-11-01" /><OBJECT OBJECTID="175668812" OBJECTGUID="e0906483-29d2-4f50-8535-07f47902942c" CHANGEID="691594989" ISACTIVE="1" LEVELID="11" CREATEDATE="2025-11-01" UPDATEDATE="2025-11-01" /><OBJECT OBJECTID="175668813" OBJECTGUID="7474e607-fc86-40e1-921f-24c4668c13aa" CHANGEID="691594990" ISACTIVE="1" LEVELID="11" CREATEDATE="2025-11-01" UPDATEDATE="2025-11-01" /><OBJECT OBJECTID="175668814" OBJECTGUID="dfbf2643-ff36-4eed-ab35-10fc087debed" CHANGEID="691594991" ISACTIVE="1" LEVELID="11" CREATEDATE="2025-11-01" UPDATEDATE="2025-11-01" /><OBJECT OBJECTID="175668815" OBJECTGUID="60fe83f6-eb96-4c76-a4bd-59387b712f33" CHANGEID="691594992" ISACTIVE="1" LEVELID="11" CREATEDATE="2025-11-01" UPDATEDATE="2025-11-01" /><OBJECT OBJECTID="175668816" OBJECTGUID="078b4584-244f-46cb-a501-66079c838cbc" CHANGEID="691594993" ISACTIVE="1" LEVELID="11" CREATEDATE="2025-11-01" UPDATEDATE="2025-11-01" /><OBJECT OBJECTID="175668817" OBJECTGUID="5a5b4023-12ff-4c5f-a8b4-1f1ccf586ebe" CHANGEID="691594994" ISACTIVE="1" LEVELID="11" CREATEDATE="2025-11-01" UPDATEDATE="2025-11-01" /><OBJECT OBJECTID="175668818" OBJECTGUID="26a24f6d-0ce8-4370-a7c3-6a5820515743" CHANGEID="691594995" ISACTIVE="1" LEVELID="11" CREATEDATE="2025-11-01" UPDATEDATE="2025-11-01" /><OBJECT OBJECTID="175668819" OBJECTGUID="1398ca18-a575-441d-a057-dc5d45e8f9c7" CHANGEID="691594996" ISACTIVE="1" LEVELID="11" CREATEDATE="2025-11-01" UPDATEDATE="2025-11-01" /><OBJECT OBJECTID="175668820" OBJECTGUID="b9016898-9073-4947-baae-32605cdc54e9" CHANGEID="691594997" ISACTIVE="1" LEVELID="11" CREATEDATE="2025-11-01" UPDATEDATE="2025-11-01" /><OBJECT OBJECTID="175668821" OBJECTGUID="f59cf25c-7ff7-4433-9024-51502b026187" CHANGEID="691594998" ISACTIVE="1" LEVELID="11" CREATEDATE="2025-11-01" UPDATEDATE="2025-11-01" /><OBJECT OBJECTID="175668822" OBJECTGUID="beb95f3a-1d58-4979-af37-47dbdaf5f5c9" CHANGEID="691594999" ISACTIVE="1" LEVELID="11" CREATEDATE="2025-11-01" UPDATEDATE="2025-11-01" /><OBJECT OBJECTID="175668823" OBJECTGUID="89732f15-f907-4618-b5e5-1e15d902dc30" CHANGEID="691595000" ISACTIVE="1" LEVELID="11" CREATEDATE="2025-11-01" UPDATEDATE="2025-11-01" /><OBJECT OBJECTID="175668824" OBJECTGUID="2f8581f6-6ab8-451f-b935-e5208063a976" CHANGEID="691595001" ISACTIVE="1" LEVELID="11" CREATEDATE="2025-11-01" UPDATEDATE="2025-11-01" /><OBJECT OBJECTID="175668825" OBJECTGUID="e4727b8e-4023-4b4a-a106-60e2305e0a47" CHANGEID="691595002" ISACTIVE="1" LEVELID="11" CREATEDATE="2025-11-01" UPDATEDATE="2025-11-01" /><OBJECT OBJECTID="175668835" OBJECTGUID="87b5c09d-715b-49d9-be76-5e99af22a1e4" CHANGEID="691595019" ISACTIVE="1" LEVELID="10" CREATEDATE="2025-11-01" UPDATEDATE="2025-11-01" /><OBJECT OBJECTID="175669280" OBJECTGUID="4be861c2-eaac-4478-900b-73710da5343d" CHANGEID="691595712" ISACTIVE="1" LEVELID="7" CREATEDATE="2025-11-01" UPDATEDATE="2025-11-01" /><OBJECT OBJECTID="175669422" OBJECTGUID="daca001d-39a5-418c-81f9-d4c7f7c3f5bb" CHANGEID="691595867" ISACTIVE="1" LEVELID="10" CREATEDATE="2025-11-01" UPDATEDATE="2025-11-01" /><OBJECT OBJECTID="175669425" OBJECTGUID="d5b5e393-a3d2-47d6-a322-e895bc5ae779" CHANGEID="691595872" ISACTIVE="1" LEVELID="10" CREATEDATE="2025-11-01" UPDATEDATE="2025-11-01" /><OBJECT OBJECTID="175669426" OBJECTGUID="d63e5cd0-eca6-477b-aacf-2290c1da2a28" CHANGEID="691595875" ISACTIVE="1" LEVELID="9" CREATEDATE="2025-11-01" UPDATEDATE="2025-11-01" /><OBJECT OBJECTID="175669427" OBJECTGUID="928ba7cf-6e6c-452c-a907-bc78aadf9db5" CHANGEID="691595876" ISACTIVE="1" LEVELID="10" CREATEDATE="2025-11-01" UPDATEDATE="2025-11-01" /><OBJECT OBJECTID="14338059" OBJECTGUID="bed4bb16-5233-417c-a4d7-9af44cf52eb4" CHANGEID="691510088" ISACTIVE="1" LEVELID="10" CREATEDATE="2017-12-18" UPDATEDATE="2025-10-31" /><OBJECT OBJECTID="20292496" OBJECTGUID="aa9770c3-f0f0-44bf-8b9c-7a979565cd9d" CHANGEID="691486396" ISACTIVE="0" LEVELID="11" CREATEDATE="2019-02-05" UPDATEDATE="2025-10-30" /><OBJECT OBJECTID="21486544" OBJECTGUID="4fb9b334-2494-4a02-aeb7-b67586a2efca" CHANGEID="691468162" ISACTIVE="1" LEVELID="10" CREATEDATE="2019-07-10" UPDATEDATE="2025-10-30" /><OBJECT OBJECTID="23144359" OBJECTGUID="25d27be6-d071-4efe-a971-c0370c1fb5cb" CHANGEID="691482263" ISACTIVE="1" LEVELID="11" CREATEDATE="2019-07-19" UPDATEDATE="2025-10-30" /><OBJECT OBJECTID="93817155" OBJECTGUID="0ec35751-a842-485c-936a-5b956f120b52" CHANGEID="691518392" ISACTIVE="1" LEVELID="9" CREATEDATE="2019-11-11" UPDATEDATE="2025-10-31" /><OBJECT OBJECTID="157997653" OBJECTGUID="2488b7e7-e1bb-44e9-a077-46a1b559a894" CHANGEID="691541963" ISACTIVE="1" LEVELID="10" CREATEDATE="2023-02-06" UPDATEDATE="2025-11-01" /><OBJECT OBJECTID="61768752" OBJECTGUID="69add3f8-e024-41bb-aeaa-8a6a1856e970" CHANGEID="691458465" ISACTIVE="0" LEVELID="10" CREATEDATE="2019-07-10" UPDATEDATE="2025-10-30" /><OBJECT OBJECTID="159484167" OBJECTGUID="6fe049e2-2d8f-4513-bfe7-098c5b93c405" CHANGEID="691546700" ISACTIVE="1" LEVELID="10" CREATEDATE="2023-07-21" UPDATEDATE="2025-11-01" /><OBJECT OBJECTID="38270956" OBJECTGUID="39c19ac4-a772-4793-a2e4-425592845245" CHANGEID="691515631" ISACTIVE="1" LEVELID="10" CREATEDATE="2019-07-10" UPDATEDATE="2025-10-31" /><OBJECT OBJECTID="25348616" OBJECTGUID="efbd5ef0-5cb1-4706-9dc5-9c345dc9f65e" CHANGEID="691523975" ISACTIVE="1" LEVELID="10" CREATEDATE="2019-07-10" UPDATEDATE="2025-10-31" /><OBJECT OBJECTID="5523382" OBJECTGUID="eebd6680-5bdb-495f-ae1e-ec1bdf7105d4" CHANGEID="691509917" ISACTIVE="1" LEVELID="10" CREATEDATE="2019-07-10" UPDATEDATE="2025-10-31" /><OBJECT OBJECTID="96374064" OBJECTGUID="cea3d5e5-432a-4e8b-b441-84ad659e72ee" CHANGEID="691458487" ISACTIVE="1" LEVELID="9" CREATEDATE="2020-04-16" UPDATEDATE="2025-10-30" /><OBJECT OBJECTID="96374062" OBJECTGUID="e6fd66fe-3dd6-4b70-bbd1-67585dd2ddc6" CHANGEID="691458513" ISACTIVE="1" LEVELID="9" CREATEDATE="2020-04-16" UPDATEDATE="2025-10-30" /><OBJECT OBJECTID="15814978" OBJECTGUID="3dcba09e-152d-463c-a999-37020f869699" CHANGEID="691470949" ISACTIVE="1" LEVELID="10" CREATEDATE="2019-07-10" UPDATEDATE="2025-10-30" /><OBJECT OBJECTID="83381217" OBJECTGUID="15cbb68b-6f62-41c4-b4ae-e8369ed90c2f" CHANGEID="691464971" ISACTIVE="1" LEVELID="10" CREATEDATE="2019-07-10" UPDATEDATE="2025-10-30" /><OBJECT OBJECTID="63941994" OBJECTGUID="0a9fcc01-b227-47de-9429-79b00dc5a664" CHANGEID="691470902" ISACTIVE="1" LEVELID="10" CREATEDATE="2017-12-28" UPDATEDATE="2025-10-30" /><OBJECT OBJECTID="63934400" OBJECTGUID="fc6097b9-f6dc-431b-bc30-1d2e53c8435d" CHANGEID="691470935" ISACTIVE="1" LEVELID="10" CREATEDATE="2017-12-28" UPDATEDATE="2025-10-30" /><OBJECT OBJECTID="27700870" OBJECTGUID="6901b1fa-2a19-4825-822b-f5199a11e424" CHANGEID="691470138" ISACTIVE="1" LEVELID="10" CREATEDATE="2019-07-10" UPDATEDATE="2025-10-30" /><OBJECT OBJECTID="31674287" OBJECTGUID="b15f22d8-c962-4f03-9823-d21f123335bf" CHANGEID="691470175" ISACTIVE="1" LEVELID="10" CREATEDATE="2019-07-10" UPDATEDATE="2025-10-30" /><OBJECT OBJECTID="17562150" OBJECTGUID="efdaf822-a6e8-425e-a3aa-c58d8217fe80" CHANGEID="691467735" ISACTIVE="1" LEVELID="10" CREATEDATE="2019-07-10" UPDATEDATE="2025-10-30" /><OBJECT OBJECTID="2833405" OBJECTGUID="628f3ff7-5686-48c1-aa76-392c1ea368bb" CHANGEID="691467957" ISACTIVE="1" LEVELID="10" CREATEDATE="2019-07-10" UPDATEDATE="2025-10-30" /><OBJECT OBJECTID="2839346" OBJECTGUID="9613af14-b146-4806-b4ff-a9911ad265c9" CHANGEID="691467983" ISACTIVE="1" LEVELID="10" CREATEDATE="2019-07-10" UPDATEDATE="2025-10-30" /><OBJECT OBJECTID="28764201" OBJECTGUID="238cb2cb-942a-43e0-80e3-e887740fe711" CHANGEID="691468153" ISACTIVE="1" LEVELID="10" CREATEDATE="2017-12-28" UPDATEDATE="2025-10-30" /><OBJECT OBJECTID="102261988" OBJECTGUID="7ce558a4-4361-4d0f-8f62-71d633fc8627" CHANGEID="691588723" ISACTIVE="1" LEVELID="10" CREATEDATE="2021-08-27" UPDATEDATE="2025-11-01" /><OBJECT OBJECTID="36423931" OBJECTGUID="7969a109-af25-4b5b-ac47-56747bec450c" CHANGEID="691458536" ISACTIVE="0" LEVELID="10" CREATEDATE="2017-12-28" UPDATEDATE="2025-10-30" /><OBJECT OBJECTID="59753782" OBJECTGUID="b2c380a8-2b4b-47c0-ae1d-a98f00740a43" CHANGEID="691470133" ISACTIVE="1" LEVELID="10" CREATEDATE="2019-07-10" UPDATEDATE="2025-10-30" /><OBJECT OBJECTID="59150194" OBJECTGUID="63cbc554-73a8-4696-9c99-0166b5ed4e58" CHANGEID="691516697" ISACTIVE="0" LEVELID="11" CREATEDATE="2019-02-05" UPDATEDATE="2025-10-31" /><OBJECT OBJECTID="60084008" OBJECTGUID="2c225f8a-6488-426e-a1aa-42cff581ea28" CHANGEID="691526847" ISACTIVE="1" LEVELID="10" CREATEDATE="2019-07-10" UPDATEDATE="2025-10-31" /><OBJECT OBJECTID="60090012" OBJECTGUID="76224918-2aa0-4667-9c29-72a2a35ec572" CHANGEID="691529827" ISACTIVE="0" LEVELID="10" CREATEDATE="2019-07-10" UPDATEDATE="2025-10-31" /><OBJECT OBJECTID="60091495" OBJECTGUID="ccd56517-ae48-4a1f-af09-8afbcd0460b1" CHANGEID="691526836" ISACTIVE="1" LEVELID="10" CREATEDATE="2019-07-10" UPDATEDATE="2025-10-31" /><OBJECT OBJECTID="60094341" OBJECTGUID="f6c900ed-339b-44ea-8e15-aa4fbaa60d5c" CHANGEID="691526809" ISACTIVE="1" LEVELID="10" CREATEDATE="2019-07-10" UPDATEDATE="2025-10-31" /><OBJECT OBJECTID="60084703" OBJECTGUID="ac21cb85-38be-400b-b25d-433ebc5588e0" CHANGEID="691526824" ISACTIVE="1" LEVELID="10" CREATEDATE="2019-07-10" UPDATEDATE="2025-10-31" /><OBJECT OBJECTID="96752184" OBJECTGUID="3da61d29-639e-4061-83fa-ed6b0b535fbb" CHANGEID="691459193" ISACTIVE="1" LEVELID="9" CREATEDATE="2020-05-18" UPDATEDATE="2025-10-30" /><OBJECT OBJECTID="97405681" OBJECTGUID="382a3f3e-d9e7-463a-81c4-208646309db7" CHANGEID="691573613" ISACTIVE="1" LEVELID="9" CREATEDATE="2020-07-07" UPDATEDATE="2025-11-01" /><OBJECT OBJECTID="92018997" OBJECTGUID="40d8d369-2162-423e-b1c0-77b554fb7d98" CHANGEID="691517879" ISACTIVE="1" LEVELID="9" CREATEDATE="2019-06-19" UPDATEDATE="2025-10-31" /><OBJECT OBJECTID="95897803" OBJECTGUID="43723ef7-c119-49f5-8cf0-05c3f8bfa53a" CHANGEID="691580820" ISACTIVE="1" LEVELID="9" CREATEDATE="2020-03-10" UPDATEDATE="2025-11-01" /><OBJECT OBJECTID="96374070" OBJECTGUID="42ed7271-0925-4839-87a8-54a0a99cfc6f" CHANGEID="691458459" ISACTIVE="1" LEVELID="9" CREATEDATE="2020-04-16" UPDATEDATE="2025-10-30" /><OBJECT OBJECTID="92208427" OBJECTGUID="5d69e3d3-d29c-458a-8060-8f67b858839d" CHANGEID="691517880" ISACTIVE="1" LEVELID="9" CREATEDATE="2019-06-21" UPDATEDATE="2025-10-31" /><OBJECT OBJECTID="96374072" OBJECTGUID="65d95baf-994c-499c-b1fb-4f16bd6dc989" CHANGEID="691455034" ISACTIVE="1" LEVELID="9" CREATEDATE="2020-04-16" UPDATEDATE="2025-10-30" /><OBJECT OBJECTID="100105423" OBJECTGUID="7052214a-21c8-48e5-a5f6-8a5785432650" CHANGEID="691483069" ISACTIVE="1" LEVELID="9" CREATEDATE="2021-01-28" UPDATEDATE="2025-10-30" /><OBJECT OBJECTID="101049557" OBJECTGUID="72430657-ebca-45b3-bb0a-9079c066406e" CHANGEID="691515619" ISACTIVE="1" LEVELID="9" CREATEDATE="2021-04-22" UPDATEDATE="2025-10-31" /><OBJECT OBJECTID="96374066" OBJECTGUID="87f4121e-8d02-46e3-a75d-d0cf323d212e" CHANGEID="691458471" ISACTIVE="1" LEVELID="9" CREATEDATE="2020-04-16" UPDATEDATE="2025-10-30" /><OBJECT OBJECTID="97253062" OBJECTGUID="a2fdfc6d-e322-4664-a094-4d0462b2a591" CHANGEID="691518377" ISACTIVE="1" LEVELID="9" CREATEDATE="2020-06-22" UPDATEDATE="2025-10-31" /><OBJECT OBJECTID="159754049" OBJECTGUID="9fcc3bba-2e32-4bf0-bfa9-392b0607030d" CHANGEID="691534588" ISACTIVE="1" LEVELID="9" CREATEDATE="2023-08-22" UPDATEDATE="2025-10-31" /><OBJECT OBJECTID="96374068" OBJECTGUID="9ec2d7e5-b3e6-41a3-b5da-91e20e042409" CHANGEID="691458461" ISACTIVE="1" LEVELID="9" CREATEDATE="2020-04-16" UPDATEDATE="2025-10-30" /><OBJECT OBJECTID="97361121" OBJECTGUID="bd2eea4f-e8ed-46a0-94b0-3c6ef3dc8f65" CHANGEID="691518252" ISACTIVE="1" LEVELID="9" CREATEDATE="2020-07-02" UPDATEDATE="2025-10-31" /></REESTR_OBJECTS>