﻿<?xml version="1.0" encoding="utf-8"?><HOUSES><HOUSE ID="55122746" OBJECTID="62696994" OBJECTGUID="34d1fda6-58c2-4a51-a9cc-7bec85604a66" CHANGEID="93594651" HOUSENUM="2" HOUSETYPE="3" OPERTYPEID="20" PREVID="37690421" NEXTID="129418596" UPDATEDATE="2025-10-30" STARTDATE="2019-12-13" ENDDATE="2025-10-30" ISACTUAL="0" ISACTIVE="0" /><HOUSE ID="55173331" OBJECTID="9701941" OBJECTGUID="3589fc80-c150-429f-9e66-f45efde5a987" CHANGEID="16089043" HOUSENUM="29" HOUSETYPE="3" OPERTYPEID="20" PREVID="5054707" NEXTID="129426408" UPDATEDATE="2025-10-31" STARTDATE="2019-12-13" ENDDATE="2025-10-31" ISACTUAL="0" ISACTIVE="0" /><HOUSE ID="56827407" OBJECTID="5443172" OBJECTGUID="4ce544db-8e5f-45c6-962f-5120c6f29054" CHANGEID="9851178" HOUSENUM="14" ADDNUM1="1" HOUSETYPE="2" ADDTYPE1="1" OPERTYPEID="20" PREVID="2407519" NEXTID="129425010" UPDATEDATE="2025-10-31" STARTDATE="2019-12-13" ENDDATE="2025-10-31" ISACTUAL="0" ISACTIVE="0" /><HOUSE ID="57278931" OBJECTID="51217098" OBJECTGUID="53454f36-1b56-427c-9a25-eaffdc372905" CHANGEID="76793496" HOUSENUM="1А" HOUSETYPE="3" OPERTYPEID="20" PREVID="30594147" NEXTID="129426395" UPDATEDATE="2025-10-31" STARTDATE="2019-12-13" ENDDATE="2025-10-31" ISACTUAL="0" ISACTIVE="0" /><HOUSE ID="57289676" OBJECTID="4795472" OBJECTGUID="536a1999-9495-496a-838e-9a47a89ebb0c" CHANGEID="8883498" HOUSENUM="75" HOUSETYPE="3" OPERTYPEID="20" PREVID="1992189" NEXTID="129411916" UPDATEDATE="2025-10-30" STARTDATE="2014-01-10" ENDDATE="2025-10-30" ISACTUAL="0" ISACTIVE="0" /><HOUSE ID="57404652" OBJECTID="10238138" OBJECTGUID="5507dd9c-e7d1-4164-a608-d22c583f7e5a" CHANGEID="16851072" HOUSENUM="37" HOUSETYPE="3" OPERTYPEID="20" PREVID="5350039" NEXTID="129411708" UPDATEDATE="2025-10-30" STARTDATE="2019-12-11" ENDDATE="2025-10-30" ISACTUAL="0" ISACTIVE="0" /><HOUSE ID="57700041" OBJECTID="5443649" OBJECTGUID="5932b980-9c03-40a9-ae2f-66234a611ef2" CHANGEID="9852628" HOUSENUM="14" ADDNUM1="2" HOUSETYPE="2" ADDTYPE1="1" OPERTYPEID="20" PREVID="2408041" NEXTID="129425011" UPDATEDATE="2025-10-31" STARTDATE="2019-12-13" ENDDATE="2025-10-31" ISACTUAL="0" ISACTIVE="0" /><HOUSE ID="57800610" OBJECTID="62875702" OBJECTGUID="5aa195d1-3970-4a9d-9bb3-a10993878b55" CHANGEID="93866070" HOUSENUM="7" HOUSETYPE="3" OPERTYPEID="20" PREVID="37813085" NEXTID="129411733" UPDATEDATE="2025-10-30" STARTDATE="2014-01-10" ENDDATE="2025-10-30" ISACTUAL="0" ISACTIVE="0" /><HOUSE ID="57936789" OBJECTID="4799254" OBJECTGUID="5c8b1376-9dc0-4758-ac66-ed3e94c2f4ae" CHANGEID="8888969" HOUSENUM="79" HOUSETYPE="3" OPERTYPEID="20" PREVID="1994552" NEXTID="129411918" UPDATEDATE="2025-10-30" STARTDATE="2014-01-10" ENDDATE="2025-10-30" ISACTUAL="0" ISACTIVE="0" /><HOUSE ID="58072614" OBJECTID="73249426" OBJECTGUID="5e75fcdf-0868-4d01-a53c-438e8df5cade" CHANGEID="109062842" HOUSENUM="83а" HOUSETYPE="3" OPERTYPEID="20" PREVID="44230622" NEXTID="129432903" UPDATEDATE="2025-11-01" STARTDATE="2019-12-13" ENDDATE="2025-11-01" ISACTUAL="0" ISACTIVE="0" /><HOUSE ID="58328492" OBJECTID="63993674" OBJECTGUID="6214cda6-d824-4aa4-99b2-a9587cde6765" CHANGEID="95478917" HOUSENUM="30" HOUSETYPE="3" OPERTYPEID="20" PREVID="38486569" NEXTID="129432914" UPDATEDATE="2025-11-01" STARTDATE="2014-01-10" ENDDATE="2025-11-01" ISACTUAL="0" ISACTIVE="0" /><HOUSE ID="58882712" OBJECTID="22582785" OBJECTGUID="69e38c1e-ab54-4a79-9d74-fe822f44dec3" CHANGEID="35188497" HOUSENUM="2а" HOUSETYPE="3" OPERTYPEID="20" PREVID="13327000" NEXTID="129418847" UPDATEDATE="2025-10-30" STARTDATE="2019-12-13" ENDDATE="2025-10-30" ISACTUAL="0" ISACTIVE="0" /><HOUSE ID="59023318" OBJECTID="70114780" OBJECTGUID="6be0b5af-d861-4016-a832-bfb41b00292b" CHANGEID="104479070" HOUSENUM="38" HOUSETYPE="3" OPERTYPEID="20" PREVID="42286699" NEXTID="129425009" UPDATEDATE="2025-10-31" STARTDATE="2014-01-10" ENDDATE="2025-10-31" ISACTUAL="0" ISACTIVE="0" /><HOUSE ID="59031379" OBJECTID="73386978" OBJECTGUID="6c0101ee-7d32-4010-9888-0dbce919ef2d" CHANGEID="109255816" HOUSENUM="39" HOUSETYPE="3" OPERTYPEID="20" PREVID="44307807" NEXTID="129432907" UPDATEDATE="2025-11-01" STARTDATE="2019-12-13" ENDDATE="2025-11-01" ISACTUAL="0" ISACTIVE="0" /><HOUSE ID="59175950" OBJECTID="54627703" OBJECTGUID="6e0a2241-b320-4a32-8673-145e22c3c255" CHANGEID="81736808" HOUSENUM="1" HOUSETYPE="3" OPERTYPEID="20" PREVID="32637845" NEXTID="129425940" UPDATEDATE="2025-10-31" STARTDATE="2019-12-13" ENDDATE="2025-10-31" ISACTUAL="0" ISACTIVE="0" /><HOUSE ID="59257013" OBJECTID="6906129" OBJECTGUID="6f2faced-444a-44e6-8ccb-f58f2fadd993" CHANGEID="11986007" HOUSENUM="6" HOUSETYPE="3" OPERTYPEID="20" PREVID="3312965" NEXTID="129412419" UPDATEDATE="2025-10-30" STARTDATE="2015-10-13" ENDDATE="2025-10-30" ISACTUAL="0" ISACTIVE="0" /><HOUSE ID="59258723" OBJECTID="13508580" OBJECTGUID="6f32e2be-f837-4254-a068-dcc454a9769c" CHANGEID="21678430" HOUSENUM="45" HOUSETYPE="3" OPERTYPEID="20" PREVID="7416763" NEXTID="129418816" UPDATEDATE="2025-10-30" STARTDATE="2019-12-13" ENDDATE="2025-10-30" ISACTUAL="0" ISACTIVE="0" /><HOUSE ID="59687062" OBJECTID="34986336" OBJECTGUID="753ee372-b91d-4a54-b6fa-8c96d14162e7" CHANGEID="53214397" HOUSENUM="11а" HOUSETYPE="3" OPERTYPEID="20" PREVID="20807026" NEXTID="129429581" UPDATEDATE="2025-10-31" STARTDATE="2014-01-10" ENDDATE="2025-10-31" ISACTUAL="0" ISACTIVE="0" /><HOUSE ID="59749370" OBJECTID="78258105" OBJECTGUID="761ecca2-c839-4c9e-9f3f-d647165667e5" CHANGEID="116341968" HOUSENUM="17" HOUSETYPE="2" OPERTYPEID="20" PREVID="47275255" NEXTID="129411735" UPDATEDATE="2025-10-30" STARTDATE="2014-01-10" ENDDATE="2025-10-30" ISACTUAL="0" ISACTIVE="0" /><HOUSE ID="59759390" OBJECTID="46308323" OBJECTGUID="7643493b-8b4a-448d-98b8-3a229d582216" CHANGEID="69708513" HOUSENUM="10" HOUSETYPE="3" OPERTYPEID="20" PREVID="27668095" NEXTID="129412274" UPDATEDATE="2025-10-30" STARTDATE="2014-01-10" ENDDATE="2025-10-30" ISACTUAL="0" ISACTIVE="0" /><HOUSE ID="59762354" OBJECTID="68632674" OBJECTGUID="764ffe31-cbb9-4ef4-9d49-fa1a9abbe6f6" CHANGEID="102309430" HOUSENUM="5" HOUSETYPE="3" OPERTYPEID="20" PREVID="41381030" NEXTID="129425005" UPDATEDATE="2025-10-31" STARTDATE="2019-12-13" ENDDATE="2025-10-31" ISACTUAL="0" ISACTIVE="0" /><HOUSE ID="59933753" OBJECTID="61760011" OBJECTGUID="78bbe68e-e544-4479-a354-dca114aafeaf" CHANGEID="92227855" HOUSENUM="22" HOUSETYPE="3" OPERTYPEID="20" PREVID="37099498" NEXTID="129425731" UPDATEDATE="2025-10-31" STARTDATE="2014-01-10" ENDDATE="2025-10-31" ISACTUAL="0" ISACTIVE="0" /><HOUSE ID="60173555" OBJECTID="11450793" OBJECTGUID="7c1cf337-5d40-47ae-a240-0bc9f76d9d09" CHANGEID="18631853" HOUSENUM="5" HOUSETYPE="3" OPERTYPEID="20" PREVID="6123873" NEXTID="129411921" UPDATEDATE="2025-10-30" STARTDATE="2014-01-10" ENDDATE="2025-10-30" ISACTUAL="0" ISACTIVE="0" /><HOUSE ID="60323670" OBJECTID="22580948" OBJECTGUID="7e3b3b1d-e602-40c1-b321-ffddd5e2f8c9" CHANGEID="35185271" HOUSENUM="4" HOUSETYPE="3" OPERTYPEID="20" PREVID="13325917" NEXTID="129418842" UPDATEDATE="2025-10-30" STARTDATE="2019-12-13" ENDDATE="2025-10-30" ISACTUAL="0" ISACTIVE="0" /><HOUSE ID="60370358" OBJECTID="59789173" OBJECTGUID="7ee3b8b7-0575-4a39-8bd8-26214f558ebd" CHANGEID="89300861" HOUSENUM="7" HOUSETYPE="3" OPERTYPEID="20" PREVID="35813005" NEXTID="129437357" UPDATEDATE="2025-11-01" STARTDATE="2019-12-11" ENDDATE="2025-11-01" ISACTUAL="0" ISACTIVE="0" /><HOUSE ID="60475088" OBJECTID="14287520" OBJECTGUID="80602523-68cc-4e44-bb22-41e842a6167d" CHANGEID="22849536" HOUSENUM="18" HOUSETYPE="3" OPERTYPEID="20" PREVID="7935322" NEXTID="129426142" UPDATEDATE="2025-10-31" STARTDATE="2019-12-11" ENDDATE="2025-10-31" ISACTUAL="0" ISACTIVE="0" /><HOUSE ID="60535481" OBJECTID="37404637" OBJECTGUID="8138809e-9264-49e5-823d-a45b21eda040" CHANGEID="56752441" HOUSENUM="57" HOUSETYPE="3" OPERTYPEID="20" PREVID="22314704" NEXTID="129433102" UPDATEDATE="2025-11-01" STARTDATE="2014-01-10" ENDDATE="2025-11-01" ISACTUAL="0" ISACTIVE="0" /><HOUSE ID="60833824" OBJECTID="71724145" OBJECTGUID="8571ce57-0f00-47ba-977a-bf47a1808a85" CHANGEID="106824880" HOUSENUM="1" HOUSETYPE="3" OPERTYPEID="20" PREVID="43270207" NEXTID="129411734" UPDATEDATE="2025-10-30" STARTDATE="2014-01-10" ENDDATE="2025-10-30" ISACTUAL="0" ISACTIVE="0" /><HOUSE ID="61215557" OBJECTID="46306953" OBJECTGUID="8ad3baf3-b853-4a04-b0a5-d93cfbd121af" CHANGEID="69707513" HOUSENUM="17" HOUSETYPE="3" OPERTYPEID="20" PREVID="27667070" NEXTID="129412271" UPDATEDATE="2025-10-30" STARTDATE="2014-01-10" ENDDATE="2025-10-30" ISACTUAL="0" ISACTIVE="0" /><HOUSE ID="124249203" OBJECTID="158509248" OBJECTGUID="f5097491-5f38-483a-a501-c96a816ad72f" CHANGEID="498957441" HOUSENUM="16" HOUSETYPE="2" OPERTYPEID="10" PREVID="0" NEXTID="129432964" UPDATEDATE="2025-11-01" STARTDATE="2023-04-06" ENDDATE="2025-11-01" ISACTUAL="0" ISACTIVE="0" /><HOUSE ID="61568230" OBJECTID="56658996" OBJECTGUID="8fcbe68a-e765-4f85-a443-6e5826e4c452" CHANGEID="84731136" HOUSENUM="1955" HOUSETYPE="3" OPERTYPEID="20" PREVID="33909238" NEXTID="129412537" UPDATEDATE="2025-10-30" STARTDATE="2014-01-10" ENDDATE="2025-10-30" ISACTUAL="0" ISACTIVE="0" /><HOUSE ID="61685502" OBJECTID="37406139" OBJECTGUID="91775109-6752-4299-86c5-bd945d4ffca1" CHANGEID="56755029" HOUSENUM="14" HOUSETYPE="3" OPERTYPEID="20" PREVID="22315539" NEXTID="129433103" UPDATEDATE="2025-11-01" STARTDATE="2014-01-10" ENDDATE="2025-11-01" ISACTUAL="0" ISACTIVE="0" /><HOUSE ID="61919363" OBJECTID="4832442" OBJECTGUID="94c5d8f4-6a17-41bb-977e-8dc3f11ce003" CHANGEID="8936527" HOUSENUM="25" HOUSETYPE="3" OPERTYPEID="20" PREVID="2012628" NEXTID="129411920" UPDATEDATE="2025-10-30" STARTDATE="2014-01-10" ENDDATE="2025-10-30" ISACTUAL="0" ISACTIVE="0" /><HOUSE ID="62487198" OBJECTID="68630737" OBJECTGUID="9cc23f1d-f79d-4ac8-ad86-d7ee66f1692f" CHANGEID="102306517" HOUSENUM="20" HOUSETYPE="3" OPERTYPEID="20" PREVID="41379442" NEXTID="129425004" UPDATEDATE="2025-10-31" STARTDATE="2019-12-13" ENDDATE="2025-10-31" ISACTUAL="0" ISACTIVE="0" /><HOUSE ID="62602411" OBJECTID="22969041" OBJECTGUID="9e615806-ffcc-4e98-8000-88f88808bbc0" CHANGEID="35742143" HOUSENUM="11" HOUSETYPE="3" OPERTYPEID="20" PREVID="13548406" NEXTID="129411728" UPDATEDATE="2025-10-30" STARTDATE="2014-01-10" ENDDATE="2025-10-30" ISACTUAL="0" ISACTIVE="0" /><HOUSE ID="64348490" OBJECTID="22935101" OBJECTGUID="b70985e7-d187-4eb8-8705-07c12fa81bda" CHANGEID="35693727" HOUSENUM="10" HOUSETYPE="3" OPERTYPEID="20" PREVID="13529684" NEXTID="129411886" UPDATEDATE="2025-10-30" STARTDATE="2014-01-10" ENDDATE="2025-10-30" ISACTUAL="0" ISACTIVE="0" /><HOUSE ID="64996779" OBJECTID="25361823" OBJECTGUID="c0307f44-5122-433e-b14d-e86d54073ead" CHANGEID="39244187" HOUSENUM="5" HOUSETYPE="3" OPERTYPEID="20" PREVID="15012241" NEXTID="129412539" UPDATEDATE="2025-10-30" STARTDATE="2014-01-10" ENDDATE="2025-10-30" ISACTUAL="0" ISACTIVE="0" /><HOUSE ID="65293546" OBJECTID="45135861" OBJECTGUID="c4602b51-2b34-4a36-9bbd-5ebc3e1d8a77" CHANGEID="68007312" HOUSENUM="1" HOUSETYPE="3" OPERTYPEID="20" PREVID="26955971" NEXTID="129426412" UPDATEDATE="2025-10-31" STARTDATE="2019-12-13" ENDDATE="2025-10-31" ISACTUAL="0" ISACTIVE="0" /><HOUSE ID="66151729" OBJECTID="57397868" OBJECTGUID="d0852b00-e797-4e36-94cb-6a19940b8265" CHANGEID="85822955" HOUSENUM="9а" HOUSETYPE="3" OPERTYPEID="20" PREVID="34360077" NEXTID="129425547" UPDATEDATE="2025-10-31" STARTDATE="2014-01-10" ENDDATE="2025-10-31" ISACTUAL="0" ISACTIVE="0" /><HOUSE ID="67021029" OBJECTID="48658303" OBJECTGUID="dcc9db8b-ce1c-4732-8c8d-b13673672ab4" CHANGEID="73118291" HOUSENUM="2" HOUSETYPE="3" OPERTYPEID="20" PREVID="29092670" NEXTID="129426420" UPDATEDATE="2025-10-31" STARTDATE="2019-12-11" ENDDATE="2025-10-31" ISACTUAL="0" ISACTIVE="0" /><HOUSE ID="67331872" OBJECTID="17391221" OBJECTGUID="e12fc137-9c68-4e05-82e6-9ae3852da877" CHANGEID="27474977" HOUSENUM="2" HOUSETYPE="3" OPERTYPEID="20" PREVID="9963888" NEXTID="129411712" UPDATEDATE="2025-10-30" STARTDATE="2019-12-11" ENDDATE="2025-10-30" ISACTUAL="0" ISACTIVE="0" /><HOUSE ID="67425246" OBJECTID="62850247" OBJECTGUID="e2806a57-dd9b-4abb-97c1-734f92adc777" CHANGEID="93826025" HOUSENUM="5" HOUSETYPE="3" OPERTYPEID="20" PREVID="37793706" NEXTID="129411732" UPDATEDATE="2025-10-30" STARTDATE="2014-01-10" ENDDATE="2025-10-30" ISACTUAL="0" ISACTIVE="0" /><HOUSE ID="67594330" OBJECTID="78444987" OBJECTGUID="e4e40b0f-83fd-480f-88a9-7e4933344ef9" CHANGEID="116616520" HOUSENUM="129А" HOUSETYPE="2" OPERTYPEID="20" PREVID="47388760" NEXTID="129432963" UPDATEDATE="2025-11-01" STARTDATE="2019-12-11" ENDDATE="2025-11-01" ISACTUAL="0" ISACTIVE="0" /><HOUSE ID="68001681" OBJECTID="78378269" OBJECTGUID="eaa47c3a-bff0-40eb-ac33-8a867cda14a5" CHANGEID="116522849" HOUSENUM="125" HOUSETYPE="2" OPERTYPEID="20" PREVID="47351864" NEXTID="129432961" UPDATEDATE="2025-11-01" STARTDATE="2019-12-11" ENDDATE="2025-11-01" ISACTUAL="0" ISACTIVE="0" /><HOUSE ID="68741082" OBJECTID="57704567" OBJECTGUID="f5184ba9-69ca-4146-9932-0d3371f32830" CHANGEID="86263316" HOUSENUM="87" HOUSETYPE="3" OPERTYPEID="20" PREVID="34539012" NEXTID="129419282" UPDATEDATE="2025-10-30" STARTDATE="2019-12-13" ENDDATE="2025-10-30" ISACTUAL="0" ISACTIVE="0" /><HOUSE ID="68809742" OBJECTID="68747818" OBJECTGUID="f6114219-7a67-4f44-a666-d430db901e79" CHANGEID="102479938" HOUSENUM="18" HOUSETYPE="3" OPERTYPEID="20" PREVID="41451682" NEXTID="129425002" UPDATEDATE="2025-10-31" STARTDATE="2019-12-13" ENDDATE="2025-10-31" ISACTUAL="0" ISACTIVE="0" /><HOUSE ID="69046841" OBJECTID="73262893" OBJECTGUID="f966bde5-251f-4443-975e-0d22a83463e4" CHANGEID="109081609" HOUSENUM="25" HOUSETYPE="3" OPERTYPEID="20" PREVID="44239825" NEXTID="129432904" UPDATEDATE="2025-11-01" STARTDATE="2019-12-13" ENDDATE="2025-11-01" ISACTUAL="0" ISACTIVE="0" /><HOUSE ID="69594189" OBJECTID="96376489" OBJECTGUID="0959e142-4def-486e-b543-a6d3ba4d8690" CHANGEID="145637604" HOUSENUM="2" HOUSETYPE="2" OPERTYPEID="10" PREVID="0" NEXTID="129411888" UPDATEDATE="2025-10-30" STARTDATE="2020-04-17" ENDDATE="2025-10-30" ISACTUAL="0" ISACTIVE="0" /><HOUSE ID="69594187" OBJECTID="96376487" OBJECTGUID="bd173b72-f8bf-4895-b5f3-c08ece60a319" CHANGEID="145637602" HOUSENUM="4" HOUSETYPE="2" OPERTYPEID="10" PREVID="0" NEXTID="129416825" UPDATEDATE="2025-10-30" STARTDATE="2020-04-17" ENDDATE="2025-10-30" ISACTUAL="0" ISACTIVE="0" /><HOUSE ID="69594188" OBJECTID="96376488" OBJECTGUID="6e70ad9c-9f01-4363-9011-6079d49de66f" CHANGEID="145637603" HOUSENUM="23" HOUSETYPE="2" OPERTYPEID="10" PREVID="0" NEXTID="129416870" UPDATEDATE="2025-10-30" STARTDATE="2020-04-17" ENDDATE="2025-10-30" ISACTUAL="0" ISACTIVE="0" /><HOUSE ID="5341020" OBJECTID="10221944" OBJECTGUID="666bbcff-d422-4054-9706-eb01435ce524" CHANGEID="16824001" HOUSENUM="9" HOUSETYPE="2" OPERTYPEID="10" PREVID="0" NEXTID="129411707" UPDATEDATE="2025-10-30" STARTDATE="2018-05-09" ENDDATE="2025-10-30" ISACTUAL="0" ISACTIVE="0" /><HOUSE ID="6142861" OBJECTID="11485313" OBJECTGUID="03027ad8-e865-4c06-ac2a-05fb44ef7bd1" CHANGEID="18679617" HOUSENUM="26" HOUSETYPE="2" OPERTYPEID="10" PREVID="0" NEXTID="129425003" UPDATEDATE="2025-10-31" STARTDATE="2019-03-01" ENDDATE="2025-10-31" ISACTUAL="0" ISACTIVE="0" /><HOUSE ID="17699570" OBJECTID="29880578" OBJECTGUID="ca23fddc-e5cb-4edd-91d7-61592685abf1" CHANGEID="45795591" HOUSENUM="26" ADDNUM1="А" HOUSETYPE="2" ADDTYPE1="4" OPERTYPEID="10" PREVID="0" NEXTID="129425012" UPDATEDATE="2025-10-31" STARTDATE="2018-04-05" ENDDATE="2025-10-31" ISACTUAL="0" ISACTIVE="0" /><HOUSE ID="55645945" OBJECTID="14409726" OBJECTGUID="3c3357db-329b-49d7-8b19-390ea1d64983" CHANGEID="23040152" HOUSENUM="54" HOUSETYPE="3" OPERTYPEID="20" PREVID="8026504" NEXTID="129412050" UPDATEDATE="2025-10-30" STARTDATE="2014-01-10" ENDDATE="2025-10-30" ISACTUAL="0" ISACTIVE="0" /><HOUSE ID="63703708" OBJECTID="78481061" OBJECTGUID="adf38e89-f95c-494a-8fb0-3166ebc36c14" CHANGEID="116669938" HOUSENUM="127" HOUSETYPE="2" OPERTYPEID="20" PREVID="47412496" NEXTID="129432962" UPDATEDATE="2025-11-01" STARTDATE="2019-12-11" ENDDATE="2025-11-01" ISACTUAL="0" ISACTIVE="0" /><HOUSE ID="63767602" OBJECTID="72101607" OBJECTGUID="aed7c184-49dd-4233-b639-b0fc34f19ff0" CHANGEID="107365217" HOUSENUM="2" HOUSETYPE="3" OPERTYPEID="20" PREVID="43488726" NEXTID="129416848" UPDATEDATE="2025-10-30" STARTDATE="2014-01-10" ENDDATE="2025-10-30" ISACTUAL="0" ISACTIVE="0" /><HOUSE ID="55774687" OBJECTID="84242299" OBJECTGUID="3e0630c9-de20-49ca-867c-0756844a8ebe" CHANGEID="125145479" HOUSENUM="9" HOUSETYPE="3" OPERTYPEID="20" PREVID="51023506" NEXTID="129426091" UPDATEDATE="2025-10-31" STARTDATE="2015-11-05" ENDDATE="2025-10-31" ISACTUAL="0" ISACTIVE="0" /><HOUSE ID="30603099" OBJECTID="51231422" OBJECTGUID="0d499340-47b0-4ff9-b84d-8898668f8b7d" CHANGEID="76813667" HOUSENUM="9/1" HOUSETYPE="2" OPERTYPEID="10" PREVID="0" NEXTID="129428199" UPDATEDATE="2025-10-31" STARTDATE="2018-12-17" ENDDATE="2025-10-31" ISACTUAL="0" ISACTIVE="0" /><HOUSE ID="37659099" OBJECTID="62650245" OBJECTGUID="fb4a11a3-2a7d-4825-a4e2-1ef54fd06500" CHANGEID="93524785" HOUSENUM="4" HOUSETYPE="2" OPERTYPEID="10" PREVID="0" NEXTID="129433116" UPDATEDATE="2025-11-01" STARTDATE="2016-11-06" ENDDATE="2025-11-01" ISACTUAL="0" ISACTIVE="0" /><HOUSE ID="55974647" OBJECTID="51610135" OBJECTGUID="40d94193-cd02-43fb-9314-d85df23200e5" CHANGEID="77362007" HOUSENUM="2" HOUSETYPE="3" OPERTYPEID="20" PREVID="30833808" NEXTID="129412547" UPDATEDATE="2025-10-30" STARTDATE="2014-01-10" ENDDATE="2025-10-30" ISACTUAL="0" ISACTIVE="0" /><HOUSE ID="45147101" OBJECTID="74783689" OBJECTGUID="a5691af5-ca95-4ae6-9cf5-af2868e0b18f" CHANGEID="111281012" HOUSENUM="1" HOUSETYPE="2" OPERTYPEID="10" PREVID="0" NEXTID="129411889" UPDATEDATE="2025-10-30" STARTDATE="2019-02-22" ENDDATE="2025-10-30" ISACTUAL="0" ISACTIVE="0" /><HOUSE ID="56092668" OBJECTID="38427494" OBJECTGUID="4283931d-4bdd-4695-a1e7-a3d1dd444de2" CHANGEID="58266245" HOUSENUM="10" HOUSETYPE="2" OPERTYPEID="20" PREVID="22958900" NEXTID="129426426" UPDATEDATE="2025-10-31" STARTDATE="2019-12-13" ENDDATE="2025-10-31" ISACTUAL="0" ISACTIVE="0" /><HOUSE ID="51646995" OBJECTID="66269936" OBJECTGUID="03c28d4e-1a38-4d2f-b14a-c3db4f543898" CHANGEID="98838187" HOUSENUM="4" HOUSETYPE="3" OPERTYPEID="20" PREVID="39907497" NEXTID="129426421" UPDATEDATE="2025-10-31" STARTDATE="2019-12-13" ENDDATE="2025-10-31" ISACTUAL="0" ISACTIVE="0" /><HOUSE ID="51731126" OBJECTID="48095055" OBJECTGUID="04f21fb9-0ae0-4c31-b8ea-b8629d84fb3e" CHANGEID="72286373" HOUSENUM="14" HOUSETYPE="3" OPERTYPEID="20" PREVID="28736106" NEXTID="129412268" UPDATEDATE="2025-10-30" STARTDATE="2014-01-10" ENDDATE="2025-10-30" ISACTUAL="0" ISACTIVE="0" /><HOUSE ID="51926929" OBJECTID="24379184" OBJECTGUID="07b285fa-c7f8-450b-8fd9-0b4fcc71207c" CHANGEID="37789924" HOUSENUM="16" HOUSETYPE="3" OPERTYPEID="20" PREVID="14395108" NEXTID="129418851" UPDATEDATE="2025-10-30" STARTDATE="2019-12-13" ENDDATE="2025-10-30" ISACTUAL="0" ISACTIVE="0" /><HOUSE ID="52725740" OBJECTID="1775112" OBJECTGUID="12fdeea2-19c9-421f-befb-cb54fcdaffce" CHANGEID="4525629" HOUSENUM="56" HOUSETYPE="3" OPERTYPEID="20" PREVID="202222" NEXTID="129411729" UPDATEDATE="2025-10-30" STARTDATE="2014-01-10" ENDDATE="2025-10-30" ISACTUAL="0" ISACTIVE="0" /><HOUSE ID="53376096" OBJECTID="11514968" OBJECTGUID="1c2a8c87-fc55-416f-b45e-06072b9a56b5" CHANGEID="18723556" HOUSENUM="5а" HOUSETYPE="3" OPERTYPEID="20" PREVID="6161174" NEXTID="129426117" UPDATEDATE="2025-10-31" STARTDATE="2015-11-05" ENDDATE="2025-10-31" ISACTUAL="0" ISACTIVE="0" /><HOUSE ID="53586385" OBJECTID="34045315" OBJECTGUID="1f26ae28-fdec-44d6-b7b4-7cead724eeaf" CHANGEID="51853170" HOUSENUM="10" HOUSETYPE="3" OPERTYPEID="20" PREVID="20242090" NEXTID="129426129" UPDATEDATE="2025-10-31" STARTDATE="2019-12-11" ENDDATE="2025-10-31" ISACTUAL="0" ISACTIVE="0" /><HOUSE ID="53648501" OBJECTID="34831564" OBJECTGUID="2002f921-8058-4ed7-9a68-ed90c4f10285" CHANGEID="52998991" HOUSENUM="26" HOUSETYPE="3" OPERTYPEID="20" PREVID="20720693" NEXTID="129429126" UPDATEDATE="2025-10-31" STARTDATE="2014-01-10" ENDDATE="2025-10-31" ISACTUAL="0" ISACTIVE="0" /><HOUSE ID="53823466" OBJECTID="9692536" OBJECTGUID="227d5991-e2b6-4078-ae12-27bdc3918a2b" CHANGEID="16076905" HOUSENUM="14" HOUSETYPE="3" OPERTYPEID="20" PREVID="5049906" NEXTID="129426409" UPDATEDATE="2025-10-31" STARTDATE="2019-12-13" ENDDATE="2025-10-31" ISACTUAL="0" ISACTIVE="0" /><HOUSE ID="53836008" OBJECTID="78418284" OBJECTGUID="22ad7a62-27e1-4a33-8f15-2678f63e96e3" CHANGEID="116579059" HOUSENUM="129" HOUSETYPE="3" OPERTYPEID="20" PREVID="47372844" NEXTID="129432958" UPDATEDATE="2025-11-01" STARTDATE="2019-12-11" ENDDATE="2025-11-01" ISACTUAL="0" ISACTIVE="0" /><HOUSE ID="53896942" OBJECTID="37385288" OBJECTGUID="23898eb3-9c34-4eca-9156-769c028c92d6" CHANGEID="56723816" HOUSENUM="60" HOUSETYPE="3" OPERTYPEID="20" PREVID="22302360" NEXTID="129433097" UPDATEDATE="2025-11-01" STARTDATE="2014-01-10" ENDDATE="2025-11-01" ISACTUAL="0" ISACTIVE="0" /><HOUSE ID="54125017" OBJECTID="82189181" OBJECTGUID="26c0ecd7-29c8-4708-ad20-76f0ba475a1b" CHANGEID="122120930" HOUSENUM="6" HOUSETYPE="3" OPERTYPEID="20" PREVID="49747498" NEXTID="129432912" UPDATEDATE="2025-11-01" STARTDATE="2014-01-10" ENDDATE="2025-11-01" ISACTUAL="0" ISACTIVE="0" /><HOUSE ID="127512588" OBJECTID="168864441" OBJECTGUID="0faa2918-ccc9-4100-b1a6-90bed0272722" CHANGEID="609765918" HOUSENUM="117а" HOUSETYPE="2" OPERTYPEID="10" PREVID="0" NEXTID="129432957" UPDATEDATE="2025-11-01" STARTDATE="2024-12-18" ENDDATE="2025-11-01" ISACTUAL="0" ISACTIVE="0" /><HOUSE ID="127512589" OBJECTID="168864443" OBJECTGUID="0b2f9c41-7d4c-4b35-89d8-c1736b614cc6" CHANGEID="609765920" HOUSENUM="121а" HOUSETYPE="2" OPERTYPEID="10" PREVID="0" NEXTID="129432960" UPDATEDATE="2025-11-01" STARTDATE="2024-12-18" ENDDATE="2025-11-01" ISACTUAL="0" ISACTIVE="0" /><HOUSE ID="128856635" OBJECTID="10624899" OBJECTGUID="eb752466-d758-4ab1-83c7-99d36ae5af66" CHANGEID="656864156" HOUSENUM="2" HOUSETYPE="2" OPERTYPEID="20" PREVID="68059021" NEXTID="129432968" UPDATEDATE="2025-11-01" STARTDATE="2025-08-11" ENDDATE="2025-11-01" ISACTUAL="0" ISACTIVE="0" /><HOUSE ID="129411707" OBJECTID="10221944" OBJECTGUID="666bbcff-d422-4054-9706-eb01435ce524" CHANGEID="691442199" HOUSENUM="9" HOUSETYPE="2" OPERTYPEID="30" PREVID="5341020" NEXTID="0" UPDATEDATE="2025-10-30" STARTDATE="2025-10-30" ENDDATE="2079-06-06" ISACTUAL="1" ISACTIVE="0" /><HOUSE ID="129411708" OBJECTID="10238138" OBJECTGUID="5507dd9c-e7d1-4164-a608-d22c583f7e5a" CHANGEID="691442200" HOUSENUM="37" HOUSETYPE="2" OPERTYPEID="20" PREVID="57404652" UPDATEDATE="2025-10-30" STARTDATE="2025-10-30" ENDDATE="2079-06-06" ISACTUAL="1" ISACTIVE="1" /><HOUSE ID="129411712" OBJECTID="17391221" OBJECTGUID="e12fc137-9c68-4e05-82e6-9ae3852da877" CHANGEID="691442206" HOUSENUM="2" HOUSETYPE="2" OPERTYPEID="20" PREVID="67331872" UPDATEDATE="2025-10-30" STARTDATE="2025-10-30" ENDDATE="2079-06-06" ISACTUAL="1" ISACTIVE="1" /><HOUSE ID="129411729" OBJECTID="1775112" OBJECTGUID="12fdeea2-19c9-421f-befb-cb54fcdaffce" CHANGEID="691442223" HOUSENUM="56" HOUSETYPE="2" OPERTYPEID="20" PREVID="52725740" UPDATEDATE="2025-10-30" STARTDATE="2025-10-30" ENDDATE="2079-06-06" ISACTUAL="1" ISACTIVE="1" /><HOUSE ID="62798442" OBJECTID="14416422" OBJECTGUID="a125fa5c-dcca-410a-ab8b-16bbee7aa896" CHANGEID="23050149" HOUSENUM="40" HOUSETYPE="3" OPERTYPEID="20" PREVID="8031343" NEXTID="129411730" UPDATEDATE="2025-10-30" STARTDATE="2014-01-10" ENDDATE="2025-10-30" ISACTUAL="0" ISACTIVE="0" /><HOUSE ID="129411730" OBJECTID="14416422" OBJECTGUID="a125fa5c-dcca-410a-ab8b-16bbee7aa896" CHANGEID="691442225" HOUSENUM="40" HOUSETYPE="2" OPERTYPEID="20" PREVID="62798442" UPDATEDATE="2025-10-30" STARTDATE="2025-10-30" ENDDATE="2079-06-06" ISACTUAL="1" ISACTIVE="1" /><HOUSE ID="65869745" OBJECTID="14430497" OBJECTGUID="cc817422-63ca-41fd-8faf-17116f181f28" CHANGEID="23071614" HOUSENUM="57" HOUSETYPE="3" OPERTYPEID="20" PREVID="8041234" NEXTID="129411731" UPDATEDATE="2025-10-30" STARTDATE="2014-01-10" ENDDATE="2025-10-30" ISACTUAL="0" ISACTIVE="0" /><HOUSE ID="129411731" OBJECTID="14430497" OBJECTGUID="cc817422-63ca-41fd-8faf-17116f181f28" CHANGEID="691442228" HOUSENUM="57" HOUSETYPE="2" OPERTYPEID="20" PREVID="65869745" UPDATEDATE="2025-10-30" STARTDATE="2025-10-30" ENDDATE="2079-06-06" ISACTUAL="1" ISACTIVE="1" /><HOUSE ID="129411733" OBJECTID="62875702" OBJECTGUID="5aa195d1-3970-4a9d-9bb3-a10993878b55" CHANGEID="691442230" HOUSENUM="7" HOUSETYPE="2" OPERTYPEID="20" PREVID="57800610" UPDATEDATE="2025-10-30" STARTDATE="2025-10-30" ENDDATE="2079-06-06" ISACTUAL="1" ISACTIVE="1" /><HOUSE ID="129411728" OBJECTID="22969041" OBJECTGUID="9e615806-ffcc-4e98-8000-88f88808bbc0" CHANGEID="691442222" HOUSENUM="11" HOUSETYPE="2" OPERTYPEID="20" PREVID="62602411" UPDATEDATE="2025-10-30" STARTDATE="2025-10-30" ENDDATE="2079-06-06" ISACTUAL="1" ISACTIVE="1" /><HOUSE ID="129411732" OBJECTID="62850247" OBJECTGUID="e2806a57-dd9b-4abb-97c1-734f92adc777" CHANGEID="691442229" HOUSENUM="5" HOUSETYPE="5" OPERTYPEID="20" PREVID="67425246" UPDATEDATE="2025-10-30" STARTDATE="2025-10-30" ENDDATE="2079-06-06" ISACTUAL="1" ISACTIVE="1" /><HOUSE ID="129411734" OBJECTID="71724145" OBJECTGUID="8571ce57-0f00-47ba-977a-bf47a1808a85" CHANGEID="691442231" HOUSENUM="1" HOUSETYPE="2" OPERTYPEID="20" PREVID="60833824" UPDATEDATE="2025-10-30" STARTDATE="2025-10-30" ENDDATE="2079-06-06" ISACTUAL="1" ISACTIVE="1" /><HOUSE ID="129411735" OBJECTID="78258105" OBJECTGUID="761ecca2-c839-4c9e-9f3f-d647165667e5" CHANGEID="691442233" HOUSENUM="17" HOUSETYPE="5" OPERTYPEID="20" PREVID="59749370" UPDATEDATE="2025-10-30" STARTDATE="2025-10-30" ENDDATE="2079-06-06" ISACTUAL="1" ISACTIVE="1" /><HOUSE ID="129411888" OBJECTID="96376489" OBJECTGUID="0959e142-4def-486e-b543-a6d3ba4d8690" CHANGEID="691443245" HOUSENUM="2" HOUSETYPE="2" OPERTYPEID="30" PREVID="69594189" NEXTID="0" UPDATEDATE="2025-10-30" STARTDATE="2025-10-30" ENDDATE="2079-06-06" ISACTUAL="1" ISACTIVE="0" /><HOUSE ID="129411885" OBJECTID="17392526" OBJECTGUID="a146193d-1ef5-4f53-9303-909d77c6a727" CHANGEID="691443238" HOUSENUM="9" HOUSETYPE="2" OPERTYPEID="30" PREVID="9964837" NEXTID="0" UPDATEDATE="2025-10-30" STARTDATE="2025-10-30" ENDDATE="2079-06-06" ISACTUAL="1" ISACTIVE="0" /><HOUSE ID="9964837" OBJECTID="17392526" OBJECTGUID="a146193d-1ef5-4f53-9303-909d77c6a727" CHANGEID="27476639" HOUSENUM="9" HOUSETYPE="2" OPERTYPEID="10" PREVID="0" NEXTID="129411885" UPDATEDATE="2025-10-30" STARTDATE="2018-05-09" ENDDATE="2025-10-30" ISACTUAL="0" ISACTIVE="0" /><HOUSE ID="129411886" OBJECTID="22935101" OBJECTGUID="b70985e7-d187-4eb8-8705-07c12fa81bda" CHANGEID="691443240" HOUSENUM="10" HOUSETYPE="3" OPERTYPEID="30" PREVID="64348490" NEXTID="0" UPDATEDATE="2025-10-30" STARTDATE="2025-10-30" ENDDATE="2079-06-06" ISACTUAL="1" ISACTIVE="0" /><HOUSE ID="129411887" OBJECTID="24929353" OBJECTGUID="6ba20bac-dfd3-46f7-a5f7-f2d4eb3804f7" CHANGEID="691443244" HOUSENUM="12а" HOUSETYPE="2" OPERTYPEID="30" PREVID="14746723" NEXTID="0" UPDATEDATE="2025-10-30" STARTDATE="2025-10-30" ENDDATE="2079-06-06" ISACTUAL="1" ISACTIVE="0" /><HOUSE ID="14746723" OBJECTID="24929353" OBJECTGUID="6ba20bac-dfd3-46f7-a5f7-f2d4eb3804f7" CHANGEID="38612099" HOUSENUM="12а" HOUSETYPE="2" OPERTYPEID="10" PREVID="0" NEXTID="129411887" UPDATEDATE="2025-10-30" STARTDATE="2018-05-09" ENDDATE="2025-10-30" ISACTUAL="0" ISACTIVE="0" /><HOUSE ID="129411889" OBJECTID="74783689" OBJECTGUID="a5691af5-ca95-4ae6-9cf5-af2868e0b18f" CHANGEID="691443246" HOUSENUM="1" HOUSETYPE="2" OPERTYPEID="30" PREVID="45147101" NEXTID="0" UPDATEDATE="2025-10-30" STARTDATE="2025-10-30" ENDDATE="2079-06-06" ISACTUAL="1" ISACTIVE="0" /><HOUSE ID="129411918" OBJECTID="4799254" OBJECTGUID="5c8b1376-9dc0-4758-ac66-ed3e94c2f4ae" CHANGEID="691443465" HOUSENUM="79" HOUSETYPE="2" OPERTYPEID="20" PREVID="57936789" UPDATEDATE="2025-10-30" STARTDATE="2025-10-30" ENDDATE="2079-06-06" ISACTUAL="1" ISACTIVE="1" /><HOUSE ID="129411920" OBJECTID="4832442" OBJECTGUID="94c5d8f4-6a17-41bb-977e-8dc3f11ce003" CHANGEID="691443519" HOUSENUM="25" HOUSETYPE="2" OPERTYPEID="20" PREVID="61919363" UPDATEDATE="2025-10-30" STARTDATE="2025-10-30" ENDDATE="2079-06-06" ISACTUAL="1" ISACTIVE="1" /><HOUSE ID="129411916" OBJECTID="4795472" OBJECTGUID="536a1999-9495-496a-838e-9a47a89ebb0c" CHANGEID="691443458" HOUSENUM="75" HOUSETYPE="2" OPERTYPEID="20" PREVID="57289676" UPDATEDATE="2025-10-30" STARTDATE="2025-10-30" ENDDATE="2079-06-06" ISACTUAL="1" ISACTIVE="1" /><HOUSE ID="129411921" OBJECTID="11450793" OBJECTGUID="7c1cf337-5d40-47ae-a240-0bc9f76d9d09" CHANGEID="691443538" HOUSENUM="5" HOUSETYPE="2" OPERTYPEID="20" PREVID="60173555" UPDATEDATE="2025-10-30" STARTDATE="2025-10-30" ENDDATE="2079-06-06" ISACTUAL="1" ISACTIVE="1" /><HOUSE ID="129412050" OBJECTID="14409726" OBJECTGUID="3c3357db-329b-49d7-8b19-390ea1d64983" CHANGEID="691444143" HOUSENUM="54" HOUSETYPE="2" OPERTYPEID="20" PREVID="55645945" UPDATEDATE="2025-10-30" STARTDATE="2025-10-30" ENDDATE="2079-06-06" ISACTUAL="1" ISACTIVE="1" /><HOUSE ID="129412268" OBJECTID="48095055" OBJECTGUID="04f21fb9-0ae0-4c31-b8ea-b8629d84fb3e" CHANGEID="691444828" HOUSENUM="14" HOUSETYPE="2" OPERTYPEID="20" PREVID="51731126" UPDATEDATE="2025-10-30" STARTDATE="2025-10-30" ENDDATE="2079-06-06" ISACTUAL="1" ISACTIVE="1" /><HOUSE ID="129412271" OBJECTID="46306953" OBJECTGUID="8ad3baf3-b853-4a04-b0a5-d93cfbd121af" CHANGEID="691444855" HOUSENUM="17" HOUSETYPE="2" OPERTYPEID="20" PREVID="61215557" UPDATEDATE="2025-10-30" STARTDATE="2025-10-30" ENDDATE="2079-06-06" ISACTUAL="1" ISACTIVE="1" /><HOUSE ID="129412274" OBJECTID="46308323" OBJECTGUID="7643493b-8b4a-448d-98b8-3a229d582216" CHANGEID="691444931" HOUSENUM="10" HOUSETYPE="2" OPERTYPEID="20" PREVID="59759390" UPDATEDATE="2025-10-30" STARTDATE="2025-10-30" ENDDATE="2079-06-06" ISACTUAL="1" ISACTIVE="1" /><HOUSE ID="129412419" OBJECTID="6906129" OBJECTGUID="6f2faced-444a-44e6-8ccb-f58f2fadd993" CHANGEID="691445833" HOUSENUM="6" HOUSETYPE="2" OPERTYPEID="20" PREVID="59257013" UPDATEDATE="2025-10-30" STARTDATE="2025-10-30" ENDDATE="2079-06-06" ISACTUAL="1" ISACTIVE="1" /><HOUSE ID="129412537" OBJECTID="56658996" OBJECTGUID="8fcbe68a-e765-4f85-a443-6e5826e4c452" CHANGEID="691446816" HOUSENUM="1955" HOUSETYPE="3" OPERTYPEID="30" PREVID="61568230" NEXTID="0" UPDATEDATE="2025-10-30" STARTDATE="2025-10-30" ENDDATE="2079-06-06" ISACTUAL="1" ISACTIVE="0" /><HOUSE ID="129412539" OBJECTID="25361823" OBJECTGUID="c0307f44-5122-433e-b14d-e86d54073ead" CHANGEID="691446881" HOUSENUM="5" HOUSETYPE="2" OPERTYPEID="20" PREVID="64996779" UPDATEDATE="2025-10-30" STARTDATE="2025-10-30" ENDDATE="2079-06-06" ISACTUAL="1" ISACTIVE="1" /><HOUSE ID="129412547" OBJECTID="51610135" OBJECTGUID="40d94193-cd02-43fb-9314-d85df23200e5" CHANGEID="691446921" HOUSENUM="2" HOUSETYPE="2" OPERTYPEID="20" PREVID="55974647" UPDATEDATE="2025-10-30" STARTDATE="2025-10-30" ENDDATE="2079-06-06" ISACTUAL="1" ISACTIVE="1" /><HOUSE ID="129414563" OBJECTID="175594415" OBJECTGUID="eb104a75-6036-4772-9f04-b4d3685f7541" CHANGEID="691457329" HOUSENUM="3" HOUSETYPE="2" OPERTYPEID="10" PREVID="0" NEXTID="0" UPDATEDATE="2025-10-30" STARTDATE="2025-10-30" ENDDATE="2079-06-06" ISACTUAL="1" ISACTIVE="1" /><HOUSE ID="129416825" OBJECTID="96376487" OBJECTGUID="bd173b72-f8bf-4895-b5f3-c08ece60a319" CHANGEID="691462895" HOUSENUM="4" HOUSETYPE="2" OPERTYPEID="30" PREVID="69594187" NEXTID="0" UPDATEDATE="2025-10-30" STARTDATE="2025-10-30" ENDDATE="2079-06-06" ISACTUAL="1" ISACTIVE="0" /><HOUSE ID="129416841" OBJECTID="95936741" OBJECTGUID="930013bd-4d13-4488-a337-bc8a41287ab0" CHANGEID="691462928" HOUSENUM="5" HOUSETYPE="2" OPERTYPEID="30" PREVID="51366808" NEXTID="0" UPDATEDATE="2025-10-30" STARTDATE="2025-10-30" ENDDATE="2079-06-06" ISACTUAL="1" ISACTIVE="0" /><HOUSE ID="51366808" OBJECTID="95936741" OBJECTGUID="930013bd-4d13-4488-a337-bc8a41287ab0" CHANGEID="140613264" HOUSENUM="5" HOUSETYPE="2" OPERTYPEID="10" PREVID="0" NEXTID="129416841" UPDATEDATE="2025-10-30" STARTDATE="2020-03-12" ENDDATE="2025-10-30" ISACTUAL="0" ISACTIVE="0" /><HOUSE ID="129416848" OBJECTID="72101607" OBJECTGUID="aed7c184-49dd-4233-b639-b0fc34f19ff0" CHANGEID="691462956" HOUSENUM="2" HOUSETYPE="3" OPERTYPEID="30" PREVID="63767602" NEXTID="0" UPDATEDATE="2025-10-30" STARTDATE="2025-10-30" ENDDATE="2079-06-06" ISACTUAL="1" ISACTIVE="0" /><HOUSE ID="129416870" OBJECTID="96376488" OBJECTGUID="6e70ad9c-9f01-4363-9011-6079d49de66f" CHANGEID="691463051" HOUSENUM="23" HOUSETYPE="2" OPERTYPEID="30" PREVID="69594188" NEXTID="0" UPDATEDATE="2025-10-30" STARTDATE="2025-10-30" ENDDATE="2079-06-06" ISACTUAL="1" ISACTIVE="0" /><HOUSE ID="129416898" OBJECTID="98672661" OBJECTGUID="b0576728-f7ac-48bc-a65f-ce96566352b0" CHANGEID="691463207" HOUSENUM="11" HOUSETYPE="2" OPERTYPEID="30" PREVID="70081442" NEXTID="0" UPDATEDATE="2025-10-30" STARTDATE="2025-10-30" ENDDATE="2079-06-06" ISACTUAL="1" ISACTIVE="0" /><HOUSE ID="70081442" OBJECTID="98672661" OBJECTGUID="b0576728-f7ac-48bc-a65f-ce96566352b0" CHANGEID="157445486" HOUSENUM="11" HOUSETYPE="2" OPERTYPEID="10" PREVID="0" NEXTID="129416898" UPDATEDATE="2025-10-30" STARTDATE="2020-10-13" ENDDATE="2025-10-30" ISACTUAL="0" ISACTIVE="0" /><HOUSE ID="129416913" OBJECTID="98672663" OBJECTGUID="90d65c2f-499c-4172-a210-a77e89723bf7" CHANGEID="691463272" HOUSENUM="15" HOUSETYPE="2" OPERTYPEID="30" PREVID="70081444" NEXTID="0" UPDATEDATE="2025-10-30" STARTDATE="2025-10-30" ENDDATE="2079-06-06" ISACTUAL="1" ISACTIVE="0" /><HOUSE ID="129416854" OBJECTID="72105224" OBJECTGUID="846364f2-5aad-4ac4-a105-c1d9a1161074" CHANGEID="691462967" HOUSENUM="48" HOUSETYPE="2" OPERTYPEID="30" PREVID="43491137" NEXTID="0" UPDATEDATE="2025-10-30" STARTDATE="2025-10-30" ENDDATE="2079-06-06" ISACTUAL="1" ISACTIVE="0" /><HOUSE ID="43491137" OBJECTID="72105224" OBJECTGUID="846364f2-5aad-4ac4-a105-c1d9a1161074" CHANGEID="107369806" HOUSENUM="48" HOUSETYPE="2" OPERTYPEID="10" PREVID="0" NEXTID="129416854" UPDATEDATE="2025-10-30" STARTDATE="2017-06-15" ENDDATE="2025-10-30" ISACTUAL="0" ISACTIVE="0" /><HOUSE ID="129416860" OBJECTID="98672307" OBJECTGUID="9bea7fbd-d240-4836-97cd-fd915b4d72c1" CHANGEID="691463007" HOUSENUM="17" HOUSETYPE="2" OPERTYPEID="30" PREVID="70081389" NEXTID="0" UPDATEDATE="2025-10-30" STARTDATE="2025-10-30" ENDDATE="2079-06-06" ISACTUAL="1" ISACTIVE="0" /><HOUSE ID="70081389" OBJECTID="98672307" OBJECTGUID="9bea7fbd-d240-4836-97cd-fd915b4d72c1" CHANGEID="157445103" HOUSENUM="17" HOUSETYPE="2" OPERTYPEID="10" PREVID="0" NEXTID="129416860" UPDATEDATE="2025-10-30" STARTDATE="2020-10-13" ENDDATE="2025-10-30" ISACTUAL="0" ISACTIVE="0" /><HOUSE ID="129416900" OBJECTID="98672662" OBJECTGUID="24d9c307-c3c8-497d-b69f-f6b579a0ad01" CHANGEID="691463250" HOUSENUM="13" HOUSETYPE="2" OPERTYPEID="30" PREVID="70081443" NEXTID="0" UPDATEDATE="2025-10-30" STARTDATE="2025-10-30" ENDDATE="2079-06-06" ISACTUAL="1" ISACTIVE="0" /><HOUSE ID="70081443" OBJECTID="98672662" OBJECTGUID="24d9c307-c3c8-497d-b69f-f6b579a0ad01" CHANGEID="157445487" HOUSENUM="13" HOUSETYPE="2" OPERTYPEID="10" PREVID="0" NEXTID="129416900" UPDATEDATE="2025-10-30" STARTDATE="2020-10-13" ENDDATE="2025-10-30" ISACTUAL="0" ISACTIVE="0" /><HOUSE ID="70081444" OBJECTID="98672663" OBJECTGUID="90d65c2f-499c-4172-a210-a77e89723bf7" CHANGEID="157445488" HOUSENUM="15" HOUSETYPE="2" OPERTYPEID="10" PREVID="0" NEXTID="129416913" UPDATEDATE="2025-10-30" STARTDATE="2020-10-13" ENDDATE="2025-10-30" ISACTUAL="0" ISACTIVE="0" /><HOUSE ID="129418596" OBJECTID="62696994" OBJECTGUID="34d1fda6-58c2-4a51-a9cc-7bec85604a66" CHANGEID="691468257" HOUSENUM="2" HOUSETYPE="3" OPERTYPEID="30" PREVID="55122746" NEXTID="0" UPDATEDATE="2025-10-30" STARTDATE="2025-10-30" ENDDATE="2079-06-06" ISACTUAL="1" ISACTIVE="0" /><HOUSE ID="129418816" OBJECTID="13508580" OBJECTGUID="6f32e2be-f837-4254-a068-dcc454a9769c" CHANGEID="691469023" HOUSENUM="45" HOUSETYPE="3" OPERTYPEID="30" PREVID="59258723" NEXTID="0" UPDATEDATE="2025-10-30" STARTDATE="2025-10-30" ENDDATE="2079-06-06" ISACTUAL="1" ISACTIVE="0" /><HOUSE ID="129418847" OBJECTID="22582785" OBJECTGUID="69e38c1e-ab54-4a79-9d74-fe822f44dec3" CHANGEID="691469099" HOUSENUM="2а" HOUSETYPE="2" OPERTYPEID="20" PREVID="58882712" UPDATEDATE="2025-10-30" STARTDATE="2025-10-30" ENDDATE="2079-06-06" ISACTUAL="1" ISACTIVE="1" /><HOUSE ID="129418842" OBJECTID="22580948" OBJECTGUID="7e3b3b1d-e602-40c1-b321-ffddd5e2f8c9" CHANGEID="691469090" HOUSENUM="4" HOUSETYPE="2" OPERTYPEID="20" PREVID="60323670" UPDATEDATE="2025-10-30" STARTDATE="2025-10-30" ENDDATE="2079-06-06" ISACTUAL="1" ISACTIVE="1" /><HOUSE ID="129418851" OBJECTID="24379184" OBJECTGUID="07b285fa-c7f8-450b-8fd9-0b4fcc71207c" CHANGEID="691469106" HOUSENUM="16" HOUSETYPE="2" OPERTYPEID="20" PREVID="51926929" UPDATEDATE="2025-10-30" STARTDATE="2025-10-30" ENDDATE="2079-06-06" ISACTUAL="1" ISACTIVE="1" /><HOUSE ID="129419282" OBJECTID="57704567" OBJECTGUID="f5184ba9-69ca-4146-9932-0d3371f32830" CHANGEID="691470405" HOUSENUM="87" HOUSETYPE="2" OPERTYPEID="20" PREVID="68741082" UPDATEDATE="2025-10-30" STARTDATE="2025-10-30" ENDDATE="2079-06-06" ISACTUAL="1" ISACTIVE="1" /><HOUSE ID="129425002" OBJECTID="68747818" OBJECTGUID="f6114219-7a67-4f44-a666-d430db901e79" CHANGEID="691492169" HOUSENUM="18" HOUSETYPE="3" OPERTYPEID="30" PREVID="68809742" NEXTID="0" UPDATEDATE="2025-10-31" STARTDATE="2025-10-31" ENDDATE="2079-06-06" ISACTUAL="1" ISACTIVE="0" /><HOUSE ID="129425004" OBJECTID="68630737" OBJECTGUID="9cc23f1d-f79d-4ac8-ad86-d7ee66f1692f" CHANGEID="691492211" HOUSENUM="20" HOUSETYPE="3" OPERTYPEID="30" PREVID="62487198" NEXTID="0" UPDATEDATE="2025-10-31" STARTDATE="2025-10-31" ENDDATE="2079-06-06" ISACTUAL="1" ISACTIVE="0" /><HOUSE ID="129425006" OBJECTID="68633091" OBJECTGUID="0426e39d-7a3e-4675-aec0-2969ac3b42da" CHANGEID="691492213" HOUSENUM="29" HOUSETYPE="3" OPERTYPEID="30" PREVID="51675666" NEXTID="0" UPDATEDATE="2025-10-31" STARTDATE="2025-10-31" ENDDATE="2079-06-06" ISACTUAL="1" ISACTIVE="0" /><HOUSE ID="51675666" OBJECTID="68633091" OBJECTGUID="0426e39d-7a3e-4675-aec0-2969ac3b42da" CHANGEID="102310281" HOUSENUM="29" HOUSETYPE="3" OPERTYPEID="20" PREVID="41381407" NEXTID="129425006" UPDATEDATE="2025-10-31" STARTDATE="2019-12-13" ENDDATE="2025-10-31" ISACTUAL="0" ISACTIVE="0" /><HOUSE ID="129425008" OBJECTID="68652669" OBJECTGUID="65450bc9-8d9c-475e-b70a-89fe3bd82607" CHANGEID="691492215" HOUSENUM="12" HOUSETYPE="2" OPERTYPEID="30" PREVID="41393355" NEXTID="0" UPDATEDATE="2025-10-31" STARTDATE="2025-10-31" ENDDATE="2079-06-06" ISACTUAL="1" ISACTIVE="0" /><HOUSE ID="41393355" OBJECTID="68652669" OBJECTGUID="65450bc9-8d9c-475e-b70a-89fe3bd82607" CHANGEID="102339283" HOUSENUM="12" HOUSETYPE="2" OPERTYPEID="10" PREVID="0" NEXTID="129425008" UPDATEDATE="2025-10-31" STARTDATE="2019-03-01" ENDDATE="2025-10-31" ISACTUAL="0" ISACTIVE="0" /><HOUSE ID="129425011" OBJECTID="5443649" OBJECTGUID="5932b980-9c03-40a9-ae2f-66234a611ef2" CHANGEID="691492242" HOUSENUM="14" ADDNUM1="2" HOUSETYPE="2" ADDTYPE1="1" OPERTYPEID="30" PREVID="57700041" NEXTID="0" UPDATEDATE="2025-10-31" STARTDATE="2025-10-31" ENDDATE="2079-06-06" ISACTUAL="1" ISACTIVE="0" /><HOUSE ID="129425001" OBJECTID="65189663" OBJECTGUID="fdae53af-65be-4cd7-8e3a-ce5a1e4c9e75" CHANGEID="691492168" HOUSENUM="20" HOUSETYPE="2" OPERTYPEID="30" PREVID="124100497" NEXTID="0" UPDATEDATE="2025-10-31" STARTDATE="2025-10-31" ENDDATE="2079-06-06" ISACTUAL="1" ISACTIVE="0" /><HOUSE ID="124100497" OBJECTID="65189663" OBJECTGUID="fdae53af-65be-4cd7-8e3a-ce5a1e4c9e75" CHANGEID="495078155" HOUSENUM="20" HOUSETYPE="2" OPERTYPEID="20" PREVID="69349371" NEXTID="129425001" UPDATEDATE="2025-10-31" STARTDATE="2023-02-08" ENDDATE="2025-10-31" ISACTUAL="0" ISACTIVE="0" /><HOUSE ID="129425003" OBJECTID="11485313" OBJECTGUID="03027ad8-e865-4c06-ac2a-05fb44ef7bd1" CHANGEID="691492210" HOUSENUM="26" HOUSETYPE="2" OPERTYPEID="30" PREVID="6142861" NEXTID="0" UPDATEDATE="2025-10-31" STARTDATE="2025-10-31" ENDDATE="2079-06-06" ISACTUAL="1" ISACTIVE="0" /><HOUSE ID="129425005" OBJECTID="68632674" OBJECTGUID="764ffe31-cbb9-4ef4-9d49-fa1a9abbe6f6" CHANGEID="691492212" HOUSENUM="5" HOUSETYPE="3" OPERTYPEID="30" PREVID="59762354" NEXTID="0" UPDATEDATE="2025-10-31" STARTDATE="2025-10-31" ENDDATE="2079-06-06" ISACTUAL="1" ISACTIVE="0" /><HOUSE ID="129425007" OBJECTID="68599953" OBJECTGUID="b189514e-9fce-41a7-9738-78b4a4391240" CHANGEID="691492214" HOUSENUM="5" HOUSETYPE="2" OPERTYPEID="30" PREVID="41359749" NEXTID="0" UPDATEDATE="2025-10-31" STARTDATE="2025-10-31" ENDDATE="2079-06-06" ISACTUAL="1" ISACTIVE="0" /><HOUSE ID="41359749" OBJECTID="68599953" OBJECTGUID="b189514e-9fce-41a7-9738-78b4a4391240" CHANGEID="102259768" HOUSENUM="5" HOUSETYPE="2" OPERTYPEID="10" PREVID="0" NEXTID="129425007" UPDATEDATE="2025-10-31" STARTDATE="2018-05-08" ENDDATE="2025-10-31" ISACTUAL="0" ISACTIVE="0" /><HOUSE ID="129425009" OBJECTID="70114780" OBJECTGUID="6be0b5af-d861-4016-a832-bfb41b00292b" CHANGEID="691492216" HOUSENUM="38" HOUSETYPE="3" OPERTYPEID="30" PREVID="59023318" NEXTID="0" UPDATEDATE="2025-10-31" STARTDATE="2025-10-31" ENDDATE="2079-06-06" ISACTUAL="1" ISACTIVE="0" /><HOUSE ID="129425010" OBJECTID="5443172" OBJECTGUID="4ce544db-8e5f-45c6-962f-5120c6f29054" CHANGEID="691492241" HOUSENUM="14" ADDNUM1="1" HOUSETYPE="2" ADDTYPE1="1" OPERTYPEID="30" PREVID="56827407" NEXTID="0" UPDATEDATE="2025-10-31" STARTDATE="2025-10-31" ENDDATE="2079-06-06" ISACTUAL="1" ISACTIVE="0" /><HOUSE ID="129425012" OBJECTID="29880578" OBJECTGUID="ca23fddc-e5cb-4edd-91d7-61592685abf1" CHANGEID="691492243" HOUSENUM="26" ADDNUM1="А" HOUSETYPE="2" ADDTYPE1="4" OPERTYPEID="30" PREVID="17699570" NEXTID="0" UPDATEDATE="2025-10-31" STARTDATE="2025-10-31" ENDDATE="2079-06-06" ISACTUAL="1" ISACTIVE="0" /><HOUSE ID="129425547" OBJECTID="57397868" OBJECTGUID="d0852b00-e797-4e36-94cb-6a19940b8265" CHANGEID="691495819" HOUSENUM="9а" HOUSETYPE="2" OPERTYPEID="20" PREVID="66151729" UPDATEDATE="2025-10-31" STARTDATE="2025-10-31" ENDDATE="2079-06-06" ISACTUAL="1" ISACTIVE="1" /><HOUSE ID="129425731" OBJECTID="61760011" OBJECTGUID="78bbe68e-e544-4479-a354-dca114aafeaf" CHANGEID="691497670" HOUSENUM="22" HOUSETYPE="2" OPERTYPEID="20" PREVID="59933753" UPDATEDATE="2025-10-31" STARTDATE="2025-10-31" ENDDATE="2079-06-06" ISACTUAL="1" ISACTIVE="1" /><HOUSE ID="54397667" OBJECTID="60142351" OBJECTGUID="2a98d300-9e9f-43c0-b398-6c6c6a8839e2" CHANGEID="89805319" HOUSENUM="3" HOUSETYPE="3" OPERTYPEID="20" PREVID="36015588" NEXTID="129425723" UPDATEDATE="2025-10-31" STARTDATE="2014-01-10" ENDDATE="2025-10-31" ISACTUAL="0" ISACTIVE="0" /><HOUSE ID="129425723" OBJECTID="60142351" OBJECTGUID="2a98d300-9e9f-43c0-b398-6c6c6a8839e2" CHANGEID="691497588" HOUSENUM="3" HOUSETYPE="2" OPERTYPEID="20" PREVID="54397667" UPDATEDATE="2025-10-31" STARTDATE="2025-10-31" ENDDATE="2079-06-06" ISACTUAL="1" ISACTIVE="1" /><HOUSE ID="66511272" OBJECTID="60142704" OBJECTGUID="d5967ca6-b970-4d4e-bbd1-b193a1242130" CHANGEID="89805784" HOUSENUM="7" HOUSETYPE="3" OPERTYPEID="20" PREVID="36015916" NEXTID="129425726" UPDATEDATE="2025-10-31" STARTDATE="2014-01-10" ENDDATE="2025-10-31" ISACTUAL="0" ISACTIVE="0" /><HOUSE ID="129425726" OBJECTID="60142704" OBJECTGUID="d5967ca6-b970-4d4e-bbd1-b193a1242130" CHANGEID="691497602" HOUSENUM="7" HOUSETYPE="2" OPERTYPEID="20" PREVID="66511272" UPDATEDATE="2025-10-31" STARTDATE="2025-10-31" ENDDATE="2079-06-06" ISACTUAL="1" ISACTIVE="1" /><HOUSE ID="63491176" OBJECTID="60181809" OBJECTGUID="aaf27d7e-fbb3-4720-a519-56e44f9371da" CHANGEID="89860995" HOUSENUM="22" HOUSETYPE="3" OPERTYPEID="20" PREVID="36037201" NEXTID="129425730" UPDATEDATE="2025-10-31" STARTDATE="2014-01-10" ENDDATE="2025-10-31" ISACTUAL="0" ISACTIVE="0" /><HOUSE ID="129425730" OBJECTID="60181809" OBJECTGUID="aaf27d7e-fbb3-4720-a519-56e44f9371da" CHANGEID="691497665" HOUSENUM="22" HOUSETYPE="2" OPERTYPEID="20" PREVID="63491176" UPDATEDATE="2025-10-31" STARTDATE="2025-10-31" ENDDATE="2079-06-06" ISACTUAL="1" ISACTIVE="1" /><HOUSE ID="129425880" OBJECTID="61785756" OBJECTGUID="3abb7e79-f5cb-4dc1-876d-b88a59fe4597" CHANGEID="691498859" HOUSENUM="35" HOUSETYPE="2" OPERTYPEID="30" PREVID="37117018" NEXTID="0" UPDATEDATE="2025-10-31" STARTDATE="2025-10-31" ENDDATE="2079-06-06" ISACTUAL="1" ISACTIVE="0" /><HOUSE ID="37117018" OBJECTID="61785756" OBJECTGUID="3abb7e79-f5cb-4dc1-876d-b88a59fe4597" CHANGEID="92264955" HOUSENUM="35" HOUSETYPE="2" OPERTYPEID="10" PREVID="0" NEXTID="129425880" UPDATEDATE="2025-10-31" STARTDATE="2018-05-09" ENDDATE="2025-10-31" ISACTUAL="0" ISACTIVE="0" /><HOUSE ID="55753854" OBJECTID="54628816" OBJECTGUID="3dbc2ebb-ca19-4a04-a429-2096cb14971c" CHANGEID="81740009" HOUSENUM="3" HOUSETYPE="3" OPERTYPEID="20" PREVID="32638686" NEXTID="129425929" UPDATEDATE="2025-10-31" STARTDATE="2019-12-13" ENDDATE="2025-10-31" ISACTUAL="0" ISACTIVE="0" /><HOUSE ID="129425929" OBJECTID="54628816" OBJECTGUID="3dbc2ebb-ca19-4a04-a429-2096cb14971c" CHANGEID="691499052" HOUSENUM="3" HOUSETYPE="2" OPERTYPEID="20" PREVID="55753854" UPDATEDATE="2025-10-31" STARTDATE="2025-10-31" ENDDATE="2079-06-06" ISACTUAL="1" ISACTIVE="1" /><HOUSE ID="129425940" OBJECTID="54627703" OBJECTGUID="6e0a2241-b320-4a32-8673-145e22c3c255" CHANGEID="691499073" HOUSENUM="1" HOUSETYPE="2" OPERTYPEID="20" PREVID="59175950" UPDATEDATE="2025-10-31" STARTDATE="2025-10-31" ENDDATE="2079-06-06" ISACTUAL="1" ISACTIVE="1" /><HOUSE ID="63622670" OBJECTID="17191910" OBJECTGUID="accbe6ac-8d65-4ad4-b412-ebd18092799f" CHANGEID="27179930" HOUSENUM="6" HOUSETYPE="3" OPERTYPEID="20" PREVID="9837494" NEXTID="129426078" UPDATEDATE="2025-10-31" STARTDATE="2019-12-13" ENDDATE="2025-10-31" ISACTUAL="0" ISACTIVE="0" /><HOUSE ID="129426078" OBJECTID="17191910" OBJECTGUID="accbe6ac-8d65-4ad4-b412-ebd18092799f" CHANGEID="691500157" HOUSENUM="6" HOUSETYPE="2" OPERTYPEID="20" PREVID="63622670" UPDATEDATE="2025-10-31" STARTDATE="2025-10-31" ENDDATE="2079-06-06" ISACTUAL="1" ISACTIVE="1" /><HOUSE ID="129426129" OBJECTID="34045315" OBJECTGUID="1f26ae28-fdec-44d6-b7b4-7cead724eeaf" CHANGEID="691500335" HOUSENUM="10" HOUSETYPE="2" OPERTYPEID="20" PREVID="53586385" UPDATEDATE="2025-10-31" STARTDATE="2025-10-31" ENDDATE="2079-06-06" ISACTUAL="1" ISACTIVE="1" /><HOUSE ID="52152615" OBJECTID="30902568" OBJECTGUID="0add3251-2015-411e-ba89-35d165304e27" CHANGEID="47294248" HOUSENUM="3" HOUSETYPE="3" OPERTYPEID="20" PREVID="18338119" NEXTID="129426074" UPDATEDATE="2025-10-31" STARTDATE="2015-11-05" ENDDATE="2025-10-31" ISACTUAL="0" ISACTIVE="0" /><HOUSE ID="129426074" OBJECTID="30902568" OBJECTGUID="0add3251-2015-411e-ba89-35d165304e27" CHANGEID="691500150" HOUSENUM="3" HOUSETYPE="2" OPERTYPEID="20" PREVID="52152615" UPDATEDATE="2025-10-31" STARTDATE="2025-10-31" ENDDATE="2079-06-06" ISACTUAL="1" ISACTIVE="1" /><HOUSE ID="129426091" OBJECTID="84242299" OBJECTGUID="3e0630c9-de20-49ca-867c-0756844a8ebe" CHANGEID="691500187" HOUSENUM="9" HOUSETYPE="2" OPERTYPEID="20" PREVID="55774687" UPDATEDATE="2025-10-31" STARTDATE="2025-10-31" ENDDATE="2079-06-06" ISACTUAL="1" ISACTIVE="1" /><HOUSE ID="129426117" OBJECTID="11514968" OBJECTGUID="1c2a8c87-fc55-416f-b45e-06072b9a56b5" CHANGEID="691500257" HOUSENUM="5а" HOUSETYPE="2" OPERTYPEID="20" PREVID="53376096" UPDATEDATE="2025-10-31" STARTDATE="2025-10-31" ENDDATE="2079-06-06" ISACTUAL="1" ISACTIVE="1" /><HOUSE ID="129426142" OBJECTID="14287520" OBJECTGUID="80602523-68cc-4e44-bb22-41e842a6167d" CHANGEID="691500412" HOUSENUM="18" HOUSETYPE="2" OPERTYPEID="20" PREVID="60475088" UPDATEDATE="2025-10-31" STARTDATE="2025-10-31" ENDDATE="2079-06-06" ISACTUAL="1" ISACTIVE="1" /><HOUSE ID="129426395" OBJECTID="51217098" OBJECTGUID="53454f36-1b56-427c-9a25-eaffdc372905" CHANGEID="691501873" HOUSENUM="1А" HOUSETYPE="3" OPERTYPEID="30" PREVID="57278931" NEXTID="0" UPDATEDATE="2025-10-31" STARTDATE="2025-10-31" ENDDATE="2079-06-06" ISACTUAL="1" ISACTIVE="0" /><HOUSE ID="129426409" OBJECTID="9692536" OBJECTGUID="227d5991-e2b6-4078-ae12-27bdc3918a2b" CHANGEID="691501935" HOUSENUM="14" HOUSETYPE="3" OPERTYPEID="30" PREVID="53823466" NEXTID="0" UPDATEDATE="2025-10-31" STARTDATE="2025-10-31" ENDDATE="2079-06-06" ISACTUAL="1" ISACTIVE="0" /><HOUSE ID="129426412" OBJECTID="45135861" OBJECTGUID="c4602b51-2b34-4a36-9bbd-5ebc3e1d8a77" CHANGEID="691501957" HOUSENUM="1" HOUSETYPE="3" OPERTYPEID="30" PREVID="65293546" NEXTID="0" UPDATEDATE="2025-10-31" STARTDATE="2025-10-31" ENDDATE="2079-06-06" ISACTUAL="1" ISACTIVE="0" /><HOUSE ID="129426413" OBJECTID="66270840" OBJECTGUID="50c64161-785b-464e-8ac1-ff2c4ea42c8f" CHANGEID="691501961" HOUSENUM="12" HOUSETYPE="3" OPERTYPEID="30" PREVID="57102410" NEXTID="0" UPDATEDATE="2025-10-31" STARTDATE="2025-10-31" ENDDATE="2079-06-06" ISACTUAL="1" ISACTIVE="0" /><HOUSE ID="57102410" OBJECTID="66270840" OBJECTGUID="50c64161-785b-464e-8ac1-ff2c4ea42c8f" CHANGEID="98839773" HOUSENUM="12" HOUSETYPE="3" OPERTYPEID="20" PREVID="39907878" NEXTID="129426413" UPDATEDATE="2025-10-31" STARTDATE="2019-12-13" ENDDATE="2025-10-31" ISACTUAL="0" ISACTIVE="0" /><HOUSE ID="129426417" OBJECTID="51231892" OBJECTGUID="e4ce6248-cf8c-4630-b30a-88d24be87dac" CHANGEID="691502006" HOUSENUM="31/1" HOUSETYPE="2" OPERTYPEID="30" PREVID="30603529" NEXTID="0" UPDATEDATE="2025-10-31" STARTDATE="2025-10-31" ENDDATE="2079-06-06" ISACTUAL="1" ISACTIVE="0" /><HOUSE ID="30603529" OBJECTID="51231892" OBJECTGUID="e4ce6248-cf8c-4630-b30a-88d24be87dac" CHANGEID="76814432" HOUSENUM="31/1" HOUSETYPE="2" OPERTYPEID="10" PREVID="0" NEXTID="129426417" UPDATEDATE="2025-10-31" STARTDATE="2018-12-17" ENDDATE="2025-10-31" ISACTUAL="0" ISACTIVE="0" /><HOUSE ID="129426426" OBJECTID="38427494" OBJECTGUID="4283931d-4bdd-4695-a1e7-a3d1dd444de2" CHANGEID="691502061" HOUSENUM="10" HOUSETYPE="2" OPERTYPEID="30" PREVID="56092668" NEXTID="0" UPDATEDATE="2025-10-31" STARTDATE="2025-10-31" ENDDATE="2079-06-06" ISACTUAL="1" ISACTIVE="0" /><HOUSE ID="129426408" OBJECTID="9701941" OBJECTGUID="3589fc80-c150-429f-9e66-f45efde5a987" CHANGEID="691501910" HOUSENUM="29" HOUSETYPE="3" OPERTYPEID="30" PREVID="55173331" NEXTID="0" UPDATEDATE="2025-10-31" STARTDATE="2025-10-31" ENDDATE="2079-06-06" ISACTUAL="1" ISACTIVE="0" /><HOUSE ID="129426420" OBJECTID="48658303" OBJECTGUID="dcc9db8b-ce1c-4732-8c8d-b13673672ab4" CHANGEID="691502013" HOUSENUM="2" HOUSETYPE="3" OPERTYPEID="30" PREVID="67021029" NEXTID="0" UPDATEDATE="2025-10-31" STARTDATE="2025-10-31" ENDDATE="2079-06-06" ISACTUAL="1" ISACTIVE="0" /><HOUSE ID="129426421" OBJECTID="66269936" OBJECTGUID="03c28d4e-1a38-4d2f-b14a-c3db4f543898" CHANGEID="691502019" HOUSENUM="4" HOUSETYPE="3" OPERTYPEID="30" PREVID="51646995" NEXTID="0" UPDATEDATE="2025-10-31" STARTDATE="2025-10-31" ENDDATE="2079-06-06" ISACTUAL="1" ISACTIVE="0" /><HOUSE ID="61720609" OBJECTID="68135613" OBJECTGUID="91f50eb5-22b0-46d9-8f31-16b14a573669" CHANGEID="101569533" HOUSENUM="15" HOUSETYPE="3" OPERTYPEID="20" PREVID="41059808" NEXTID="129426442" UPDATEDATE="2025-10-31" STARTDATE="2019-12-11" ENDDATE="2025-10-31" ISACTUAL="0" ISACTIVE="0" /><HOUSE ID="129426442" OBJECTID="68135613" OBJECTGUID="91f50eb5-22b0-46d9-8f31-16b14a573669" CHANGEID="691502115" HOUSENUM="15" HOUSETYPE="5" OPERTYPEID="20" PREVID="61720609" UPDATEDATE="2025-10-31" STARTDATE="2025-10-31" ENDDATE="2079-06-06" ISACTUAL="1" ISACTIVE="1" /><HOUSE ID="129428199" OBJECTID="51231422" OBJECTGUID="0d499340-47b0-4ff9-b84d-8898668f8b7d" CHANGEID="691511745" HOUSENUM="9/1" HOUSETYPE="2" OPERTYPEID="30" PREVID="30603099" NEXTID="0" UPDATEDATE="2025-10-31" STARTDATE="2025-10-31" ENDDATE="2079-06-06" ISACTUAL="1" ISACTIVE="0" /><HOUSE ID="129429126" OBJECTID="34831564" OBJECTGUID="2002f921-8058-4ed7-9a68-ed90c4f10285" CHANGEID="691515877" HOUSENUM="26" HOUSETYPE="2" OPERTYPEID="20" PREVID="53648501" UPDATEDATE="2025-10-31" STARTDATE="2025-10-31" ENDDATE="2079-06-06" ISACTUAL="1" ISACTIVE="1" /><HOUSE ID="129429581" OBJECTID="34986336" OBJECTGUID="753ee372-b91d-4a54-b6fa-8c96d14162e7" CHANGEID="691517998" HOUSENUM="11а" HOUSETYPE="2" OPERTYPEID="20" PREVID="59687062" UPDATEDATE="2025-10-31" STARTDATE="2025-10-31" ENDDATE="2079-06-06" ISACTUAL="1" ISACTIVE="1" /><HOUSE ID="129432879" OBJECTID="175643593" OBJECTGUID="e1f413df-a8df-44e8-80a1-1e6eb74f25b2" CHANGEID="691541102" HOUSENUM="92" HOUSETYPE="2" OPERTYPEID="10" PREVID="0" NEXTID="0" UPDATEDATE="2025-11-01" STARTDATE="2025-11-01" ENDDATE="2079-06-06" ISACTUAL="1" ISACTIVE="1" /><HOUSE ID="51784130" OBJECTID="73323014" OBJECTGUID="05b09f11-e4d0-4c5e-ad49-bf8b96c614c2" CHANGEID="109166684" HOUSENUM="26" HOUSETYPE="3" OPERTYPEID="20" PREVID="44274154" NEXTID="129432906" UPDATEDATE="2025-11-01" STARTDATE="2019-12-13" ENDDATE="2025-11-01" ISACTUAL="0" ISACTIVE="0" /><HOUSE ID="129432906" OBJECTID="73323014" OBJECTGUID="05b09f11-e4d0-4c5e-ad49-bf8b96c614c2" CHANGEID="691546072" HOUSENUM="26" HOUSETYPE="2" OPERTYPEID="20" PREVID="51784130" UPDATEDATE="2025-11-01" STARTDATE="2025-11-01" ENDDATE="2079-06-06" ISACTUAL="1" ISACTIVE="1" /><HOUSE ID="129432907" OBJECTID="73386978" OBJECTGUID="6c0101ee-7d32-4010-9888-0dbce919ef2d" CHANGEID="691546093" HOUSENUM="39" HOUSETYPE="2" OPERTYPEID="20" PREVID="59031379" UPDATEDATE="2025-11-01" STARTDATE="2025-11-01" ENDDATE="2079-06-06" ISACTUAL="1" ISACTIVE="1" /><HOUSE ID="129432903" OBJECTID="73249426" OBJECTGUID="5e75fcdf-0868-4d01-a53c-438e8df5cade" CHANGEID="691545999" HOUSENUM="83а" HOUSETYPE="2" OPERTYPEID="20" PREVID="58072614" UPDATEDATE="2025-11-01" STARTDATE="2025-11-01" ENDDATE="2079-06-06" ISACTUAL="1" ISACTIVE="1" /><HOUSE ID="129432904" OBJECTID="73262893" OBJECTGUID="f966bde5-251f-4443-975e-0d22a83463e4" CHANGEID="691546058" HOUSENUM="25" HOUSETYPE="2" OPERTYPEID="20" PREVID="69046841" UPDATEDATE="2025-11-01" STARTDATE="2025-11-01" ENDDATE="2079-06-06" ISACTUAL="1" ISACTIVE="1" /><HOUSE ID="129432911" OBJECTID="175643931" OBJECTGUID="4798cc32-6ba6-44b6-9435-05b87676d915" CHANGEID="691546214" HOUSENUM="6" HOUSETYPE="2" OPERTYPEID="10" PREVID="0" NEXTID="0" UPDATEDATE="2025-11-01" STARTDATE="2025-11-01" ENDDATE="2079-06-06" ISACTUAL="1" ISACTIVE="1" /><HOUSE ID="129432912" OBJECTID="82189181" OBJECTGUID="26c0ecd7-29c8-4708-ad20-76f0ba475a1b" CHANGEID="691546236" HOUSENUM="6" HOUSETYPE="2" OPERTYPEID="20" PREVID="54125017" UPDATEDATE="2025-11-01" STARTDATE="2025-11-01" ENDDATE="2079-06-06" ISACTUAL="1" ISACTIVE="1" /><HOUSE ID="129432914" OBJECTID="63993674" OBJECTGUID="6214cda6-d824-4aa4-99b2-a9587cde6765" CHANGEID="691546244" HOUSENUM="30" HOUSETYPE="2" OPERTYPEID="20" PREVID="58328492" UPDATEDATE="2025-11-01" STARTDATE="2025-11-01" ENDDATE="2079-06-06" ISACTUAL="1" ISACTIVE="1" /><HOUSE ID="63782552" OBJECTID="63983250" OBJECTGUID="af0bbcad-9d4c-4ff8-bc34-7d235b5de419" CHANGEID="95464374" HOUSENUM="4а" HOUSETYPE="3" OPERTYPEID="20" PREVID="38479242" NEXTID="129432913" UPDATEDATE="2025-11-01" STARTDATE="2014-01-10" ENDDATE="2025-11-01" ISACTUAL="0" ISACTIVE="0" /><HOUSE ID="129432913" OBJECTID="63983250" OBJECTGUID="af0bbcad-9d4c-4ff8-bc34-7d235b5de419" CHANGEID="691546241" HOUSENUM="4а" HOUSETYPE="2" OPERTYPEID="20" PREVID="63782552" UPDATEDATE="2025-11-01" STARTDATE="2025-11-01" ENDDATE="2079-06-06" ISACTUAL="1" ISACTIVE="1" /><HOUSE ID="62780261" OBJECTID="73368684" OBJECTGUID="a0e2c116-0a67-4a32-ae86-7bbadd0c80c6" CHANGEID="109230438" HOUSENUM="81" HOUSETYPE="3" OPERTYPEID="20" PREVID="44296900" NEXTID="129432948" UPDATEDATE="2025-11-01" STARTDATE="2019-12-13" ENDDATE="2025-11-01" ISACTUAL="0" ISACTIVE="0" /><HOUSE ID="129432948" OBJECTID="73368684" OBJECTGUID="a0e2c116-0a67-4a32-ae86-7bbadd0c80c6" CHANGEID="691552060" HOUSENUM="81" HOUSETYPE="2" OPERTYPEID="20" PREVID="62780261" UPDATEDATE="2025-11-01" STARTDATE="2025-11-01" ENDDATE="2079-06-06" ISACTUAL="1" ISACTIVE="1" /><HOUSE ID="129432957" OBJECTID="168864441" OBJECTGUID="0faa2918-ccc9-4100-b1a6-90bed0272722" CHANGEID="691552203" HOUSENUM="129" HOUSETYPE="2" OPERTYPEID="20" PREVID="127512588" UPDATEDATE="2025-11-01" STARTDATE="2025-11-01" ENDDATE="2079-06-06" ISACTUAL="1" ISACTIVE="1" /><HOUSE ID="129432958" OBJECTID="78418284" OBJECTGUID="22ad7a62-27e1-4a33-8f15-2678f63e96e3" CHANGEID="691552207" HOUSENUM="120" HOUSETYPE="2" OPERTYPEID="20" PREVID="53836008" UPDATEDATE="2025-11-01" STARTDATE="2025-11-01" ENDDATE="2079-06-06" ISACTUAL="1" ISACTIVE="1" /><HOUSE ID="129432961" OBJECTID="78378269" OBJECTGUID="eaa47c3a-bff0-40eb-ac33-8a867cda14a5" CHANGEID="691552212" HOUSENUM="110" HOUSETYPE="2" OPERTYPEID="20" PREVID="68001681" UPDATEDATE="2025-11-01" STARTDATE="2025-11-01" ENDDATE="2079-06-06" ISACTUAL="1" ISACTIVE="1" /><HOUSE ID="129432963" OBJECTID="78444987" OBJECTGUID="e4e40b0f-83fd-480f-88a9-7e4933344ef9" CHANGEID="691552215" HOUSENUM="116" HOUSETYPE="2" OPERTYPEID="20" PREVID="67594330" UPDATEDATE="2025-11-01" STARTDATE="2025-11-01" ENDDATE="2079-06-06" ISACTUAL="1" ISACTIVE="1" /><HOUSE ID="129432964" OBJECTID="158509248" OBJECTGUID="f5097491-5f38-483a-a501-c96a816ad72f" CHANGEID="691552225" HOUSENUM="28" HOUSETYPE="2" OPERTYPEID="20" PREVID="124249203" UPDATEDATE="2025-11-01" STARTDATE="2025-11-01" ENDDATE="2079-06-06" ISACTUAL="1" ISACTIVE="1" /><HOUSE ID="69888321" OBJECTID="97627985" OBJECTGUID="41c4e574-d186-4f1c-a649-ea68b4d6efd1" CHANGEID="153832825" HOUSENUM="8а" HOUSETYPE="2" OPERTYPEID="10" PREVID="0" NEXTID="129432969" UPDATEDATE="2025-11-01" STARTDATE="2020-07-23" ENDDATE="2025-11-01" ISACTUAL="0" ISACTIVE="0" /><HOUSE ID="129432969" OBJECTID="97627985" OBJECTGUID="41c4e574-d186-4f1c-a649-ea68b4d6efd1" CHANGEID="691552519" HOUSENUM="6в" HOUSETYPE="2" OPERTYPEID="20" PREVID="69888321" UPDATEDATE="2025-11-01" STARTDATE="2025-11-01" ENDDATE="2079-06-06" ISACTUAL="1" ISACTIVE="1" /><HOUSE ID="129432960" OBJECTID="168864443" OBJECTGUID="0b2f9c41-7d4c-4b35-89d8-c1736b614cc6" CHANGEID="691552210" HOUSENUM="108" HOUSETYPE="2" OPERTYPEID="20" PREVID="127512589" UPDATEDATE="2025-11-01" STARTDATE="2025-11-01" ENDDATE="2079-06-06" ISACTUAL="1" ISACTIVE="1" /><HOUSE ID="129432962" OBJECTID="78481061" OBJECTGUID="adf38e89-f95c-494a-8fb0-3166ebc36c14" CHANGEID="691552213" HOUSENUM="114" HOUSETYPE="2" OPERTYPEID="20" PREVID="63703708" UPDATEDATE="2025-11-01" STARTDATE="2025-11-01" ENDDATE="2079-06-06" ISACTUAL="1" ISACTIVE="1" /><HOUSE ID="126142999" OBJECTID="33908792" OBJECTGUID="11b897ce-1c7c-4023-bf79-15ea1c3c3918" CHANGEID="594230244" HOUSENUM="12" HOUSETYPE="2" OPERTYPEID="50" PREVID="52635243" NEXTID="129432965" UPDATEDATE="2025-11-01" STARTDATE="2024-04-27" ENDDATE="2025-11-01" ISACTUAL="0" ISACTIVE="0" /><HOUSE ID="129432965" OBJECTID="33908792" OBJECTGUID="11b897ce-1c7c-4023-bf79-15ea1c3c3918" CHANGEID="691552227" HOUSENUM="32" HOUSETYPE="2" OPERTYPEID="20" PREVID="126142999" UPDATEDATE="2025-11-01" STARTDATE="2025-11-01" ENDDATE="2079-06-06" ISACTUAL="1" ISACTIVE="1" /><HOUSE ID="124249202" OBJECTID="158509246" OBJECTGUID="d8ef02ae-727a-4096-8531-2a61301a7087" CHANGEID="498957439" HOUSENUM="4" HOUSETYPE="2" OPERTYPEID="10" PREVID="0" NEXTID="129432966" UPDATEDATE="2025-11-01" STARTDATE="2023-04-06" ENDDATE="2025-11-01" ISACTUAL="0" ISACTIVE="0" /><HOUSE ID="129432966" OBJECTID="158509246" OBJECTGUID="d8ef02ae-727a-4096-8531-2a61301a7087" CHANGEID="691552493" HOUSENUM="40" HOUSETYPE="2" OPERTYPEID="20" PREVID="124249202" UPDATEDATE="2025-11-01" STARTDATE="2025-11-01" ENDDATE="2079-06-06" ISACTUAL="1" ISACTIVE="1" /><HOUSE ID="129432968" OBJECTID="10624899" OBJECTGUID="eb752466-d758-4ab1-83c7-99d36ae5af66" CHANGEID="691552514" HOUSENUM="2а" HOUSETYPE="2" OPERTYPEID="20" PREVID="128856635" UPDATEDATE="2025-11-01" STARTDATE="2025-11-01" ENDDATE="2079-06-06" ISACTUAL="1" ISACTIVE="1" /><HOUSE ID="129433097" OBJECTID="37385288" OBJECTGUID="23898eb3-9c34-4eca-9156-769c028c92d6" CHANGEID="691556732" HOUSENUM="60" HOUSETYPE="3" OPERTYPEID="30" PREVID="53896942" NEXTID="0" UPDATEDATE="2025-11-01" STARTDATE="2025-11-01" ENDDATE="2079-06-06" ISACTUAL="1" ISACTIVE="0" /><HOUSE ID="129433102" OBJECTID="37404637" OBJECTGUID="8138809e-9264-49e5-823d-a45b21eda040" CHANGEID="691556744" HOUSENUM="57" HOUSETYPE="3" OPERTYPEID="30" PREVID="60535481" NEXTID="0" UPDATEDATE="2025-11-01" STARTDATE="2025-11-01" ENDDATE="2079-06-06" ISACTUAL="1" ISACTIVE="0" /><HOUSE ID="129433112" OBJECTID="62567523" OBJECTGUID="e6f67627-0ab4-491c-9854-f2fd11a765b3" CHANGEID="691556835" HOUSENUM="5" HOUSETYPE="2" OPERTYPEID="30" PREVID="37604619" NEXTID="0" UPDATEDATE="2025-11-01" STARTDATE="2025-11-01" ENDDATE="2079-06-06" ISACTUAL="1" ISACTIVE="0" /><HOUSE ID="37604619" OBJECTID="62567523" OBJECTGUID="e6f67627-0ab4-491c-9854-f2fd11a765b3" CHANGEID="93401818" HOUSENUM="5" HOUSETYPE="2" OPERTYPEID="10" PREVID="0" NEXTID="129433112" UPDATEDATE="2025-11-01" STARTDATE="2016-11-06" ENDDATE="2025-11-01" ISACTUAL="0" ISACTIVE="0" /><HOUSE ID="129433113" OBJECTID="62568891" OBJECTGUID="6f8ef18e-7189-4e93-80e3-f6c0c7b6106a" CHANGEID="691556837" HOUSENUM="24" HOUSETYPE="2" OPERTYPEID="30" PREVID="37605550" NEXTID="0" UPDATEDATE="2025-11-01" STARTDATE="2025-11-01" ENDDATE="2079-06-06" ISACTUAL="1" ISACTIVE="0" /><HOUSE ID="37605550" OBJECTID="62568891" OBJECTGUID="6f8ef18e-7189-4e93-80e3-f6c0c7b6106a" CHANGEID="93403799" HOUSENUM="24" HOUSETYPE="2" OPERTYPEID="10" PREVID="0" NEXTID="129433113" UPDATEDATE="2025-11-01" STARTDATE="2016-11-06" ENDDATE="2025-11-01" ISACTUAL="0" ISACTIVE="0" /><HOUSE ID="129433116" OBJECTID="62650245" OBJECTGUID="fb4a11a3-2a7d-4825-a4e2-1ef54fd06500" CHANGEID="691556848" HOUSENUM="4" HOUSETYPE="2" OPERTYPEID="30" PREVID="37659099" NEXTID="0" UPDATEDATE="2025-11-01" STARTDATE="2025-11-01" ENDDATE="2079-06-06" ISACTUAL="1" ISACTIVE="0" /><HOUSE ID="129433117" OBJECTID="62651170" OBJECTGUID="c8011ce1-eff9-4f1e-aa03-20d79a3407b5" CHANGEID="691556850" HOUSENUM="23" HOUSETYPE="2" OPERTYPEID="30" PREVID="37659463" NEXTID="0" UPDATEDATE="2025-11-01" STARTDATE="2025-11-01" ENDDATE="2079-06-06" ISACTUAL="1" ISACTIVE="0" /><HOUSE ID="37659463" OBJECTID="62651170" OBJECTGUID="c8011ce1-eff9-4f1e-aa03-20d79a3407b5" CHANGEID="93526051" HOUSENUM="23" HOUSETYPE="2" OPERTYPEID="10" PREVID="0" NEXTID="129433117" UPDATEDATE="2025-11-01" STARTDATE="2016-11-06" ENDDATE="2025-11-01" ISACTUAL="0" ISACTIVE="0" /><HOUSE ID="129433130" OBJECTID="62651786" OBJECTGUID="7b670571-e7a9-4217-bbde-2b35dda9b705" CHANGEID="691556863" HOUSENUM="21" HOUSETYPE="2" OPERTYPEID="30" PREVID="37659869" NEXTID="0" UPDATEDATE="2025-11-01" STARTDATE="2025-11-01" ENDDATE="2079-06-06" ISACTUAL="1" ISACTIVE="0" /><HOUSE ID="37659869" OBJECTID="62651786" OBJECTGUID="7b670571-e7a9-4217-bbde-2b35dda9b705" CHANGEID="93526890" HOUSENUM="21" HOUSETYPE="2" OPERTYPEID="10" PREVID="0" NEXTID="129433130" UPDATEDATE="2025-11-01" STARTDATE="2016-11-06" ENDDATE="2025-11-01" ISACTUAL="0" ISACTIVE="0" /><HOUSE ID="129433101" OBJECTID="37404485" OBJECTGUID="b0ec0714-db01-43c6-9444-9e06e93a64a0" CHANGEID="691556743" HOUSENUM="51" HOUSETYPE="3" OPERTYPEID="30" PREVID="63914665" NEXTID="0" UPDATEDATE="2025-11-01" STARTDATE="2025-11-01" ENDDATE="2079-06-06" ISACTUAL="1" ISACTIVE="0" /><HOUSE ID="63914665" OBJECTID="37404485" OBJECTGUID="b0ec0714-db01-43c6-9444-9e06e93a64a0" CHANGEID="56752002" HOUSENUM="51" HOUSETYPE="3" OPERTYPEID="20" PREVID="22314607" NEXTID="129433101" UPDATEDATE="2025-11-01" STARTDATE="2014-01-10" ENDDATE="2025-11-01" ISACTUAL="0" ISACTIVE="0" /><HOUSE ID="129433103" OBJECTID="37406139" OBJECTGUID="91775109-6752-4299-86c5-bd945d4ffca1" CHANGEID="691556795" HOUSENUM="14" HOUSETYPE="3" OPERTYPEID="30" PREVID="61685502" NEXTID="0" UPDATEDATE="2025-11-01" STARTDATE="2025-11-01" ENDDATE="2079-06-06" ISACTUAL="1" ISACTIVE="0" /><HOUSE ID="129433111" OBJECTID="37408667" OBJECTGUID="c86b0bae-eaf5-4486-948b-dd60226e440c" CHANGEID="691556823" HOUSENUM="59" HOUSETYPE="3" OPERTYPEID="30" PREVID="65580058" NEXTID="0" UPDATEDATE="2025-11-01" STARTDATE="2025-11-01" ENDDATE="2079-06-06" ISACTUAL="1" ISACTIVE="0" /><HOUSE ID="65580058" OBJECTID="37408667" OBJECTGUID="c86b0bae-eaf5-4486-948b-dd60226e440c" CHANGEID="56758393" HOUSENUM="59" HOUSETYPE="3" OPERTYPEID="20" PREVID="22317200" NEXTID="129433111" UPDATEDATE="2025-11-01" STARTDATE="2014-01-10" ENDDATE="2025-11-01" ISACTUAL="0" ISACTIVE="0" /><HOUSE ID="129433115" OBJECTID="62649722" OBJECTGUID="6fe022f0-941d-419e-ab08-19955966e1a3" CHANGEID="691556847" HOUSENUM="28" HOUSETYPE="2" OPERTYPEID="30" PREVID="37658712" NEXTID="0" UPDATEDATE="2025-11-01" STARTDATE="2025-11-01" ENDDATE="2079-06-06" ISACTUAL="1" ISACTIVE="0" /><HOUSE ID="37658712" OBJECTID="62649722" OBJECTGUID="6fe022f0-941d-419e-ab08-19955966e1a3" CHANGEID="93524033" HOUSENUM="28" HOUSETYPE="2" OPERTYPEID="10" PREVID="0" NEXTID="129433115" UPDATEDATE="2025-11-01" STARTDATE="2016-11-06" ENDDATE="2025-11-01" ISACTUAL="0" ISACTIVE="0" /><HOUSE ID="129433145" OBJECTID="62656546" OBJECTGUID="8508da3c-7a8c-4d77-8b02-43c3984722b6" CHANGEID="691556882" HOUSENUM="11" HOUSETYPE="2" OPERTYPEID="30" PREVID="37662967" NEXTID="0" UPDATEDATE="2025-11-01" STARTDATE="2025-11-01" ENDDATE="2079-06-06" ISACTUAL="1" ISACTIVE="0" /><HOUSE ID="37662967" OBJECTID="62656546" OBJECTGUID="8508da3c-7a8c-4d77-8b02-43c3984722b6" CHANGEID="93533806" HOUSENUM="11" HOUSETYPE="2" OPERTYPEID="10" PREVID="0" NEXTID="129433145" UPDATEDATE="2025-11-01" STARTDATE="2016-11-06" ENDDATE="2025-11-01" ISACTUAL="0" ISACTIVE="0" /><HOUSE ID="129437178" OBJECTID="175660138" OBJECTGUID="a919ac46-8ba9-41a6-9361-21a684fa0503" CHANGEID="691580252" HOUSENUM="2" HOUSETYPE="2" OPERTYPEID="10" PREVID="0" NEXTID="0" UPDATEDATE="2025-11-01" STARTDATE="2025-11-01" ENDDATE="2079-06-06" ISACTUAL="1" ISACTIVE="1" /><HOUSE ID="129437357" OBJECTID="59789173" OBJECTGUID="7ee3b8b7-0575-4a39-8bd8-26214f558ebd" CHANGEID="691580864" HOUSENUM="7" HOUSETYPE="2" OPERTYPEID="20" PREVID="60370358" UPDATEDATE="2025-11-01" STARTDATE="2025-11-01" ENDDATE="2079-06-06" ISACTUAL="1" ISACTIVE="1" /></HOUSES>