﻿<?xml version="1.0" encoding="utf-8"?><STEADS><STEAD ID="5823566" OBJECTID="90358980" OBJECTGUID="5bcaabe1-7e8a-480c-a99d-1f135871f222" CHANGEID="132945267" NUMBER="69" OPERTYPEID="10" NEXTID="74517361" UPDATEDATE="2025-10-30" STARTDATE="2016-08-26" ENDDATE="2025-10-30" ISACTUAL="0" ISACTIVE="0" /><STEAD ID="74515659" OBJECTID="93503823" OBJECTGUID="38bf9b49-3b04-4431-bb58-7ac1eafbb0a3" CHANGEID="691441159" NUMBER="254" OPERTYPEID="30" PREVID="8970469" NEXTID="0" UPDATEDATE="2025-10-30" STARTDATE="2025-10-30" ENDDATE="2079-06-06" ISACTUAL="1" ISACTIVE="0" /><STEAD ID="8970469" OBJECTID="93503823" OBJECTGUID="38bf9b49-3b04-4431-bb58-7ac1eafbb0a3" CHANGEID="136402225" NUMBER="254" OPERTYPEID="10" NEXTID="74515659" UPDATEDATE="2025-10-30" STARTDATE="2019-12-04" ENDDATE="2025-10-30" ISACTUAL="0" ISACTIVE="0" /><STEAD ID="74515660" OBJECTID="175585349" OBJECTGUID="d2750791-7849-4cca-bdba-45313e44aa34" CHANGEID="691441160" NUMBER="18" OPERTYPEID="10" PREVID="0" NEXTID="0" UPDATEDATE="2025-10-30" STARTDATE="2025-10-30" ENDDATE="2079-06-06" ISACTUAL="1" ISACTIVE="1" /><STEAD ID="74515661" OBJECTID="175585350" OBJECTGUID="2612f31c-4d80-4349-875b-3bcf413a5ddf" CHANGEID="691441161" NUMBER="6" OPERTYPEID="10" PREVID="0" NEXTID="0" UPDATEDATE="2025-10-30" STARTDATE="2025-10-30" ENDDATE="2079-06-06" ISACTUAL="1" ISACTIVE="1" /><STEAD ID="74515662" OBJECTID="175585352" OBJECTGUID="faf23151-a3c0-4d61-9087-61cde634eeeb" CHANGEID="691441163" NUMBER="10" OPERTYPEID="10" PREVID="0" NEXTID="0" UPDATEDATE="2025-10-30" STARTDATE="2025-10-30" ENDDATE="2079-06-06" ISACTUAL="1" ISACTIVE="1" /><STEAD ID="74515665" OBJECTID="175585356" OBJECTGUID="aae23ff2-c591-43f7-92f9-8a0be709b135" CHANGEID="691441167" NUMBER="8" OPERTYPEID="10" PREVID="0" NEXTID="0" UPDATEDATE="2025-10-30" STARTDATE="2025-10-30" ENDDATE="2079-06-06" ISACTUAL="1" ISACTIVE="1" /><STEAD ID="74515667" OBJECTID="175585358" OBJECTGUID="e9c88fb8-a101-49af-81e3-0af74d968721" CHANGEID="691441169" NUMBER="2" OPERTYPEID="10" PREVID="0" NEXTID="0" UPDATEDATE="2025-10-30" STARTDATE="2025-10-30" ENDDATE="2079-06-06" ISACTUAL="1" ISACTIVE="1" /><STEAD ID="74515663" OBJECTID="175585353" OBJECTGUID="f4c1cddb-39d4-4754-b023-de9a83e68b44" CHANGEID="691441164" NUMBER="29" OPERTYPEID="10" PREVID="0" NEXTID="0" UPDATEDATE="2025-10-30" STARTDATE="2025-10-30" ENDDATE="2079-06-06" ISACTUAL="1" ISACTIVE="1" /><STEAD ID="74515664" OBJECTID="175585355" OBJECTGUID="befe2fb0-454d-4905-91df-9ab3245956f1" CHANGEID="691441166" NUMBER="6" OPERTYPEID="10" PREVID="0" NEXTID="0" UPDATEDATE="2025-10-30" STARTDATE="2025-10-30" ENDDATE="2079-06-06" ISACTUAL="1" ISACTIVE="1" /><STEAD ID="74515666" OBJECTID="175585357" OBJECTGUID="b3b2d86f-3529-4185-897d-2e2e246e574d" CHANGEID="691441168" NUMBER="4" OPERTYPEID="10" PREVID="0" NEXTID="0" UPDATEDATE="2025-10-30" STARTDATE="2025-10-30" ENDDATE="2079-06-06" ISACTUAL="1" ISACTIVE="1" /><STEAD ID="74515668" OBJECTID="175585359" OBJECTGUID="c0af33fc-13f2-44cb-ab29-3916b4948017" CHANGEID="691441171" NUMBER="210" OPERTYPEID="10" PREVID="0" NEXTID="0" UPDATEDATE="2025-10-30" STARTDATE="2025-10-30" ENDDATE="2079-06-06" ISACTUAL="1" ISACTIVE="1" /><STEAD ID="74515670" OBJECTID="175585363" OBJECTGUID="2253e540-6d17-46f2-bdb2-03377b69c0bc" CHANGEID="691441175" NUMBER="18" OPERTYPEID="10" PREVID="0" NEXTID="0" UPDATEDATE="2025-10-30" STARTDATE="2025-10-30" ENDDATE="2079-06-06" ISACTUAL="1" ISACTIVE="1" /><STEAD ID="74515821" OBJECTID="175585554" OBJECTGUID="70fa5c5c-a71c-464a-a45e-063431c130d3" CHANGEID="691441563" NUMBER="22/1" OPERTYPEID="10" PREVID="0" NEXTID="0" UPDATEDATE="2025-10-30" STARTDATE="2025-10-30" ENDDATE="2079-06-06" ISACTUAL="1" ISACTIVE="1" /><STEAD ID="74515827" OBJECTID="175585561" OBJECTGUID="56a90339-d933-497c-92a9-17a3857e8908" CHANGEID="691441574" NUMBER="9" OPERTYPEID="10" PREVID="0" NEXTID="0" UPDATEDATE="2025-10-30" STARTDATE="2025-10-30" ENDDATE="2079-06-06" ISACTUAL="1" ISACTIVE="1" /><STEAD ID="74516713" OBJECTID="175586662" OBJECTGUID="10643172-d34c-4553-b21e-972e462c7705" CHANGEID="691443985" NUMBER="26" OPERTYPEID="10" PREVID="0" NEXTID="0" UPDATEDATE="2025-10-30" STARTDATE="2025-10-30" ENDDATE="2079-06-06" ISACTUAL="1" ISACTIVE="1" /><STEAD ID="74517359" OBJECTID="90358220" OBJECTGUID="fdb78ef3-780b-4e06-bef6-de28f9d912bb" CHANGEID="691445574" NUMBER="67" OPERTYPEID="30" PREVID="5822797" NEXTID="0" UPDATEDATE="2025-10-30" STARTDATE="2025-10-30" ENDDATE="2079-06-06" ISACTUAL="1" ISACTIVE="0" /><STEAD ID="5822797" OBJECTID="90358220" OBJECTGUID="fdb78ef3-780b-4e06-bef6-de28f9d912bb" CHANGEID="132944426" NUMBER="67" OPERTYPEID="10" NEXTID="74517359" UPDATEDATE="2025-10-30" STARTDATE="2016-08-26" ENDDATE="2025-10-30" ISACTUAL="0" ISACTIVE="0" /><STEAD ID="74517361" OBJECTID="90358980" OBJECTGUID="5bcaabe1-7e8a-480c-a99d-1f135871f222" CHANGEID="691445581" NUMBER="69" OPERTYPEID="30" PREVID="5823566" NEXTID="0" UPDATEDATE="2025-10-30" STARTDATE="2025-10-30" ENDDATE="2079-06-06" ISACTUAL="1" ISACTIVE="0" /><STEAD ID="74517527" OBJECTID="175587814" OBJECTGUID="bcebd64d-d0cd-4591-9473-79072835d667" CHANGEID="691445948" NUMBER="20" OPERTYPEID="10" PREVID="0" NEXTID="0" UPDATEDATE="2025-10-30" STARTDATE="2025-10-30" ENDDATE="2079-06-06" ISACTUAL="1" ISACTIVE="1" /><STEAD ID="74517812" OBJECTID="88046992" OBJECTGUID="809ebdb6-749d-4161-928f-cd88e8ed0e84" CHANGEID="691446799" NUMBER="44" OPERTYPEID="30" PREVID="3506981" NEXTID="0" UPDATEDATE="2025-10-30" STARTDATE="2025-10-30" ENDDATE="2079-06-06" ISACTUAL="1" ISACTIVE="0" /><STEAD ID="3506981" OBJECTID="88046992" OBJECTGUID="809ebdb6-749d-4161-928f-cd88e8ed0e84" CHANGEID="130271096" NUMBER="44" OPERTYPEID="10" NEXTID="74517812" UPDATEDATE="2025-10-30" STARTDATE="2017-06-02" ENDDATE="2025-10-30" ISACTUAL="0" ISACTIVE="0" /><STEAD ID="74517907" OBJECTID="175588525" OBJECTGUID="902a6c70-37f1-454b-b310-60b50aa523f9" CHANGEID="691447167" NUMBER="69" OPERTYPEID="10" PREVID="0" NEXTID="0" UPDATEDATE="2025-10-30" STARTDATE="2025-10-30" ENDDATE="2079-06-06" ISACTUAL="1" ISACTIVE="1" /><STEAD ID="74517941" OBJECTID="175588567" OBJECTGUID="26b99bdf-f055-4964-ab44-e985e44caa5c" CHANGEID="691447273" NUMBER="67" OPERTYPEID="10" PREVID="0" NEXTID="0" UPDATEDATE="2025-10-30" STARTDATE="2025-10-30" ENDDATE="2079-06-06" ISACTUAL="1" ISACTIVE="1" /><STEAD ID="74518063" OBJECTID="166481246" OBJECTGUID="e11d7cd1-21a8-44f7-8cbc-36d109e23f13" CHANGEID="691447641" NUMBER="28" OPERTYPEID="30" PREVID="69466291" NEXTID="0" UPDATEDATE="2025-10-30" STARTDATE="2025-10-30" ENDDATE="2079-06-06" ISACTUAL="1" ISACTIVE="0" /><STEAD ID="74518360" OBJECTID="175589181" OBJECTGUID="f763880f-943d-48d5-ab0b-a7e1218d7804" CHANGEID="691449071" NUMBER="6" OPERTYPEID="10" PREVID="0" NEXTID="0" UPDATEDATE="2025-10-30" STARTDATE="2025-10-30" ENDDATE="2079-06-06" ISACTUAL="1" ISACTIVE="1" /><STEAD ID="74518367" OBJECTID="101235432" OBJECTGUID="bb498f5b-0591-4bd1-a065-a1d624d470a3" CHANGEID="691449097" NUMBER="18" OPERTYPEID="30" PREVID="14138965" NEXTID="0" UPDATEDATE="2025-10-30" STARTDATE="2025-10-30" ENDDATE="2079-06-06" ISACTUAL="1" ISACTIVE="0" /><STEAD ID="14138965" OBJECTID="101235432" OBJECTGUID="bb498f5b-0591-4bd1-a065-a1d624d470a3" CHANGEID="193142715" NUMBER="18" OPERTYPEID="10" PREVID="0" NEXTID="74518367" UPDATEDATE="2025-10-30" STARTDATE="2021-05-18" ENDDATE="2025-10-30" ISACTUAL="0" ISACTIVE="0" /><STEAD ID="74518494" OBJECTID="175589367" OBJECTGUID="09f35e4d-4feb-441a-9f62-826dd763814a" CHANGEID="691449566" NUMBER="10б" OPERTYPEID="10" PREVID="0" NEXTID="0" UPDATEDATE="2025-10-30" STARTDATE="2025-10-30" ENDDATE="2079-06-06" ISACTUAL="1" ISACTIVE="1" /><STEAD ID="74530852" OBJECTID="175613760" OBJECTGUID="ef49d406-7fc8-41cb-9352-e471d704f59e" CHANGEID="691490139" NUMBER="44" OPERTYPEID="10" PREVID="0" NEXTID="0" UPDATEDATE="2025-10-31" STARTDATE="2025-10-31" ENDDATE="2079-06-06" ISACTUAL="1" ISACTIVE="1" /><STEAD ID="74530853" OBJECTID="175613778" OBJECTGUID="197d4814-55b1-4535-955c-1c0920ad04d8" CHANGEID="691490157" NUMBER="67б" OPERTYPEID="10" PREVID="0" NEXTID="0" UPDATEDATE="2025-10-31" STARTDATE="2025-10-31" ENDDATE="2079-06-06" ISACTUAL="1" ISACTIVE="1" /><STEAD ID="74530855" OBJECTID="175613780" OBJECTGUID="472fba78-9a65-4490-a92a-bc7ad97f9a8b" CHANGEID="691490159" NUMBER="68" OPERTYPEID="10" PREVID="0" NEXTID="0" UPDATEDATE="2025-10-31" STARTDATE="2025-10-31" ENDDATE="2079-06-06" ISACTUAL="1" ISACTIVE="1" /><STEAD ID="74530854" OBJECTID="175613779" OBJECTGUID="e2f3a1a4-b2c5-420a-ae9f-4b5ca2fac373" CHANGEID="691490158" NUMBER="35а" OPERTYPEID="10" PREVID="0" NEXTID="0" UPDATEDATE="2025-10-31" STARTDATE="2025-10-31" ENDDATE="2079-06-06" ISACTUAL="1" ISACTIVE="1" /><STEAD ID="74530856" OBJECTID="175613781" OBJECTGUID="d7c2469f-aea0-4089-a504-01351b182ef2" CHANGEID="691490160" NUMBER="5а" OPERTYPEID="10" PREVID="0" NEXTID="0" UPDATEDATE="2025-10-31" STARTDATE="2025-10-31" ENDDATE="2079-06-06" ISACTUAL="1" ISACTIVE="1" /><STEAD ID="74530859" OBJECTID="175613796" OBJECTGUID="2cbedc45-9fd4-4a0c-b20f-3af0006dc49f" CHANGEID="691490194" NUMBER="50" OPERTYPEID="10" PREVID="0" NEXTID="0" UPDATEDATE="2025-10-31" STARTDATE="2025-10-31" ENDDATE="2079-06-06" ISACTUAL="1" ISACTIVE="1" /><STEAD ID="74530860" OBJECTID="175613797" OBJECTGUID="339f2ed7-7a9d-488f-97ff-46772e30c304" CHANGEID="691490195" NUMBER="23" OPERTYPEID="10" PREVID="0" NEXTID="0" UPDATEDATE="2025-10-31" STARTDATE="2025-10-31" ENDDATE="2079-06-06" ISACTUAL="1" ISACTIVE="1" /><STEAD ID="74530861" OBJECTID="175613798" OBJECTGUID="2f15d4e9-5d2a-4953-8f88-0eb37a822f05" CHANGEID="691490196" NUMBER="78" OPERTYPEID="10" PREVID="0" NEXTID="0" UPDATEDATE="2025-10-31" STARTDATE="2025-10-31" ENDDATE="2079-06-06" ISACTUAL="1" ISACTIVE="1" /><STEAD ID="74530862" OBJECTID="175613799" OBJECTGUID="a772c531-8a36-4af2-8ab6-d790e0b157ea" CHANGEID="691490197" NUMBER="57" OPERTYPEID="10" PREVID="0" NEXTID="0" UPDATEDATE="2025-10-31" STARTDATE="2025-10-31" ENDDATE="2079-06-06" ISACTUAL="1" ISACTIVE="1" /><STEAD ID="74530863" OBJECTID="175613800" OBJECTGUID="48ad3543-2bdc-4c3e-92f5-e1c7e45954ea" CHANGEID="691490198" NUMBER="54" OPERTYPEID="10" PREVID="0" NEXTID="0" UPDATEDATE="2025-10-31" STARTDATE="2025-10-31" ENDDATE="2079-06-06" ISACTUAL="1" ISACTIVE="1" /><STEAD ID="74530864" OBJECTID="175613801" OBJECTGUID="72578c4c-d826-4129-8c9d-74c8d5e24223" CHANGEID="691490199" NUMBER="44" OPERTYPEID="10" PREVID="0" NEXTID="0" UPDATEDATE="2025-10-31" STARTDATE="2025-10-31" ENDDATE="2079-06-06" ISACTUAL="1" ISACTIVE="1" /><STEAD ID="74530865" OBJECTID="175613802" OBJECTGUID="686bc3ae-100c-458a-b160-c1e0ade5e8c1" CHANGEID="691490200" NUMBER="11" OPERTYPEID="10" PREVID="0" NEXTID="0" UPDATEDATE="2025-10-31" STARTDATE="2025-10-31" ENDDATE="2079-06-06" ISACTUAL="1" ISACTIVE="1" /><STEAD ID="74530867" OBJECTID="175613804" OBJECTGUID="5c32e4d3-cf68-4857-a6f9-5fa6a3208fd8" CHANGEID="691490202" NUMBER="2" OPERTYPEID="10" PREVID="0" NEXTID="0" UPDATEDATE="2025-10-31" STARTDATE="2025-10-31" ENDDATE="2079-06-06" ISACTUAL="1" ISACTIVE="1" /><STEAD ID="74530871" OBJECTID="175613808" OBJECTGUID="5226a431-c785-4719-96e8-2c60ef584487" CHANGEID="691490206" NUMBER="17б" OPERTYPEID="10" PREVID="0" NEXTID="0" UPDATEDATE="2025-10-31" STARTDATE="2025-10-31" ENDDATE="2079-06-06" ISACTUAL="1" ISACTIVE="1" /><STEAD ID="74530875" OBJECTID="175613812" OBJECTGUID="3e4545a9-4084-4687-90af-bb7c80ddbcc0" CHANGEID="691490210" NUMBER="50а" OPERTYPEID="10" PREVID="0" NEXTID="0" UPDATEDATE="2025-10-31" STARTDATE="2025-10-31" ENDDATE="2079-06-06" ISACTUAL="1" ISACTIVE="1" /><STEAD ID="74530877" OBJECTID="175613814" OBJECTGUID="a7aa3fc1-7d2f-499d-8990-9dc80f1106af" CHANGEID="691490212" NUMBER="27" OPERTYPEID="10" PREVID="0" NEXTID="0" UPDATEDATE="2025-10-31" STARTDATE="2025-10-31" ENDDATE="2079-06-06" ISACTUAL="1" ISACTIVE="1" /><STEAD ID="74530879" OBJECTID="175613816" OBJECTGUID="02c6f678-c44f-4bfd-bf02-e86d24d666a4" CHANGEID="691490214" NUMBER="57а" OPERTYPEID="10" PREVID="0" NEXTID="0" UPDATEDATE="2025-10-31" STARTDATE="2025-10-31" ENDDATE="2079-06-06" ISACTUAL="1" ISACTIVE="1" /><STEAD ID="74530881" OBJECTID="175613818" OBJECTGUID="320d493b-e4d8-48ae-81d9-090003fcaa71" CHANGEID="691490216" NUMBER="4б" OPERTYPEID="10" PREVID="0" NEXTID="0" UPDATEDATE="2025-10-31" STARTDATE="2025-10-31" ENDDATE="2079-06-06" ISACTUAL="1" ISACTIVE="1" /><STEAD ID="74530883" OBJECTID="175613820" OBJECTGUID="f9703521-aba6-4f55-96e1-88cb22c3fbe8" CHANGEID="691490218" NUMBER="7а" OPERTYPEID="10" PREVID="0" NEXTID="0" UPDATEDATE="2025-10-31" STARTDATE="2025-10-31" ENDDATE="2079-06-06" ISACTUAL="1" ISACTIVE="1" /><STEAD ID="74530885" OBJECTID="175613822" OBJECTGUID="a333d275-98a7-468e-ab32-6ab922fc310c" CHANGEID="691490220" NUMBER="18" OPERTYPEID="10" PREVID="0" NEXTID="0" UPDATEDATE="2025-10-31" STARTDATE="2025-10-31" ENDDATE="2079-06-06" ISACTUAL="1" ISACTIVE="1" /><STEAD ID="74530866" OBJECTID="175613803" OBJECTGUID="b0f35e62-dba2-4763-86d4-7aa56122940c" CHANGEID="691490201" NUMBER="61" OPERTYPEID="10" PREVID="0" NEXTID="0" UPDATEDATE="2025-10-31" STARTDATE="2025-10-31" ENDDATE="2079-06-06" ISACTUAL="1" ISACTIVE="1" /><STEAD ID="74530868" OBJECTID="175613805" OBJECTGUID="5fa133d4-f8bb-4024-adbe-af9ee3cb7b66" CHANGEID="691490203" NUMBER="17" OPERTYPEID="10" PREVID="0" NEXTID="0" UPDATEDATE="2025-10-31" STARTDATE="2025-10-31" ENDDATE="2079-06-06" ISACTUAL="1" ISACTIVE="1" /><STEAD ID="74530870" OBJECTID="175613807" OBJECTGUID="ce051c46-b753-488f-9ae1-938bc04a34c0" CHANGEID="691490205" NUMBER="2" OPERTYPEID="10" PREVID="0" NEXTID="0" UPDATEDATE="2025-10-31" STARTDATE="2025-10-31" ENDDATE="2079-06-06" ISACTUAL="1" ISACTIVE="1" /><STEAD ID="74530872" OBJECTID="175613809" OBJECTGUID="33e48523-a7cc-4966-b16a-27d6a9d5c3bb" CHANGEID="691490207" NUMBER="115" OPERTYPEID="10" PREVID="0" NEXTID="0" UPDATEDATE="2025-10-31" STARTDATE="2025-10-31" ENDDATE="2079-06-06" ISACTUAL="1" ISACTIVE="1" /><STEAD ID="74530874" OBJECTID="175613811" OBJECTGUID="4bf95dd2-1848-4f1f-ad54-8f3663dbf36a" CHANGEID="691490209" NUMBER="46" OPERTYPEID="10" PREVID="0" NEXTID="0" UPDATEDATE="2025-10-31" STARTDATE="2025-10-31" ENDDATE="2079-06-06" ISACTUAL="1" ISACTIVE="1" /><STEAD ID="74530876" OBJECTID="175613813" OBJECTGUID="b9248f60-8cac-4808-bd59-a4ccd1cd2630" CHANGEID="691490211" NUMBER="71" OPERTYPEID="10" PREVID="0" NEXTID="0" UPDATEDATE="2025-10-31" STARTDATE="2025-10-31" ENDDATE="2079-06-06" ISACTUAL="1" ISACTIVE="1" /><STEAD ID="74530878" OBJECTID="175613815" OBJECTGUID="83132d5c-007b-4acd-bd4e-3a5eb0107bee" CHANGEID="691490213" NUMBER="58" OPERTYPEID="10" PREVID="0" NEXTID="0" UPDATEDATE="2025-10-31" STARTDATE="2025-10-31" ENDDATE="2079-06-06" ISACTUAL="1" ISACTIVE="1" /><STEAD ID="74530880" OBJECTID="175613817" OBJECTGUID="7b11c36d-ac97-4c26-8e36-4314a4574e0d" CHANGEID="691490215" NUMBER="16" OPERTYPEID="10" PREVID="0" NEXTID="0" UPDATEDATE="2025-10-31" STARTDATE="2025-10-31" ENDDATE="2079-06-06" ISACTUAL="1" ISACTIVE="1" /><STEAD ID="74530882" OBJECTID="175613819" OBJECTGUID="958685ec-b5db-481a-a9c0-1106cbeb9961" CHANGEID="691490217" NUMBER="51а" OPERTYPEID="10" PREVID="0" NEXTID="0" UPDATEDATE="2025-10-31" STARTDATE="2025-10-31" ENDDATE="2079-06-06" ISACTUAL="1" ISACTIVE="1" /><STEAD ID="74530884" OBJECTID="175613821" OBJECTGUID="ce0ff706-53a3-4346-b098-e4ea565da1fc" CHANGEID="691490219" NUMBER="54" OPERTYPEID="10" PREVID="0" NEXTID="0" UPDATEDATE="2025-10-31" STARTDATE="2025-10-31" ENDDATE="2079-06-06" ISACTUAL="1" ISACTIVE="1" /><STEAD ID="74530891" OBJECTID="175613831" OBJECTGUID="35005db6-79c5-48c6-a11a-f61b4ba73695" CHANGEID="691490314" NUMBER="28" OPERTYPEID="10" PREVID="0" NEXTID="0" UPDATEDATE="2025-10-31" STARTDATE="2025-10-31" ENDDATE="2079-06-06" ISACTUAL="1" ISACTIVE="1" /><STEAD ID="74531006" OBJECTID="175613909" OBJECTGUID="49d1e00f-6abc-4a88-919a-4ffeda813e8a" CHANGEID="691491405" NUMBER="27" OPERTYPEID="10" PREVID="0" NEXTID="0" UPDATEDATE="2025-10-31" STARTDATE="2025-10-31" ENDDATE="2079-06-06" ISACTUAL="1" ISACTIVE="1" /><STEAD ID="74531007" OBJECTID="175613910" OBJECTGUID="cfc490ac-bb5d-4bd3-b5a4-19ca6d5ec356" CHANGEID="691491406" NUMBER="31" OPERTYPEID="10" PREVID="0" NEXTID="0" UPDATEDATE="2025-10-31" STARTDATE="2025-10-31" ENDDATE="2079-06-06" ISACTUAL="1" ISACTIVE="1" /><STEAD ID="74531008" OBJECTID="175613911" OBJECTGUID="c8d40c7f-6724-461b-a21d-ebdea2e0ebc9" CHANGEID="691491407" NUMBER="29" OPERTYPEID="10" PREVID="0" NEXTID="0" UPDATEDATE="2025-10-31" STARTDATE="2025-10-31" ENDDATE="2079-06-06" ISACTUAL="1" ISACTIVE="1" /><STEAD ID="74531009" OBJECTID="175613912" OBJECTGUID="3a44039d-a626-426f-95e0-9b3e8ce21c68" CHANGEID="691491408" NUMBER="27" OPERTYPEID="10" PREVID="0" NEXTID="0" UPDATEDATE="2025-10-31" STARTDATE="2025-10-31" ENDDATE="2079-06-06" ISACTUAL="1" ISACTIVE="1" /><STEAD ID="74531011" OBJECTID="175613915" OBJECTGUID="c75fad82-4cab-4515-bb63-010bf4732e69" CHANGEID="691491411" NUMBER="9" OPERTYPEID="10" PREVID="0" NEXTID="0" UPDATEDATE="2025-10-31" STARTDATE="2025-10-31" ENDDATE="2079-06-06" ISACTUAL="1" ISACTIVE="1" /><STEAD ID="74531199" OBJECTID="175614119" OBJECTGUID="44af1b9c-ab6a-4090-a6b8-18c8855fa870" CHANGEID="691491677" NUMBER="11" OPERTYPEID="10" PREVID="0" NEXTID="0" UPDATEDATE="2025-10-31" STARTDATE="2025-10-31" ENDDATE="2079-06-06" ISACTUAL="1" ISACTIVE="1" /><STEAD ID="74531200" OBJECTID="175614120" OBJECTGUID="9e4b081f-69a0-4eb5-9a97-b6c9539a43ca" CHANGEID="691491678" NUMBER="9" OPERTYPEID="10" PREVID="0" NEXTID="0" UPDATEDATE="2025-10-31" STARTDATE="2025-10-31" ENDDATE="2079-06-06" ISACTUAL="1" ISACTIVE="1" /><STEAD ID="74531201" OBJECTID="175614121" OBJECTGUID="5b3bb053-bae0-431d-a9ec-f503ce0cd0cb" CHANGEID="691491679" NUMBER="7" OPERTYPEID="10" PREVID="0" NEXTID="0" UPDATEDATE="2025-10-31" STARTDATE="2025-10-31" ENDDATE="2079-06-06" ISACTUAL="1" ISACTIVE="1" /><STEAD ID="74531202" OBJECTID="175614122" OBJECTGUID="ff34c020-d4ac-48f7-86df-6f22a9e808dc" CHANGEID="691491680" NUMBER="3" OPERTYPEID="10" PREVID="0" NEXTID="0" UPDATEDATE="2025-10-31" STARTDATE="2025-10-31" ENDDATE="2079-06-06" ISACTUAL="1" ISACTIVE="1" /><STEAD ID="74531203" OBJECTID="175614123" OBJECTGUID="411357ab-5bde-4346-9b0e-4ff107843ee1" CHANGEID="691491681" NUMBER="15" OPERTYPEID="10" PREVID="0" NEXTID="0" UPDATEDATE="2025-10-31" STARTDATE="2025-10-31" ENDDATE="2079-06-06" ISACTUAL="1" ISACTIVE="1" /><STEAD ID="74531214" OBJECTID="175614157" OBJECTGUID="700e5113-b197-4e7f-ae63-6e728d31f293" CHANGEID="691491740" NUMBER="1" OPERTYPEID="10" PREVID="0" NEXTID="0" UPDATEDATE="2025-10-31" STARTDATE="2025-10-31" ENDDATE="2079-06-06" ISACTUAL="1" ISACTIVE="1" /><STEAD ID="74531216" OBJECTID="175614159" OBJECTGUID="19d2c5e8-be50-4e9e-80fb-24ef4654e9e9" CHANGEID="691491745" NUMBER="3" OPERTYPEID="10" PREVID="0" NEXTID="0" UPDATEDATE="2025-10-31" STARTDATE="2025-10-31" ENDDATE="2079-06-06" ISACTUAL="1" ISACTIVE="1" /><STEAD ID="74532927" OBJECTID="175617375" OBJECTGUID="993ac71d-7c52-4608-8d46-26bb2c2baa19" CHANGEID="691497158" NUMBER="1В" OPERTYPEID="10" PREVID="0" NEXTID="0" UPDATEDATE="2025-10-31" STARTDATE="2025-10-31" ENDDATE="2079-06-06" ISACTUAL="1" ISACTIVE="1" /><STEAD ID="74532987" OBJECTID="175617458" OBJECTGUID="6d8bcbb1-a232-4c93-bb60-dcf4eb30a688" CHANGEID="691497272" NUMBER="30" OPERTYPEID="10" PREVID="0" NEXTID="0" UPDATEDATE="2025-10-31" STARTDATE="2025-10-31" ENDDATE="2079-06-06" ISACTUAL="1" ISACTIVE="1" /><STEAD ID="74532995" OBJECTID="175617486" OBJECTGUID="e6c5eef1-a018-49af-bdcb-250ae41ee253" CHANGEID="691497332" NUMBER="11" OPERTYPEID="10" PREVID="0" NEXTID="0" UPDATEDATE="2025-10-31" STARTDATE="2025-10-31" ENDDATE="2079-06-06" ISACTUAL="1" ISACTIVE="1" /><STEAD ID="74533037" OBJECTID="175617531" OBJECTGUID="58cb0d51-6964-4bd6-a1f0-637cb552bae9" CHANGEID="691497384" NUMBER="160" OPERTYPEID="10" PREVID="0" NEXTID="0" UPDATEDATE="2025-10-31" STARTDATE="2025-10-31" ENDDATE="2079-06-06" ISACTUAL="1" ISACTIVE="1" /><STEAD ID="74533042" OBJECTID="175617547" OBJECTGUID="854caced-cade-4a3f-bdee-ef39354d4791" CHANGEID="691497408" NUMBER="17" OPERTYPEID="10" PREVID="0" NEXTID="0" UPDATEDATE="2025-10-31" STARTDATE="2025-10-31" ENDDATE="2079-06-06" ISACTUAL="1" ISACTIVE="1" /><STEAD ID="74533089" OBJECTID="175617638" OBJECTGUID="33ec5d07-8513-471a-91d3-0dc82fe5d94a" CHANGEID="691497509" NUMBER="45а" OPERTYPEID="10" PREVID="0" NEXTID="0" UPDATEDATE="2025-10-31" STARTDATE="2025-10-31" ENDDATE="2079-06-06" ISACTUAL="1" ISACTIVE="1" /><STEAD ID="74533835" OBJECTID="175619692" OBJECTGUID="af802323-8285-4fe5-aded-bc3d1fb2c9e8" CHANGEID="691500215" NUMBER="10/1" OPERTYPEID="10" PREVID="0" NEXTID="0" UPDATEDATE="2025-10-31" STARTDATE="2025-10-31" ENDDATE="2079-06-06" ISACTUAL="1" ISACTIVE="1" /><STEAD ID="74546089" OBJECTID="175643403" OBJECTGUID="36f319ea-126a-4403-8e13-7023bf0d95c3" CHANGEID="691536727" NUMBER="17а" OPERTYPEID="10" PREVID="0" NEXTID="0" UPDATEDATE="2025-11-01" STARTDATE="2025-11-01" ENDDATE="2079-06-06" ISACTUAL="1" ISACTIVE="1" /><STEAD ID="74546110" OBJECTID="175643442" OBJECTGUID="5e2fc23c-9304-4d77-a16d-afbaee9fdcbe" CHANGEID="691536857" NUMBER="14" OPERTYPEID="10" PREVID="0" NEXTID="0" UPDATEDATE="2025-11-01" STARTDATE="2025-11-01" ENDDATE="2079-06-06" ISACTUAL="1" ISACTIVE="1" /><STEAD ID="74546111" OBJECTID="175643443" OBJECTGUID="da96436a-60cc-4705-a25e-5139b74b9fd6" CHANGEID="691536858" NUMBER="32а" OPERTYPEID="10" PREVID="0" NEXTID="0" UPDATEDATE="2025-11-01" STARTDATE="2025-11-01" ENDDATE="2079-06-06" ISACTUAL="1" ISACTIVE="1" /><STEAD ID="74546112" OBJECTID="175643444" OBJECTGUID="71212559-bf18-4158-bf12-f94831149b9d" CHANGEID="691536859" NUMBER="28" OPERTYPEID="10" PREVID="0" NEXTID="0" UPDATEDATE="2025-11-01" STARTDATE="2025-11-01" ENDDATE="2079-06-06" ISACTUAL="1" ISACTIVE="1" /><STEAD ID="74546113" OBJECTID="175643445" OBJECTGUID="f8fae32b-4f7e-4208-bf66-b2eb6d2d2584" CHANGEID="691536860" NUMBER="9" OPERTYPEID="10" PREVID="0" NEXTID="0" UPDATEDATE="2025-11-01" STARTDATE="2025-11-01" ENDDATE="2079-06-06" ISACTUAL="1" ISACTIVE="1" /><STEAD ID="74546114" OBJECTID="175643446" OBJECTGUID="e40bebde-4b59-4ff9-b779-e1f22a6aa561" CHANGEID="691536861" NUMBER="121" OPERTYPEID="10" PREVID="0" NEXTID="0" UPDATEDATE="2025-11-01" STARTDATE="2025-11-01" ENDDATE="2079-06-06" ISACTUAL="1" ISACTIVE="1" /><STEAD ID="74546115" OBJECTID="175643447" OBJECTGUID="ceab0843-6ee4-480c-b1a4-67b8c592886b" CHANGEID="691536862" NUMBER="133" OPERTYPEID="10" PREVID="0" NEXTID="0" UPDATEDATE="2025-11-01" STARTDATE="2025-11-01" ENDDATE="2079-06-06" ISACTUAL="1" ISACTIVE="1" /><STEAD ID="74546116" OBJECTID="175643448" OBJECTGUID="7d536538-ec25-4e15-a284-b52416bbbab9" CHANGEID="691536863" NUMBER="135" OPERTYPEID="10" PREVID="0" NEXTID="0" UPDATEDATE="2025-11-01" STARTDATE="2025-11-01" ENDDATE="2079-06-06" ISACTUAL="1" ISACTIVE="1" /><STEAD ID="74546117" OBJECTID="175643449" OBJECTGUID="6b7a4aef-87ee-4e14-b095-b84636ad7b36" CHANGEID="691536864" NUMBER="89" OPERTYPEID="10" PREVID="0" NEXTID="0" UPDATEDATE="2025-11-01" STARTDATE="2025-11-01" ENDDATE="2079-06-06" ISACTUAL="1" ISACTIVE="1" /><STEAD ID="74546195" OBJECTID="175643559" OBJECTGUID="db0ff7a8-c858-4422-93b4-8193e8e35c6e" CHANGEID="691538090" NUMBER="5" OPERTYPEID="10" PREVID="0" NEXTID="0" UPDATEDATE="2025-11-01" STARTDATE="2025-11-01" ENDDATE="2079-06-06" ISACTUAL="1" ISACTIVE="1" /><STEAD ID="74546511" OBJECTID="175643932" OBJECTGUID="c2d2b1e4-ef85-4caf-9603-1cae4021eca4" CHANGEID="691546358" NUMBER="22" OPERTYPEID="10" PREVID="0" NEXTID="0" UPDATEDATE="2025-11-01" STARTDATE="2025-11-01" ENDDATE="2079-06-06" ISACTUAL="1" ISACTIVE="1" /><STEAD ID="74546512" OBJECTID="175643933" OBJECTGUID="bd67e8cc-6d70-4df1-82ab-a25e2c9a4656" CHANGEID="691546359" NUMBER="19/1" OPERTYPEID="10" PREVID="0" NEXTID="0" UPDATEDATE="2025-11-01" STARTDATE="2025-11-01" ENDDATE="2079-06-06" ISACTUAL="1" ISACTIVE="1" /><STEAD ID="74546513" OBJECTID="175643934" OBJECTGUID="f7bd1f22-ea27-4cfa-adba-7655f53fcd19" CHANGEID="691546360" NUMBER="21" OPERTYPEID="10" PREVID="0" NEXTID="0" UPDATEDATE="2025-11-01" STARTDATE="2025-11-01" ENDDATE="2079-06-06" ISACTUAL="1" ISACTIVE="1" /><STEAD ID="74546514" OBJECTID="175643935" OBJECTGUID="5fd709dd-8f8f-491f-9cc0-5b4ad21c7aed" CHANGEID="691546361" NUMBER="25" OPERTYPEID="10" PREVID="0" NEXTID="0" UPDATEDATE="2025-11-01" STARTDATE="2025-11-01" ENDDATE="2079-06-06" ISACTUAL="1" ISACTIVE="1" /><STEAD ID="74546515" OBJECTID="175643936" OBJECTGUID="24bda03b-0b92-4525-b89d-08ec4e7daf59" CHANGEID="691546362" NUMBER="14" OPERTYPEID="10" PREVID="0" NEXTID="0" UPDATEDATE="2025-11-01" STARTDATE="2025-11-01" ENDDATE="2079-06-06" ISACTUAL="1" ISACTIVE="1" /><STEAD ID="74546516" OBJECTID="175643937" OBJECTGUID="80694b92-984a-4d2d-bb95-2c7806aa2a5a" CHANGEID="691546364" NUMBER="16" OPERTYPEID="10" PREVID="0" NEXTID="0" UPDATEDATE="2025-11-01" STARTDATE="2025-11-01" ENDDATE="2079-06-06" ISACTUAL="1" ISACTIVE="1" /><STEAD ID="74546517" OBJECTID="175643938" OBJECTGUID="aa274bc2-3f20-44bc-9006-f676413291b2" CHANGEID="691546366" NUMBER="18" OPERTYPEID="10" PREVID="0" NEXTID="0" UPDATEDATE="2025-11-01" STARTDATE="2025-11-01" ENDDATE="2079-06-06" ISACTUAL="1" ISACTIVE="1" /><STEAD ID="74546518" OBJECTID="175643939" OBJECTGUID="db51e404-e0c4-40ff-912e-47a85d1ebf61" CHANGEID="691546368" NUMBER="38" OPERTYPEID="10" PREVID="0" NEXTID="0" UPDATEDATE="2025-11-01" STARTDATE="2025-11-01" ENDDATE="2079-06-06" ISACTUAL="1" ISACTIVE="1" /><STEAD ID="74546519" OBJECTID="175643940" OBJECTGUID="8a5fe1cb-3326-40b9-97f5-2a28d3ebf276" CHANGEID="691546370" NUMBER="23" OPERTYPEID="10" PREVID="0" NEXTID="0" UPDATEDATE="2025-11-01" STARTDATE="2025-11-01" ENDDATE="2079-06-06" ISACTUAL="1" ISACTIVE="1" /><STEAD ID="74546520" OBJECTID="175643941" OBJECTGUID="6d8feea6-80f2-4e07-9fea-44150459e64c" CHANGEID="691546371" NUMBER="32" OPERTYPEID="10" PREVID="0" NEXTID="0" UPDATEDATE="2025-11-01" STARTDATE="2025-11-01" ENDDATE="2079-06-06" ISACTUAL="1" ISACTIVE="1" /><STEAD ID="74546521" OBJECTID="175643942" OBJECTGUID="d06d578f-a602-4c86-a917-82727ab7c27f" CHANGEID="691546372" NUMBER="33" OPERTYPEID="10" PREVID="0" NEXTID="0" UPDATEDATE="2025-11-01" STARTDATE="2025-11-01" ENDDATE="2079-06-06" ISACTUAL="1" ISACTIVE="1" /><STEAD ID="74546525" OBJECTID="175643946" OBJECTGUID="290bae4e-861c-42ea-b35e-fae3701572df" CHANGEID="691546378" NUMBER="21" OPERTYPEID="10" PREVID="0" NEXTID="0" UPDATEDATE="2025-11-01" STARTDATE="2025-11-01" ENDDATE="2079-06-06" ISACTUAL="1" ISACTIVE="1" /><STEAD ID="74546522" OBJECTID="175643943" OBJECTGUID="33623ebc-c040-4246-80d5-12ae4727a054" CHANGEID="691546375" NUMBER="9" OPERTYPEID="10" PREVID="0" NEXTID="0" UPDATEDATE="2025-11-01" STARTDATE="2025-11-01" ENDDATE="2079-06-06" ISACTUAL="1" ISACTIVE="1" /><STEAD ID="74546523" OBJECTID="175643944" OBJECTGUID="ac3da442-5038-460d-990f-404c370f76ae" CHANGEID="691546376" NUMBER="7" OPERTYPEID="10" PREVID="0" NEXTID="0" UPDATEDATE="2025-11-01" STARTDATE="2025-11-01" ENDDATE="2079-06-06" ISACTUAL="1" ISACTIVE="1" /><STEAD ID="74546524" OBJECTID="175643945" OBJECTGUID="7aa31846-28c3-46b3-a66c-789cf22c68f1" CHANGEID="691546377" NUMBER="3" OPERTYPEID="10" PREVID="0" NEXTID="0" UPDATEDATE="2025-11-01" STARTDATE="2025-11-01" ENDDATE="2079-06-06" ISACTUAL="1" ISACTIVE="1" /><STEAD ID="74546526" OBJECTID="175643947" OBJECTGUID="627edee6-64fa-4659-adbc-c63e2256a7e9" CHANGEID="691546384" NUMBER="42" OPERTYPEID="10" PREVID="0" NEXTID="0" UPDATEDATE="2025-11-01" STARTDATE="2025-11-01" ENDDATE="2079-06-06" ISACTUAL="1" ISACTIVE="1" /><STEAD ID="74546527" OBJECTID="175643948" OBJECTGUID="9be4f71e-a884-4fa3-a143-231a01be2625" CHANGEID="691546385" NUMBER="24" OPERTYPEID="10" PREVID="0" NEXTID="0" UPDATEDATE="2025-11-01" STARTDATE="2025-11-01" ENDDATE="2079-06-06" ISACTUAL="1" ISACTIVE="1" /><STEAD ID="74546528" OBJECTID="175643950" OBJECTGUID="3b34015c-5ec0-406a-9bc8-e30566ddede0" CHANGEID="691546391" NUMBER="25" OPERTYPEID="10" PREVID="0" NEXTID="0" UPDATEDATE="2025-11-01" STARTDATE="2025-11-01" ENDDATE="2079-06-06" ISACTUAL="1" ISACTIVE="1" /><STEAD ID="74546529" OBJECTID="175643951" OBJECTGUID="59295bb0-a6c2-4c11-8f47-44c0f8083c56" CHANGEID="691546392" NUMBER="18а" OPERTYPEID="10" PREVID="0" NEXTID="0" UPDATEDATE="2025-11-01" STARTDATE="2025-11-01" ENDDATE="2079-06-06" ISACTUAL="1" ISACTIVE="1" /><STEAD ID="74546530" OBJECTID="175643952" OBJECTGUID="32b5de50-b203-4792-9b11-49581ddd38c9" CHANGEID="691546394" NUMBER="29а" OPERTYPEID="10" PREVID="0" NEXTID="0" UPDATEDATE="2025-11-01" STARTDATE="2025-11-01" ENDDATE="2079-06-06" ISACTUAL="1" ISACTIVE="1" /><STEAD ID="74546531" OBJECTID="175643953" OBJECTGUID="383cca0d-27ed-4024-87c8-b8abe2cc2e5c" CHANGEID="691546395" NUMBER="52" OPERTYPEID="10" PREVID="0" NEXTID="0" UPDATEDATE="2025-11-01" STARTDATE="2025-11-01" ENDDATE="2079-06-06" ISACTUAL="1" ISACTIVE="1" /><STEAD ID="74546532" OBJECTID="175643954" OBJECTGUID="8b9ade65-d432-4cf2-81e5-c5a4f95dca4a" CHANGEID="691546396" NUMBER="5а" OPERTYPEID="10" PREVID="0" NEXTID="0" UPDATEDATE="2025-11-01" STARTDATE="2025-11-01" ENDDATE="2079-06-06" ISACTUAL="1" ISACTIVE="1" /><STEAD ID="74546533" OBJECTID="175643955" OBJECTGUID="2a384581-ea35-4985-8039-05f492d99d16" CHANGEID="691546397" NUMBER="20" OPERTYPEID="10" PREVID="0" NEXTID="0" UPDATEDATE="2025-11-01" STARTDATE="2025-11-01" ENDDATE="2079-06-06" ISACTUAL="1" ISACTIVE="1" /><STEAD ID="74546534" OBJECTID="175643956" OBJECTGUID="20650669-b63d-4d1f-8765-e2635a99d75a" CHANGEID="691546398" NUMBER="19" OPERTYPEID="10" PREVID="0" NEXTID="0" UPDATEDATE="2025-11-01" STARTDATE="2025-11-01" ENDDATE="2079-06-06" ISACTUAL="1" ISACTIVE="1" /><STEAD ID="74546535" OBJECTID="175643957" OBJECTGUID="9b643202-01bf-49ad-92e5-7b050b183193" CHANGEID="691546399" NUMBER="5" OPERTYPEID="10" PREVID="0" NEXTID="0" UPDATEDATE="2025-11-01" STARTDATE="2025-11-01" ENDDATE="2079-06-06" ISACTUAL="1" ISACTIVE="1" /><STEAD ID="74546733" OBJECTID="175644321" OBJECTGUID="71ff32fe-0b5f-40af-ad3f-ea99a747f96f" CHANGEID="691552792" NUMBER="7а" OPERTYPEID="10" PREVID="0" NEXTID="0" UPDATEDATE="2025-11-01" STARTDATE="2025-11-01" ENDDATE="2079-06-06" ISACTUAL="1" ISACTIVE="1" /><STEAD ID="74547390" OBJECTID="175645877" OBJECTGUID="0911c25b-07c4-4b32-98b1-e7da6355b4d7" CHANGEID="691558141" NUMBER="502" OPERTYPEID="10" PREVID="0" NEXTID="0" UPDATEDATE="2025-11-01" STARTDATE="2025-11-01" ENDDATE="2079-06-06" ISACTUAL="1" ISACTIVE="1" /><STEAD ID="74547398" OBJECTID="175645889" OBJECTGUID="836fc420-cbe8-4d31-b2a1-a34f473f8e66" CHANGEID="691558158" NUMBER="502А" OPERTYPEID="10" PREVID="0" NEXTID="0" UPDATEDATE="2025-11-01" STARTDATE="2025-11-01" ENDDATE="2079-06-06" ISACTUAL="1" ISACTIVE="1" /><STEAD ID="69466291" OBJECTID="166481246" OBJECTGUID="e11d7cd1-21a8-44f7-8cbc-36d109e23f13" CHANGEID="605041715" NUMBER="28" OPERTYPEID="10" PREVID="0" NEXTID="74518063" UPDATEDATE="2025-10-30" STARTDATE="2024-10-21" ENDDATE="2025-10-30" ISACTUAL="0" ISACTIVE="0" /></STEADS>