﻿<?xml version="1.0" encoding="utf-8"?><APARTMENTS><APARTMENT ID="43660344" OBJECTID="73133305" OBJECTGUID="78c04173-fd21-4080-bd1c-a3ae9417967d" CHANGEID="108894288" NUMBER="8" APARTTYPE="1" OPERTYPEID="10" PREVID="0" NEXTID="112054823" UPDATEDATE="2025-11-01" STARTDATE="2017-03-27" ENDDATE="2025-11-01" ISACTUAL="0" ISACTIVE="0" /><APARTMENT ID="43660154" OBJECTID="73133038" OBJECTGUID="77eb9e93-b6ae-4bea-a283-3321f1498d6e" CHANGEID="108893756" NUMBER="14" APARTTYPE="1" OPERTYPEID="10" PREVID="0" NEXTID="112054826" UPDATEDATE="2025-11-01" STARTDATE="2017-03-27" ENDDATE="2025-11-01" ISACTUAL="0" ISACTIVE="0" /><APARTMENT ID="43659740" OBJECTID="73132335" OBJECTGUID="5c8ef736-351d-4680-8af2-91252c87789b" CHANGEID="108892782" NUMBER="7" APARTTYPE="1" OPERTYPEID="10" PREVID="0" NEXTID="112054829" UPDATEDATE="2025-11-01" STARTDATE="2017-03-27" ENDDATE="2025-11-01" ISACTUAL="0" ISACTIVE="0" /><APARTMENT ID="109742921" OBJECTID="168737944" OBJECTGUID="fde9fbbb-cec0-4fbe-a4fc-350a18d70b6d" CHANGEID="609408707" NUMBER="3" APARTTYPE="1" OPERTYPEID="10" PREVID="0" NEXTID="112042094" UPDATEDATE="2025-10-31" STARTDATE="2024-12-13" ENDDATE="2025-10-31" ISACTUAL="0" ISACTIVE="0" /><APARTMENT ID="111503435" OBJECTID="174066281" OBJECTGUID="7e43a748-1261-424b-a2b2-a156a4c9f578" CHANGEID="657242201" NUMBER="5" APARTTYPE="1" OPERTYPEID="10" PREVID="0" NEXTID="112042095" UPDATEDATE="2025-10-31" STARTDATE="2025-08-18" ENDDATE="2025-10-31" ISACTUAL="0" ISACTIVE="0" /><APARTMENT ID="111503455" OBJECTID="174066301" OBJECTGUID="17f17cb1-d924-4927-a761-ac1685aec55c" CHANGEID="657242221" NUMBER="1/2" APARTTYPE="1" OPERTYPEID="10" PREVID="0" NEXTID="112042096" UPDATEDATE="2025-10-31" STARTDATE="2025-08-18" ENDDATE="2025-10-31" ISACTUAL="0" ISACTIVE="0" /><APARTMENT ID="112034396" OBJECTID="175595115" OBJECTGUID="9d2cebb6-d2d8-4bb0-b6e1-e769a80dcefb" CHANGEID="691458930" NUMBER="1/2/3" APARTTYPE="1" OPERTYPEID="10" PREVID="0" NEXTID="0" UPDATEDATE="2025-10-30" STARTDATE="2025-10-30" ENDDATE="2079-06-06" ISACTUAL="1" ISACTIVE="1" /><APARTMENT ID="112037012" OBJECTID="175606841" OBJECTGUID="21638149-703f-400e-8878-133f8c7e1adf" CHANGEID="691478397" NUMBER="11/12" APARTTYPE="1" OPERTYPEID="10" PREVID="0" NEXTID="0" UPDATEDATE="2025-10-30" STARTDATE="2025-10-30" ENDDATE="2079-06-06" ISACTUAL="1" ISACTIVE="1" /><APARTMENT ID="112037013" OBJECTID="175606842" OBJECTGUID="a5e2c736-3fd6-4823-971b-4e12eb9ae67b" CHANGEID="691478398" NUMBER="8" APARTTYPE="1" OPERTYPEID="10" PREVID="0" NEXTID="0" UPDATEDATE="2025-10-30" STARTDATE="2025-10-30" ENDDATE="2079-06-06" ISACTUAL="1" ISACTIVE="1" /><APARTMENT ID="112037014" OBJECTID="175606843" OBJECTGUID="265af345-9d93-4ce1-b07d-001d0ab7077c" CHANGEID="691478399" NUMBER="18/30" APARTTYPE="1" OPERTYPEID="10" PREVID="0" NEXTID="0" UPDATEDATE="2025-10-30" STARTDATE="2025-10-30" ENDDATE="2079-06-06" ISACTUAL="1" ISACTIVE="1" /><APARTMENT ID="112037015" OBJECTID="175606844" OBJECTGUID="af1630bd-6530-4e58-ac54-0dcaa5af1b93" CHANGEID="691478400" NUMBER="3" APARTTYPE="1" OPERTYPEID="10" PREVID="0" NEXTID="0" UPDATEDATE="2025-10-30" STARTDATE="2025-10-30" ENDDATE="2079-06-06" ISACTUAL="1" ISACTIVE="1" /><APARTMENT ID="112037016" OBJECTID="175606845" OBJECTGUID="f695e089-5423-4a77-a7c3-31e46e6295b8" CHANGEID="691478401" NUMBER="5" APARTTYPE="1" OPERTYPEID="10" PREVID="0" NEXTID="0" UPDATEDATE="2025-10-30" STARTDATE="2025-10-30" ENDDATE="2079-06-06" ISACTUAL="1" ISACTIVE="1" /><APARTMENT ID="112037017" OBJECTID="175606846" OBJECTGUID="afcd7d05-9d63-453e-9cc5-7ce5e4f409c6" CHANGEID="691478402" NUMBER="16" APARTTYPE="1" OPERTYPEID="10" PREVID="0" NEXTID="0" UPDATEDATE="2025-10-30" STARTDATE="2025-10-30" ENDDATE="2079-06-06" ISACTUAL="1" ISACTIVE="1" /><APARTMENT ID="112037018" OBJECTID="175606847" OBJECTGUID="93c3992d-23ec-40cf-8706-f5398758e425" CHANGEID="691478403" NUMBER="1" APARTTYPE="1" OPERTYPEID="10" PREVID="0" NEXTID="0" UPDATEDATE="2025-10-30" STARTDATE="2025-10-30" ENDDATE="2079-06-06" ISACTUAL="1" ISACTIVE="1" /><APARTMENT ID="112037019" OBJECTID="175606848" OBJECTGUID="c7470402-6360-4189-bafa-d1b89f15495b" CHANGEID="691478404" NUMBER="17" APARTTYPE="1" OPERTYPEID="10" PREVID="0" NEXTID="0" UPDATEDATE="2025-10-30" STARTDATE="2025-10-30" ENDDATE="2079-06-06" ISACTUAL="1" ISACTIVE="1" /><APARTMENT ID="112036968" OBJECTID="175606728" OBJECTGUID="1927d900-bae8-4c7e-8c57-2e5c5dcbbe9f" CHANGEID="691478242" NUMBER="7" APARTTYPE="1" OPERTYPEID="10" PREVID="0" NEXTID="0" UPDATEDATE="2025-10-30" STARTDATE="2025-10-30" ENDDATE="2079-06-06" ISACTUAL="1" ISACTIVE="1" /><APARTMENT ID="112037368" OBJECTID="82021266" OBJECTGUID="17293078-32f4-42a8-85fb-40065a949c48" CHANGEID="691480237" NUMBER="1" APARTTYPE="1" OPERTYPEID="20" PREVID="49059074" UPDATEDATE="2025-10-30" STARTDATE="2025-10-30" ENDDATE="2079-06-06" ISACTUAL="1" ISACTIVE="1" /><APARTMENT ID="49059074" OBJECTID="82021266" OBJECTGUID="17293078-32f4-42a8-85fb-40065a949c48" CHANGEID="121873656" NUMBER="1" APARTTYPE="2" OPERTYPEID="10" PREVID="0" NEXTID="112037368" UPDATEDATE="2025-10-30" STARTDATE="2017-04-04" ENDDATE="2025-10-30" ISACTUAL="0" ISACTIVE="0" /><APARTMENT ID="112037394" OBJECTID="175608204" OBJECTGUID="87b4fc11-8500-4b71-b5e1-c6630b763808" CHANGEID="691480589" NUMBER="2" APARTTYPE="1" OPERTYPEID="10" PREVID="0" NEXTID="0" UPDATEDATE="2025-10-30" STARTDATE="2025-10-30" ENDDATE="2079-06-06" ISACTUAL="1" ISACTIVE="1" /><APARTMENT ID="112042094" OBJECTID="168737944" OBJECTGUID="fde9fbbb-cec0-4fbe-a4fc-350a18d70b6d" CHANGEID="691501886" NUMBER="3" APARTTYPE="1" OPERTYPEID="30" PREVID="109742921" NEXTID="0" UPDATEDATE="2025-10-31" STARTDATE="2025-10-31" ENDDATE="2079-06-06" ISACTUAL="1" ISACTIVE="0" /><APARTMENT ID="112042095" OBJECTID="174066281" OBJECTGUID="7e43a748-1261-424b-a2b2-a156a4c9f578" CHANGEID="691501887" NUMBER="5" APARTTYPE="1" OPERTYPEID="30" PREVID="111503435" NEXTID="0" UPDATEDATE="2025-10-31" STARTDATE="2025-10-31" ENDDATE="2079-06-06" ISACTUAL="1" ISACTIVE="0" /><APARTMENT ID="112042096" OBJECTID="174066301" OBJECTGUID="17f17cb1-d924-4927-a761-ac1685aec55c" CHANGEID="691501888" NUMBER="1/2" APARTTYPE="1" OPERTYPEID="30" PREVID="111503455" NEXTID="0" UPDATEDATE="2025-10-31" STARTDATE="2025-10-31" ENDDATE="2079-06-06" ISACTUAL="1" ISACTIVE="0" /><APARTMENT ID="112042097" OBJECTID="175620678" OBJECTGUID="fa6bb3b7-395c-405e-8c4b-94d890012f4d" CHANGEID="691501894" NUMBER="3/5" APARTTYPE="1" OPERTYPEID="10" PREVID="0" NEXTID="0" UPDATEDATE="2025-10-31" STARTDATE="2025-10-31" ENDDATE="2079-06-06" ISACTUAL="1" ISACTIVE="1" /><APARTMENT ID="112050504" OBJECTID="24336763" OBJECTGUID="2c3e1525-46f3-4973-aab0-4780d74051d8" CHANGEID="691558556" NUMBER="2" APARTTYPE="1" OPERTYPEID="30" PREVID="13785160" NEXTID="0" UPDATEDATE="2025-11-01" STARTDATE="2025-11-01" ENDDATE="2079-06-06" ISACTUAL="1" ISACTIVE="0" /><APARTMENT ID="13785160" OBJECTID="24336763" OBJECTGUID="2c3e1525-46f3-4973-aab0-4780d74051d8" CHANGEID="37727195" NUMBER="2" APARTTYPE="1" OPERTYPEID="10" PREVID="0" NEXTID="112050504" UPDATEDATE="2025-11-01" STARTDATE="2017-11-23" ENDDATE="2025-11-01" ISACTUAL="0" ISACTIVE="0" /><APARTMENT ID="112050505" OBJECTID="24336779" OBJECTGUID="eb749f30-b33c-4d40-a9d8-aeaf3e31674d" CHANGEID="691558557" NUMBER="1" APARTTYPE="1" OPERTYPEID="30" PREVID="13785175" NEXTID="0" UPDATEDATE="2025-11-01" STARTDATE="2025-11-01" ENDDATE="2079-06-06" ISACTUAL="1" ISACTIVE="0" /><APARTMENT ID="13785175" OBJECTID="24336779" OBJECTGUID="eb749f30-b33c-4d40-a9d8-aeaf3e31674d" CHANGEID="37727221" NUMBER="1" APARTTYPE="1" OPERTYPEID="10" PREVID="0" NEXTID="112050505" UPDATEDATE="2025-11-01" STARTDATE="2017-11-23" ENDDATE="2025-11-01" ISACTUAL="0" ISACTIVE="0" /><APARTMENT ID="112050501" OBJECTID="74823806" OBJECTGUID="46381621-f401-4849-a19c-0ed2a58d4bef" CHANGEID="691558553" NUMBER="2" APARTTYPE="1" OPERTYPEID="30" PREVID="44706529" NEXTID="0" UPDATEDATE="2025-11-01" STARTDATE="2025-11-01" ENDDATE="2079-06-06" ISACTUAL="1" ISACTIVE="0" /><APARTMENT ID="44706529" OBJECTID="74823806" OBJECTGUID="46381621-f401-4849-a19c-0ed2a58d4bef" CHANGEID="111339676" NUMBER="2" APARTTYPE="1" OPERTYPEID="10" PREVID="0" NEXTID="112050501" UPDATEDATE="2025-11-01" STARTDATE="2017-11-23" ENDDATE="2025-11-01" ISACTUAL="0" ISACTIVE="0" /><APARTMENT ID="112050502" OBJECTID="74823814" OBJECTGUID="9bad6e07-f06e-402b-9765-e72729b0be8d" CHANGEID="691558554" NUMBER="1" APARTTYPE="1" OPERTYPEID="30" PREVID="44706536" NEXTID="0" UPDATEDATE="2025-11-01" STARTDATE="2025-11-01" ENDDATE="2079-06-06" ISACTUAL="1" ISACTIVE="0" /><APARTMENT ID="44706536" OBJECTID="74823814" OBJECTGUID="9bad6e07-f06e-402b-9765-e72729b0be8d" CHANGEID="111339697" NUMBER="1" APARTTYPE="1" OPERTYPEID="10" PREVID="0" NEXTID="112050502" UPDATEDATE="2025-11-01" STARTDATE="2017-11-23" ENDDATE="2025-11-01" ISACTUAL="0" ISACTIVE="0" /><APARTMENT ID="112050503" OBJECTID="74823821" OBJECTGUID="c9e7328d-f0ba-4d94-8c6c-431bd15659c3" CHANGEID="691558555" NUMBER="1" APARTTYPE="2" OPERTYPEID="30" PREVID="44706540" NEXTID="0" UPDATEDATE="2025-11-01" STARTDATE="2025-11-01" ENDDATE="2079-06-06" ISACTUAL="1" ISACTIVE="0" /><APARTMENT ID="44706540" OBJECTID="74823821" OBJECTGUID="c9e7328d-f0ba-4d94-8c6c-431bd15659c3" CHANGEID="111339715" NUMBER="1" APARTTYPE="2" OPERTYPEID="10" PREVID="0" NEXTID="112050503" UPDATEDATE="2025-11-01" STARTDATE="2017-06-22" ENDDATE="2025-11-01" ISACTUAL="0" ISACTIVE="0" /><APARTMENT ID="112054823" OBJECTID="73133305" OBJECTGUID="78c04173-fd21-4080-bd1c-a3ae9417967d" CHANGEID="691574979" NUMBER="8" APARTTYPE="2" OPERTYPEID="20" PREVID="43660344" UPDATEDATE="2025-11-01" STARTDATE="2025-11-01" ENDDATE="2079-06-06" ISACTUAL="1" ISACTIVE="1" /><APARTMENT ID="112054826" OBJECTID="73133038" OBJECTGUID="77eb9e93-b6ae-4bea-a283-3321f1498d6e" CHANGEID="691575015" NUMBER="14" APARTTYPE="2" OPERTYPEID="20" PREVID="43660154" UPDATEDATE="2025-11-01" STARTDATE="2025-11-01" ENDDATE="2079-06-06" ISACTUAL="1" ISACTIVE="1" /><APARTMENT ID="112054821" OBJECTID="175656969" OBJECTGUID="5f5a53bb-e30b-44ee-9b05-d9c208bbb315" CHANGEID="691574970" NUMBER="1/2" APARTTYPE="1" OPERTYPEID="10" PREVID="0" NEXTID="0" UPDATEDATE="2025-11-01" STARTDATE="2025-11-01" ENDDATE="2079-06-06" ISACTUAL="1" ISACTIVE="1" /><APARTMENT ID="112054829" OBJECTID="73132335" OBJECTGUID="5c8ef736-351d-4680-8af2-91252c87789b" CHANGEID="691575072" NUMBER="7" APARTTYPE="2" OPERTYPEID="20" PREVID="43659740" UPDATEDATE="2025-11-01" STARTDATE="2025-11-01" ENDDATE="2079-06-06" ISACTUAL="1" ISACTIVE="1" /><APARTMENT ID="112054833" OBJECTID="76545815" OBJECTGUID="204befcc-bb78-4506-b123-abec27478afb" CHANGEID="691575106" NUMBER="1" APARTTYPE="2" OPERTYPEID="30" PREVID="45743429" NEXTID="0" UPDATEDATE="2025-11-01" STARTDATE="2025-11-01" ENDDATE="2079-06-06" ISACTUAL="1" ISACTIVE="0" /><APARTMENT ID="45743429" OBJECTID="76545815" OBJECTGUID="204befcc-bb78-4506-b123-abec27478afb" CHANGEID="113864784" NUMBER="1" APARTTYPE="2" OPERTYPEID="10" PREVID="0" NEXTID="112054833" UPDATEDATE="2025-11-01" STARTDATE="2017-06-19" ENDDATE="2025-11-01" ISACTUAL="0" ISACTIVE="0" /><APARTMENT ID="112054834" OBJECTID="76545871" OBJECTGUID="b73c8208-ea1f-4299-b15a-01657df23aa5" CHANGEID="691575107" NUMBER="2" APARTTYPE="2" OPERTYPEID="30" PREVID="45743450" NEXTID="0" UPDATEDATE="2025-11-01" STARTDATE="2025-11-01" ENDDATE="2079-06-06" ISACTUAL="1" ISACTIVE="0" /><APARTMENT ID="45743450" OBJECTID="76545871" OBJECTGUID="b73c8208-ea1f-4299-b15a-01657df23aa5" CHANGEID="113864884" NUMBER="2" APARTTYPE="2" OPERTYPEID="10" PREVID="0" NEXTID="112054834" UPDATEDATE="2025-11-01" STARTDATE="2017-06-19" ENDDATE="2025-11-01" ISACTUAL="0" ISACTIVE="0" /><APARTMENT ID="112054842" OBJECTID="5834211" OBJECTGUID="be7e092e-3224-4bce-ae89-d9db08fff944" CHANGEID="691575246" NUMBER="1" APARTTYPE="2" OPERTYPEID="30" PREVID="2681758" NEXTID="0" UPDATEDATE="2025-11-01" STARTDATE="2025-11-01" ENDDATE="2079-06-06" ISACTUAL="1" ISACTIVE="0" /><APARTMENT ID="2681758" OBJECTID="5834211" OBJECTGUID="be7e092e-3224-4bce-ae89-d9db08fff944" CHANGEID="10424452" NUMBER="1" APARTTYPE="2" OPERTYPEID="10" PREVID="0" NEXTID="112054842" UPDATEDATE="2025-11-01" STARTDATE="2017-06-16" ENDDATE="2025-11-01" ISACTUAL="0" ISACTIVE="0" /><APARTMENT ID="112054843" OBJECTID="5834227" OBJECTGUID="f521211c-c70a-479d-b297-2a011e479827" CHANGEID="691575247" NUMBER="2" APARTTYPE="2" OPERTYPEID="30" PREVID="2681766" NEXTID="0" UPDATEDATE="2025-11-01" STARTDATE="2025-11-01" ENDDATE="2079-06-06" ISACTUAL="1" ISACTIVE="0" /><APARTMENT ID="2681766" OBJECTID="5834227" OBJECTGUID="f521211c-c70a-479d-b297-2a011e479827" CHANGEID="10424480" NUMBER="2" APARTTYPE="2" OPERTYPEID="10" PREVID="0" NEXTID="112054843" UPDATEDATE="2025-11-01" STARTDATE="2017-06-16" ENDDATE="2025-11-01" ISACTUAL="0" ISACTIVE="0" /><APARTMENT ID="112055969" OBJECTID="175661263" OBJECTGUID="bcc110dc-bb95-430d-8c10-4c2854a392d7" CHANGEID="691582094" NUMBER="27" APARTTYPE="1" OPERTYPEID="10" PREVID="0" NEXTID="0" UPDATEDATE="2025-11-01" STARTDATE="2025-11-01" ENDDATE="2079-06-06" ISACTUAL="1" ISACTIVE="1" /><APARTMENT ID="112055970" OBJECTID="175661264" OBJECTGUID="072532b6-dd6b-4ab2-ad68-fb1f7664f777" CHANGEID="691582095" NUMBER="1/26" APARTTYPE="1" OPERTYPEID="10" PREVID="0" NEXTID="0" UPDATEDATE="2025-11-01" STARTDATE="2025-11-01" ENDDATE="2079-06-06" ISACTUAL="1" ISACTIVE="1" /><APARTMENT ID="112056074" OBJECTID="175661510" OBJECTGUID="05c278f3-8c97-40cd-86ed-e715ea3cb656" CHANGEID="691582485" NUMBER="2" APARTTYPE="2" OPERTYPEID="10" PREVID="0" NEXTID="0" UPDATEDATE="2025-11-01" STARTDATE="2025-11-01" ENDDATE="2079-06-06" ISACTUAL="1" ISACTIVE="1" /></APARTMENTS>