﻿<?xml version="1.0" encoding="utf-8"?><ADDRESSOBJECTS><OBJECT ID="52212575" OBJECTID="64783" OBJECTGUID="08a29185-d4df-4449-b11b-da8ba0b48228" CHANGEID="691451115" NAME="Северная" TYPENAME="ул" LEVEL="8" OPERTYPEID="30" PREVID="76998" NEXTID="0" UPDATEDATE="2025-10-30" STARTDATE="2025-10-30" ENDDATE="2079-06-06" ISACTUAL="1" ISACTIVE="0" /><OBJECT ID="76998" OBJECTID="64783" OBJECTGUID="08a29185-d4df-4449-b11b-da8ba0b48228" CHANGEID="176242" NAME="Северная" TYPENAME="ул" LEVEL="8" OPERTYPEID="1" PREVID="0" NEXTID="52212575" UPDATEDATE="2025-10-30" STARTDATE="1900-01-01" ENDDATE="2025-10-30" ISACTUAL="0" ISACTIVE="0" /><OBJECT ID="52212576" OBJECTID="66571" OBJECTGUID="ce94561f-82c5-4094-b2b0-77a4f67e1e38" CHANGEID="691451116" NAME="Восточная" TYPENAME="ул" LEVEL="8" OPERTYPEID="30" PREVID="79430" NEXTID="0" UPDATEDATE="2025-10-30" STARTDATE="2025-10-30" ENDDATE="2079-06-06" ISACTUAL="1" ISACTIVE="0" /><OBJECT ID="79430" OBJECTID="66571" OBJECTGUID="ce94561f-82c5-4094-b2b0-77a4f67e1e38" CHANGEID="182224" NAME="Восточная" TYPENAME="ул" LEVEL="8" OPERTYPEID="1" PREVID="0" NEXTID="52212576" UPDATEDATE="2025-10-30" STARTDATE="1900-01-01" ENDDATE="2025-10-30" ISACTUAL="0" ISACTIVE="0" /><OBJECT ID="52212580" OBJECTID="70726" OBJECTGUID="d0f19435-4404-4117-91f5-40e03323ad8f" CHANGEID="691451210" NAME="Почтовая" TYPENAME="ул" LEVEL="8" OPERTYPEID="30" PREVID="84871" NEXTID="0" UPDATEDATE="2025-10-30" STARTDATE="2025-10-30" ENDDATE="2079-06-06" ISACTUAL="1" ISACTIVE="0" /><OBJECT ID="84871" OBJECTID="70726" OBJECTGUID="d0f19435-4404-4117-91f5-40e03323ad8f" CHANGEID="196827" NAME="Почтовая" TYPENAME="ул" LEVEL="8" OPERTYPEID="1" PREVID="0" NEXTID="52212580" UPDATEDATE="2025-10-30" STARTDATE="1900-01-01" ENDDATE="2025-10-30" ISACTUAL="0" ISACTIVE="0" /><OBJECT ID="52212581" OBJECTID="66164" OBJECTGUID="203b2713-3c7e-4fee-b743-7a49aa9404e6" CHANGEID="691451212" NAME="Новая" TYPENAME="ул" LEVEL="8" OPERTYPEID="30" PREVID="78896" NEXTID="0" UPDATEDATE="2025-10-30" STARTDATE="2025-10-30" ENDDATE="2079-06-06" ISACTUAL="1" ISACTIVE="0" /><OBJECT ID="78896" OBJECTID="66164" OBJECTGUID="203b2713-3c7e-4fee-b743-7a49aa9404e6" CHANGEID="180790" NAME="Новая" TYPENAME="ул" LEVEL="8" OPERTYPEID="1" PREVID="0" NEXTID="52212581" UPDATEDATE="2025-10-30" STARTDATE="1900-01-01" ENDDATE="2025-10-30" ISACTUAL="0" ISACTIVE="0" /><OBJECT ID="52212582" OBJECTID="70426" OBJECTGUID="19705db8-e025-49bf-b924-0870c2c2a3cb" CHANGEID="691451213" NAME="Молодежная" TYPENAME="ул" LEVEL="8" OPERTYPEID="30" PREVID="84479" NEXTID="0" UPDATEDATE="2025-10-30" STARTDATE="2025-10-30" ENDDATE="2079-06-06" ISACTUAL="1" ISACTIVE="0" /><OBJECT ID="84479" OBJECTID="70426" OBJECTGUID="19705db8-e025-49bf-b924-0870c2c2a3cb" CHANGEID="195751" NAME="Молодежная" TYPENAME="ул" LEVEL="8" OPERTYPEID="1" PREVID="0" NEXTID="52212582" UPDATEDATE="2025-10-30" STARTDATE="1900-01-01" ENDDATE="2025-10-30" ISACTUAL="0" ISACTIVE="0" /><OBJECT ID="52212698" OBJECTID="175621656" OBJECTGUID="438b0c30-ff2c-4317-8d08-ced84bc26f8e" CHANGEID="691503508" NAME="Победы" TYPENAME="пл." LEVEL="8" OPERTYPEID="10" PREVID="0" NEXTID="0" UPDATEDATE="2025-10-31" STARTDATE="2025-10-31" ENDDATE="2079-06-06" ISACTUAL="1" ISACTIVE="1" /><OBJECT ID="52212990" OBJECTID="175656973" OBJECTGUID="290645c6-d88f-4207-875e-e032971a2cb0" CHANGEID="691574980" NAME="Привокзальная" TYPENAME="ул." LEVEL="8" OPERTYPEID="10" PREVID="0" NEXTID="0" UPDATEDATE="2025-11-01" STARTDATE="2025-11-01" ENDDATE="2079-06-06" ISACTUAL="1" ISACTIVE="1" /></ADDRESSOBJECTS>