﻿<?xml version="1.0" encoding="utf-8"?><ADDRESSOBJECTS><OBJECT ID="52212640" OBJECTID="175602585" OBJECTGUID="62a57c07-f936-4a66-a6cc-60a2791ba4ad" CHANGEID="691471836" NAME="15-я Озерная" TYPENAME="ул." LEVEL="8" OPERTYPEID="10" PREVID="0" NEXTID="0" UPDATEDATE="2025-10-30" STARTDATE="2025-10-30" ENDDATE="2079-06-06" ISACTUAL="1" ISACTIVE="1" /><OBJECT ID="52212641" OBJECTID="175602586" OBJECTGUID="49ffc4db-7f44-4c8e-bdc8-2bf9273cb1bd" CHANGEID="691471837" NAME="14-я Озерная" TYPENAME="ул." LEVEL="8" OPERTYPEID="10" PREVID="0" NEXTID="0" UPDATEDATE="2025-10-30" STARTDATE="2025-10-30" ENDDATE="2079-06-06" ISACTUAL="1" ISACTIVE="1" /><OBJECT ID="52212642" OBJECTID="175602587" OBJECTGUID="29707354-af8a-4b44-aa79-9d20d8f24727" CHANGEID="691471838" NAME="13-я Озерная" TYPENAME="ул." LEVEL="8" OPERTYPEID="10" PREVID="0" NEXTID="0" UPDATEDATE="2025-10-30" STARTDATE="2025-10-30" ENDDATE="2079-06-06" ISACTUAL="1" ISACTIVE="1" /><OBJECT ID="52212643" OBJECTID="175602588" OBJECTGUID="5df5b302-3497-4400-90f1-87b06994e5d4" CHANGEID="691471839" NAME="12-я Озерная" TYPENAME="ул." LEVEL="8" OPERTYPEID="10" PREVID="0" NEXTID="0" UPDATEDATE="2025-10-30" STARTDATE="2025-10-30" ENDDATE="2079-06-06" ISACTUAL="1" ISACTIVE="1" /><OBJECT ID="52212644" OBJECTID="175602589" OBJECTGUID="5931ff17-4a2e-4478-9639-23c9769a7d70" CHANGEID="691471840" NAME="11-я Озерная" TYPENAME="ул." LEVEL="8" OPERTYPEID="10" PREVID="0" NEXTID="0" UPDATEDATE="2025-10-30" STARTDATE="2025-10-30" ENDDATE="2079-06-06" ISACTUAL="1" ISACTIVE="1" /><OBJECT ID="52212645" OBJECTID="175602590" OBJECTGUID="d16c515c-173a-4d4f-a9f8-8e1d9fce8d81" CHANGEID="691471841" NAME="10-я Озерная" TYPENAME="ул." LEVEL="8" OPERTYPEID="10" PREVID="0" NEXTID="0" UPDATEDATE="2025-10-30" STARTDATE="2025-10-30" ENDDATE="2079-06-06" ISACTUAL="1" ISACTIVE="1" /><OBJECT ID="52212646" OBJECTID="175602591" OBJECTGUID="9ebed2f6-4027-418e-af63-0f6b9fc16e81" CHANGEID="691471842" NAME="9-я Озерная" TYPENAME="ул." LEVEL="8" OPERTYPEID="10" PREVID="0" NEXTID="0" UPDATEDATE="2025-10-30" STARTDATE="2025-10-30" ENDDATE="2079-06-06" ISACTUAL="1" ISACTIVE="1" /><OBJECT ID="52212647" OBJECTID="175602592" OBJECTGUID="17d95c2a-73cd-481b-9da5-1027e8826e2f" CHANGEID="691471843" NAME="8-я Озерная" TYPENAME="ул." LEVEL="8" OPERTYPEID="10" PREVID="0" NEXTID="0" UPDATEDATE="2025-10-30" STARTDATE="2025-10-30" ENDDATE="2079-06-06" ISACTUAL="1" ISACTIVE="1" /><OBJECT ID="52212648" OBJECTID="175602593" OBJECTGUID="7fe7ce1d-1335-4bb6-8b0f-cf404c62b902" CHANGEID="691471844" NAME="7-я Озерная" TYPENAME="ул." LEVEL="8" OPERTYPEID="10" PREVID="0" NEXTID="0" UPDATEDATE="2025-10-30" STARTDATE="2025-10-30" ENDDATE="2079-06-06" ISACTUAL="1" ISACTIVE="1" /><OBJECT ID="52212649" OBJECTID="175602594" OBJECTGUID="73e4b7c3-1acf-4485-8bbe-6ff01cafaadd" CHANGEID="691471845" NAME="6-я Озерная" TYPENAME="ул." LEVEL="8" OPERTYPEID="10" PREVID="0" NEXTID="0" UPDATEDATE="2025-10-30" STARTDATE="2025-10-30" ENDDATE="2079-06-06" ISACTUAL="1" ISACTIVE="1" /><OBJECT ID="52212650" OBJECTID="175602595" OBJECTGUID="7f263c30-6c29-4338-8eb8-a65745c844f9" CHANGEID="691471846" NAME="5-я Озерная" TYPENAME="ул." LEVEL="8" OPERTYPEID="10" PREVID="0" NEXTID="0" UPDATEDATE="2025-10-30" STARTDATE="2025-10-30" ENDDATE="2079-06-06" ISACTUAL="1" ISACTIVE="1" /><OBJECT ID="52212651" OBJECTID="175602596" OBJECTGUID="30e32a1b-6a11-4733-8e25-92309b0f8d07" CHANGEID="691471847" NAME="4-я Озерная" TYPENAME="ул." LEVEL="8" OPERTYPEID="10" PREVID="0" NEXTID="0" UPDATEDATE="2025-10-30" STARTDATE="2025-10-30" ENDDATE="2079-06-06" ISACTUAL="1" ISACTIVE="1" /><OBJECT ID="52212652" OBJECTID="175602597" OBJECTGUID="9043191c-600b-417b-a2d9-5cb8c5421423" CHANGEID="691471848" NAME="3-я Озерная" TYPENAME="ул." LEVEL="8" OPERTYPEID="10" PREVID="0" NEXTID="0" UPDATEDATE="2025-10-30" STARTDATE="2025-10-30" ENDDATE="2079-06-06" ISACTUAL="1" ISACTIVE="1" /><OBJECT ID="52212653" OBJECTID="175602598" OBJECTGUID="7c9ad6cc-2714-4591-8533-9a65db42ee73" CHANGEID="691471849" NAME="2-я Озерная" TYPENAME="ул." LEVEL="8" OPERTYPEID="10" PREVID="0" NEXTID="0" UPDATEDATE="2025-10-30" STARTDATE="2025-10-30" ENDDATE="2079-06-06" ISACTUAL="1" ISACTIVE="1" /><OBJECT ID="52212654" OBJECTID="175602599" OBJECTGUID="a343d62f-6135-4b0d-85df-002eeccea7d9" CHANGEID="691471850" NAME="1-я Озерная" TYPENAME="ул." LEVEL="8" OPERTYPEID="10" PREVID="0" NEXTID="0" UPDATEDATE="2025-10-30" STARTDATE="2025-10-30" ENDDATE="2079-06-06" ISACTUAL="1" ISACTIVE="1" /><OBJECT ID="1684455" OBJECTID="1366464" OBJECTGUID="1d527161-0f0d-4bcd-90c5-8d48b587fc5f" CHANGEID="3740264" NAME="Дачный поселок Непряхинское поместье" TYPENAME="тер" LEVEL="8" OPERTYPEID="1" PREVID="0" NEXTID="52212665" UPDATEDATE="2025-10-30" STARTDATE="1900-01-01" ENDDATE="2025-10-30" ISACTUAL="0" ISACTIVE="0" /><OBJECT ID="52212665" OBJECTID="1366464" OBJECTGUID="1d527161-0f0d-4bcd-90c5-8d48b587fc5f" CHANGEID="691477747" NAME="Дачный поселок Непряхинское поместье" TYPENAME="тер." LEVEL="7" OPERTYPEID="50" PREVID="1684455" UPDATEDATE="2025-10-30" STARTDATE="2025-10-30" ENDDATE="2079-06-06" ISACTUAL="1" ISACTIVE="1" /><OBJECT ID="52212816" OBJECTID="175631827" OBJECTGUID="78123201-8ef3-4ded-89e1-ea4000e02f70" CHANGEID="691519400" NAME="Коммунистическая" TYPENAME="ул." LEVEL="8" OPERTYPEID="10" PREVID="0" NEXTID="0" UPDATEDATE="2025-10-31" STARTDATE="2025-10-31" ENDDATE="2079-06-06" ISACTUAL="1" ISACTIVE="1" /><OBJECT ID="52212918" OBJECTID="175652803" OBJECTGUID="f6f2dbfd-1a80-4e1e-8d4f-1536c49b7b0d" CHANGEID="691568322" NAME="Золотой Улей" TYPENAME="тер." LEVEL="7" OPERTYPEID="10" PREVID="0" NEXTID="0" UPDATEDATE="2025-11-01" STARTDATE="2025-11-01" ENDDATE="2079-06-06" ISACTUAL="1" ISACTIVE="1" /><OBJECT ID="52212922" OBJECTID="175653706" OBJECTGUID="25a344e6-17d1-4b19-9e58-2a9280cc72f3" CHANGEID="691569803" NAME="Кипарисовая" TYPENAME="ул." LEVEL="8" OPERTYPEID="10" PREVID="0" NEXTID="0" UPDATEDATE="2025-11-01" STARTDATE="2025-11-01" ENDDATE="2079-06-06" ISACTUAL="1" ISACTIVE="1" /><OBJECT ID="52212923" OBJECTID="175653707" OBJECTGUID="30bb1562-1a67-4966-b6de-10b3be7f577d" CHANGEID="691569804" NAME="Каменистый" TYPENAME="пр-д" LEVEL="8" OPERTYPEID="10" PREVID="0" NEXTID="0" UPDATEDATE="2025-11-01" STARTDATE="2025-11-01" ENDDATE="2079-06-06" ISACTUAL="1" ISACTIVE="1" /><OBJECT ID="52212924" OBJECTID="175653708" OBJECTGUID="3508c164-9bde-4bca-b09c-1ed57fc76c80" CHANGEID="691569805" NAME="Можжевеловый" TYPENAME="пр-д" LEVEL="8" OPERTYPEID="10" PREVID="0" NEXTID="0" UPDATEDATE="2025-11-01" STARTDATE="2025-11-01" ENDDATE="2079-06-06" ISACTUAL="1" ISACTIVE="1" /><OBJECT ID="52212925" OBJECTID="175653711" OBJECTGUID="cc9e43ca-3f3d-4802-949e-4a1f9ddaf689" CHANGEID="691569808" NAME="100-летия Магнитки" TYPENAME="ул." LEVEL="8" OPERTYPEID="10" PREVID="0" NEXTID="0" UPDATEDATE="2025-11-01" STARTDATE="2025-11-01" ENDDATE="2079-06-06" ISACTUAL="1" ISACTIVE="1" /><OBJECT ID="52212926" OBJECTID="175653712" OBJECTGUID="90d558fb-f6cd-4f38-8555-86ef0d7852c8" CHANGEID="691569809" NAME="Курортный" TYPENAME="пр-д" LEVEL="8" OPERTYPEID="10" PREVID="0" NEXTID="0" UPDATEDATE="2025-11-01" STARTDATE="2025-11-01" ENDDATE="2079-06-06" ISACTUAL="1" ISACTIVE="1" /><OBJECT ID="52212927" OBJECTID="175653713" OBJECTGUID="48554870-19dd-4cc3-a3c5-733329846735" CHANGEID="691569810" NAME="Резервный" TYPENAME="пр-д" LEVEL="8" OPERTYPEID="10" PREVID="0" NEXTID="0" UPDATEDATE="2025-11-01" STARTDATE="2025-11-01" ENDDATE="2079-06-06" ISACTUAL="1" ISACTIVE="1" /><OBJECT ID="52212928" OBJECTID="1348699" OBJECTGUID="036ef2d7-158d-4255-acd7-9d66fd1507b2" CHANGEID="691569811" NAME="Корабельная" TYPENAME="ул" LEVEL="8" OPERTYPEID="30" PREVID="52105686" NEXTID="0" UPDATEDATE="2025-11-01" STARTDATE="2025-11-01" ENDDATE="2079-06-06" ISACTUAL="1" ISACTIVE="0" /><OBJECT ID="52212968" OBJECTID="175654357" OBJECTGUID="778700ee-20c7-4885-8a4b-7cafc6a57351" CHANGEID="691570708" NAME="Летний" TYPENAME="пер." LEVEL="8" OPERTYPEID="10" PREVID="0" NEXTID="0" UPDATEDATE="2025-11-01" STARTDATE="2025-11-01" ENDDATE="2079-06-06" ISACTUAL="1" ISACTIVE="1" /><OBJECT ID="52105686" OBJECTID="1348699" OBJECTGUID="036ef2d7-158d-4255-acd7-9d66fd1507b2" CHANGEID="593116012" NAME="Корабельная" TYPENAME="ул" LEVEL="8" OPERTYPEID="20" PREVID="1664412" NEXTID="52212928" UPDATEDATE="2025-11-01" STARTDATE="2024-04-09" ENDDATE="2025-11-01" ISACTUAL="0" ISACTIVE="0" /></ADDRESSOBJECTS>