﻿<?xml version="1.0" encoding="utf-8"?><STEADS><STEAD ID="7995925" OBJECTID="92529671" OBJECTGUID="5a456707-8f9e-4914-b3b7-5e81850819f3" CHANGEID="135351300" NUMBER="24" OPERTYPEID="10" NEXTID="74529427" UPDATEDATE="2025-10-30" STARTDATE="2019-12-04" ENDDATE="2025-10-30" ISACTUAL="0" ISACTIVE="0" /><STEAD ID="74525518" OBJECTID="175603113" OBJECTGUID="726d6734-3e89-4657-9f8f-b5aa240769f7" CHANGEID="691472771" NUMBER="4/1б" OPERTYPEID="10" PREVID="0" NEXTID="0" UPDATEDATE="2025-10-30" STARTDATE="2025-10-30" ENDDATE="2079-06-06" ISACTUAL="1" ISACTIVE="1" /><STEAD ID="74528531" OBJECTID="175608506" OBJECTGUID="871238a6-c6fb-4f14-baf5-e8815aa52dd9" CHANGEID="691481154" NUMBER="101" OPERTYPEID="10" PREVID="0" NEXTID="0" UPDATEDATE="2025-10-30" STARTDATE="2025-10-30" ENDDATE="2079-06-06" ISACTUAL="1" ISACTIVE="1" /><STEAD ID="74528532" OBJECTID="175608511" OBJECTGUID="fddbbd6e-f477-458b-880f-aa2c71a3b3e5" CHANGEID="691481159" NUMBER="26в/2" OPERTYPEID="10" PREVID="0" NEXTID="0" UPDATEDATE="2025-10-30" STARTDATE="2025-10-30" ENDDATE="2079-06-06" ISACTUAL="1" ISACTIVE="1" /><STEAD ID="11756509" OBJECTID="97062472" OBJECTGUID="1dfaa4ef-67c8-446b-a1e2-a1b2c4988389" CHANGEID="151707734" NUMBER="2" OPERTYPEID="10" PREVID="0" NEXTID="74528530" UPDATEDATE="2025-10-30" STARTDATE="2020-06-09" ENDDATE="2025-10-30" ISACTUAL="0" ISACTIVE="0" /><STEAD ID="74528530" OBJECTID="97062472" OBJECTGUID="1dfaa4ef-67c8-446b-a1e2-a1b2c4988389" CHANGEID="691481131" NUMBER="2А" OPERTYPEID="20" PREVID="11756509" UPDATEDATE="2025-10-30" STARTDATE="2025-10-30" ENDDATE="2079-06-06" ISACTUAL="1" ISACTIVE="1" /><STEAD ID="74528533" OBJECTID="175608522" OBJECTGUID="f4f98712-1553-46fc-a666-fe26b10c5497" CHANGEID="691481171" NUMBER="7" OPERTYPEID="10" PREVID="0" NEXTID="0" UPDATEDATE="2025-10-30" STARTDATE="2025-10-30" ENDDATE="2079-06-06" ISACTUAL="1" ISACTIVE="1" /><STEAD ID="74528534" OBJECTID="175608551" OBJECTGUID="f21cfcbf-ad80-45a3-a395-5dd5556214e6" CHANGEID="691481203" NUMBER="8" OPERTYPEID="10" PREVID="0" NEXTID="0" UPDATEDATE="2025-10-30" STARTDATE="2025-10-30" ENDDATE="2079-06-06" ISACTUAL="1" ISACTIVE="1" /><STEAD ID="74528560" OBJECTID="175608586" OBJECTGUID="d6819aa9-a7ca-419a-8a19-7d55461f1ce3" CHANGEID="691481271" NUMBER="50А" OPERTYPEID="10" PREVID="0" NEXTID="0" UPDATEDATE="2025-10-30" STARTDATE="2025-10-30" ENDDATE="2079-06-06" ISACTUAL="1" ISACTIVE="1" /><STEAD ID="74528577" OBJECTID="175608605" OBJECTGUID="d71cfc2c-0cad-495e-a8ca-b5bbef0dfd92" CHANGEID="691481291" NUMBER="3" OPERTYPEID="10" PREVID="0" NEXTID="0" UPDATEDATE="2025-10-30" STARTDATE="2025-10-30" ENDDATE="2079-06-06" ISACTUAL="1" ISACTIVE="1" /><STEAD ID="74528624" OBJECTID="175608668" OBJECTGUID="c4d3abaf-bc17-44e5-8559-09c1fe330aca" CHANGEID="691481360" NUMBER="44" OPERTYPEID="10" PREVID="0" NEXTID="0" UPDATEDATE="2025-10-30" STARTDATE="2025-10-30" ENDDATE="2079-06-06" ISACTUAL="1" ISACTIVE="1" /><STEAD ID="74528625" OBJECTID="175608671" OBJECTGUID="3d44ed53-3be2-4125-a66a-0fced86719f7" CHANGEID="691481363" NUMBER="41" OPERTYPEID="10" PREVID="0" NEXTID="0" UPDATEDATE="2025-10-30" STARTDATE="2025-10-30" ENDDATE="2079-06-06" ISACTUAL="1" ISACTIVE="1" /><STEAD ID="74528634" OBJECTID="175608684" OBJECTGUID="e4af2f22-1c39-4415-abcb-b1add123cadb" CHANGEID="691481377" NUMBER="21" OPERTYPEID="10" PREVID="0" NEXTID="0" UPDATEDATE="2025-10-30" STARTDATE="2025-10-30" ENDDATE="2079-06-06" ISACTUAL="1" ISACTIVE="1" /><STEAD ID="74528635" OBJECTID="175608685" OBJECTGUID="cc941b9a-ead7-4c44-988e-3a17fdf121b3" CHANGEID="691481378" NUMBER="81" OPERTYPEID="10" PREVID="0" NEXTID="0" UPDATEDATE="2025-10-30" STARTDATE="2025-10-30" ENDDATE="2079-06-06" ISACTUAL="1" ISACTIVE="1" /><STEAD ID="74528637" OBJECTID="175608687" OBJECTGUID="2fda65e7-305c-4e0d-8104-0f67411243a5" CHANGEID="691481385" NUMBER="5А" OPERTYPEID="10" PREVID="0" NEXTID="0" UPDATEDATE="2025-10-30" STARTDATE="2025-10-30" ENDDATE="2079-06-06" ISACTUAL="1" ISACTIVE="1" /><STEAD ID="74528639" OBJECTID="175608691" OBJECTGUID="c52ca5d4-9c7c-4007-a43c-747edb674bb0" CHANGEID="691481392" NUMBER="1" OPERTYPEID="10" PREVID="0" NEXTID="0" UPDATEDATE="2025-10-30" STARTDATE="2025-10-30" ENDDATE="2079-06-06" ISACTUAL="1" ISACTIVE="1" /><STEAD ID="74528641" OBJECTID="175608693" OBJECTGUID="f9b1c03a-549d-4e1a-afa5-72fa02f862b7" CHANGEID="691481395" NUMBER="225Б" OPERTYPEID="10" PREVID="0" NEXTID="0" UPDATEDATE="2025-10-30" STARTDATE="2025-10-30" ENDDATE="2079-06-06" ISACTUAL="1" ISACTIVE="1" /><STEAD ID="74528643" OBJECTID="175608698" OBJECTGUID="541db6bb-62ff-4d84-a4b4-eaaa90144320" CHANGEID="691481403" NUMBER="25" OPERTYPEID="10" PREVID="0" NEXTID="0" UPDATEDATE="2025-10-30" STARTDATE="2025-10-30" ENDDATE="2079-06-06" ISACTUAL="1" ISACTIVE="1" /><STEAD ID="74528646" OBJECTID="175608700" OBJECTGUID="f59d9569-29e9-42c3-92a5-612ec8bb5c17" CHANGEID="691481408" NUMBER="44А" OPERTYPEID="10" PREVID="0" NEXTID="0" UPDATEDATE="2025-10-30" STARTDATE="2025-10-30" ENDDATE="2079-06-06" ISACTUAL="1" ISACTIVE="1" /><STEAD ID="74528653" OBJECTID="175608709" OBJECTGUID="0aaf750c-c486-4732-bf42-63588e8126ca" CHANGEID="691481425" NUMBER="30" OPERTYPEID="10" PREVID="0" NEXTID="0" UPDATEDATE="2025-10-30" STARTDATE="2025-10-30" ENDDATE="2079-06-06" ISACTUAL="1" ISACTIVE="1" /><STEAD ID="74528668" OBJECTID="175608720" OBJECTGUID="976b75e6-d1d0-4063-8925-b5e7b14ebc7a" CHANGEID="691481456" NUMBER="4" OPERTYPEID="10" PREVID="0" NEXTID="0" UPDATEDATE="2025-10-30" STARTDATE="2025-10-30" ENDDATE="2079-06-06" ISACTUAL="1" ISACTIVE="1" /><STEAD ID="74528674" OBJECTID="175608731" OBJECTGUID="dc2eb907-64f7-4695-8a54-26a1129ff5f7" CHANGEID="691481490" NUMBER="13А" OPERTYPEID="10" PREVID="0" NEXTID="0" UPDATEDATE="2025-10-30" STARTDATE="2025-10-30" ENDDATE="2079-06-06" ISACTUAL="1" ISACTIVE="1" /><STEAD ID="74528671" OBJECTID="175608726" OBJECTGUID="c800dd58-ab5f-4094-8414-96b87836f6ea" CHANGEID="691481473" NUMBER="4" OPERTYPEID="10" PREVID="0" NEXTID="0" UPDATEDATE="2025-10-30" STARTDATE="2025-10-30" ENDDATE="2079-06-06" ISACTUAL="1" ISACTIVE="1" /><STEAD ID="74528672" OBJECTID="175608728" OBJECTGUID="85513c3f-0352-428f-b9b7-f70928b007e9" CHANGEID="691481483" NUMBER="95/74" OPERTYPEID="10" PREVID="0" NEXTID="0" UPDATEDATE="2025-10-30" STARTDATE="2025-10-30" ENDDATE="2079-06-06" ISACTUAL="1" ISACTIVE="1" /><STEAD ID="74528673" OBJECTID="175608729" OBJECTGUID="b10c5cd7-5c11-40f7-8716-7d633ba785bb" CHANGEID="691481487" NUMBER="23" OPERTYPEID="10" PREVID="0" NEXTID="0" UPDATEDATE="2025-10-30" STARTDATE="2025-10-30" ENDDATE="2079-06-06" ISACTUAL="1" ISACTIVE="1" /><STEAD ID="74528676" OBJECTID="175608736" OBJECTGUID="c434f370-3de4-4dd8-bb3c-fe066837b10e" CHANGEID="691481510" NUMBER="8А" OPERTYPEID="10" PREVID="0" NEXTID="0" UPDATEDATE="2025-10-30" STARTDATE="2025-10-30" ENDDATE="2079-06-06" ISACTUAL="1" ISACTIVE="1" /><STEAD ID="74528679" OBJECTID="175608747" OBJECTGUID="c9bc60c9-6c27-4a3c-8a11-67b44e2de6ce" CHANGEID="691481525" NUMBER="19А" OPERTYPEID="10" PREVID="0" NEXTID="0" UPDATEDATE="2025-10-30" STARTDATE="2025-10-30" ENDDATE="2079-06-06" ISACTUAL="1" ISACTIVE="1" /><STEAD ID="74528680" OBJECTID="175608749" OBJECTGUID="6ca53e61-2a4c-4216-ba81-392a606524df" CHANGEID="691481528" NUMBER="10" OPERTYPEID="10" PREVID="0" NEXTID="0" UPDATEDATE="2025-10-30" STARTDATE="2025-10-30" ENDDATE="2079-06-06" ISACTUAL="1" ISACTIVE="1" /><STEAD ID="74528682" OBJECTID="175608755" OBJECTGUID="39810731-2d51-4674-95e2-129a045738a1" CHANGEID="691481537" NUMBER="6" OPERTYPEID="10" PREVID="0" NEXTID="0" UPDATEDATE="2025-10-30" STARTDATE="2025-10-30" ENDDATE="2079-06-06" ISACTUAL="1" ISACTIVE="1" /><STEAD ID="74528683" OBJECTID="175608756" OBJECTGUID="415b1e92-154b-4614-b6e6-744db84c63f5" CHANGEID="691481539" NUMBER="4" OPERTYPEID="10" PREVID="0" NEXTID="0" UPDATEDATE="2025-10-30" STARTDATE="2025-10-30" ENDDATE="2079-06-06" ISACTUAL="1" ISACTIVE="1" /><STEAD ID="74528766" OBJECTID="91029599" OBJECTGUID="608e395f-25c9-4c0e-8078-5da3bda33e23" CHANGEID="691481819" NUMBER="92" OPERTYPEID="30" PREVID="6494871" NEXTID="0" UPDATEDATE="2025-10-30" STARTDATE="2025-10-30" ENDDATE="2079-06-06" ISACTUAL="1" ISACTIVE="0" /><STEAD ID="6494871" OBJECTID="91029599" OBJECTGUID="608e395f-25c9-4c0e-8078-5da3bda33e23" CHANGEID="133702684" NUMBER="92" OPERTYPEID="10" NEXTID="74528766" UPDATEDATE="2025-10-30" STARTDATE="2019-09-12" ENDDATE="2025-10-30" ISACTUAL="0" ISACTIVE="0" /><STEAD ID="74528768" OBJECTID="90981689" OBJECTGUID="9525ebc9-2c94-42a3-b7a2-eca8f19d8d26" CHANGEID="691481821" NUMBER="39" OPERTYPEID="30" PREVID="6446925" NEXTID="0" UPDATEDATE="2025-10-30" STARTDATE="2025-10-30" ENDDATE="2079-06-06" ISACTUAL="1" ISACTIVE="0" /><STEAD ID="6446925" OBJECTID="90981689" OBJECTGUID="9525ebc9-2c94-42a3-b7a2-eca8f19d8d26" CHANGEID="133647808" NUMBER="39" OPERTYPEID="10" NEXTID="74528768" UPDATEDATE="2025-10-30" STARTDATE="2019-09-12" ENDDATE="2025-10-30" ISACTUAL="0" ISACTIVE="0" /><STEAD ID="74529427" OBJECTID="92529671" OBJECTGUID="5a456707-8f9e-4914-b3b7-5e81850819f3" CHANGEID="691483832" NUMBER="24/1" OPERTYPEID="20" PREVID="7995925" UPDATEDATE="2025-10-30" STARTDATE="2025-10-30" ENDDATE="2079-06-06" ISACTUAL="1" ISACTIVE="1" /><STEAD ID="74473089" OBJECTID="175509556" OBJECTGUID="16a23b17-0d3a-4df7-8069-59aa738fec38" CHANGEID="691278764" NUMBER="69" OPERTYPEID="10" PREVID="0" NEXTID="74529428" UPDATEDATE="2025-10-30" STARTDATE="2025-10-27" ENDDATE="2025-10-30" ISACTUAL="0" ISACTIVE="0" /><STEAD ID="74529428" OBJECTID="175509556" OBJECTGUID="16a23b17-0d3a-4df7-8069-59aa738fec38" CHANGEID="691483833" NUMBER="22" OPERTYPEID="20" PREVID="74473089" UPDATEDATE="2025-10-30" STARTDATE="2025-10-30" ENDDATE="2079-06-06" ISACTUAL="1" ISACTIVE="1" /><STEAD ID="74529429" OBJECTID="175609971" OBJECTGUID="97043208-d7b8-42ee-bd22-79476d53ded4" CHANGEID="691483836" NUMBER="2Е/2" OPERTYPEID="10" PREVID="0" NEXTID="0" UPDATEDATE="2025-10-30" STARTDATE="2025-10-30" ENDDATE="2079-06-06" ISACTUAL="1" ISACTIVE="1" /><STEAD ID="74529430" OBJECTID="175609972" OBJECTGUID="b7aa2aec-83f3-45a3-adc0-dc114bb43d17" CHANGEID="691483839" NUMBER="2" OPERTYPEID="10" PREVID="0" NEXTID="0" UPDATEDATE="2025-10-30" STARTDATE="2025-10-30" ENDDATE="2079-06-06" ISACTUAL="1" ISACTIVE="1" /><STEAD ID="74529536" OBJECTID="175610260" OBJECTGUID="7f07d8aa-2c72-4237-a633-a241aff29698" CHANGEID="691484346" NUMBER="11" OPERTYPEID="10" PREVID="0" NEXTID="0" UPDATEDATE="2025-10-30" STARTDATE="2025-10-30" ENDDATE="2079-06-06" ISACTUAL="1" ISACTIVE="1" /><STEAD ID="74529581" OBJECTID="175610309" OBJECTGUID="c1ed945f-ddd8-4783-80c1-bc4025b4f4d0" CHANGEID="691484475" NUMBER="1" OPERTYPEID="10" PREVID="0" NEXTID="0" UPDATEDATE="2025-10-30" STARTDATE="2025-10-30" ENDDATE="2079-06-06" ISACTUAL="1" ISACTIVE="1" /><STEAD ID="74529582" OBJECTID="175610310" OBJECTGUID="7f4ba78d-563b-46ae-9ec8-039ee5b9a382" CHANGEID="691484476" NUMBER="21" OPERTYPEID="10" PREVID="0" NEXTID="0" UPDATEDATE="2025-10-30" STARTDATE="2025-10-30" ENDDATE="2079-06-06" ISACTUAL="1" ISACTIVE="1" /><STEAD ID="74529586" OBJECTID="175610315" OBJECTGUID="7a1af8e8-1e38-4454-b9f1-5bb2c95633c8" CHANGEID="691484485" NUMBER="98" OPERTYPEID="10" PREVID="0" NEXTID="0" UPDATEDATE="2025-10-30" STARTDATE="2025-10-30" ENDDATE="2079-06-06" ISACTUAL="1" ISACTIVE="1" /><STEAD ID="74529587" OBJECTID="175610316" OBJECTGUID="97b3a34d-7225-4b78-8fde-65b8a88dec42" CHANGEID="691484486" NUMBER="1А" OPERTYPEID="10" PREVID="0" NEXTID="0" UPDATEDATE="2025-10-30" STARTDATE="2025-10-30" ENDDATE="2079-06-06" ISACTUAL="1" ISACTIVE="1" /><STEAD ID="74529588" OBJECTID="175610317" OBJECTGUID="cc211b8b-feda-4285-9651-00a22f11854e" CHANGEID="691484487" NUMBER="76" OPERTYPEID="10" PREVID="0" NEXTID="0" UPDATEDATE="2025-10-30" STARTDATE="2025-10-30" ENDDATE="2079-06-06" ISACTUAL="1" ISACTIVE="1" /><STEAD ID="74529589" OBJECTID="175610318" OBJECTGUID="67d104a5-416d-4b82-a953-6119c28d9ec9" CHANGEID="691484488" NUMBER="92" OPERTYPEID="10" PREVID="0" NEXTID="0" UPDATEDATE="2025-10-30" STARTDATE="2025-10-30" ENDDATE="2079-06-06" ISACTUAL="1" ISACTIVE="1" /><STEAD ID="74529590" OBJECTID="175610319" OBJECTGUID="24cb2cf0-c599-4ce6-8ef1-23a5cf5c1423" CHANGEID="691484489" NUMBER="24А" OPERTYPEID="10" PREVID="0" NEXTID="0" UPDATEDATE="2025-10-30" STARTDATE="2025-10-30" ENDDATE="2079-06-06" ISACTUAL="1" ISACTIVE="1" /><STEAD ID="74529591" OBJECTID="175610320" OBJECTGUID="7007b613-29a0-4e2e-82d3-0bdc67ee1d60" CHANGEID="691484490" NUMBER="97" OPERTYPEID="10" PREVID="0" NEXTID="0" UPDATEDATE="2025-10-30" STARTDATE="2025-10-30" ENDDATE="2079-06-06" ISACTUAL="1" ISACTIVE="1" /><STEAD ID="74529592" OBJECTID="175610321" OBJECTGUID="7511c142-aa06-4fdd-a5e3-4727a3b1b76a" CHANGEID="691484491" NUMBER="83" OPERTYPEID="10" PREVID="0" NEXTID="0" UPDATEDATE="2025-10-30" STARTDATE="2025-10-30" ENDDATE="2079-06-06" ISACTUAL="1" ISACTIVE="1" /><STEAD ID="74529625" OBJECTID="175610366" OBJECTGUID="dd27ea0c-ea9d-42dc-a809-3247f6a4c70a" CHANGEID="691484548" NUMBER="44" OPERTYPEID="10" PREVID="0" NEXTID="0" UPDATEDATE="2025-10-30" STARTDATE="2025-10-30" ENDDATE="2079-06-06" ISACTUAL="1" ISACTIVE="1" /><STEAD ID="74529630" OBJECTID="175610375" OBJECTGUID="9f925f6d-eaa4-49c9-a3cc-62f98074a45b" CHANGEID="691484561" NUMBER="57" OPERTYPEID="10" PREVID="0" NEXTID="0" UPDATEDATE="2025-10-30" STARTDATE="2025-10-30" ENDDATE="2079-06-06" ISACTUAL="1" ISACTIVE="1" /><STEAD ID="74529632" OBJECTID="175610378" OBJECTGUID="4cf819ab-5183-4cec-b30f-116dfba99798" CHANGEID="691484565" NUMBER="20" OPERTYPEID="10" PREVID="0" NEXTID="0" UPDATEDATE="2025-10-30" STARTDATE="2025-10-30" ENDDATE="2079-06-06" ISACTUAL="1" ISACTIVE="1" /><STEAD ID="74529648" OBJECTID="175610405" OBJECTGUID="7a2ea1a0-70f1-496f-b65e-807a6f876799" CHANGEID="691484607" NUMBER="7" OPERTYPEID="10" PREVID="0" NEXTID="0" UPDATEDATE="2025-10-30" STARTDATE="2025-10-30" ENDDATE="2079-06-06" ISACTUAL="1" ISACTIVE="1" /><STEAD ID="74529652" OBJECTID="175610409" OBJECTGUID="37829b86-0025-4119-a9d7-91a307e44e10" CHANGEID="691484612" NUMBER="77Г" OPERTYPEID="10" PREVID="0" NEXTID="0" UPDATEDATE="2025-10-30" STARTDATE="2025-10-30" ENDDATE="2079-06-06" ISACTUAL="1" ISACTIVE="1" /><STEAD ID="74529680" OBJECTID="175610460" OBJECTGUID="4f1bf17c-eec3-4756-9f06-2cc05bebbbc5" CHANGEID="691484700" NUMBER="8/1" OPERTYPEID="10" PREVID="0" NEXTID="0" UPDATEDATE="2025-10-30" STARTDATE="2025-10-30" ENDDATE="2079-06-06" ISACTUAL="1" ISACTIVE="1" /><STEAD ID="74529676" OBJECTID="175610448" OBJECTGUID="7b71571e-77de-44df-990e-d3df79e6dff5" CHANGEID="691484666" NUMBER="16" OPERTYPEID="10" PREVID="0" NEXTID="0" UPDATEDATE="2025-10-30" STARTDATE="2025-10-30" ENDDATE="2079-06-06" ISACTUAL="1" ISACTIVE="1" /><STEAD ID="74529684" OBJECTID="175610471" OBJECTGUID="95943024-3aac-49cb-8318-cb5af408a511" CHANGEID="691484716" NUMBER="2/2" OPERTYPEID="10" PREVID="0" NEXTID="0" UPDATEDATE="2025-10-30" STARTDATE="2025-10-30" ENDDATE="2079-06-06" ISACTUAL="1" ISACTIVE="1" /><STEAD ID="74529690" OBJECTID="175610477" OBJECTGUID="913ee352-b588-458f-b101-cd4893c1da70" CHANGEID="691484726" NUMBER="13/1" OPERTYPEID="10" PREVID="0" NEXTID="0" UPDATEDATE="2025-10-30" STARTDATE="2025-10-30" ENDDATE="2079-06-06" ISACTUAL="1" ISACTIVE="1" /><STEAD ID="74529709" OBJECTID="175610496" OBJECTGUID="3d03f719-4505-4fe4-a491-78bc2c410f2d" CHANGEID="691484747" NUMBER="5/1" OPERTYPEID="10" PREVID="0" NEXTID="0" UPDATEDATE="2025-10-30" STARTDATE="2025-10-30" ENDDATE="2079-06-06" ISACTUAL="1" ISACTIVE="1" /><STEAD ID="74529713" OBJECTID="175610500" OBJECTGUID="52e9827b-4204-4683-9fa4-a13d2acc649c" CHANGEID="691484755" NUMBER="19/2" OPERTYPEID="10" PREVID="0" NEXTID="0" UPDATEDATE="2025-10-30" STARTDATE="2025-10-30" ENDDATE="2079-06-06" ISACTUAL="1" ISACTIVE="1" /><STEAD ID="74529716" OBJECTID="175610506" OBJECTGUID="2ff12890-a0ac-4886-ae62-f69f2e5999d9" CHANGEID="691484761" NUMBER="3/1" OPERTYPEID="10" PREVID="0" NEXTID="0" UPDATEDATE="2025-10-30" STARTDATE="2025-10-30" ENDDATE="2079-06-06" ISACTUAL="1" ISACTIVE="1" /><STEAD ID="74529723" OBJECTID="175610516" OBJECTGUID="29c0dac3-2605-41fe-941c-63eacb9e5981" CHANGEID="691484774" NUMBER="71/1" OPERTYPEID="10" PREVID="0" NEXTID="0" UPDATEDATE="2025-10-30" STARTDATE="2025-10-30" ENDDATE="2079-06-06" ISACTUAL="1" ISACTIVE="1" /><STEAD ID="74529732" OBJECTID="175610525" OBJECTGUID="9afe2db1-66e3-4f79-997e-de6b86f1983c" CHANGEID="691484783" NUMBER="8" OPERTYPEID="10" PREVID="0" NEXTID="0" UPDATEDATE="2025-10-30" STARTDATE="2025-10-30" ENDDATE="2079-06-06" ISACTUAL="1" ISACTIVE="1" /><STEAD ID="74529734" OBJECTID="175610527" OBJECTGUID="4d6c870b-7383-4985-9f20-060e2d25c0ee" CHANGEID="691484785" NUMBER="61А/1" OPERTYPEID="10" PREVID="0" NEXTID="0" UPDATEDATE="2025-10-30" STARTDATE="2025-10-30" ENDDATE="2079-06-06" ISACTUAL="1" ISACTIVE="1" /><STEAD ID="74529738" OBJECTID="175610531" OBJECTGUID="7f04e428-7702-4371-9236-15565a4f71e4" CHANGEID="691484791" NUMBER="73" OPERTYPEID="10" PREVID="0" NEXTID="0" UPDATEDATE="2025-10-30" STARTDATE="2025-10-30" ENDDATE="2079-06-06" ISACTUAL="1" ISACTIVE="1" /><STEAD ID="74529740" OBJECTID="175610533" OBJECTGUID="b1db8d3f-db6d-46e3-a1bb-c43fbd7085fd" CHANGEID="691484793" NUMBER="67" OPERTYPEID="10" PREVID="0" NEXTID="0" UPDATEDATE="2025-10-30" STARTDATE="2025-10-30" ENDDATE="2079-06-06" ISACTUAL="1" ISACTIVE="1" /><STEAD ID="74529765" OBJECTID="175610561" OBJECTGUID="ed74eb8b-5b6c-40af-b796-9f6da795d679" CHANGEID="691484825" NUMBER="83" OPERTYPEID="10" PREVID="0" NEXTID="0" UPDATEDATE="2025-10-30" STARTDATE="2025-10-30" ENDDATE="2079-06-06" ISACTUAL="1" ISACTIVE="1" /><STEAD ID="74529767" OBJECTID="175610563" OBJECTGUID="42d312af-17fb-4f16-a550-decc3a347bff" CHANGEID="691484829" NUMBER="85" OPERTYPEID="10" PREVID="0" NEXTID="0" UPDATEDATE="2025-10-30" STARTDATE="2025-10-30" ENDDATE="2079-06-06" ISACTUAL="1" ISACTIVE="1" /><STEAD ID="74529768" OBJECTID="175610565" OBJECTGUID="07e95bcb-b12e-4b87-ad50-9b422477f892" CHANGEID="691484880" NUMBER="89" OPERTYPEID="10" PREVID="0" NEXTID="0" UPDATEDATE="2025-10-30" STARTDATE="2025-10-30" ENDDATE="2079-06-06" ISACTUAL="1" ISACTIVE="1" /><STEAD ID="74529772" OBJECTID="175610570" OBJECTGUID="97757f27-c436-425b-9ae2-665c71daeef2" CHANGEID="691484888" NUMBER="75" OPERTYPEID="10" PREVID="0" NEXTID="0" UPDATEDATE="2025-10-30" STARTDATE="2025-10-30" ENDDATE="2079-06-06" ISACTUAL="1" ISACTIVE="1" /><STEAD ID="74529782" OBJECTID="175610580" OBJECTGUID="bc1cb898-93bd-45db-b4c4-cc4f6aa6511a" CHANGEID="691484898" NUMBER="81" OPERTYPEID="10" PREVID="0" NEXTID="0" UPDATEDATE="2025-10-30" STARTDATE="2025-10-30" ENDDATE="2079-06-06" ISACTUAL="1" ISACTIVE="1" /><STEAD ID="74529786" OBJECTID="175610585" OBJECTGUID="30ab9555-340e-4294-b9e0-f3db224d84a7" CHANGEID="691484981" NUMBER="7/4" OPERTYPEID="10" PREVID="0" NEXTID="0" UPDATEDATE="2025-10-30" STARTDATE="2025-10-30" ENDDATE="2079-06-06" ISACTUAL="1" ISACTIVE="1" /><STEAD ID="74529719" OBJECTID="175610512" OBJECTGUID="0ea80362-6525-4d04-848b-54fc127e1aeb" CHANGEID="691484769" NUMBER="105" OPERTYPEID="10" PREVID="0" NEXTID="0" UPDATEDATE="2025-10-30" STARTDATE="2025-10-30" ENDDATE="2079-06-06" ISACTUAL="1" ISACTIVE="1" /><STEAD ID="74529720" OBJECTID="175610513" OBJECTGUID="5fb9ab2c-f821-42ee-8c12-62fdbbd0e026" CHANGEID="691484771" NUMBER="11/2" OPERTYPEID="10" PREVID="0" NEXTID="0" UPDATEDATE="2025-10-30" STARTDATE="2025-10-30" ENDDATE="2079-06-06" ISACTUAL="1" ISACTIVE="1" /><STEAD ID="74529739" OBJECTID="175610532" OBJECTGUID="4766a002-a677-4270-9051-8dcf95baaa9f" CHANGEID="691484792" NUMBER="6" OPERTYPEID="10" PREVID="0" NEXTID="0" UPDATEDATE="2025-10-30" STARTDATE="2025-10-30" ENDDATE="2079-06-06" ISACTUAL="1" ISACTIVE="1" /><STEAD ID="74529744" OBJECTID="175610540" OBJECTGUID="1167eba0-f0cc-4c33-9f67-e3ddcfe40031" CHANGEID="691484802" NUMBER="77/1" OPERTYPEID="10" PREVID="0" NEXTID="0" UPDATEDATE="2025-10-30" STARTDATE="2025-10-30" ENDDATE="2079-06-06" ISACTUAL="1" ISACTIVE="1" /><STEAD ID="74529746" OBJECTID="175610543" OBJECTGUID="d8f60674-ffcf-4993-8f82-d3b76030f1ae" CHANGEID="691484806" NUMBER="77" OPERTYPEID="10" PREVID="0" NEXTID="0" UPDATEDATE="2025-10-30" STARTDATE="2025-10-30" ENDDATE="2079-06-06" ISACTUAL="1" ISACTIVE="1" /><STEAD ID="74529764" OBJECTID="175610560" OBJECTGUID="bde328e4-4b84-4011-acf4-97e09aa5e4b5" CHANGEID="691484824" NUMBER="243" OPERTYPEID="10" PREVID="0" NEXTID="0" UPDATEDATE="2025-10-30" STARTDATE="2025-10-30" ENDDATE="2079-06-06" ISACTUAL="1" ISACTIVE="1" /><STEAD ID="74529771" OBJECTID="175610569" OBJECTGUID="707db55a-a39b-4228-9b71-e736b3984139" CHANGEID="691484885" NUMBER="99" OPERTYPEID="10" PREVID="0" NEXTID="0" UPDATEDATE="2025-10-30" STARTDATE="2025-10-30" ENDDATE="2079-06-06" ISACTUAL="1" ISACTIVE="1" /><STEAD ID="74529787" OBJECTID="175610592" OBJECTGUID="7a94747d-4ae1-4f55-9c47-f7d23b5e1e92" CHANGEID="691484992" NUMBER="18А" OPERTYPEID="10" PREVID="0" NEXTID="0" UPDATEDATE="2025-10-30" STARTDATE="2025-10-30" ENDDATE="2079-06-06" ISACTUAL="1" ISACTIVE="1" /><STEAD ID="74529790" OBJECTID="175610598" OBJECTGUID="3bc36253-879a-41f1-93df-119a7a6dcba4" CHANGEID="691485000" NUMBER="71" OPERTYPEID="10" PREVID="0" NEXTID="0" UPDATEDATE="2025-10-30" STARTDATE="2025-10-30" ENDDATE="2079-06-06" ISACTUAL="1" ISACTIVE="1" /><STEAD ID="74529791" OBJECTID="175610610" OBJECTGUID="278b606f-1a41-459e-998e-99a213fdc683" CHANGEID="691485012" NUMBER="94" OPERTYPEID="10" PREVID="0" NEXTID="0" UPDATEDATE="2025-10-30" STARTDATE="2025-10-30" ENDDATE="2079-06-06" ISACTUAL="1" ISACTIVE="1" /><STEAD ID="74529817" OBJECTID="175610660" OBJECTGUID="36f9b4bf-fafb-4c72-ab6c-4da143633753" CHANGEID="691485140" NUMBER="35" OPERTYPEID="10" PREVID="0" NEXTID="0" UPDATEDATE="2025-10-30" STARTDATE="2025-10-30" ENDDATE="2079-06-06" ISACTUAL="1" ISACTIVE="1" /><STEAD ID="74529859" OBJECTID="175610716" OBJECTGUID="c9c30643-2b4f-44a2-9239-a3538bced7c7" CHANGEID="691485221" NUMBER="99" OPERTYPEID="10" PREVID="0" NEXTID="0" UPDATEDATE="2025-10-30" STARTDATE="2025-10-30" ENDDATE="2079-06-06" ISACTUAL="1" ISACTIVE="1" /><STEAD ID="74530024" OBJECTID="175611012" OBJECTGUID="e4e2cef9-872e-4de5-8552-d16780e01d04" CHANGEID="691485948" NUMBER="6Г" OPERTYPEID="10" PREVID="0" NEXTID="0" UPDATEDATE="2025-10-30" STARTDATE="2025-10-30" ENDDATE="2079-06-06" ISACTUAL="1" ISACTIVE="1" /><STEAD ID="65929505" OBJECTID="156755593" OBJECTGUID="79a20f99-b6c5-48a7-a421-35c34ed480ce" CHANGEID="456338363" NUMBER="19а" OPERTYPEID="10" PREVID="0" NEXTID="74530038" UPDATEDATE="2025-10-30" STARTDATE="2022-10-20" ENDDATE="2025-10-30" ISACTUAL="0" ISACTIVE="0" /><STEAD ID="74530038" OBJECTID="156755593" OBJECTGUID="79a20f99-b6c5-48a7-a421-35c34ed480ce" CHANGEID="691485990" NUMBER="128" OPERTYPEID="20" PREVID="65929505" UPDATEDATE="2025-10-30" STARTDATE="2025-10-30" ENDDATE="2079-06-06" ISACTUAL="1" ISACTIVE="1" /><STEAD ID="7577875" OBJECTID="92111847" OBJECTGUID="ed35b9a4-bf2f-4f40-afa4-5f5ebf32d8f3" CHANGEID="134902887" NUMBER="27" OPERTYPEID="10" NEXTID="74530044" UPDATEDATE="2025-10-30" STARTDATE="2019-07-04" ENDDATE="2025-10-30" ISACTUAL="0" ISACTIVE="0" /><STEAD ID="74530044" OBJECTID="92111847" OBJECTGUID="ed35b9a4-bf2f-4f40-afa4-5f5ebf32d8f3" CHANGEID="691486027" NUMBER="25/2" OPERTYPEID="20" PREVID="7577875" UPDATEDATE="2025-10-30" STARTDATE="2025-10-30" ENDDATE="2079-06-06" ISACTUAL="1" ISACTIVE="1" /><STEAD ID="74530045" OBJECTID="175611060" OBJECTGUID="e1fc6e7a-7e8a-496f-a9cf-89ed66e116d5" CHANGEID="691486051" NUMBER="7а" OPERTYPEID="10" PREVID="0" NEXTID="0" UPDATEDATE="2025-10-30" STARTDATE="2025-10-30" ENDDATE="2079-06-06" ISACTUAL="1" ISACTIVE="1" /><STEAD ID="74530054" OBJECTID="175611096" OBJECTGUID="cda71903-f66f-4c22-9050-f48d96fac71c" CHANGEID="691486105" NUMBER="28Т" OPERTYPEID="10" PREVID="0" NEXTID="0" UPDATEDATE="2025-10-30" STARTDATE="2025-10-30" ENDDATE="2079-06-06" ISACTUAL="1" ISACTIVE="1" /><STEAD ID="74530055" OBJECTID="175611097" OBJECTGUID="273ec74e-af12-409b-a30d-abb387a9b89b" CHANGEID="691486106" NUMBER="28П" OPERTYPEID="10" PREVID="0" NEXTID="0" UPDATEDATE="2025-10-30" STARTDATE="2025-10-30" ENDDATE="2079-06-06" ISACTUAL="1" ISACTIVE="1" /><STEAD ID="74530056" OBJECTID="175611098" OBJECTGUID="d593dbeb-bdb3-4bba-9244-50583fccf1dc" CHANGEID="691486107" NUMBER="28Р" OPERTYPEID="10" PREVID="0" NEXTID="0" UPDATEDATE="2025-10-30" STARTDATE="2025-10-30" ENDDATE="2079-06-06" ISACTUAL="1" ISACTIVE="1" /><STEAD ID="74530057" OBJECTID="175611100" OBJECTGUID="ca9cdf71-833d-4d16-8133-6f07493b9b47" CHANGEID="691486112" NUMBER="28С" OPERTYPEID="10" PREVID="0" NEXTID="0" UPDATEDATE="2025-10-30" STARTDATE="2025-10-30" ENDDATE="2079-06-06" ISACTUAL="1" ISACTIVE="1" /><STEAD ID="74530061" OBJECTID="175611168" OBJECTGUID="f69cf88f-70d9-413f-b982-c39a20f6099f" CHANGEID="691486184" NUMBER="26а" OPERTYPEID="10" PREVID="0" NEXTID="0" UPDATEDATE="2025-10-30" STARTDATE="2025-10-30" ENDDATE="2079-06-06" ISACTUAL="1" ISACTIVE="1" /><STEAD ID="74530063" OBJECTID="175611173" OBJECTGUID="618a4513-f8c5-412d-8a11-b2022dc377ae" CHANGEID="691486192" NUMBER="9" OPERTYPEID="10" PREVID="0" NEXTID="0" UPDATEDATE="2025-10-30" STARTDATE="2025-10-30" ENDDATE="2079-06-06" ISACTUAL="1" ISACTIVE="1" /><STEAD ID="74530068" OBJECTID="175611191" OBJECTGUID="28b8d70c-c419-4b4f-b8ce-ad53800cbbb0" CHANGEID="691486235" NUMBER="4" OPERTYPEID="10" PREVID="0" NEXTID="0" UPDATEDATE="2025-10-30" STARTDATE="2025-10-30" ENDDATE="2079-06-06" ISACTUAL="1" ISACTIVE="1" /><STEAD ID="74530069" OBJECTID="175611193" OBJECTGUID="89435b52-3782-4979-965b-863ff94da510" CHANGEID="691486237" NUMBER="30" OPERTYPEID="10" PREVID="0" NEXTID="0" UPDATEDATE="2025-10-30" STARTDATE="2025-10-30" ENDDATE="2079-06-06" ISACTUAL="1" ISACTIVE="1" /><STEAD ID="74530081" OBJECTID="175611215" OBJECTGUID="9bad5c26-e39e-4b71-9216-831e5c6c4b97" CHANGEID="691486310" NUMBER="2" OPERTYPEID="10" PREVID="0" NEXTID="0" UPDATEDATE="2025-10-30" STARTDATE="2025-10-30" ENDDATE="2079-06-06" ISACTUAL="1" ISACTIVE="1" /><STEAD ID="74530083" OBJECTID="175611220" OBJECTGUID="4a5274f7-0143-434a-9808-aeaa7a6c0f85" CHANGEID="691486316" NUMBER="1" OPERTYPEID="10" PREVID="0" NEXTID="0" UPDATEDATE="2025-10-30" STARTDATE="2025-10-30" ENDDATE="2079-06-06" ISACTUAL="1" ISACTIVE="1" /><STEAD ID="74530086" OBJECTID="175611224" OBJECTGUID="39613c6f-e07e-4919-a6b7-51ede6086c85" CHANGEID="691486320" NUMBER="105" OPERTYPEID="10" PREVID="0" NEXTID="0" UPDATEDATE="2025-10-30" STARTDATE="2025-10-30" ENDDATE="2079-06-06" ISACTUAL="1" ISACTIVE="1" /><STEAD ID="74530114" OBJECTID="175611265" OBJECTGUID="084adb14-26fc-4e5b-8640-793eb73d27bb" CHANGEID="691486385" NUMBER="10" OPERTYPEID="10" PREVID="0" NEXTID="0" UPDATEDATE="2025-10-30" STARTDATE="2025-10-30" ENDDATE="2079-06-06" ISACTUAL="1" ISACTIVE="1" /><STEAD ID="74530155" OBJECTID="175611326" OBJECTGUID="e9bcc6ff-38e9-4357-9500-cb9f3d527584" CHANGEID="691486463" NUMBER="22" OPERTYPEID="10" PREVID="0" NEXTID="0" UPDATEDATE="2025-10-30" STARTDATE="2025-10-30" ENDDATE="2079-06-06" ISACTUAL="1" ISACTIVE="1" /><STEAD ID="74530152" OBJECTID="175611322" OBJECTGUID="2ff55ddb-866c-433b-bc13-0d59f6416275" CHANGEID="691486458" NUMBER="1б" OPERTYPEID="10" PREVID="0" NEXTID="0" UPDATEDATE="2025-10-30" STARTDATE="2025-10-30" ENDDATE="2079-06-06" ISACTUAL="1" ISACTIVE="1" /><STEAD ID="74530181" OBJECTID="175611401" OBJECTGUID="3a3ef07f-b96a-47eb-aa70-eac7dbba6314" CHANGEID="691486602" NUMBER="15" OPERTYPEID="10" PREVID="0" NEXTID="0" UPDATEDATE="2025-10-30" STARTDATE="2025-10-30" ENDDATE="2079-06-06" ISACTUAL="1" ISACTIVE="1" /><STEAD ID="74530249" OBJECTID="175611509" OBJECTGUID="34adb113-9b39-4e8a-99d2-3eca337a4b86" CHANGEID="691486871" NUMBER="52А/1" OPERTYPEID="10" PREVID="0" NEXTID="0" UPDATEDATE="2025-10-30" STARTDATE="2025-10-30" ENDDATE="2079-06-06" ISACTUAL="1" ISACTIVE="1" /><STEAD ID="74530391" OBJECTID="175611778" OBJECTGUID="b0c45769-0ba8-4663-bd74-60722d0fa37f" CHANGEID="691487559" NUMBER="6Б" OPERTYPEID="10" PREVID="0" NEXTID="0" UPDATEDATE="2025-10-30" STARTDATE="2025-10-30" ENDDATE="2079-06-06" ISACTUAL="1" ISACTIVE="1" /><STEAD ID="74530398" OBJECTID="175611789" OBJECTGUID="004df119-80b1-4d95-aada-c960f3bc657d" CHANGEID="691487573" NUMBER="477" OPERTYPEID="10" PREVID="0" NEXTID="0" UPDATEDATE="2025-10-30" STARTDATE="2025-10-30" ENDDATE="2079-06-06" ISACTUAL="1" ISACTIVE="1" /><STEAD ID="74530399" OBJECTID="175611792" OBJECTGUID="224d9a41-a005-4e44-a401-78c811627a9f" CHANGEID="691487577" NUMBER="14" OPERTYPEID="10" PREVID="0" NEXTID="0" UPDATEDATE="2025-10-30" STARTDATE="2025-10-30" ENDDATE="2079-06-06" ISACTUAL="1" ISACTIVE="1" /><STEAD ID="74543857" OBJECTID="175638746" OBJECTGUID="6ac53876-d1b7-4f35-b212-309d0dd8aa29" CHANGEID="691530535" NUMBER="12" OPERTYPEID="10" PREVID="0" NEXTID="0" UPDATEDATE="2025-10-31" STARTDATE="2025-10-31" ENDDATE="2079-06-06" ISACTUAL="1" ISACTIVE="1" /><STEAD ID="74543858" OBJECTID="175638747" OBJECTGUID="23430fbe-7159-4697-a725-3f4ed433ebcc" CHANGEID="691530536" NUMBER="11" OPERTYPEID="10" PREVID="0" NEXTID="0" UPDATEDATE="2025-10-31" STARTDATE="2025-10-31" ENDDATE="2079-06-06" ISACTUAL="1" ISACTIVE="1" /><STEAD ID="74543859" OBJECTID="175638748" OBJECTGUID="5f0038fd-a872-4d81-8d3a-14d5f256c8b3" CHANGEID="691530537" NUMBER="1" OPERTYPEID="10" PREVID="0" NEXTID="0" UPDATEDATE="2025-10-31" STARTDATE="2025-10-31" ENDDATE="2079-06-06" ISACTUAL="1" ISACTIVE="1" /><STEAD ID="74543873" OBJECTID="175638771" OBJECTGUID="2b7d88e8-024c-4fb7-aff7-3eee8e09d5df" CHANGEID="691530564" NUMBER="17" OPERTYPEID="10" PREVID="0" NEXTID="0" UPDATEDATE="2025-10-31" STARTDATE="2025-10-31" ENDDATE="2079-06-06" ISACTUAL="1" ISACTIVE="1" /><STEAD ID="74543874" OBJECTID="175638772" OBJECTGUID="a8de611d-8f29-43e0-b3d8-0720433a5580" CHANGEID="691530565" NUMBER="7" OPERTYPEID="10" PREVID="0" NEXTID="0" UPDATEDATE="2025-10-31" STARTDATE="2025-10-31" ENDDATE="2079-06-06" ISACTUAL="1" ISACTIVE="1" /><STEAD ID="74543875" OBJECTID="175638773" OBJECTGUID="bb0fb52e-be58-4b98-bdff-f733b855271c" CHANGEID="691530566" NUMBER="1" OPERTYPEID="10" PREVID="0" NEXTID="0" UPDATEDATE="2025-10-31" STARTDATE="2025-10-31" ENDDATE="2079-06-06" ISACTUAL="1" ISACTIVE="1" /><STEAD ID="74543866" OBJECTID="175638762" OBJECTGUID="12604e47-f8fa-406b-9dc5-8c5781eb5146" CHANGEID="691530552" NUMBER="13а" OPERTYPEID="10" PREVID="0" NEXTID="0" UPDATEDATE="2025-10-31" STARTDATE="2025-10-31" ENDDATE="2079-06-06" ISACTUAL="1" ISACTIVE="1" /><STEAD ID="74542670" OBJECTID="175636689" OBJECTGUID="c617a514-38ff-4be3-9f8c-8f9499c98145" CHANGEID="691527391" NUMBER="83" OPERTYPEID="10" PREVID="0" NEXTID="0" UPDATEDATE="2025-10-31" STARTDATE="2025-10-31" ENDDATE="2079-06-06" ISACTUAL="1" ISACTIVE="1" /><STEAD ID="74542675" OBJECTID="175636708" OBJECTGUID="def47d82-e0ae-499a-b132-f82bc9608ec0" CHANGEID="691527447" NUMBER="52" OPERTYPEID="10" PREVID="0" NEXTID="0" UPDATEDATE="2025-10-31" STARTDATE="2025-10-31" ENDDATE="2079-06-06" ISACTUAL="1" ISACTIVE="1" /><STEAD ID="74542676" OBJECTID="175636709" OBJECTGUID="fc68faad-ea78-42f5-841d-4858b0d63f6c" CHANGEID="691527448" NUMBER="32" OPERTYPEID="10" PREVID="0" NEXTID="0" UPDATEDATE="2025-10-31" STARTDATE="2025-10-31" ENDDATE="2079-06-06" ISACTUAL="1" ISACTIVE="1" /><STEAD ID="74542671" OBJECTID="175636694" OBJECTGUID="54730694-4051-4b68-89e2-68d3a9691670" CHANGEID="691527416" NUMBER="197" OPERTYPEID="10" PREVID="0" NEXTID="0" UPDATEDATE="2025-10-31" STARTDATE="2025-10-31" ENDDATE="2079-06-06" ISACTUAL="1" ISACTIVE="1" /><STEAD ID="74542672" OBJECTID="175636699" OBJECTGUID="9b1a1395-7491-462b-b1be-70351f218686" CHANGEID="691527436" NUMBER="54" OPERTYPEID="10" PREVID="0" NEXTID="0" UPDATEDATE="2025-10-31" STARTDATE="2025-10-31" ENDDATE="2079-06-06" ISACTUAL="1" ISACTIVE="1" /><STEAD ID="74542673" OBJECTID="175636702" OBJECTGUID="e088a7d6-2dd0-416e-b22f-0a34976960c0" CHANGEID="691527440" NUMBER="3" OPERTYPEID="10" PREVID="0" NEXTID="0" UPDATEDATE="2025-10-31" STARTDATE="2025-10-31" ENDDATE="2079-06-06" ISACTUAL="1" ISACTIVE="1" /><STEAD ID="74542674" OBJECTID="175636706" OBJECTGUID="1c41ae20-a5e0-4630-adcd-287999b98472" CHANGEID="691527444" NUMBER="15" OPERTYPEID="10" PREVID="0" NEXTID="0" UPDATEDATE="2025-10-31" STARTDATE="2025-10-31" ENDDATE="2079-06-06" ISACTUAL="1" ISACTIVE="1" /><STEAD ID="74543882" OBJECTID="175638797" OBJECTGUID="ad79f8c7-09cc-41d5-bb0a-c67df01a9baf" CHANGEID="691530591" NUMBER="21" OPERTYPEID="10" PREVID="0" NEXTID="0" UPDATEDATE="2025-10-31" STARTDATE="2025-10-31" ENDDATE="2079-06-06" ISACTUAL="1" ISACTIVE="1" /><STEAD ID="74543883" OBJECTID="175638798" OBJECTGUID="a9a8e55c-f020-41a3-b84e-1b05c9f73119" CHANGEID="691530592" NUMBER="6" OPERTYPEID="10" PREVID="0" NEXTID="0" UPDATEDATE="2025-10-31" STARTDATE="2025-10-31" ENDDATE="2079-06-06" ISACTUAL="1" ISACTIVE="1" /><STEAD ID="74537878" OBJECTID="175626237" OBJECTGUID="f11a3dc8-a650-4b17-b4f0-a719645849e4" CHANGEID="691510955" NUMBER="2" OPERTYPEID="10" PREVID="0" NEXTID="0" UPDATEDATE="2025-10-31" STARTDATE="2025-10-31" ENDDATE="2079-06-06" ISACTUAL="1" ISACTIVE="1" /><STEAD ID="74537898" OBJECTID="175626698" OBJECTGUID="2fb4b1c3-533a-47c2-bce2-5a3a48fe14f4" CHANGEID="691511441" NUMBER="1А/1" OPERTYPEID="10" PREVID="0" NEXTID="0" UPDATEDATE="2025-10-31" STARTDATE="2025-10-31" ENDDATE="2079-06-06" ISACTUAL="1" ISACTIVE="1" /><STEAD ID="74537900" OBJECTID="175626700" OBJECTGUID="b29a71eb-bd27-49c0-86f2-e28aa8e9f90c" CHANGEID="691511443" NUMBER="8/2" OPERTYPEID="10" PREVID="0" NEXTID="0" UPDATEDATE="2025-10-31" STARTDATE="2025-10-31" ENDDATE="2079-06-06" ISACTUAL="1" ISACTIVE="1" /><STEAD ID="74537902" OBJECTID="175626702" OBJECTGUID="99382232-607c-40fa-94b6-6f2ee728586a" CHANGEID="691511445" NUMBER="8" OPERTYPEID="10" PREVID="0" NEXTID="0" UPDATEDATE="2025-10-31" STARTDATE="2025-10-31" ENDDATE="2079-06-06" ISACTUAL="1" ISACTIVE="1" /><STEAD ID="74537904" OBJECTID="175626704" OBJECTGUID="1b9c619d-d20a-425f-a4a2-52fcdc1fa44e" CHANGEID="691511447" NUMBER="8/6б" OPERTYPEID="10" PREVID="0" NEXTID="0" UPDATEDATE="2025-10-31" STARTDATE="2025-10-31" ENDDATE="2079-06-06" ISACTUAL="1" ISACTIVE="1" /><STEAD ID="74537897" OBJECTID="175626697" OBJECTGUID="0dfef73c-390c-41a5-957d-d9f0e39ccd2f" CHANGEID="691511440" NUMBER="1А" OPERTYPEID="10" PREVID="0" NEXTID="0" UPDATEDATE="2025-10-31" STARTDATE="2025-10-31" ENDDATE="2079-06-06" ISACTUAL="1" ISACTIVE="1" /><STEAD ID="74537899" OBJECTID="175626699" OBJECTGUID="1a88cfa5-bd52-4970-9f2b-f93d97ad63ca" CHANGEID="691511442" NUMBER="27/1" OPERTYPEID="10" PREVID="0" NEXTID="0" UPDATEDATE="2025-10-31" STARTDATE="2025-10-31" ENDDATE="2079-06-06" ISACTUAL="1" ISACTIVE="1" /><STEAD ID="74537901" OBJECTID="175626701" OBJECTGUID="4a27895c-46eb-4435-85ac-958f3a1f5cd8" CHANGEID="691511444" NUMBER="6/1" OPERTYPEID="10" PREVID="0" NEXTID="0" UPDATEDATE="2025-10-31" STARTDATE="2025-10-31" ENDDATE="2079-06-06" ISACTUAL="1" ISACTIVE="1" /><STEAD ID="74537903" OBJECTID="175626703" OBJECTGUID="0b8714fa-3ce5-4d47-addb-f7c78316c8d0" CHANGEID="691511446" NUMBER="8/6а" OPERTYPEID="10" PREVID="0" NEXTID="0" UPDATEDATE="2025-10-31" STARTDATE="2025-10-31" ENDDATE="2079-06-06" ISACTUAL="1" ISACTIVE="1" /><STEAD ID="74537905" OBJECTID="175626705" OBJECTGUID="23535827-2fb9-4885-9427-3070b5e48362" CHANGEID="691511448" NUMBER="6" OPERTYPEID="10" PREVID="0" NEXTID="0" UPDATEDATE="2025-10-31" STARTDATE="2025-10-31" ENDDATE="2079-06-06" ISACTUAL="1" ISACTIVE="1" /><STEAD ID="74543903" OBJECTID="175638827" OBJECTGUID="114d0881-6b4d-430e-bfac-178158716918" CHANGEID="691530624" NUMBER="3а" OPERTYPEID="10" PREVID="0" NEXTID="0" UPDATEDATE="2025-10-31" STARTDATE="2025-10-31" ENDDATE="2079-06-06" ISACTUAL="1" ISACTIVE="1" /><STEAD ID="74543288" OBJECTID="175637817" OBJECTGUID="ee56f2d9-fdce-4224-aec2-d5685a100676" CHANGEID="691529050" NUMBER="83" OPERTYPEID="10" PREVID="0" NEXTID="0" UPDATEDATE="2025-10-31" STARTDATE="2025-10-31" ENDDATE="2079-06-06" ISACTUAL="1" ISACTIVE="1" /><STEAD ID="74543289" OBJECTID="175637818" OBJECTGUID="ddb38dbc-f1fd-4578-9579-e1bea92fd97c" CHANGEID="691529052" NUMBER="11" OPERTYPEID="10" PREVID="0" NEXTID="0" UPDATEDATE="2025-10-31" STARTDATE="2025-10-31" ENDDATE="2079-06-06" ISACTUAL="1" ISACTIVE="1" /><STEAD ID="74543290" OBJECTID="175637821" OBJECTGUID="7dfa2077-eaae-4123-a873-15bc994c75f3" CHANGEID="691529056" NUMBER="5" OPERTYPEID="10" PREVID="0" NEXTID="0" UPDATEDATE="2025-10-31" STARTDATE="2025-10-31" ENDDATE="2079-06-06" ISACTUAL="1" ISACTIVE="1" /><STEAD ID="74543301" OBJECTID="175637862" OBJECTGUID="aff7c1d4-d48a-40c4-b93b-96fecc29eeff" CHANGEID="691529133" NUMBER="41/1" OPERTYPEID="10" PREVID="0" NEXTID="0" UPDATEDATE="2025-10-31" STARTDATE="2025-10-31" ENDDATE="2079-06-06" ISACTUAL="1" ISACTIVE="1" /><STEAD ID="74543307" OBJECTID="175637885" OBJECTGUID="36c643a9-57a8-4e2a-9201-4c729240cb63" CHANGEID="691529169" NUMBER="81" OPERTYPEID="10" PREVID="0" NEXTID="0" UPDATEDATE="2025-10-31" STARTDATE="2025-10-31" ENDDATE="2079-06-06" ISACTUAL="1" ISACTIVE="1" /><STEAD ID="74543308" OBJECTID="175637889" OBJECTGUID="96d73065-86bd-4538-bf88-d2a7f86efc88" CHANGEID="691529174" NUMBER="140" OPERTYPEID="10" PREVID="0" NEXTID="0" UPDATEDATE="2025-10-31" STARTDATE="2025-10-31" ENDDATE="2079-06-06" ISACTUAL="1" ISACTIVE="1" /><STEAD ID="74543299" OBJECTID="175637850" OBJECTGUID="b20e5ff3-c447-4c23-b053-c701f75d1902" CHANGEID="691529109" NUMBER="10" OPERTYPEID="10" PREVID="0" NEXTID="0" UPDATEDATE="2025-10-31" STARTDATE="2025-10-31" ENDDATE="2079-06-06" ISACTUAL="1" ISACTIVE="1" /><STEAD ID="74543300" OBJECTID="175637854" OBJECTGUID="460d9f41-021c-4f56-9ab8-290bd4ba5782" CHANGEID="691529113" NUMBER="77" OPERTYPEID="10" PREVID="0" NEXTID="0" UPDATEDATE="2025-10-31" STARTDATE="2025-10-31" ENDDATE="2079-06-06" ISACTUAL="1" ISACTIVE="1" /><STEAD ID="74543303" OBJECTID="175637872" OBJECTGUID="bc021823-8678-47fc-a018-3e0ddba9dcc5" CHANGEID="691529148" NUMBER="13" OPERTYPEID="10" PREVID="0" NEXTID="0" UPDATEDATE="2025-10-31" STARTDATE="2025-10-31" ENDDATE="2079-06-06" ISACTUAL="1" ISACTIVE="1" /><STEAD ID="74543304" OBJECTID="175637873" OBJECTGUID="ea8fd4fe-7728-4541-b0be-7d56173c450d" CHANGEID="691529149" NUMBER="19" OPERTYPEID="10" PREVID="0" NEXTID="0" UPDATEDATE="2025-10-31" STARTDATE="2025-10-31" ENDDATE="2079-06-06" ISACTUAL="1" ISACTIVE="1" /><STEAD ID="74543305" OBJECTID="175637874" OBJECTGUID="01e0fee0-588a-488f-b4e1-211aa986b883" CHANGEID="691529150" NUMBER="29" OPERTYPEID="10" PREVID="0" NEXTID="0" UPDATEDATE="2025-10-31" STARTDATE="2025-10-31" ENDDATE="2079-06-06" ISACTUAL="1" ISACTIVE="1" /><STEAD ID="74543310" OBJECTID="175637891" OBJECTGUID="12a587e5-f0e7-4a9f-b5a8-22402893bbdf" CHANGEID="691529177" NUMBER="35" OPERTYPEID="10" PREVID="0" NEXTID="0" UPDATEDATE="2025-10-31" STARTDATE="2025-10-31" ENDDATE="2079-06-06" ISACTUAL="1" ISACTIVE="1" /><STEAD ID="74543410" OBJECTID="175638053" OBJECTGUID="e92b15e2-3d19-438e-8a09-a0d20dfc782e" CHANGEID="691529441" NUMBER="13" OPERTYPEID="10" PREVID="0" NEXTID="0" UPDATEDATE="2025-10-31" STARTDATE="2025-10-31" ENDDATE="2079-06-06" ISACTUAL="1" ISACTIVE="1" /><STEAD ID="74543416" OBJECTID="175638061" OBJECTGUID="1741a6ef-22f4-42dd-8fe0-b354b532f34a" CHANGEID="691529459" NUMBER="15Г" OPERTYPEID="10" PREVID="0" NEXTID="0" UPDATEDATE="2025-10-31" STARTDATE="2025-10-31" ENDDATE="2079-06-06" ISACTUAL="1" ISACTIVE="1" /><STEAD ID="74543417" OBJECTID="175638063" OBJECTGUID="74500c88-023d-42e0-b458-98671445c1e2" CHANGEID="691529461" NUMBER="2/2" OPERTYPEID="10" PREVID="0" NEXTID="0" UPDATEDATE="2025-10-31" STARTDATE="2025-10-31" ENDDATE="2079-06-06" ISACTUAL="1" ISACTIVE="1" /><STEAD ID="74539858" OBJECTID="175630709" OBJECTGUID="cec92fd2-fe68-442c-ad09-20ad96ae5f88" CHANGEID="691517627" NUMBER="15/2" OPERTYPEID="10" PREVID="0" NEXTID="0" UPDATEDATE="2025-10-31" STARTDATE="2025-10-31" ENDDATE="2079-06-06" ISACTUAL="1" ISACTIVE="1" /><STEAD ID="74543534" OBJECTID="175638243" OBJECTGUID="2f05d148-efba-4c83-8689-e1fee5f62604" CHANGEID="691529709" NUMBER="34А" OPERTYPEID="10" PREVID="0" NEXTID="0" UPDATEDATE="2025-10-31" STARTDATE="2025-10-31" ENDDATE="2079-06-06" ISACTUAL="1" ISACTIVE="1" /><STEAD ID="74543586" OBJECTID="175638301" OBJECTGUID="cb5d0cf9-af31-480a-b891-e64192d476f0" CHANGEID="691529800" NUMBER="2/1" OPERTYPEID="10" PREVID="0" NEXTID="0" UPDATEDATE="2025-10-31" STARTDATE="2025-10-31" ENDDATE="2079-06-06" ISACTUAL="1" ISACTIVE="1" /><STEAD ID="74543578" OBJECTID="175638288" OBJECTGUID="3ff7d5b0-9618-49e5-a52d-75a089033191" CHANGEID="691529769" NUMBER="22А" OPERTYPEID="10" PREVID="0" NEXTID="0" UPDATEDATE="2025-10-31" STARTDATE="2025-10-31" ENDDATE="2079-06-06" ISACTUAL="1" ISACTIVE="1" /><STEAD ID="74543585" OBJECTID="175638299" OBJECTGUID="1628b605-ef03-4a76-99ea-02b8cedd2821" CHANGEID="691529790" NUMBER="27" OPERTYPEID="10" PREVID="0" NEXTID="0" UPDATEDATE="2025-10-31" STARTDATE="2025-10-31" ENDDATE="2079-06-06" ISACTUAL="1" ISACTIVE="1" /><STEAD ID="74543599" OBJECTID="175638320" OBJECTGUID="4e013407-e228-431d-b613-7a4e09d47ef1" CHANGEID="691529829" NUMBER="34" OPERTYPEID="10" PREVID="0" NEXTID="0" UPDATEDATE="2025-10-31" STARTDATE="2025-10-31" ENDDATE="2079-06-06" ISACTUAL="1" ISACTIVE="1" /><STEAD ID="74543602" OBJECTID="175638331" OBJECTGUID="bd1752e4-0925-4aab-9332-2c0db3e0dfbb" CHANGEID="691529846" NUMBER="14" OPERTYPEID="10" PREVID="0" NEXTID="0" UPDATEDATE="2025-10-31" STARTDATE="2025-10-31" ENDDATE="2079-06-06" ISACTUAL="1" ISACTIVE="1" /><STEAD ID="74543632" OBJECTID="175638364" OBJECTGUID="41ee744f-a76a-49b8-a183-0ddf5fc7db1f" CHANGEID="691529900" NUMBER="15" OPERTYPEID="10" PREVID="0" NEXTID="0" UPDATEDATE="2025-10-31" STARTDATE="2025-10-31" ENDDATE="2079-06-06" ISACTUAL="1" ISACTIVE="1" /><STEAD ID="74543634" OBJECTID="175638366" OBJECTGUID="b3398be8-4f31-440d-a505-5c2f038a7dcf" CHANGEID="691529904" NUMBER="34" OPERTYPEID="10" PREVID="0" NEXTID="0" UPDATEDATE="2025-10-31" STARTDATE="2025-10-31" ENDDATE="2079-06-06" ISACTUAL="1" ISACTIVE="1" /><STEAD ID="74543649" OBJECTID="175638381" OBJECTGUID="fb5acecc-e7c7-4926-a468-de3e7694f8ca" CHANGEID="691529924" NUMBER="25" OPERTYPEID="10" PREVID="0" NEXTID="0" UPDATEDATE="2025-10-31" STARTDATE="2025-10-31" ENDDATE="2079-06-06" ISACTUAL="1" ISACTIVE="1" /><STEAD ID="74543651" OBJECTID="175638383" OBJECTGUID="51b460d8-9a13-451f-953b-55c57866cf37" CHANGEID="691529928" NUMBER="2" OPERTYPEID="10" PREVID="0" NEXTID="0" UPDATEDATE="2025-10-31" STARTDATE="2025-10-31" ENDDATE="2079-06-06" ISACTUAL="1" ISACTIVE="1" /><STEAD ID="74543660" OBJECTID="175638391" OBJECTGUID="f1e18797-dfd3-4030-82d5-86a01637c1c8" CHANGEID="691529948" NUMBER="5" OPERTYPEID="10" PREVID="0" NEXTID="0" UPDATEDATE="2025-10-31" STARTDATE="2025-10-31" ENDDATE="2079-06-06" ISACTUAL="1" ISACTIVE="1" /><STEAD ID="74543661" OBJECTID="175638392" OBJECTGUID="60636de2-5879-4859-9abf-e1aec8fc6954" CHANGEID="691529949" NUMBER="2" OPERTYPEID="10" PREVID="0" NEXTID="0" UPDATEDATE="2025-10-31" STARTDATE="2025-10-31" ENDDATE="2079-06-06" ISACTUAL="1" ISACTIVE="1" /><STEAD ID="74543662" OBJECTID="175638393" OBJECTGUID="44c3ea0a-d887-4db8-bdfd-0afecfcb98ed" CHANGEID="691529955" NUMBER="24" OPERTYPEID="10" PREVID="0" NEXTID="0" UPDATEDATE="2025-10-31" STARTDATE="2025-10-31" ENDDATE="2079-06-06" ISACTUAL="1" ISACTIVE="1" /><STEAD ID="74543663" OBJECTID="175638394" OBJECTGUID="0f5dff0a-d1da-4c6d-9844-504b7e14e31a" CHANGEID="691529963" NUMBER="26" OPERTYPEID="10" PREVID="0" NEXTID="0" UPDATEDATE="2025-10-31" STARTDATE="2025-10-31" ENDDATE="2079-06-06" ISACTUAL="1" ISACTIVE="1" /><STEAD ID="74543664" OBJECTID="175638395" OBJECTGUID="214b89dc-0e18-4f06-a43f-be72d128f2a1" CHANGEID="691529964" NUMBER="15" OPERTYPEID="10" PREVID="0" NEXTID="0" UPDATEDATE="2025-10-31" STARTDATE="2025-10-31" ENDDATE="2079-06-06" ISACTUAL="1" ISACTIVE="1" /><STEAD ID="74543665" OBJECTID="175638396" OBJECTGUID="7f63841d-590e-4af8-8869-3224bb4c4c7e" CHANGEID="691529965" NUMBER="14" OPERTYPEID="10" PREVID="0" NEXTID="0" UPDATEDATE="2025-10-31" STARTDATE="2025-10-31" ENDDATE="2079-06-06" ISACTUAL="1" ISACTIVE="1" /><STEAD ID="74543666" OBJECTID="175638397" OBJECTGUID="b9f0fc39-f48b-42c4-bb3f-a8bbb557c76b" CHANGEID="691529966" NUMBER="6" OPERTYPEID="10" PREVID="0" NEXTID="0" UPDATEDATE="2025-10-31" STARTDATE="2025-10-31" ENDDATE="2079-06-06" ISACTUAL="1" ISACTIVE="1" /><STEAD ID="74543626" OBJECTID="175638357" OBJECTGUID="33330254-6deb-454e-9fc2-82c054221731" CHANGEID="691529881" NUMBER="138" OPERTYPEID="10" PREVID="0" NEXTID="0" UPDATEDATE="2025-10-31" STARTDATE="2025-10-31" ENDDATE="2079-06-06" ISACTUAL="1" ISACTIVE="1" /><STEAD ID="74543630" OBJECTID="175638361" OBJECTGUID="cc14ee0b-b4a2-4774-956a-ac2307c70aa8" CHANGEID="691529893" NUMBER="52" OPERTYPEID="10" PREVID="0" NEXTID="0" UPDATEDATE="2025-10-31" STARTDATE="2025-10-31" ENDDATE="2079-06-06" ISACTUAL="1" ISACTIVE="1" /><STEAD ID="74543647" OBJECTID="175638379" OBJECTGUID="eeef3278-c59a-4718-814d-c8685d7e7905" CHANGEID="691529918" NUMBER="137" OPERTYPEID="10" PREVID="0" NEXTID="0" UPDATEDATE="2025-10-31" STARTDATE="2025-10-31" ENDDATE="2079-06-06" ISACTUAL="1" ISACTIVE="1" /><STEAD ID="74543648" OBJECTID="175638380" OBJECTGUID="ce547965-b19a-4b03-b9e4-74f508fa6fc0" CHANGEID="691529923" NUMBER="4" OPERTYPEID="10" PREVID="0" NEXTID="0" UPDATEDATE="2025-10-31" STARTDATE="2025-10-31" ENDDATE="2079-06-06" ISACTUAL="1" ISACTIVE="1" /><STEAD ID="74543696" OBJECTID="175638460" OBJECTGUID="231acbd2-6484-45b9-b9eb-e4ef63218f06" CHANGEID="691530092" NUMBER="26" OPERTYPEID="10" PREVID="0" NEXTID="0" UPDATEDATE="2025-10-31" STARTDATE="2025-10-31" ENDDATE="2079-06-06" ISACTUAL="1" ISACTIVE="1" /><STEAD ID="74543704" OBJECTID="175638478" OBJECTGUID="c4481faf-50e5-4783-83e5-c32e051cc8a1" CHANGEID="691530128" NUMBER="59" OPERTYPEID="10" PREVID="0" NEXTID="0" UPDATEDATE="2025-10-31" STARTDATE="2025-10-31" ENDDATE="2079-06-06" ISACTUAL="1" ISACTIVE="1" /><STEAD ID="74543705" OBJECTID="175638479" OBJECTGUID="2a5bc24f-ee62-456f-b35a-d41493f6f08d" CHANGEID="691530129" NUMBER="55" OPERTYPEID="10" PREVID="0" NEXTID="0" UPDATEDATE="2025-10-31" STARTDATE="2025-10-31" ENDDATE="2079-06-06" ISACTUAL="1" ISACTIVE="1" /><STEAD ID="74543706" OBJECTID="175638480" OBJECTGUID="3285389b-5102-4de1-aea0-aef31bac356f" CHANGEID="691530130" NUMBER="51" OPERTYPEID="10" PREVID="0" NEXTID="0" UPDATEDATE="2025-10-31" STARTDATE="2025-10-31" ENDDATE="2079-06-06" ISACTUAL="1" ISACTIVE="1" /><STEAD ID="74543678" OBJECTID="175638400" OBJECTGUID="16258268-2160-40c5-9a62-b18d2ee924ad" CHANGEID="691529997" NUMBER="13" OPERTYPEID="10" PREVID="0" NEXTID="0" UPDATEDATE="2025-10-31" STARTDATE="2025-10-31" ENDDATE="2079-06-06" ISACTUAL="1" ISACTIVE="1" /><STEAD ID="74543679" OBJECTID="175638401" OBJECTGUID="76552323-5c95-4650-a738-26b5bcc08c87" CHANGEID="691529998" NUMBER="5" OPERTYPEID="10" PREVID="0" NEXTID="0" UPDATEDATE="2025-10-31" STARTDATE="2025-10-31" ENDDATE="2079-06-06" ISACTUAL="1" ISACTIVE="1" /><STEAD ID="74543698" OBJECTID="175638461" OBJECTGUID="bac64c5f-cfa7-4adb-8033-ec8aae75a41a" CHANGEID="691530095" NUMBER="28" OPERTYPEID="10" PREVID="0" NEXTID="0" UPDATEDATE="2025-10-31" STARTDATE="2025-10-31" ENDDATE="2079-06-06" ISACTUAL="1" ISACTIVE="1" /><STEAD ID="74543739" OBJECTID="175638507" OBJECTGUID="1ab3daef-7f4c-47f0-8605-b642f20f2279" CHANGEID="691530180" NUMBER="23" OPERTYPEID="10" PREVID="0" NEXTID="0" UPDATEDATE="2025-10-31" STARTDATE="2025-10-31" ENDDATE="2079-06-06" ISACTUAL="1" ISACTIVE="1" /><STEAD ID="74543707" OBJECTID="175638481" OBJECTGUID="58655c51-55c9-41a9-ae7f-ffb72cb15eda" CHANGEID="691530131" NUMBER="46" OPERTYPEID="10" PREVID="0" NEXTID="0" UPDATEDATE="2025-10-31" STARTDATE="2025-10-31" ENDDATE="2079-06-06" ISACTUAL="1" ISACTIVE="1" /><STEAD ID="74543708" OBJECTID="175638482" OBJECTGUID="32f38005-37d8-4ca0-8bd9-2a8f4cb83433" CHANGEID="691530132" NUMBER="29" OPERTYPEID="10" PREVID="0" NEXTID="0" UPDATEDATE="2025-10-31" STARTDATE="2025-10-31" ENDDATE="2079-06-06" ISACTUAL="1" ISACTIVE="1" /><STEAD ID="74543709" OBJECTID="175638483" OBJECTGUID="e4725b74-1520-4abe-9175-6e05947d1499" CHANGEID="691530133" NUMBER="10" OPERTYPEID="10" PREVID="0" NEXTID="0" UPDATEDATE="2025-10-31" STARTDATE="2025-10-31" ENDDATE="2079-06-06" ISACTUAL="1" ISACTIVE="1" /><STEAD ID="74543710" OBJECTID="175638484" OBJECTGUID="ad8507cd-3003-4f1f-9e98-4a95186880bd" CHANGEID="691530134" NUMBER="5" OPERTYPEID="10" PREVID="0" NEXTID="0" UPDATEDATE="2025-10-31" STARTDATE="2025-10-31" ENDDATE="2079-06-06" ISACTUAL="1" ISACTIVE="1" /><STEAD ID="74543749" OBJECTID="175638524" OBJECTGUID="30ad5600-44e5-451e-8855-d6151b5a5c90" CHANGEID="691530206" NUMBER="6" OPERTYPEID="10" PREVID="0" NEXTID="0" UPDATEDATE="2025-10-31" STARTDATE="2025-10-31" ENDDATE="2079-06-06" ISACTUAL="1" ISACTIVE="1" /><STEAD ID="74543745" OBJECTID="175638511" OBJECTGUID="aa0d1de8-e1b3-4609-9190-867ed6407d59" CHANGEID="691530190" NUMBER="2" OPERTYPEID="10" PREVID="0" NEXTID="0" UPDATEDATE="2025-10-31" STARTDATE="2025-10-31" ENDDATE="2079-06-06" ISACTUAL="1" ISACTIVE="1" /><STEAD ID="74543754" OBJECTID="175638528" OBJECTGUID="49acddba-61dc-45e7-9cc2-2662e3622467" CHANGEID="691530217" NUMBER="10" OPERTYPEID="10" PREVID="0" NEXTID="0" UPDATEDATE="2025-10-31" STARTDATE="2025-10-31" ENDDATE="2079-06-06" ISACTUAL="1" ISACTIVE="1" /><STEAD ID="74543755" OBJECTID="175638529" OBJECTGUID="5f60e400-9382-4722-a42e-3bf9ac5d147b" CHANGEID="691530218" NUMBER="4" OPERTYPEID="10" PREVID="0" NEXTID="0" UPDATEDATE="2025-10-31" STARTDATE="2025-10-31" ENDDATE="2079-06-06" ISACTUAL="1" ISACTIVE="1" /><STEAD ID="74543782" OBJECTID="175638610" OBJECTGUID="3c77fc48-62e9-47fb-bd7b-731ca751b390" CHANGEID="691530342" NUMBER="15" OPERTYPEID="10" PREVID="0" NEXTID="0" UPDATEDATE="2025-10-31" STARTDATE="2025-10-31" ENDDATE="2079-06-06" ISACTUAL="1" ISACTIVE="1" /><STEAD ID="74543783" OBJECTID="175638611" OBJECTGUID="64596512-49d5-43ac-9a93-10092709f19a" CHANGEID="691530343" NUMBER="11" OPERTYPEID="10" PREVID="0" NEXTID="0" UPDATEDATE="2025-10-31" STARTDATE="2025-10-31" ENDDATE="2079-06-06" ISACTUAL="1" ISACTIVE="1" /><STEAD ID="74543784" OBJECTID="175638612" OBJECTGUID="c582006a-45cc-4a76-a3d6-0a7822359adf" CHANGEID="691530344" NUMBER="9" OPERTYPEID="10" PREVID="0" NEXTID="0" UPDATEDATE="2025-10-31" STARTDATE="2025-10-31" ENDDATE="2079-06-06" ISACTUAL="1" ISACTIVE="1" /><STEAD ID="74543785" OBJECTID="175638613" OBJECTGUID="d798e89b-abf8-4729-8706-66d3000e9415" CHANGEID="691530345" NUMBER="7" OPERTYPEID="10" PREVID="0" NEXTID="0" UPDATEDATE="2025-10-31" STARTDATE="2025-10-31" ENDDATE="2079-06-06" ISACTUAL="1" ISACTIVE="1" /><STEAD ID="74543786" OBJECTID="175638614" OBJECTGUID="d4045bc0-3d0a-43c7-8c8e-7de1621675ca" CHANGEID="691530346" NUMBER="5" OPERTYPEID="10" PREVID="0" NEXTID="0" UPDATEDATE="2025-10-31" STARTDATE="2025-10-31" ENDDATE="2079-06-06" ISACTUAL="1" ISACTIVE="1" /><STEAD ID="74543792" OBJECTID="175638629" OBJECTGUID="153f69b2-3320-4a2e-b674-07b37fcbbe88" CHANGEID="691530366" NUMBER="13" OPERTYPEID="10" PREVID="0" NEXTID="0" UPDATEDATE="2025-10-31" STARTDATE="2025-10-31" ENDDATE="2079-06-06" ISACTUAL="1" ISACTIVE="1" /><STEAD ID="74543793" OBJECTID="175638630" OBJECTGUID="3ad5cf40-e72b-4d86-a79b-85a83be8df7c" CHANGEID="691530367" NUMBER="5" OPERTYPEID="10" PREVID="0" NEXTID="0" UPDATEDATE="2025-10-31" STARTDATE="2025-10-31" ENDDATE="2079-06-06" ISACTUAL="1" ISACTIVE="1" /><STEAD ID="74543794" OBJECTID="175638631" OBJECTGUID="28e0473b-d33e-4bb6-b982-4839378ee6d3" CHANGEID="691530368" NUMBER="2" OPERTYPEID="10" PREVID="0" NEXTID="0" UPDATEDATE="2025-10-31" STARTDATE="2025-10-31" ENDDATE="2079-06-06" ISACTUAL="1" ISACTIVE="1" /><STEAD ID="74543802" OBJECTID="175638639" OBJECTGUID="1e6ade97-8bc8-4090-8e8f-01838c8126f3" CHANGEID="691530378" NUMBER="1" OPERTYPEID="10" PREVID="0" NEXTID="0" UPDATEDATE="2025-10-31" STARTDATE="2025-10-31" ENDDATE="2079-06-06" ISACTUAL="1" ISACTIVE="1" /><STEAD ID="74543833" OBJECTID="175638714" OBJECTGUID="30c68dc1-d62e-4839-8613-d6647e0c4da6" CHANGEID="691530496" NUMBER="18" OPERTYPEID="10" PREVID="0" NEXTID="0" UPDATEDATE="2025-10-31" STARTDATE="2025-10-31" ENDDATE="2079-06-06" ISACTUAL="1" ISACTIVE="1" /><STEAD ID="74543814" OBJECTID="175638673" OBJECTGUID="437ebc8b-6dde-427a-971c-406924f7f8d9" CHANGEID="691530425" NUMBER="32" OPERTYPEID="10" PREVID="0" NEXTID="0" UPDATEDATE="2025-10-31" STARTDATE="2025-10-31" ENDDATE="2079-06-06" ISACTUAL="1" ISACTIVE="1" /><STEAD ID="74543815" OBJECTID="175638674" OBJECTGUID="c492735e-40cb-4215-9bf0-c10b482e6db1" CHANGEID="691530426" NUMBER="28" OPERTYPEID="10" PREVID="0" NEXTID="0" UPDATEDATE="2025-10-31" STARTDATE="2025-10-31" ENDDATE="2079-06-06" ISACTUAL="1" ISACTIVE="1" /><STEAD ID="74543816" OBJECTID="175638675" OBJECTGUID="fb6e8b61-4f66-4dc2-b2d0-34b6ff5e87a2" CHANGEID="691530427" NUMBER="4" OPERTYPEID="10" PREVID="0" NEXTID="0" UPDATEDATE="2025-10-31" STARTDATE="2025-10-31" ENDDATE="2079-06-06" ISACTUAL="1" ISACTIVE="1" /><STEAD ID="74543817" OBJECTID="175638676" OBJECTGUID="0c94e9b3-4465-4a15-a622-08cce10bb71c" CHANGEID="691530428" NUMBER="2" OPERTYPEID="10" PREVID="0" NEXTID="0" UPDATEDATE="2025-10-31" STARTDATE="2025-10-31" ENDDATE="2079-06-06" ISACTUAL="1" ISACTIVE="1" /><STEAD ID="74544073" OBJECTID="175639507" OBJECTGUID="fc5b4473-e0a4-46cd-a75a-0946d24a4678" CHANGEID="691531699" NUMBER="16б" OPERTYPEID="10" PREVID="0" NEXTID="0" UPDATEDATE="2025-10-31" STARTDATE="2025-10-31" ENDDATE="2079-06-06" ISACTUAL="1" ISACTIVE="1" /><STEAD ID="74544209" OBJECTID="175639688" OBJECTGUID="a9233756-692e-47c2-902f-51c25f28a091" CHANGEID="691532061" NUMBER="22/1" OPERTYPEID="10" PREVID="0" NEXTID="0" UPDATEDATE="2025-10-31" STARTDATE="2025-10-31" ENDDATE="2079-06-06" ISACTUAL="1" ISACTIVE="1" /><STEAD ID="74544285" OBJECTID="175639822" OBJECTGUID="3920a4aa-535a-47ef-ad92-b68d120bf26d" CHANGEID="691532376" NUMBER="94/3" OPERTYPEID="10" PREVID="0" NEXTID="0" UPDATEDATE="2025-10-31" STARTDATE="2025-10-31" ENDDATE="2079-06-06" ISACTUAL="1" ISACTIVE="1" /><STEAD ID="74544351" OBJECTID="175639940" OBJECTGUID="6d8a54cf-e800-4578-94c3-c334db4aba2e" CHANGEID="691532568" NUMBER="13" OPERTYPEID="10" PREVID="0" NEXTID="0" UPDATEDATE="2025-10-31" STARTDATE="2025-10-31" ENDDATE="2079-06-06" ISACTUAL="1" ISACTIVE="1" /><STEAD ID="74544448" OBJECTID="175640087" OBJECTGUID="aa3db1ba-e203-486d-aaf9-8d0de40177fc" CHANGEID="691532792" NUMBER="2" OPERTYPEID="10" PREVID="0" NEXTID="0" UPDATEDATE="2025-10-31" STARTDATE="2025-10-31" ENDDATE="2079-06-06" ISACTUAL="1" ISACTIVE="1" /><STEAD ID="74544494" OBJECTID="175640143" OBJECTGUID="ce5dd822-3e01-4d54-946b-422fd7ab45e3" CHANGEID="691532861" NUMBER="2б" OPERTYPEID="10" PREVID="0" NEXTID="0" UPDATEDATE="2025-10-31" STARTDATE="2025-10-31" ENDDATE="2079-06-06" ISACTUAL="1" ISACTIVE="1" /><STEAD ID="74548268" OBJECTID="175648215" OBJECTGUID="f9fa4528-c5f8-41d5-8dba-0de7589583e4" CHANGEID="691562261" NUMBER="35А" OPERTYPEID="10" PREVID="0" NEXTID="0" UPDATEDATE="2025-11-01" STARTDATE="2025-11-01" ENDDATE="2079-06-06" ISACTUAL="1" ISACTIVE="1" /><STEAD ID="74555387" OBJECTID="175663859" OBJECTGUID="cf6de5e4-b47c-441b-ab85-28c24f82b791" CHANGEID="691587601" NUMBER="22" OPERTYPEID="10" PREVID="0" NEXTID="0" UPDATEDATE="2025-11-01" STARTDATE="2025-11-01" ENDDATE="2079-06-06" ISACTUAL="1" ISACTIVE="1" /><STEAD ID="74555395" OBJECTID="175663876" OBJECTGUID="001d440f-bf20-4d9d-94d2-01d6b9db094f" CHANGEID="691587665" NUMBER="10А/3" OPERTYPEID="10" PREVID="0" NEXTID="0" UPDATEDATE="2025-11-01" STARTDATE="2025-11-01" ENDDATE="2079-06-06" ISACTUAL="1" ISACTIVE="1" /><STEAD ID="74555397" OBJECTID="175663878" OBJECTGUID="ca2e024b-5b84-429d-bd53-bde09b8bc7b6" CHANGEID="691587667" NUMBER="17/1" OPERTYPEID="10" PREVID="0" NEXTID="0" UPDATEDATE="2025-11-01" STARTDATE="2025-11-01" ENDDATE="2079-06-06" ISACTUAL="1" ISACTIVE="1" /><STEAD ID="74555398" OBJECTID="175663879" OBJECTGUID="957c7c2b-5092-4377-979f-9ae87d5139dd" CHANGEID="691587669" NUMBER="7/2" OPERTYPEID="10" PREVID="0" NEXTID="0" UPDATEDATE="2025-11-01" STARTDATE="2025-11-01" ENDDATE="2079-06-06" ISACTUAL="1" ISACTIVE="1" /><STEAD ID="74555401" OBJECTID="175663886" OBJECTGUID="926a5ca1-430f-416a-86be-19255d5ef814" CHANGEID="691587676" NUMBER="18" OPERTYPEID="10" PREVID="0" NEXTID="0" UPDATEDATE="2025-11-01" STARTDATE="2025-11-01" ENDDATE="2079-06-06" ISACTUAL="1" ISACTIVE="1" /><STEAD ID="74555403" OBJECTID="175663888" OBJECTGUID="345ea955-bf12-44a5-b54b-4edd8550cb3c" CHANGEID="691587678" NUMBER="16А/1" OPERTYPEID="10" PREVID="0" NEXTID="0" UPDATEDATE="2025-11-01" STARTDATE="2025-11-01" ENDDATE="2079-06-06" ISACTUAL="1" ISACTIVE="1" /><STEAD ID="74555404" OBJECTID="175663889" OBJECTGUID="7cfb0b1c-2c10-416a-87b4-4e9bb0c74b28" CHANGEID="691587680" NUMBER="61А" OPERTYPEID="10" PREVID="0" NEXTID="0" UPDATEDATE="2025-11-01" STARTDATE="2025-11-01" ENDDATE="2079-06-06" ISACTUAL="1" ISACTIVE="1" /><STEAD ID="74555408" OBJECTID="175663894" OBJECTGUID="13cf58d7-95ea-4369-9ff1-d2a0163586b4" CHANGEID="691587686" NUMBER="65" OPERTYPEID="10" PREVID="0" NEXTID="0" UPDATEDATE="2025-11-01" STARTDATE="2025-11-01" ENDDATE="2079-06-06" ISACTUAL="1" ISACTIVE="1" /><STEAD ID="74555389" OBJECTID="175663864" OBJECTGUID="69a7dbb3-f289-4c83-bf17-5d4d41e304d9" CHANGEID="691587642" NUMBER="1" OPERTYPEID="10" PREVID="0" NEXTID="0" UPDATEDATE="2025-11-01" STARTDATE="2025-11-01" ENDDATE="2079-06-06" ISACTUAL="1" ISACTIVE="1" /><STEAD ID="74555396" OBJECTID="175663877" OBJECTGUID="d3a2ce58-9986-41a3-b0ac-57ae5b074133" CHANGEID="691587666" NUMBER="10А/4" OPERTYPEID="10" PREVID="0" NEXTID="0" UPDATEDATE="2025-11-01" STARTDATE="2025-11-01" ENDDATE="2079-06-06" ISACTUAL="1" ISACTIVE="1" /><STEAD ID="74555399" OBJECTID="175663880" OBJECTGUID="9a43fd4a-c383-4a7b-9e4d-3a5a9247e48f" CHANGEID="691587670" NUMBER="16/1" OPERTYPEID="10" PREVID="0" NEXTID="0" UPDATEDATE="2025-11-01" STARTDATE="2025-11-01" ENDDATE="2079-06-06" ISACTUAL="1" ISACTIVE="1" /><STEAD ID="74555400" OBJECTID="175663885" OBJECTGUID="a08f70fe-b1fa-4889-a900-4c8a514b12bf" CHANGEID="691587675" NUMBER="7/5" OPERTYPEID="10" PREVID="0" NEXTID="0" UPDATEDATE="2025-11-01" STARTDATE="2025-11-01" ENDDATE="2079-06-06" ISACTUAL="1" ISACTIVE="1" /><STEAD ID="74555402" OBJECTID="175663887" OBJECTGUID="a780fe27-cc51-4858-abbd-ae515b60d0ee" CHANGEID="691587677" NUMBER="19" OPERTYPEID="10" PREVID="0" NEXTID="0" UPDATEDATE="2025-11-01" STARTDATE="2025-11-01" ENDDATE="2079-06-06" ISACTUAL="1" ISACTIVE="1" /><STEAD ID="74555405" OBJECTID="175663890" OBJECTGUID="42510fec-772a-4123-90f8-93423e3f72a2" CHANGEID="691587681" NUMBER="61А/2" OPERTYPEID="10" PREVID="0" NEXTID="0" UPDATEDATE="2025-11-01" STARTDATE="2025-11-01" ENDDATE="2079-06-06" ISACTUAL="1" ISACTIVE="1" /><STEAD ID="74555406" OBJECTID="175663892" OBJECTGUID="593a5f14-16f6-47d4-abf3-4bd3f2065b8c" CHANGEID="691587683" NUMBER="65/1" OPERTYPEID="10" PREVID="0" NEXTID="0" UPDATEDATE="2025-11-01" STARTDATE="2025-11-01" ENDDATE="2079-06-06" ISACTUAL="1" ISACTIVE="1" /><STEAD ID="74555407" OBJECTID="175663893" OBJECTGUID="77770927-4ec9-42e8-be5f-1cc71af9f330" CHANGEID="691587685" NUMBER="67/1" OPERTYPEID="10" PREVID="0" NEXTID="0" UPDATEDATE="2025-11-01" STARTDATE="2025-11-01" ENDDATE="2079-06-06" ISACTUAL="1" ISACTIVE="1" /><STEAD ID="74555409" OBJECTID="175663895" OBJECTGUID="0d8d7093-5eb3-4e7f-8d11-5dff40151dfc" CHANGEID="691587691" NUMBER="17/1" OPERTYPEID="10" PREVID="0" NEXTID="0" UPDATEDATE="2025-11-01" STARTDATE="2025-11-01" ENDDATE="2079-06-06" ISACTUAL="1" ISACTIVE="1" /><STEAD ID="74556259" OBJECTID="175665647" OBJECTGUID="3a673dba-92cf-4653-9b2c-54699914c2cb" CHANGEID="691590291" NUMBER="79/1" OPERTYPEID="10" PREVID="0" NEXTID="0" UPDATEDATE="2025-11-01" STARTDATE="2025-11-01" ENDDATE="2079-06-06" ISACTUAL="1" ISACTIVE="1" /><STEAD ID="74556261" OBJECTID="175665649" OBJECTGUID="340a64a4-589d-47a0-a493-3e83779f792c" CHANGEID="691590293" NUMBER="93" OPERTYPEID="10" PREVID="0" NEXTID="0" UPDATEDATE="2025-11-01" STARTDATE="2025-11-01" ENDDATE="2079-06-06" ISACTUAL="1" ISACTIVE="1" /><STEAD ID="74556263" OBJECTID="175665651" OBJECTGUID="c9665784-de25-4cc2-bdee-57d7959ad9f8" CHANGEID="691590295" NUMBER="97" OPERTYPEID="10" PREVID="0" NEXTID="0" UPDATEDATE="2025-11-01" STARTDATE="2025-11-01" ENDDATE="2079-06-06" ISACTUAL="1" ISACTIVE="1" /><STEAD ID="74556265" OBJECTID="175665653" OBJECTGUID="463a7fa6-6699-4325-8f4d-5894863c1267" CHANGEID="691590297" NUMBER="79А" OPERTYPEID="10" PREVID="0" NEXTID="0" UPDATEDATE="2025-11-01" STARTDATE="2025-11-01" ENDDATE="2079-06-06" ISACTUAL="1" ISACTIVE="1" /><STEAD ID="74556267" OBJECTID="175665655" OBJECTGUID="a0659761-d561-4fa3-8695-7b5193ff3c67" CHANGEID="691590299" NUMBER="85А" OPERTYPEID="10" PREVID="0" NEXTID="0" UPDATEDATE="2025-11-01" STARTDATE="2025-11-01" ENDDATE="2079-06-06" ISACTUAL="1" ISACTIVE="1" /><STEAD ID="74556269" OBJECTID="175665657" OBJECTGUID="d76dd4a2-308e-4b2e-b947-ace8b55f0994" CHANGEID="691590301" NUMBER="93/2" OPERTYPEID="10" PREVID="0" NEXTID="0" UPDATEDATE="2025-11-01" STARTDATE="2025-11-01" ENDDATE="2079-06-06" ISACTUAL="1" ISACTIVE="1" /><STEAD ID="74556271" OBJECTID="175665659" OBJECTGUID="7ceb1717-2041-4b21-847b-815e1ced900f" CHANGEID="691590303" NUMBER="99/2" OPERTYPEID="10" PREVID="0" NEXTID="0" UPDATEDATE="2025-11-01" STARTDATE="2025-11-01" ENDDATE="2079-06-06" ISACTUAL="1" ISACTIVE="1" /><STEAD ID="74556275" OBJECTID="175665664" OBJECTGUID="90e84544-1acb-4e40-894a-6f3a4d46571c" CHANGEID="691590309" NUMBER="9А" OPERTYPEID="10" PREVID="0" NEXTID="0" UPDATEDATE="2025-11-01" STARTDATE="2025-11-01" ENDDATE="2079-06-06" ISACTUAL="1" ISACTIVE="1" /><STEAD ID="74556277" OBJECTID="175665666" OBJECTGUID="6b87e066-4edd-4095-bbc5-c4c3a2b3cbef" CHANGEID="691590311" NUMBER="10А/2" OPERTYPEID="10" PREVID="0" NEXTID="0" UPDATEDATE="2025-11-01" STARTDATE="2025-11-01" ENDDATE="2079-06-06" ISACTUAL="1" ISACTIVE="1" /><STEAD ID="74556279" OBJECTID="175665668" OBJECTGUID="c600cd54-b696-4192-b939-c5eb05519e17" CHANGEID="691590313" NUMBER="9А/3" OPERTYPEID="10" PREVID="0" NEXTID="0" UPDATEDATE="2025-11-01" STARTDATE="2025-11-01" ENDDATE="2079-06-06" ISACTUAL="1" ISACTIVE="1" /><STEAD ID="74556281" OBJECTID="175665670" OBJECTGUID="aae01093-c9a3-4a07-a4b4-d4bbd3b2d87f" CHANGEID="691590315" NUMBER="63/1" OPERTYPEID="10" PREVID="0" NEXTID="0" UPDATEDATE="2025-11-01" STARTDATE="2025-11-01" ENDDATE="2079-06-06" ISACTUAL="1" ISACTIVE="1" /><STEAD ID="74556282" OBJECTID="175665671" OBJECTGUID="fd7b2451-3bef-4925-8b32-d60be9e26877" CHANGEID="691590317" NUMBER="57А" OPERTYPEID="10" PREVID="0" NEXTID="0" UPDATEDATE="2025-11-01" STARTDATE="2025-11-01" ENDDATE="2079-06-06" ISACTUAL="1" ISACTIVE="1" /><STEAD ID="74556284" OBJECTID="175665673" OBJECTGUID="669e190a-3ae4-4f33-a064-0e53eafaa3b3" CHANGEID="691590319" NUMBER="57/4" OPERTYPEID="10" PREVID="0" NEXTID="0" UPDATEDATE="2025-11-01" STARTDATE="2025-11-01" ENDDATE="2079-06-06" ISACTUAL="1" ISACTIVE="1" /><STEAD ID="74556285" OBJECTID="175665675" OBJECTGUID="2126d52f-58b4-4e4e-98cf-d7dd5c752bb9" CHANGEID="691590325" NUMBER="83/3" OPERTYPEID="10" PREVID="0" NEXTID="0" UPDATEDATE="2025-11-01" STARTDATE="2025-11-01" ENDDATE="2079-06-06" ISACTUAL="1" ISACTIVE="1" /><STEAD ID="11011987" OBJECTID="95757765" OBJECTGUID="29728b43-72c7-451b-9f01-c356aac3b58a" CHANGEID="139613157" NUMBER="61" OPERTYPEID="10" PREVID="0" NEXTID="74556257" UPDATEDATE="2025-11-01" STARTDATE="2020-02-26" ENDDATE="2025-11-01" ISACTUAL="0" ISACTIVE="0" /><STEAD ID="74556257" OBJECTID="95757765" OBJECTGUID="29728b43-72c7-451b-9f01-c356aac3b58a" CHANGEID="691590288" NUMBER="61/1" OPERTYPEID="20" PREVID="11011987" UPDATEDATE="2025-11-01" STARTDATE="2025-11-01" ENDDATE="2079-06-06" ISACTUAL="1" ISACTIVE="1" /><STEAD ID="74556258" OBJECTID="175665646" OBJECTGUID="1f9f934f-6822-470f-94c6-905cce7a293c" CHANGEID="691590290" NUMBER="95/1" OPERTYPEID="10" PREVID="0" NEXTID="0" UPDATEDATE="2025-11-01" STARTDATE="2025-11-01" ENDDATE="2079-06-06" ISACTUAL="1" ISACTIVE="1" /><STEAD ID="74556260" OBJECTID="175665648" OBJECTGUID="a7ade2a7-e8a9-4240-b3f3-e6e2cb630f64" CHANGEID="691590292" NUMBER="87" OPERTYPEID="10" PREVID="0" NEXTID="0" UPDATEDATE="2025-11-01" STARTDATE="2025-11-01" ENDDATE="2079-06-06" ISACTUAL="1" ISACTIVE="1" /><STEAD ID="74556262" OBJECTID="175665650" OBJECTGUID="71b47cc6-49fb-4503-b933-4a92967f0006" CHANGEID="691590294" NUMBER="95" OPERTYPEID="10" PREVID="0" NEXTID="0" UPDATEDATE="2025-11-01" STARTDATE="2025-11-01" ENDDATE="2079-06-06" ISACTUAL="1" ISACTIVE="1" /><STEAD ID="74556264" OBJECTID="175665652" OBJECTGUID="d4af9494-1209-414a-968d-89daf61ec3fa" CHANGEID="691590296" NUMBER="97А" OPERTYPEID="10" PREVID="0" NEXTID="0" UPDATEDATE="2025-11-01" STARTDATE="2025-11-01" ENDDATE="2079-06-06" ISACTUAL="1" ISACTIVE="1" /><STEAD ID="74556266" OBJECTID="175665654" OBJECTGUID="6d8bf182-a7d9-4a3d-8d14-2bc2fd0d497f" CHANGEID="691590298" NUMBER="83/2" OPERTYPEID="10" PREVID="0" NEXTID="0" UPDATEDATE="2025-11-01" STARTDATE="2025-11-01" ENDDATE="2079-06-06" ISACTUAL="1" ISACTIVE="1" /><STEAD ID="74556268" OBJECTID="175665656" OBJECTGUID="9636d635-700e-4b05-987f-5c0c165f3bf1" CHANGEID="691590300" NUMBER="85/2" OPERTYPEID="10" PREVID="0" NEXTID="0" UPDATEDATE="2025-11-01" STARTDATE="2025-11-01" ENDDATE="2079-06-06" ISACTUAL="1" ISACTIVE="1" /><STEAD ID="74556270" OBJECTID="175665658" OBJECTGUID="cf766969-1c74-461d-ad2d-d949a58fca90" CHANGEID="691590302" NUMBER="101/2" OPERTYPEID="10" PREVID="0" NEXTID="0" UPDATEDATE="2025-11-01" STARTDATE="2025-11-01" ENDDATE="2079-06-06" ISACTUAL="1" ISACTIVE="1" /><STEAD ID="74556272" OBJECTID="175665660" OBJECTGUID="deec85bd-bc21-4073-a13e-7e5fa27fe467" CHANGEID="691590304" NUMBER="79" OPERTYPEID="10" PREVID="0" NEXTID="0" UPDATEDATE="2025-11-01" STARTDATE="2025-11-01" ENDDATE="2079-06-06" ISACTUAL="1" ISACTIVE="1" /><STEAD ID="74556273" OBJECTID="175665662" OBJECTGUID="02a5331c-cef3-45c4-bde2-dd95753ff639" CHANGEID="691590306" NUMBER="16А" OPERTYPEID="10" PREVID="0" NEXTID="0" UPDATEDATE="2025-11-01" STARTDATE="2025-11-01" ENDDATE="2079-06-06" ISACTUAL="1" ISACTIVE="1" /><STEAD ID="74556274" OBJECTID="175665663" OBJECTGUID="cc578b23-479e-40b1-8724-edfd45455142" CHANGEID="691590308" NUMBER="8А" OPERTYPEID="10" PREVID="0" NEXTID="0" UPDATEDATE="2025-11-01" STARTDATE="2025-11-01" ENDDATE="2079-06-06" ISACTUAL="1" ISACTIVE="1" /><STEAD ID="74556276" OBJECTID="175665665" OBJECTGUID="000b2eb7-cecc-41ec-8aa3-3713f819cb99" CHANGEID="691590310" NUMBER="10А" OPERTYPEID="10" PREVID="0" NEXTID="0" UPDATEDATE="2025-11-01" STARTDATE="2025-11-01" ENDDATE="2079-06-06" ISACTUAL="1" ISACTIVE="1" /><STEAD ID="74556278" OBJECTID="175665667" OBJECTGUID="3271145f-2b9b-463c-bd21-a2561ea4bb3e" CHANGEID="691590312" NUMBER="9А/2" OPERTYPEID="10" PREVID="0" NEXTID="0" UPDATEDATE="2025-11-01" STARTDATE="2025-11-01" ENDDATE="2079-06-06" ISACTUAL="1" ISACTIVE="1" /><STEAD ID="74556280" OBJECTID="175665669" OBJECTGUID="02b35caf-9173-425d-84ad-57298f5e959d" CHANGEID="691590314" NUMBER="49/2" OPERTYPEID="10" PREVID="0" NEXTID="0" UPDATEDATE="2025-11-01" STARTDATE="2025-11-01" ENDDATE="2079-06-06" ISACTUAL="1" ISACTIVE="1" /><STEAD ID="74556283" OBJECTID="175665672" OBJECTGUID="13c1df51-3bc7-4246-82c3-d2e7c79bbfa1" CHANGEID="691590318" NUMBER="65А" OPERTYPEID="10" PREVID="0" NEXTID="0" UPDATEDATE="2025-11-01" STARTDATE="2025-11-01" ENDDATE="2079-06-06" ISACTUAL="1" ISACTIVE="1" /><STEAD ID="74556291" OBJECTID="175665691" OBJECTGUID="ee19a158-c8ff-4fb0-85eb-bac309f19fcc" CHANGEID="691590351" NUMBER="23/2" OPERTYPEID="10" PREVID="0" NEXTID="0" UPDATEDATE="2025-11-01" STARTDATE="2025-11-01" ENDDATE="2079-06-06" ISACTUAL="1" ISACTIVE="1" /><STEAD ID="74556296" OBJECTID="175665699" OBJECTGUID="3345c816-37bc-47d2-8026-b18d8b05f7ad" CHANGEID="691590363" NUMBER="1" OPERTYPEID="10" PREVID="0" NEXTID="0" UPDATEDATE="2025-11-01" STARTDATE="2025-11-01" ENDDATE="2079-06-06" ISACTUAL="1" ISACTIVE="1" /><STEAD ID="74556441" OBJECTID="175665874" OBJECTGUID="da859bc4-71a8-4d1b-a81e-bc7a5c83a921" CHANGEID="691590650" NUMBER="37" OPERTYPEID="10" PREVID="0" NEXTID="0" UPDATEDATE="2025-11-01" STARTDATE="2025-11-01" ENDDATE="2079-06-06" ISACTUAL="1" ISACTIVE="1" /><STEAD ID="74556466" OBJECTID="175665963" OBJECTGUID="d75f2955-12f7-4df5-9416-5d4546c61a74" CHANGEID="691590769" NUMBER="1/2" OPERTYPEID="10" PREVID="0" NEXTID="0" UPDATEDATE="2025-11-01" STARTDATE="2025-11-01" ENDDATE="2079-06-06" ISACTUAL="1" ISACTIVE="1" /><STEAD ID="74556571" OBJECTID="175666382" OBJECTGUID="4d45fbf1-3488-40d1-a59c-8aa860c2ebad" CHANGEID="691591312" NUMBER="1" OPERTYPEID="10" PREVID="0" NEXTID="0" UPDATEDATE="2025-11-01" STARTDATE="2025-11-01" ENDDATE="2079-06-06" ISACTUAL="1" ISACTIVE="1" /><STEAD ID="74556572" OBJECTID="175666389" OBJECTGUID="730bd284-cb9f-4a0b-a9aa-033baa35f4b4" CHANGEID="691591331" NUMBER="9" OPERTYPEID="10" PREVID="0" NEXTID="0" UPDATEDATE="2025-11-01" STARTDATE="2025-11-01" ENDDATE="2079-06-06" ISACTUAL="1" ISACTIVE="1" /><STEAD ID="74556831" OBJECTID="175667099" OBJECTGUID="1efe3bfd-e284-47cb-b601-e716092a6645" CHANGEID="691592547" NUMBER="331" OPERTYPEID="10" PREVID="0" NEXTID="0" UPDATEDATE="2025-11-01" STARTDATE="2025-11-01" ENDDATE="2079-06-06" ISACTUAL="1" ISACTIVE="1" /><STEAD ID="74556829" OBJECTID="175667097" OBJECTGUID="1995fed0-690b-48ce-8fe8-341deb6ea3ed" CHANGEID="691592543" NUMBER="32а" OPERTYPEID="10" PREVID="0" NEXTID="0" UPDATEDATE="2025-11-01" STARTDATE="2025-11-01" ENDDATE="2079-06-06" ISACTUAL="1" ISACTIVE="1" /><STEAD ID="74556838" OBJECTID="175667106" OBJECTGUID="26044bc4-d0e4-4e23-9c17-10526053c93b" CHANGEID="691592555" NUMBER="33" OPERTYPEID="10" PREVID="0" NEXTID="0" UPDATEDATE="2025-11-01" STARTDATE="2025-11-01" ENDDATE="2079-06-06" ISACTUAL="1" ISACTIVE="1" /><STEAD ID="74556839" OBJECTID="175667110" OBJECTGUID="d772b866-c247-4d76-90d6-2299a38454f0" CHANGEID="691592559" NUMBER="8" OPERTYPEID="10" PREVID="0" NEXTID="0" UPDATEDATE="2025-11-01" STARTDATE="2025-11-01" ENDDATE="2079-06-06" ISACTUAL="1" ISACTIVE="1" /><STEAD ID="74556840" OBJECTID="175667111" OBJECTGUID="b48da455-92e6-42d7-96f1-93681848da79" CHANGEID="691592560" NUMBER="60" OPERTYPEID="10" PREVID="0" NEXTID="0" UPDATEDATE="2025-11-01" STARTDATE="2025-11-01" ENDDATE="2079-06-06" ISACTUAL="1" ISACTIVE="1" /><STEAD ID="74556841" OBJECTID="175667112" OBJECTGUID="70f81225-46cb-4cd5-b88b-e58e00018ed8" CHANGEID="691592561" NUMBER="37" OPERTYPEID="10" PREVID="0" NEXTID="0" UPDATEDATE="2025-11-01" STARTDATE="2025-11-01" ENDDATE="2079-06-06" ISACTUAL="1" ISACTIVE="1" /><STEAD ID="74556844" OBJECTID="175667115" OBJECTGUID="35c33247-f25a-4f87-b36b-942801fcf99c" CHANGEID="691592565" NUMBER="5" OPERTYPEID="10" PREVID="0" NEXTID="0" UPDATEDATE="2025-11-01" STARTDATE="2025-11-01" ENDDATE="2079-06-06" ISACTUAL="1" ISACTIVE="1" /><STEAD ID="74556845" OBJECTID="175667116" OBJECTGUID="0ab3064a-fec0-409b-8835-eb53fff6e924" CHANGEID="691592566" NUMBER="33" OPERTYPEID="10" PREVID="0" NEXTID="0" UPDATEDATE="2025-11-01" STARTDATE="2025-11-01" ENDDATE="2079-06-06" ISACTUAL="1" ISACTIVE="1" /><STEAD ID="74556832" OBJECTID="175667100" OBJECTGUID="8ac8ba46-d9d3-4e14-9635-e889aecbbfa5" CHANGEID="691592548" NUMBER="157" OPERTYPEID="10" PREVID="0" NEXTID="0" UPDATEDATE="2025-11-01" STARTDATE="2025-11-01" ENDDATE="2079-06-06" ISACTUAL="1" ISACTIVE="1" /><STEAD ID="74556833" OBJECTID="175667101" OBJECTGUID="f7ffd5d2-fc30-419d-8a61-214d89452562" CHANGEID="691592549" NUMBER="372" OPERTYPEID="10" PREVID="0" NEXTID="0" UPDATEDATE="2025-11-01" STARTDATE="2025-11-01" ENDDATE="2079-06-06" ISACTUAL="1" ISACTIVE="1" /><STEAD ID="74556834" OBJECTID="175667102" OBJECTGUID="1d7a7159-844b-4462-9985-ba74394b2bfc" CHANGEID="691592551" NUMBER="22" OPERTYPEID="10" PREVID="0" NEXTID="0" UPDATEDATE="2025-11-01" STARTDATE="2025-11-01" ENDDATE="2079-06-06" ISACTUAL="1" ISACTIVE="1" /><STEAD ID="74556835" OBJECTID="175667103" OBJECTGUID="6bf3b7ee-fac0-4467-a50a-0273c2d782aa" CHANGEID="691592552" NUMBER="24" OPERTYPEID="10" PREVID="0" NEXTID="0" UPDATEDATE="2025-11-01" STARTDATE="2025-11-01" ENDDATE="2079-06-06" ISACTUAL="1" ISACTIVE="1" /><STEAD ID="74556836" OBJECTID="175667104" OBJECTGUID="5d14536b-9764-4cd5-a930-7605bb4ff118" CHANGEID="691592553" NUMBER="12" OPERTYPEID="10" PREVID="0" NEXTID="0" UPDATEDATE="2025-11-01" STARTDATE="2025-11-01" ENDDATE="2079-06-06" ISACTUAL="1" ISACTIVE="1" /><STEAD ID="74556837" OBJECTID="175667105" OBJECTGUID="b0de5c55-019a-425e-82dc-27acb93f1318" CHANGEID="691592554" NUMBER="11" OPERTYPEID="10" PREVID="0" NEXTID="0" UPDATEDATE="2025-11-01" STARTDATE="2025-11-01" ENDDATE="2079-06-06" ISACTUAL="1" ISACTIVE="1" /><STEAD ID="74556842" OBJECTID="175667113" OBJECTGUID="8cded0c9-6e9b-48c4-8f4e-8ba66da8b14c" CHANGEID="691592562" NUMBER="51" OPERTYPEID="10" PREVID="0" NEXTID="0" UPDATEDATE="2025-11-01" STARTDATE="2025-11-01" ENDDATE="2079-06-06" ISACTUAL="1" ISACTIVE="1" /><STEAD ID="74556851" OBJECTID="175667122" OBJECTGUID="9563b71c-5fd6-443a-aab9-6a492e3c3e4b" CHANGEID="691592572" NUMBER="1а" OPERTYPEID="10" PREVID="0" NEXTID="0" UPDATEDATE="2025-11-01" STARTDATE="2025-11-01" ENDDATE="2079-06-06" ISACTUAL="1" ISACTIVE="1" /><STEAD ID="74556853" OBJECTID="175667124" OBJECTGUID="8c9a40d2-e10b-466a-9240-72810954b97c" CHANGEID="691592574" NUMBER="315" OPERTYPEID="10" PREVID="0" NEXTID="0" UPDATEDATE="2025-11-01" STARTDATE="2025-11-01" ENDDATE="2079-06-06" ISACTUAL="1" ISACTIVE="1" /><STEAD ID="74556858" OBJECTID="175667129" OBJECTGUID="40ba9ba6-ece5-423d-8d26-81ee80c0cdf0" CHANGEID="691592580" NUMBER="11" OPERTYPEID="10" PREVID="0" NEXTID="0" UPDATEDATE="2025-11-01" STARTDATE="2025-11-01" ENDDATE="2079-06-06" ISACTUAL="1" ISACTIVE="1" /><STEAD ID="74556846" OBJECTID="175667117" OBJECTGUID="528967f2-7c06-4128-9ab4-d59f7a800f9c" CHANGEID="691592567" NUMBER="28" OPERTYPEID="10" PREVID="0" NEXTID="0" UPDATEDATE="2025-11-01" STARTDATE="2025-11-01" ENDDATE="2079-06-06" ISACTUAL="1" ISACTIVE="1" /><STEAD ID="74556847" OBJECTID="175667118" OBJECTGUID="30ab6ef4-872c-4f86-9f15-d6e334b781aa" CHANGEID="691592568" NUMBER="63" OPERTYPEID="10" PREVID="0" NEXTID="0" UPDATEDATE="2025-11-01" STARTDATE="2025-11-01" ENDDATE="2079-06-06" ISACTUAL="1" ISACTIVE="1" /><STEAD ID="74556848" OBJECTID="175667119" OBJECTGUID="fa4d54ba-a2ea-4b8d-81b2-dcb0789b7c9e" CHANGEID="691592569" NUMBER="66" OPERTYPEID="10" PREVID="0" NEXTID="0" UPDATEDATE="2025-11-01" STARTDATE="2025-11-01" ENDDATE="2079-06-06" ISACTUAL="1" ISACTIVE="1" /><STEAD ID="74556849" OBJECTID="175667120" OBJECTGUID="9c2526af-47a6-41a9-9659-f64852ad0eb0" CHANGEID="691592570" NUMBER="11" OPERTYPEID="10" PREVID="0" NEXTID="0" UPDATEDATE="2025-11-01" STARTDATE="2025-11-01" ENDDATE="2079-06-06" ISACTUAL="1" ISACTIVE="1" /><STEAD ID="74556850" OBJECTID="175667121" OBJECTGUID="c9bf05cb-c8b9-4285-bf34-cb476148c1ff" CHANGEID="691592571" NUMBER="8" OPERTYPEID="10" PREVID="0" NEXTID="0" UPDATEDATE="2025-11-01" STARTDATE="2025-11-01" ENDDATE="2079-06-06" ISACTUAL="1" ISACTIVE="1" /><STEAD ID="74556852" OBJECTID="175667123" OBJECTGUID="4c59bc67-1956-46d2-8a2d-91a119ecc8d4" CHANGEID="691592573" NUMBER="1а" OPERTYPEID="10" PREVID="0" NEXTID="0" UPDATEDATE="2025-11-01" STARTDATE="2025-11-01" ENDDATE="2079-06-06" ISACTUAL="1" ISACTIVE="1" /><STEAD ID="74556854" OBJECTID="175667125" OBJECTGUID="05925233-ed24-4faf-b008-9871abf4d7fe" CHANGEID="691592575" NUMBER="5" OPERTYPEID="10" PREVID="0" NEXTID="0" UPDATEDATE="2025-11-01" STARTDATE="2025-11-01" ENDDATE="2079-06-06" ISACTUAL="1" ISACTIVE="1" /><STEAD ID="74556855" OBJECTID="175667126" OBJECTGUID="9c5e87c3-b066-4fb0-b512-e60f303fcd8a" CHANGEID="691592577" NUMBER="1" OPERTYPEID="10" PREVID="0" NEXTID="0" UPDATEDATE="2025-11-01" STARTDATE="2025-11-01" ENDDATE="2079-06-06" ISACTUAL="1" ISACTIVE="1" /><STEAD ID="74556856" OBJECTID="175667127" OBJECTGUID="3b972873-151a-4768-8a4a-2033be2e2e7a" CHANGEID="691592578" NUMBER="14" OPERTYPEID="10" PREVID="0" NEXTID="0" UPDATEDATE="2025-11-01" STARTDATE="2025-11-01" ENDDATE="2079-06-06" ISACTUAL="1" ISACTIVE="1" /><STEAD ID="74556857" OBJECTID="175667128" OBJECTGUID="ca0434d6-f4b9-4d1e-8bd7-6e7091a0db8c" CHANGEID="691592579" NUMBER="13" OPERTYPEID="10" PREVID="0" NEXTID="0" UPDATEDATE="2025-11-01" STARTDATE="2025-11-01" ENDDATE="2079-06-06" ISACTUAL="1" ISACTIVE="1" /><STEAD ID="74556859" OBJECTID="175667139" OBJECTGUID="cd533a05-abf0-438d-9d84-5ec8f899abbb" CHANGEID="691592593" NUMBER="54" OPERTYPEID="10" PREVID="0" NEXTID="0" UPDATEDATE="2025-11-01" STARTDATE="2025-11-01" ENDDATE="2079-06-06" ISACTUAL="1" ISACTIVE="1" /><STEAD ID="74557127" OBJECTID="175667982" OBJECTGUID="e4538893-434d-435b-ae63-312eb92aa6d0" CHANGEID="691593771" NUMBER="10" OPERTYPEID="10" PREVID="0" NEXTID="0" UPDATEDATE="2025-11-01" STARTDATE="2025-11-01" ENDDATE="2079-06-06" ISACTUAL="1" ISACTIVE="1" /><STEAD ID="74557129" OBJECTID="175667986" OBJECTGUID="1188c8fb-5be2-48cf-a5d6-5d8619b2951e" CHANGEID="691593777" NUMBER="1160а" OPERTYPEID="10" PREVID="0" NEXTID="0" UPDATEDATE="2025-11-01" STARTDATE="2025-11-01" ENDDATE="2079-06-06" ISACTUAL="1" ISACTIVE="1" /><STEAD ID="74557131" OBJECTID="175667989" OBJECTGUID="207ee211-48d6-410b-aab3-37ad02f83251" CHANGEID="691593794" NUMBER="4" OPERTYPEID="10" PREVID="0" NEXTID="0" UPDATEDATE="2025-11-01" STARTDATE="2025-11-01" ENDDATE="2079-06-06" ISACTUAL="1" ISACTIVE="1" /><STEAD ID="74557132" OBJECTID="175667990" OBJECTGUID="270f82c4-c1a5-4060-bf89-4b1cea1ef4d7" CHANGEID="691593796" NUMBER="74" OPERTYPEID="10" PREVID="0" NEXTID="0" UPDATEDATE="2025-11-01" STARTDATE="2025-11-01" ENDDATE="2079-06-06" ISACTUAL="1" ISACTIVE="1" /><STEAD ID="74557133" OBJECTID="175667992" OBJECTGUID="370a8a51-ca22-4fef-86e3-265365b8f6e8" CHANGEID="691593798" NUMBER="14/3" OPERTYPEID="10" PREVID="0" NEXTID="0" UPDATEDATE="2025-11-01" STARTDATE="2025-11-01" ENDDATE="2079-06-06" ISACTUAL="1" ISACTIVE="1" /><STEAD ID="74557135" OBJECTID="173889859" OBJECTGUID="4933784c-f9c9-40fd-b83b-c5d932887f74" CHANGEID="691593810" NUMBER="148" OPERTYPEID="20" PREVID="73628100" UPDATEDATE="2025-11-01" STARTDATE="2025-11-01" ENDDATE="2079-06-06" ISACTUAL="1" ISACTIVE="1" /><STEAD ID="74557158" OBJECTID="175668143" OBJECTGUID="7b206065-3612-4ff5-9e15-1b17c077d9dd" CHANGEID="691593981" NUMBER="25а" OPERTYPEID="10" PREVID="0" NEXTID="0" UPDATEDATE="2025-11-01" STARTDATE="2025-11-01" ENDDATE="2079-06-06" ISACTUAL="1" ISACTIVE="1" /><STEAD ID="74557123" OBJECTID="175667951" OBJECTGUID="4d65189b-69e3-4d89-879f-561c81048c59" CHANGEID="691593725" NUMBER="31А" OPERTYPEID="10" PREVID="0" NEXTID="0" UPDATEDATE="2025-11-01" STARTDATE="2025-11-01" ENDDATE="2079-06-06" ISACTUAL="1" ISACTIVE="1" /><STEAD ID="74557130" OBJECTID="175667987" OBJECTGUID="94648226-332a-41b3-924c-97590c57eff4" CHANGEID="691593778" NUMBER="13в" OPERTYPEID="10" PREVID="0" NEXTID="0" UPDATEDATE="2025-11-01" STARTDATE="2025-11-01" ENDDATE="2079-06-06" ISACTUAL="1" ISACTIVE="1" /><STEAD ID="74557143" OBJECTID="175668007" OBJECTGUID="c53f080e-177d-41c8-8d8c-c5747791496e" CHANGEID="691593829" NUMBER="1а" OPERTYPEID="10" PREVID="0" NEXTID="0" UPDATEDATE="2025-11-01" STARTDATE="2025-11-01" ENDDATE="2079-06-06" ISACTUAL="1" ISACTIVE="1" /><STEAD ID="3237219" OBJECTID="87778105" OBJECTGUID="27ba18a8-53cb-44c8-86cb-bcdce194d670" CHANGEID="129941419" NUMBER="2а" OPERTYPEID="10" NEXTID="74557180" UPDATEDATE="2025-11-01" STARTDATE="2016-05-04" ENDDATE="2025-11-01" ISACTUAL="0" ISACTIVE="0" /><STEAD ID="74557180" OBJECTID="87778105" OBJECTGUID="27ba18a8-53cb-44c8-86cb-bcdce194d670" CHANGEID="691594044" NUMBER="2" OPERTYPEID="20" PREVID="3237219" UPDATEDATE="2025-11-01" STARTDATE="2025-11-01" ENDDATE="2079-06-06" ISACTUAL="1" ISACTIVE="1" /><STEAD ID="73628100" OBJECTID="173889859" OBJECTGUID="4933784c-f9c9-40fd-b83b-c5d932887f74" CHANGEID="656754776" NUMBER="149" OPERTYPEID="10" PREVID="0" NEXTID="74557135" UPDATEDATE="2025-11-01" STARTDATE="2025-08-07" ENDDATE="2025-11-01" ISACTUAL="0" ISACTIVE="0" /></STEADS>