﻿<?xml version="1.0" encoding="utf-8"?><HOUSES><HOUSE ID="57250253" OBJECTID="43523648" OBJECTGUID="52dc42b0-176d-4b82-a15c-edbe2a05c8b5" CHANGEID="65688378" HOUSENUM="27" HOUSETYPE="2" OPERTYPEID="20" PREVID="26013301" NEXTID="129412361" UPDATEDATE="2025-10-30" STARTDATE="2019-07-30" ENDDATE="2025-10-30" ISACTUAL="0" ISACTIVE="0" /><HOUSE ID="61004788" OBJECTID="48605497" OBJECTGUID="87d85363-e613-47bb-9da8-4baeeabc5fc9" CHANGEID="73041389" HOUSENUM="2" HOUSETYPE="2" OPERTYPEID="20" PREVID="29061673" NEXTID="129437148" UPDATEDATE="2025-11-01" STARTDATE="2013-01-28" ENDDATE="2025-11-01" ISACTUAL="0" ISACTIVE="0" /><HOUSE ID="11891288" OBJECTID="20376744" OBJECTGUID="d1866994-3d92-4685-98b1-a863ec060ebc" CHANGEID="31901347" HOUSENUM="28" HOUSETYPE="3" OPERTYPEID="20" PREVID="11891175" NEXTID="129416113" UPDATEDATE="2025-10-30" STARTDATE="2016-01-25" ENDDATE="2025-10-30" ISACTUAL="0" ISACTIVE="0" /><HOUSE ID="11897443" OBJECTID="20385019" OBJECTGUID="a80ced31-6f1d-4ee5-a8c1-b2446fb7b45f" CHANGEID="31914282" HOUSENUM="27" HOUSETYPE="3" OPERTYPEID="20" PREVID="11897156" NEXTID="129416110" UPDATEDATE="2025-10-30" STARTDATE="2016-01-25" ENDDATE="2025-10-30" ISACTUAL="0" ISACTIVE="0" /><HOUSE ID="32588230" OBJECTID="54538488" OBJECTGUID="337b0e5c-10ca-41c6-8a79-6694961e61b8" CHANGEID="81611078" HOUSENUM="13" HOUSETYPE="2" OPERTYPEID="10" PREVID="0" NEXTID="129430604" UPDATEDATE="2025-10-31" STARTDATE="1998-01-22" ENDDATE="2025-10-31" ISACTUAL="0" ISACTIVE="0" /><HOUSE ID="32591652" OBJECTID="54544356" OBJECTGUID="1f08c2f2-d138-43a0-8448-e346113d57c6" CHANGEID="81619484" HOUSENUM="12" HOUSETYPE="2" OPERTYPEID="10" PREVID="0" NEXTID="129430659" UPDATEDATE="2025-10-31" STARTDATE="1998-01-22" ENDDATE="2025-10-31" ISACTUAL="0" ISACTIVE="0" /><HOUSE ID="128950521" OBJECTID="174265618" OBJECTGUID="7ec4f58f-f709-4f26-a7e1-9da3c65ebb4c" CHANGEID="688190020" HOUSENUM="21/2" HOUSETYPE="2" OPERTYPEID="54" PREVID="111559805" NEXTID="129429465" UPDATEDATE="2025-10-31" STARTDATE="2025-08-27" ENDDATE="2025-10-31" ISACTUAL="0" ISACTIVE="0" /><HOUSE ID="128950520" OBJECTID="174265617" OBJECTGUID="fb0b873c-3ed1-4c12-aa48-680ceb0544c5" CHANGEID="688190018" HOUSENUM="21/1" HOUSETYPE="2" OPERTYPEID="54" PREVID="111559804" NEXTID="129429463" UPDATEDATE="2025-10-31" STARTDATE="2025-08-27" ENDDATE="2025-10-31" ISACTUAL="0" ISACTIVE="0" /><HOUSE ID="129145658" OBJECTID="174847028" OBJECTGUID="7aaa39e4-1b71-47d2-9db9-c5b0c2a6fe72" CHANGEID="689494104" HOUSENUM="13" HOUSETYPE="8" OPERTYPEID="10" PREVID="0" NEXTID="129428384" UPDATEDATE="2025-10-31" STARTDATE="2025-09-24" ENDDATE="2025-10-31" ISACTUAL="0" ISACTIVE="0" /><HOUSE ID="129145742" OBJECTID="174847242" OBJECTGUID="4bf051e1-ae78-469a-bc70-0f3b60f8f69f" CHANGEID="689494521" HOUSENUM="17" HOUSETYPE="8" OPERTYPEID="10" PREVID="0" NEXTID="129428385" UPDATEDATE="2025-10-31" STARTDATE="2025-09-24" ENDDATE="2025-10-31" ISACTUAL="0" ISACTIVE="0" /><HOUSE ID="129146064" OBJECTID="174848265" OBJECTGUID="f7713855-57d8-4f33-92da-83f8207dc40d" CHANGEID="689496201" HOUSENUM="19" HOUSETYPE="8" OPERTYPEID="10" PREVID="0" NEXTID="129428386" UPDATEDATE="2025-10-31" STARTDATE="2025-09-24" ENDDATE="2025-10-31" ISACTUAL="0" ISACTIVE="0" /><HOUSE ID="129146075" OBJECTID="174848292" OBJECTGUID="22b1781b-0976-486a-80f4-de8c9f8554b9" CHANGEID="689496241" HOUSENUM="20" HOUSETYPE="8" OPERTYPEID="10" PREVID="0" NEXTID="129428387" UPDATEDATE="2025-10-31" STARTDATE="2025-09-24" ENDDATE="2025-10-31" ISACTUAL="0" ISACTIVE="0" /><HOUSE ID="129146093" OBJECTID="174848352" OBJECTGUID="d5a3f2ca-a252-4031-9883-c98994681324" CHANGEID="689496338" HOUSENUM="21" HOUSETYPE="8" OPERTYPEID="10" PREVID="0" NEXTID="129428388" UPDATEDATE="2025-10-31" STARTDATE="2025-09-24" ENDDATE="2025-10-31" ISACTUAL="0" ISACTIVE="0" /><HOUSE ID="129146103" OBJECTID="174848367" OBJECTGUID="2d55499f-ef77-40fb-9de1-15e1a1b0157e" CHANGEID="689496368" HOUSENUM="22" HOUSETYPE="8" OPERTYPEID="10" PREVID="0" NEXTID="129428389" UPDATEDATE="2025-10-31" STARTDATE="2025-09-24" ENDDATE="2025-10-31" ISACTUAL="0" ISACTIVE="0" /><HOUSE ID="129146116" OBJECTID="174848395" OBJECTGUID="1ab61c9e-04f4-441e-8f4a-00b8cd1c114e" CHANGEID="689496422" HOUSENUM="23" HOUSETYPE="8" OPERTYPEID="10" PREVID="0" NEXTID="129428390" UPDATEDATE="2025-10-31" STARTDATE="2025-09-24" ENDDATE="2025-10-31" ISACTUAL="0" ISACTIVE="0" /><HOUSE ID="129146124" OBJECTID="174848412" OBJECTGUID="28bb4e09-c312-4db0-b452-fe5692755bf4" CHANGEID="689496450" HOUSENUM="24" HOUSETYPE="8" OPERTYPEID="10" PREVID="0" NEXTID="129428391" UPDATEDATE="2025-10-31" STARTDATE="2025-09-24" ENDDATE="2025-10-31" ISACTUAL="0" ISACTIVE="0" /><HOUSE ID="129146138" OBJECTID="174848555" OBJECTGUID="0e2a5b8f-1087-4f5c-a2a1-f7cb0554145d" CHANGEID="689496628" HOUSENUM="26" HOUSETYPE="8" OPERTYPEID="10" PREVID="0" NEXTID="129428393" UPDATEDATE="2025-10-31" STARTDATE="2025-09-24" ENDDATE="2025-10-31" ISACTUAL="0" ISACTIVE="0" /><HOUSE ID="129146176" OBJECTID="174848781" OBJECTGUID="cfc46d4b-7f57-4fa4-8e12-cedf03a767c8" CHANGEID="689496991" HOUSENUM="29" HOUSETYPE="8" OPERTYPEID="10" PREVID="0" NEXTID="129428394" UPDATEDATE="2025-10-31" STARTDATE="2025-09-24" ENDDATE="2025-10-31" ISACTUAL="0" ISACTIVE="0" /><HOUSE ID="129146192" OBJECTID="174848925" OBJECTGUID="ae3d0f16-cba9-472f-985a-dc1271102c80" CHANGEID="689497234" HOUSENUM="31" HOUSETYPE="8" OPERTYPEID="10" PREVID="0" NEXTID="129428396" UPDATEDATE="2025-10-31" STARTDATE="2025-09-24" ENDDATE="2025-10-31" ISACTUAL="0" ISACTIVE="0" /><HOUSE ID="129146301" OBJECTID="174849063" OBJECTGUID="5a3101d1-55c1-470e-aba6-b38515343e68" CHANGEID="689497574" HOUSENUM="36" HOUSETYPE="8" OPERTYPEID="10" PREVID="0" NEXTID="129428399" UPDATEDATE="2025-10-31" STARTDATE="2025-09-24" ENDDATE="2025-10-31" ISACTUAL="0" ISACTIVE="0" /><HOUSE ID="129146303" OBJECTID="174849074" OBJECTGUID="12ed8f70-a5a6-41f5-947e-324f3d8c4bae" CHANGEID="689497597" HOUSENUM="37" HOUSETYPE="8" OPERTYPEID="10" PREVID="0" NEXTID="129428400" UPDATEDATE="2025-10-31" STARTDATE="2025-09-24" ENDDATE="2025-10-31" ISACTUAL="0" ISACTIVE="0" /><HOUSE ID="129146373" OBJECTID="174849259" OBJECTGUID="89c1731b-90c2-455c-886b-db6c3422d7e0" CHANGEID="689497997" HOUSENUM="40" HOUSETYPE="8" OPERTYPEID="10" PREVID="0" NEXTID="129428401" UPDATEDATE="2025-10-31" STARTDATE="2025-09-24" ENDDATE="2025-10-31" ISACTUAL="0" ISACTIVE="0" /><HOUSE ID="129147622" OBJECTID="174854205" OBJECTGUID="fbeaa7f0-9614-45ff-869f-ff7012e919a4" CHANGEID="689505984" HOUSENUM="22" HOUSETYPE="5" OPERTYPEID="10" PREVID="0" NEXTID="129428403" UPDATEDATE="2025-10-31" STARTDATE="2025-09-25" ENDDATE="2025-10-31" ISACTUAL="0" ISACTIVE="0" /><HOUSE ID="129147621" OBJECTID="174854204" OBJECTGUID="9bb0e9d2-6403-4616-b999-cf4e0461478b" CHANGEID="689505983" HOUSENUM="21" HOUSETYPE="5" OPERTYPEID="10" PREVID="0" NEXTID="129428402" UPDATEDATE="2025-10-31" STARTDATE="2025-09-25" ENDDATE="2025-10-31" ISACTUAL="0" ISACTIVE="0" /><HOUSE ID="129147748" OBJECTID="174854579" OBJECTGUID="551075ca-b7fa-491a-acb8-577b7046a63a" CHANGEID="689506675" HOUSENUM="43" HOUSETYPE="8" OPERTYPEID="10" PREVID="0" NEXTID="129428404" UPDATEDATE="2025-10-31" STARTDATE="2025-09-25" ENDDATE="2025-10-31" ISACTUAL="0" ISACTIVE="0" /><HOUSE ID="129281446" OBJECTID="175243346" OBJECTGUID="25959202-1ec9-4da0-bf56-ab45c70b16de" CHANGEID="690657686" HOUSENUM="28/1" HOUSETYPE="4" OPERTYPEID="10" PREVID="0" NEXTID="129421166" UPDATEDATE="2025-10-30" STARTDATE="2025-10-14" ENDDATE="2025-10-30" ISACTUAL="0" ISACTIVE="0" /><HOUSE ID="129412202" OBJECTID="175586955" OBJECTGUID="aea29e0b-27ac-43d5-8221-5d91130fd3bc" CHANGEID="691444446" HOUSENUM="18А" HOUSETYPE="2" OPERTYPEID="10" PREVID="0" NEXTID="0" UPDATEDATE="2025-10-30" STARTDATE="2025-10-30" ENDDATE="2079-06-06" ISACTUAL="1" ISACTIVE="1" /><HOUSE ID="129412203" OBJECTID="175586956" OBJECTGUID="5bd26066-d43c-412d-bbb6-7ceb67763bb9" CHANGEID="691444447" HOUSENUM="31" HOUSETYPE="2" OPERTYPEID="10" PREVID="0" NEXTID="0" UPDATEDATE="2025-10-30" STARTDATE="2025-10-30" ENDDATE="2079-06-06" ISACTUAL="1" ISACTIVE="1" /><HOUSE ID="129412204" OBJECTID="175586957" OBJECTGUID="54df309d-b349-4fa7-b5eb-25f1ef1f9b62" CHANGEID="691444448" HOUSENUM="18Б" ADDNUM1="1" HOUSETYPE="2" ADDTYPE1="1" OPERTYPEID="10" PREVID="0" NEXTID="0" UPDATEDATE="2025-10-30" STARTDATE="2025-10-30" ENDDATE="2079-06-06" ISACTUAL="1" ISACTIVE="1" /><HOUSE ID="129412205" OBJECTID="175586958" OBJECTGUID="de625ccb-8aac-4af5-abe2-9ceaf88ffab8" CHANGEID="691444449" HOUSENUM="18Б" ADDNUM1="3" ADDNUM2="5" HOUSETYPE="2" ADDTYPE1="1" ADDTYPE2="2" OPERTYPEID="10" PREVID="0" NEXTID="0" UPDATEDATE="2025-10-30" STARTDATE="2025-10-30" ENDDATE="2079-06-06" ISACTUAL="1" ISACTIVE="1" /><HOUSE ID="129412206" OBJECTID="175586959" OBJECTGUID="333db49b-5f0a-46ba-97bb-66c68d45be97" CHANGEID="691444450" HOUSENUM="18Б" ADDNUM1="3" ADDNUM2="3" HOUSETYPE="2" ADDTYPE1="1" ADDTYPE2="2" OPERTYPEID="10" PREVID="0" NEXTID="0" UPDATEDATE="2025-10-30" STARTDATE="2025-10-30" ENDDATE="2079-06-06" ISACTUAL="1" ISACTIVE="1" /><HOUSE ID="129412207" OBJECTID="175586960" OBJECTGUID="7f8a71ca-3fcd-46a3-a976-e5da6b0c7f33" CHANGEID="691444451" HOUSENUM="22Б" ADDNUM1="2" HOUSETYPE="2" ADDTYPE1="1" OPERTYPEID="10" PREVID="0" NEXTID="0" UPDATEDATE="2025-10-30" STARTDATE="2025-10-30" ENDDATE="2079-06-06" ISACTUAL="1" ISACTIVE="1" /><HOUSE ID="129412208" OBJECTID="175586961" OBJECTGUID="a56588e9-dd32-40b0-9c4f-69f24ba9a72c" CHANGEID="691444452" HOUSENUM="18Б" ADDNUM1="2" HOUSETYPE="2" ADDTYPE1="1" OPERTYPEID="10" PREVID="0" NEXTID="0" UPDATEDATE="2025-10-30" STARTDATE="2025-10-30" ENDDATE="2079-06-06" ISACTUAL="1" ISACTIVE="1" /><HOUSE ID="129412209" OBJECTID="175586962" OBJECTGUID="0ce20eed-89ba-4aef-83a0-1567c6868fdc" CHANGEID="691444453" HOUSENUM="22Б" ADDNUM1="1" HOUSETYPE="2" ADDTYPE1="1" OPERTYPEID="10" PREVID="0" NEXTID="0" UPDATEDATE="2025-10-30" STARTDATE="2025-10-30" ENDDATE="2079-06-06" ISACTUAL="1" ISACTIVE="1" /><HOUSE ID="129412357" OBJECTID="175587542" OBJECTGUID="86fae12d-33db-4fe8-aaeb-55c1edc175ab" CHANGEID="691445379" HOUSENUM="3" ADDNUM1="6" HOUSETYPE="2" ADDTYPE1="1" OPERTYPEID="10" PREVID="0" NEXTID="0" UPDATEDATE="2025-10-30" STARTDATE="2025-10-30" ENDDATE="2079-06-06" ISACTUAL="1" ISACTIVE="1" /><HOUSE ID="129412358" OBJECTID="175587543" OBJECTGUID="89e63897-7d67-4be8-bdc9-1ea3c08e152c" CHANGEID="691445380" HOUSENUM="1" ADDNUM1="3" HOUSETYPE="2" ADDTYPE1="1" OPERTYPEID="10" PREVID="0" NEXTID="0" UPDATEDATE="2025-10-30" STARTDATE="2025-10-30" ENDDATE="2079-06-06" ISACTUAL="1" ISACTIVE="1" /><HOUSE ID="129412359" OBJECTID="175587544" OBJECTGUID="7a3dfdd9-04d0-4dc7-8a36-0e98f975d77b" CHANGEID="691445381" HOUSENUM="1" ADDNUM1="6" ADDNUM2="1" HOUSETYPE="2" ADDTYPE1="1" ADDTYPE2="2" OPERTYPEID="10" PREVID="0" NEXTID="0" UPDATEDATE="2025-10-30" STARTDATE="2025-10-30" ENDDATE="2079-06-06" ISACTUAL="1" ISACTIVE="1" /><HOUSE ID="129412360" OBJECTID="175587545" OBJECTGUID="da7f272b-efae-4dd2-a445-fc155fa0a173" CHANGEID="691445382" HOUSENUM="1А" ADDNUM1="2" HOUSETYPE="2" ADDTYPE1="1" OPERTYPEID="10" PREVID="0" NEXTID="0" UPDATEDATE="2025-10-30" STARTDATE="2025-10-30" ENDDATE="2079-06-06" ISACTUAL="1" ISACTIVE="1" /><HOUSE ID="129412361" OBJECTID="43523648" OBJECTGUID="52dc42b0-176d-4b82-a15c-edbe2a05c8b5" CHANGEID="691445395" HOUSENUM="27" HOUSETYPE="2" OPERTYPEID="30" PREVID="57250253" NEXTID="0" UPDATEDATE="2025-10-30" STARTDATE="2025-10-30" ENDDATE="2079-06-06" ISACTUAL="1" ISACTIVE="0" /><HOUSE ID="129412362" OBJECTID="175587557" OBJECTGUID="27b9921d-bf47-4dd3-aeef-7032ff6dd349" CHANGEID="691445398" HOUSENUM="1" ADDNUM1="3А" ADDNUM2="9" HOUSETYPE="2" ADDTYPE1="1" ADDTYPE2="2" OPERTYPEID="10" PREVID="0" NEXTID="0" UPDATEDATE="2025-10-30" STARTDATE="2025-10-30" ENDDATE="2079-06-06" ISACTUAL="1" ISACTIVE="1" /><HOUSE ID="129412363" OBJECTID="175587558" OBJECTGUID="835d6e34-b2da-4383-9e19-5cc169dc0fae" CHANGEID="691445399" HOUSENUM="1" ADDNUM1="3А" ADDNUM2="18" HOUSETYPE="2" ADDTYPE1="1" ADDTYPE2="2" OPERTYPEID="10" PREVID="0" NEXTID="0" UPDATEDATE="2025-10-30" STARTDATE="2025-10-30" ENDDATE="2079-06-06" ISACTUAL="1" ISACTIVE="1" /><HOUSE ID="129412364" OBJECTID="175587559" OBJECTGUID="5591bf1f-a716-48ad-91a9-97340a38b3e5" CHANGEID="691445400" HOUSENUM="1" ADDNUM1="3А" ADDNUM2="20" HOUSETYPE="2" ADDTYPE1="1" ADDTYPE2="2" OPERTYPEID="10" PREVID="0" NEXTID="0" UPDATEDATE="2025-10-30" STARTDATE="2025-10-30" ENDDATE="2079-06-06" ISACTUAL="1" ISACTIVE="1" /><HOUSE ID="129412365" OBJECTID="175587560" OBJECTGUID="754d7315-1d73-4b52-a6fa-57cf8ba78a28" CHANGEID="691445401" HOUSENUM="1" ADDNUM1="3А" ADDNUM2="29" HOUSETYPE="2" ADDTYPE1="1" ADDTYPE2="2" OPERTYPEID="10" PREVID="0" NEXTID="0" UPDATEDATE="2025-10-30" STARTDATE="2025-10-30" ENDDATE="2079-06-06" ISACTUAL="1" ISACTIVE="1" /><HOUSE ID="129412366" OBJECTID="175587561" OBJECTGUID="19d439a6-5e37-4810-8379-7be4dbac3163" CHANGEID="691445402" HOUSENUM="1" ADDNUM1="3А" ADDNUM2="30" HOUSETYPE="2" ADDTYPE1="1" ADDTYPE2="2" OPERTYPEID="10" PREVID="0" NEXTID="0" UPDATEDATE="2025-10-30" STARTDATE="2025-10-30" ENDDATE="2079-06-06" ISACTUAL="1" ISACTIVE="1" /><HOUSE ID="129412367" OBJECTID="175587562" OBJECTGUID="f0b254c6-4abb-42aa-9e26-5086e859253f" CHANGEID="691445403" HOUSENUM="1" ADDNUM1="3А" ADDNUM2="33" HOUSETYPE="2" ADDTYPE1="1" ADDTYPE2="2" OPERTYPEID="10" PREVID="0" NEXTID="0" UPDATEDATE="2025-10-30" STARTDATE="2025-10-30" ENDDATE="2079-06-06" ISACTUAL="1" ISACTIVE="1" /><HOUSE ID="129412368" OBJECTID="175587563" OBJECTGUID="f378d4b6-923c-44aa-9e6a-961c03c33936" CHANGEID="691445404" HOUSENUM="1" ADDNUM1="3А" ADDNUM2="48" HOUSETYPE="2" ADDTYPE1="1" ADDTYPE2="2" OPERTYPEID="10" PREVID="0" NEXTID="0" UPDATEDATE="2025-10-30" STARTDATE="2025-10-30" ENDDATE="2079-06-06" ISACTUAL="1" ISACTIVE="1" /><HOUSE ID="129412369" OBJECTID="175587564" OBJECTGUID="47dff487-e7d7-4978-8502-ec4a7505823d" CHANGEID="691445405" HOUSENUM="1" ADDNUM1="3А" ADDNUM2="49" HOUSETYPE="2" ADDTYPE1="1" ADDTYPE2="2" OPERTYPEID="10" PREVID="0" NEXTID="0" UPDATEDATE="2025-10-30" STARTDATE="2025-10-30" ENDDATE="2079-06-06" ISACTUAL="1" ISACTIVE="1" /><HOUSE ID="129412370" OBJECTID="175587565" OBJECTGUID="6ddbe7b3-ed5b-4b38-95c9-5b60627095ab" CHANGEID="691445406" HOUSENUM="1" ADDNUM1="3А" ADDNUM2="51" HOUSETYPE="2" ADDTYPE1="1" ADDTYPE2="2" OPERTYPEID="10" PREVID="0" NEXTID="0" UPDATEDATE="2025-10-30" STARTDATE="2025-10-30" ENDDATE="2079-06-06" ISACTUAL="1" ISACTIVE="1" /><HOUSE ID="129412373" OBJECTID="175587568" OBJECTGUID="2dfcd14c-cbbe-4d21-b24c-6660003bcdd6" CHANGEID="691445411" HOUSENUM="35" HOUSETYPE="2" OPERTYPEID="10" PREVID="0" NEXTID="0" UPDATEDATE="2025-10-30" STARTDATE="2025-10-30" ENDDATE="2079-06-06" ISACTUAL="1" ISACTIVE="1" /><HOUSE ID="129412375" OBJECTID="175587570" OBJECTGUID="42e6bd78-15b1-4213-8dc5-e2c82f4c154a" CHANGEID="691445413" HOUSENUM="75" HOUSETYPE="2" OPERTYPEID="10" PREVID="0" NEXTID="0" UPDATEDATE="2025-10-30" STARTDATE="2025-10-30" ENDDATE="2079-06-06" ISACTUAL="1" ISACTIVE="1" /><HOUSE ID="129412371" OBJECTID="175587566" OBJECTGUID="f5434158-fcb1-45d3-8cf0-9a0f0a92ae26" CHANGEID="691445407" HOUSENUM="1" ADDNUM1="13" HOUSETYPE="2" ADDTYPE1="3" OPERTYPEID="10" PREVID="0" NEXTID="0" UPDATEDATE="2025-10-30" STARTDATE="2025-10-30" ENDDATE="2079-06-06" ISACTUAL="1" ISACTIVE="1" /><HOUSE ID="129412372" OBJECTID="175587567" OBJECTGUID="63f8230a-6ef0-4f4f-86fa-25c011fe2e4c" CHANGEID="691445410" HOUSENUM="16" HOUSETYPE="2" OPERTYPEID="10" PREVID="0" NEXTID="0" UPDATEDATE="2025-10-30" STARTDATE="2025-10-30" ENDDATE="2079-06-06" ISACTUAL="1" ISACTIVE="1" /><HOUSE ID="129412374" OBJECTID="175587569" OBJECTGUID="e9ee24a8-5e5b-443c-ba83-f7a365c1b37c" CHANGEID="691445412" HOUSENUM="73" HOUSETYPE="2" OPERTYPEID="10" PREVID="0" NEXTID="0" UPDATEDATE="2025-10-30" STARTDATE="2025-10-30" ENDDATE="2079-06-06" ISACTUAL="1" ISACTIVE="1" /><HOUSE ID="129413442" OBJECTID="39076626" OBJECTGUID="f269d7d6-fda0-4013-92cc-c187e144e283" CHANGEID="691451694" HOUSENUM="17" HOUSETYPE="2" OPERTYPEID="30" PREVID="68552065" NEXTID="0" UPDATEDATE="2025-10-30" STARTDATE="2025-10-30" ENDDATE="2079-06-06" ISACTUAL="1" ISACTIVE="0" /><HOUSE ID="68552065" OBJECTID="39076626" OBJECTGUID="f269d7d6-fda0-4013-92cc-c187e144e283" CHANGEID="59224816" HOUSENUM="17" HOUSETYPE="2" OPERTYPEID="20" PREVID="23365505" NEXTID="129413442" UPDATEDATE="2025-10-30" STARTDATE="2015-12-15" ENDDATE="2025-10-30" ISACTUAL="0" ISACTIVE="0" /><HOUSE ID="129413440" OBJECTID="70588868" OBJECTGUID="f11dbe56-1e8d-4852-b0ee-f64e75b2dd6c" CHANGEID="691451691" HOUSENUM="8" HOUSETYPE="2" OPERTYPEID="30" PREVID="68461038" NEXTID="0" UPDATEDATE="2025-10-30" STARTDATE="2025-10-30" ENDDATE="2079-06-06" ISACTUAL="1" ISACTIVE="0" /><HOUSE ID="68461038" OBJECTID="70588868" OBJECTGUID="f11dbe56-1e8d-4852-b0ee-f64e75b2dd6c" CHANGEID="105179666" HOUSENUM="8" HOUSETYPE="2" OPERTYPEID="20" PREVID="42587790" NEXTID="129413440" UPDATEDATE="2025-10-30" STARTDATE="2015-12-15" ENDDATE="2025-10-30" ISACTUAL="0" ISACTIVE="0" /><HOUSE ID="129413516" OBJECTID="175590695" OBJECTGUID="a502e48c-7190-4c99-9ae0-3f16ed9bb763" CHANGEID="691452001" HOUSENUM="16" HOUSETYPE="2" OPERTYPEID="10" PREVID="0" NEXTID="0" UPDATEDATE="2025-10-30" STARTDATE="2025-10-30" ENDDATE="2079-06-06" ISACTUAL="1" ISACTIVE="1" /><HOUSE ID="129415367" OBJECTID="175594946" OBJECTGUID="9ae5de29-f227-48d6-bc10-a9b2cecb7e1d" CHANGEID="691458715" HOUSENUM="204" HOUSETYPE="2" OPERTYPEID="10" PREVID="0" NEXTID="0" UPDATEDATE="2025-10-30" STARTDATE="2025-10-30" ENDDATE="2079-06-06" ISACTUAL="1" ISACTIVE="1" /><HOUSE ID="129415497" OBJECTID="175595312" OBJECTGUID="3e476c90-ff26-4c0f-9161-f6b08515fc67" CHANGEID="691459198" HOUSENUM="18" ADDNUM1="15" HOUSETYPE="2" ADDTYPE1="2" OPERTYPEID="10" PREVID="0" NEXTID="0" UPDATEDATE="2025-10-30" STARTDATE="2025-10-30" ENDDATE="2079-06-06" ISACTUAL="1" ISACTIVE="1" /><HOUSE ID="129415498" OBJECTID="175595313" OBJECTGUID="b34d42dd-a573-4fba-898a-ab5f712ed50e" CHANGEID="691459199" HOUSENUM="18" ADDNUM1="14" HOUSETYPE="2" ADDTYPE1="2" OPERTYPEID="10" PREVID="0" NEXTID="0" UPDATEDATE="2025-10-30" STARTDATE="2025-10-30" ENDDATE="2079-06-06" ISACTUAL="1" ISACTIVE="1" /><HOUSE ID="129415499" OBJECTID="175595314" OBJECTGUID="69928b2e-a6e0-444d-b33f-64a5eaefcab5" CHANGEID="691459200" HOUSENUM="18" ADDNUM1="9" HOUSETYPE="2" ADDTYPE1="2" OPERTYPEID="10" PREVID="0" NEXTID="0" UPDATEDATE="2025-10-30" STARTDATE="2025-10-30" ENDDATE="2079-06-06" ISACTUAL="1" ISACTIVE="1" /><HOUSE ID="129415791" OBJECTID="175596265" OBJECTGUID="791316cc-d302-4f7d-9923-24c754b70b3c" CHANGEID="691461143" HOUSENUM="43" HOUSETYPE="2" OPERTYPEID="10" PREVID="0" NEXTID="0" UPDATEDATE="2025-10-30" STARTDATE="2025-10-30" ENDDATE="2079-06-06" ISACTUAL="1" ISACTIVE="1" /><HOUSE ID="129416110" OBJECTID="20385019" OBJECTGUID="a80ced31-6f1d-4ee5-a8c1-b2446fb7b45f" CHANGEID="691461584" HOUSENUM="27" HOUSETYPE="2" OPERTYPEID="20" PREVID="11897443" UPDATEDATE="2025-10-30" STARTDATE="2025-10-30" ENDDATE="2079-06-06" ISACTUAL="1" ISACTIVE="1" /><HOUSE ID="129416113" OBJECTID="20376744" OBJECTGUID="d1866994-3d92-4685-98b1-a863ec060ebc" CHANGEID="691461589" HOUSENUM="28" HOUSETYPE="2" OPERTYPEID="20" PREVID="11891288" UPDATEDATE="2025-10-30" STARTDATE="2025-10-30" ENDDATE="2079-06-06" ISACTUAL="1" ISACTIVE="1" /><HOUSE ID="129416845" OBJECTID="175596865" OBJECTGUID="c40161ac-b80a-484c-9364-300d3a229a00" CHANGEID="691462947" HOUSENUM="4/2" HOUSETYPE="2" OPERTYPEID="10" PREVID="0" NEXTID="0" UPDATEDATE="2025-10-30" STARTDATE="2025-10-30" ENDDATE="2079-06-06" ISACTUAL="1" ISACTIVE="1" /><HOUSE ID="129419354" OBJECTID="175602017" OBJECTGUID="7f485d75-e0a2-48d5-89f6-01988e5bab6f" CHANGEID="691470785" HOUSENUM="11/1" HOUSETYPE="2" OPERTYPEID="10" PREVID="0" NEXTID="0" UPDATEDATE="2025-10-30" STARTDATE="2025-10-30" ENDDATE="2079-06-06" ISACTUAL="1" ISACTIVE="1" /><HOUSE ID="129419355" OBJECTID="175602018" OBJECTGUID="d655f7ba-53b2-4639-820a-845a15315fc1" CHANGEID="691470786" HOUSENUM="11/2" HOUSETYPE="2" OPERTYPEID="10" PREVID="0" NEXTID="0" UPDATEDATE="2025-10-30" STARTDATE="2025-10-30" ENDDATE="2079-06-06" ISACTUAL="1" ISACTIVE="1" /><HOUSE ID="129419356" OBJECTID="175602019" OBJECTGUID="87a5f823-625b-4159-943a-18b521559b06" CHANGEID="691470787" HOUSENUM="11/3" HOUSETYPE="2" OPERTYPEID="10" PREVID="0" NEXTID="0" UPDATEDATE="2025-10-30" STARTDATE="2025-10-30" ENDDATE="2079-06-06" ISACTUAL="1" ISACTIVE="1" /><HOUSE ID="129420325" OBJECTID="175604111" OBJECTGUID="e4644166-df2f-4d97-8037-e3b99a2fbb8e" CHANGEID="691474184" HOUSENUM="33" HOUSETYPE="2" OPERTYPEID="10" PREVID="0" NEXTID="0" UPDATEDATE="2025-10-30" STARTDATE="2025-10-30" ENDDATE="2079-06-06" ISACTUAL="1" ISACTIVE="1" /><HOUSE ID="129420592" OBJECTID="175604893" OBJECTGUID="79095c1c-1045-4fe8-9786-040aa4f318bb" CHANGEID="691475386" HOUSENUM="282" HOUSETYPE="2" OPERTYPEID="10" PREVID="0" NEXTID="0" UPDATEDATE="2025-10-30" STARTDATE="2025-10-30" ENDDATE="2079-06-06" ISACTUAL="1" ISACTIVE="1" /><HOUSE ID="129421166" OBJECTID="175243346" OBJECTGUID="25959202-1ec9-4da0-bf56-ab45c70b16de" CHANGEID="691478253" HOUSENUM="110" HOUSETYPE="4" OPERTYPEID="20" PREVID="129281446" UPDATEDATE="2025-10-30" STARTDATE="2025-10-30" ENDDATE="2079-06-06" ISACTUAL="1" ISACTIVE="1" /><HOUSE ID="11890432" OBJECTID="20375722" OBJECTGUID="300a76dc-2a4b-43b3-b555-36fdaba5d6e7" CHANGEID="31899653" HOUSENUM="34" HOUSETYPE="3" OPERTYPEID="20" PREVID="11890225" NEXTID="129421196" UPDATEDATE="2025-10-30" STARTDATE="2016-04-18" ENDDATE="2025-10-30" ISACTUAL="0" ISACTIVE="0" /><HOUSE ID="129421196" OBJECTID="20375722" OBJECTGUID="300a76dc-2a4b-43b3-b555-36fdaba5d6e7" CHANGEID="691478422" HOUSENUM="34" HOUSETYPE="2" OPERTYPEID="20" PREVID="11890432" UPDATEDATE="2025-10-30" STARTDATE="2025-10-30" ENDDATE="2079-06-06" ISACTUAL="1" ISACTIVE="1" /><HOUSE ID="11890744" OBJECTID="20376093" OBJECTGUID="9c35765c-8c8a-4498-8e14-dd3f6162dfea" CHANGEID="31900241" HOUSENUM="36" HOUSETYPE="3" OPERTYPEID="20" PREVID="11890661" NEXTID="129421203" UPDATEDATE="2025-10-30" STARTDATE="2016-04-18" ENDDATE="2025-10-30" ISACTUAL="0" ISACTIVE="0" /><HOUSE ID="129421203" OBJECTID="20376093" OBJECTGUID="9c35765c-8c8a-4498-8e14-dd3f6162dfea" CHANGEID="691478438" HOUSENUM="36" HOUSETYPE="2" OPERTYPEID="20" PREVID="11890744" UPDATEDATE="2025-10-30" STARTDATE="2025-10-30" ENDDATE="2079-06-06" ISACTUAL="1" ISACTIVE="1" /><HOUSE ID="129421274" OBJECTID="175607155" OBJECTGUID="79aa194b-a06a-4c77-b650-473e79985d2c" CHANGEID="691478842" HOUSENUM="9" HOUSETYPE="8" OPERTYPEID="10" PREVID="0" NEXTID="0" UPDATEDATE="2025-10-30" STARTDATE="2025-10-30" ENDDATE="2079-06-06" ISACTUAL="1" ISACTIVE="1" /><HOUSE ID="129421258" OBJECTID="175607107" OBJECTGUID="d62c4bc6-3c3c-4c50-a50a-738c81b91dea" CHANGEID="691478763" HOUSENUM="2" HOUSETYPE="8" OPERTYPEID="10" PREVID="0" NEXTID="0" UPDATEDATE="2025-10-30" STARTDATE="2025-10-30" ENDDATE="2079-06-06" ISACTUAL="1" ISACTIVE="1" /><HOUSE ID="129421696" OBJECTID="175608064" OBJECTGUID="b9f35446-8019-469b-b85a-4daac38bd290" CHANGEID="691480348" HOUSENUM="1а" HOUSETYPE="8" OPERTYPEID="10" PREVID="0" NEXTID="0" UPDATEDATE="2025-10-30" STARTDATE="2025-10-30" ENDDATE="2079-06-06" ISACTUAL="1" ISACTIVE="1" /><HOUSE ID="129421687" OBJECTID="175608045" OBJECTGUID="465340eb-a9bd-4bcf-8ed6-52c6f943bb22" CHANGEID="691480311" HOUSENUM="3" HOUSETYPE="8" OPERTYPEID="10" PREVID="0" NEXTID="0" UPDATEDATE="2025-10-30" STARTDATE="2025-10-30" ENDDATE="2079-06-06" ISACTUAL="1" ISACTIVE="1" /><HOUSE ID="129421732" OBJECTID="175608139" OBJECTGUID="28f0271c-528d-4308-b55a-d3b4031473c9" CHANGEID="691480476" HOUSENUM="1а" HOUSETYPE="5" OPERTYPEID="10" PREVID="0" NEXTID="0" UPDATEDATE="2025-10-30" STARTDATE="2025-10-30" ENDDATE="2079-06-06" ISACTUAL="1" ISACTIVE="1" /><HOUSE ID="129421704" OBJECTID="175608089" OBJECTGUID="59d06f7b-0849-4bc1-80ba-ae50da302784" CHANGEID="691480392" HOUSENUM="9а" HOUSETYPE="8" OPERTYPEID="10" PREVID="0" NEXTID="0" UPDATEDATE="2025-10-30" STARTDATE="2025-10-30" ENDDATE="2079-06-06" ISACTUAL="1" ISACTIVE="1" /><HOUSE ID="129421800" OBJECTID="175608257" OBJECTGUID="e7775215-964b-42aa-8ca9-a884fe7096c9" CHANGEID="691480687" HOUSENUM="14" HOUSETYPE="5" OPERTYPEID="10" PREVID="0" NEXTID="0" UPDATEDATE="2025-10-30" STARTDATE="2025-10-30" ENDDATE="2079-06-06" ISACTUAL="1" ISACTIVE="1" /><HOUSE ID="129421810" OBJECTID="175608297" OBJECTGUID="fb2b8204-f5f5-47e9-8071-adef456ac79c" CHANGEID="691480742" HOUSENUM="21" HOUSETYPE="5" OPERTYPEID="10" PREVID="0" NEXTID="0" UPDATEDATE="2025-10-30" STARTDATE="2025-10-30" ENDDATE="2079-06-06" ISACTUAL="1" ISACTIVE="1" /><HOUSE ID="129425871" OBJECTID="175618588" OBJECTGUID="dcdc49ad-0a86-40dc-8c54-7ca70f963717" CHANGEID="691498674" HOUSENUM="124" ADDNUM1="1" HOUSETYPE="5" ADDTYPE1="2" OPERTYPEID="10" PREVID="0" NEXTID="0" UPDATEDATE="2025-10-31" STARTDATE="2025-10-31" ENDDATE="2079-06-06" ISACTUAL="1" ISACTIVE="1" /><HOUSE ID="129425874" OBJECTID="175618618" OBJECTGUID="4cde615d-e95f-4245-a365-0272c5d80c25" CHANGEID="691498713" HOUSENUM="18а" HOUSETYPE="2" OPERTYPEID="10" PREVID="0" NEXTID="0" UPDATEDATE="2025-10-31" STARTDATE="2025-10-31" ENDDATE="2079-06-06" ISACTUAL="1" ISACTIVE="1" /><HOUSE ID="129426124" OBJECTID="175619724" OBJECTGUID="ed6f5634-02b1-4c56-bdd7-abddfdbe5522" CHANGEID="691500307" HOUSENUM="10" HOUSETYPE="2" OPERTYPEID="10" PREVID="0" NEXTID="0" UPDATEDATE="2025-10-31" STARTDATE="2025-10-31" ENDDATE="2079-06-06" ISACTUAL="1" ISACTIVE="1" /><HOUSE ID="129426125" OBJECTID="175619725" OBJECTGUID="d63f35d8-779c-425f-84b8-c9881740decb" CHANGEID="691500308" HOUSENUM="1" HOUSETYPE="2" OPERTYPEID="10" PREVID="0" NEXTID="0" UPDATEDATE="2025-10-31" STARTDATE="2025-10-31" ENDDATE="2079-06-06" ISACTUAL="1" ISACTIVE="1" /><HOUSE ID="129426132" OBJECTID="175619734" OBJECTGUID="de8a7d83-8eae-4ba6-aee5-691cdb6da2fc" CHANGEID="691500343" HOUSENUM="3" HOUSETYPE="2" OPERTYPEID="10" PREVID="0" NEXTID="0" UPDATEDATE="2025-10-31" STARTDATE="2025-10-31" ENDDATE="2079-06-06" ISACTUAL="1" ISACTIVE="1" /><HOUSE ID="129426133" OBJECTID="175619735" OBJECTGUID="9356d8bd-301e-4f65-9bfc-579eb19e45f4" CHANGEID="691500344" HOUSENUM="3а" HOUSETYPE="7" OPERTYPEID="10" PREVID="0" NEXTID="0" UPDATEDATE="2025-10-31" STARTDATE="2025-10-31" ENDDATE="2079-06-06" ISACTUAL="1" ISACTIVE="1" /><HOUSE ID="129426134" OBJECTID="175619736" OBJECTGUID="da414b3e-1122-4a29-b0f7-2016481885e6" CHANGEID="691500345" HOUSENUM="7" HOUSETYPE="2" OPERTYPEID="10" PREVID="0" NEXTID="0" UPDATEDATE="2025-10-31" STARTDATE="2025-10-31" ENDDATE="2079-06-06" ISACTUAL="1" ISACTIVE="1" /><HOUSE ID="129426136" OBJECTID="175619744" OBJECTGUID="635fcda2-84d6-43bb-a5c5-930a0b2ffe24" CHANGEID="691500372" HOUSENUM="4" HOUSETYPE="2" OPERTYPEID="10" PREVID="0" NEXTID="0" UPDATEDATE="2025-10-31" STARTDATE="2025-10-31" ENDDATE="2079-06-06" ISACTUAL="1" ISACTIVE="1" /><HOUSE ID="129426137" OBJECTID="175619746" OBJECTGUID="3b0fed6c-84e4-4fca-b273-4c819adbc7ba" CHANGEID="691500384" HOUSENUM="27" HOUSETYPE="2" OPERTYPEID="10" PREVID="0" NEXTID="0" UPDATEDATE="2025-10-31" STARTDATE="2025-10-31" ENDDATE="2079-06-06" ISACTUAL="1" ISACTIVE="1" /><HOUSE ID="129426138" OBJECTID="175619747" OBJECTGUID="d0582b08-3560-4207-8b06-1e42f055755a" CHANGEID="691500385" HOUSENUM="6" HOUSETYPE="2" OPERTYPEID="10" PREVID="0" NEXTID="0" UPDATEDATE="2025-10-31" STARTDATE="2025-10-31" ENDDATE="2079-06-06" ISACTUAL="1" ISACTIVE="1" /><HOUSE ID="129426140" OBJECTID="175619750" OBJECTGUID="29a5d0f5-ded4-44de-a827-55610fb6754f" CHANGEID="691500410" HOUSENUM="12а" HOUSETYPE="2" OPERTYPEID="10" PREVID="0" NEXTID="0" UPDATEDATE="2025-10-31" STARTDATE="2025-10-31" ENDDATE="2079-06-06" ISACTUAL="1" ISACTIVE="1" /><HOUSE ID="129426141" OBJECTID="175619751" OBJECTGUID="12bab62a-7343-475c-8b8f-ad3cfeda8fe5" CHANGEID="691500411" HOUSENUM="8" HOUSETYPE="2" OPERTYPEID="10" PREVID="0" NEXTID="0" UPDATEDATE="2025-10-31" STARTDATE="2025-10-31" ENDDATE="2079-06-06" ISACTUAL="1" ISACTIVE="1" /><HOUSE ID="129428384" OBJECTID="174847028" OBJECTGUID="7aaa39e4-1b71-47d2-9db9-c5b0c2a6fe72" CHANGEID="691512760" HOUSENUM="13" HOUSETYPE="8" OPERTYPEID="30" PREVID="129145658" NEXTID="0" UPDATEDATE="2025-10-31" STARTDATE="2025-10-31" ENDDATE="2079-06-06" ISACTUAL="1" ISACTIVE="0" /><HOUSE ID="129428385" OBJECTID="174847242" OBJECTGUID="4bf051e1-ae78-469a-bc70-0f3b60f8f69f" CHANGEID="691512761" HOUSENUM="17" HOUSETYPE="8" OPERTYPEID="30" PREVID="129145742" NEXTID="0" UPDATEDATE="2025-10-31" STARTDATE="2025-10-31" ENDDATE="2079-06-06" ISACTUAL="1" ISACTIVE="0" /><HOUSE ID="129428386" OBJECTID="174848265" OBJECTGUID="f7713855-57d8-4f33-92da-83f8207dc40d" CHANGEID="691512762" HOUSENUM="19" HOUSETYPE="8" OPERTYPEID="30" PREVID="129146064" NEXTID="0" UPDATEDATE="2025-10-31" STARTDATE="2025-10-31" ENDDATE="2079-06-06" ISACTUAL="1" ISACTIVE="0" /><HOUSE ID="129428387" OBJECTID="174848292" OBJECTGUID="22b1781b-0976-486a-80f4-de8c9f8554b9" CHANGEID="691512763" HOUSENUM="20" HOUSETYPE="8" OPERTYPEID="30" PREVID="129146075" NEXTID="0" UPDATEDATE="2025-10-31" STARTDATE="2025-10-31" ENDDATE="2079-06-06" ISACTUAL="1" ISACTIVE="0" /><HOUSE ID="129428388" OBJECTID="174848352" OBJECTGUID="d5a3f2ca-a252-4031-9883-c98994681324" CHANGEID="691512764" HOUSENUM="21" HOUSETYPE="8" OPERTYPEID="30" PREVID="129146093" NEXTID="0" UPDATEDATE="2025-10-31" STARTDATE="2025-10-31" ENDDATE="2079-06-06" ISACTUAL="1" ISACTIVE="0" /><HOUSE ID="129428389" OBJECTID="174848367" OBJECTGUID="2d55499f-ef77-40fb-9de1-15e1a1b0157e" CHANGEID="691512765" HOUSENUM="22" HOUSETYPE="8" OPERTYPEID="30" PREVID="129146103" NEXTID="0" UPDATEDATE="2025-10-31" STARTDATE="2025-10-31" ENDDATE="2079-06-06" ISACTUAL="1" ISACTIVE="0" /><HOUSE ID="129428390" OBJECTID="174848395" OBJECTGUID="1ab61c9e-04f4-441e-8f4a-00b8cd1c114e" CHANGEID="691512766" HOUSENUM="23" HOUSETYPE="8" OPERTYPEID="30" PREVID="129146116" NEXTID="0" UPDATEDATE="2025-10-31" STARTDATE="2025-10-31" ENDDATE="2079-06-06" ISACTUAL="1" ISACTIVE="0" /><HOUSE ID="129428391" OBJECTID="174848412" OBJECTGUID="28bb4e09-c312-4db0-b452-fe5692755bf4" CHANGEID="691512767" HOUSENUM="24" HOUSETYPE="8" OPERTYPEID="30" PREVID="129146124" NEXTID="0" UPDATEDATE="2025-10-31" STARTDATE="2025-10-31" ENDDATE="2079-06-06" ISACTUAL="1" ISACTIVE="0" /><HOUSE ID="129428392" OBJECTID="174848439" OBJECTGUID="001f2379-457c-4dde-b84a-f7ca3859213e" CHANGEID="691512768" HOUSENUM="25" HOUSETYPE="8" OPERTYPEID="30" PREVID="129146132" NEXTID="0" UPDATEDATE="2025-10-31" STARTDATE="2025-10-31" ENDDATE="2079-06-06" ISACTUAL="1" ISACTIVE="0" /><HOUSE ID="129146132" OBJECTID="174848439" OBJECTGUID="001f2379-457c-4dde-b84a-f7ca3859213e" CHANGEID="689496503" HOUSENUM="25" HOUSETYPE="8" OPERTYPEID="10" PREVID="0" NEXTID="129428392" UPDATEDATE="2025-10-31" STARTDATE="2025-09-24" ENDDATE="2025-10-31" ISACTUAL="0" ISACTIVE="0" /><HOUSE ID="129428393" OBJECTID="174848555" OBJECTGUID="0e2a5b8f-1087-4f5c-a2a1-f7cb0554145d" CHANGEID="691512769" HOUSENUM="26" HOUSETYPE="8" OPERTYPEID="30" PREVID="129146138" NEXTID="0" UPDATEDATE="2025-10-31" STARTDATE="2025-10-31" ENDDATE="2079-06-06" ISACTUAL="1" ISACTIVE="0" /><HOUSE ID="129428394" OBJECTID="174848781" OBJECTGUID="cfc46d4b-7f57-4fa4-8e12-cedf03a767c8" CHANGEID="691512770" HOUSENUM="29" HOUSETYPE="8" OPERTYPEID="30" PREVID="129146176" NEXTID="0" UPDATEDATE="2025-10-31" STARTDATE="2025-10-31" ENDDATE="2079-06-06" ISACTUAL="1" ISACTIVE="0" /><HOUSE ID="129428395" OBJECTID="174848916" OBJECTGUID="29b4543c-e6ef-4244-9df8-ce547568c7bb" CHANGEID="691512771" HOUSENUM="30" HOUSETYPE="8" OPERTYPEID="30" PREVID="129146186" NEXTID="0" UPDATEDATE="2025-10-31" STARTDATE="2025-10-31" ENDDATE="2079-06-06" ISACTUAL="1" ISACTIVE="0" /><HOUSE ID="129146186" OBJECTID="174848916" OBJECTGUID="29b4543c-e6ef-4244-9df8-ce547568c7bb" CHANGEID="689497209" HOUSENUM="30" HOUSETYPE="8" OPERTYPEID="10" PREVID="0" NEXTID="129428395" UPDATEDATE="2025-10-31" STARTDATE="2025-09-24" ENDDATE="2025-10-31" ISACTUAL="0" ISACTIVE="0" /><HOUSE ID="129428396" OBJECTID="174848925" OBJECTGUID="ae3d0f16-cba9-472f-985a-dc1271102c80" CHANGEID="691512772" HOUSENUM="31" HOUSETYPE="8" OPERTYPEID="30" PREVID="129146192" NEXTID="0" UPDATEDATE="2025-10-31" STARTDATE="2025-10-31" ENDDATE="2079-06-06" ISACTUAL="1" ISACTIVE="0" /><HOUSE ID="129428397" OBJECTID="174848945" OBJECTGUID="9256f5fd-e9a6-46cd-b62c-8354b97fe020" CHANGEID="691512773" HOUSENUM="32" HOUSETYPE="8" OPERTYPEID="30" PREVID="129146203" NEXTID="0" UPDATEDATE="2025-10-31" STARTDATE="2025-10-31" ENDDATE="2079-06-06" ISACTUAL="1" ISACTIVE="0" /><HOUSE ID="129146203" OBJECTID="174848945" OBJECTGUID="9256f5fd-e9a6-46cd-b62c-8354b97fe020" CHANGEID="689497269" HOUSENUM="32" HOUSETYPE="8" OPERTYPEID="10" PREVID="0" NEXTID="129428397" UPDATEDATE="2025-10-31" STARTDATE="2025-09-24" ENDDATE="2025-10-31" ISACTUAL="0" ISACTIVE="0" /><HOUSE ID="129428398" OBJECTID="174848956" OBJECTGUID="6cb264af-023a-4ea9-8914-db29045d2abc" CHANGEID="691512774" HOUSENUM="33" HOUSETYPE="8" OPERTYPEID="30" PREVID="129146211" NEXTID="0" UPDATEDATE="2025-10-31" STARTDATE="2025-10-31" ENDDATE="2079-06-06" ISACTUAL="1" ISACTIVE="0" /><HOUSE ID="129428406" OBJECTID="175627521" OBJECTGUID="e6e25320-9be1-4332-9c2e-88e4ec909358" CHANGEID="691512787" HOUSENUM="77" HOUSETYPE="2" OPERTYPEID="10" PREVID="0" NEXTID="0" UPDATEDATE="2025-10-31" STARTDATE="2025-10-31" ENDDATE="2079-06-06" ISACTUAL="1" ISACTIVE="1" /><HOUSE ID="129146211" OBJECTID="174848956" OBJECTGUID="6cb264af-023a-4ea9-8914-db29045d2abc" CHANGEID="689497297" HOUSENUM="33" HOUSETYPE="8" OPERTYPEID="10" PREVID="0" NEXTID="129428398" UPDATEDATE="2025-10-31" STARTDATE="2025-09-24" ENDDATE="2025-10-31" ISACTUAL="0" ISACTIVE="0" /><HOUSE ID="129428399" OBJECTID="174849063" OBJECTGUID="5a3101d1-55c1-470e-aba6-b38515343e68" CHANGEID="691512775" HOUSENUM="36" HOUSETYPE="8" OPERTYPEID="30" PREVID="129146301" NEXTID="0" UPDATEDATE="2025-10-31" STARTDATE="2025-10-31" ENDDATE="2079-06-06" ISACTUAL="1" ISACTIVE="0" /><HOUSE ID="129428400" OBJECTID="174849074" OBJECTGUID="12ed8f70-a5a6-41f5-947e-324f3d8c4bae" CHANGEID="691512776" HOUSENUM="37" HOUSETYPE="8" OPERTYPEID="30" PREVID="129146303" NEXTID="0" UPDATEDATE="2025-10-31" STARTDATE="2025-10-31" ENDDATE="2079-06-06" ISACTUAL="1" ISACTIVE="0" /><HOUSE ID="129428401" OBJECTID="174849259" OBJECTGUID="89c1731b-90c2-455c-886b-db6c3422d7e0" CHANGEID="691512777" HOUSENUM="40" HOUSETYPE="8" OPERTYPEID="30" PREVID="129146373" NEXTID="0" UPDATEDATE="2025-10-31" STARTDATE="2025-10-31" ENDDATE="2079-06-06" ISACTUAL="1" ISACTIVE="0" /><HOUSE ID="129428402" OBJECTID="174854204" OBJECTGUID="9bb0e9d2-6403-4616-b999-cf4e0461478b" CHANGEID="691512778" HOUSENUM="21" HOUSETYPE="5" OPERTYPEID="30" PREVID="129147621" NEXTID="0" UPDATEDATE="2025-10-31" STARTDATE="2025-10-31" ENDDATE="2079-06-06" ISACTUAL="1" ISACTIVE="0" /><HOUSE ID="129428403" OBJECTID="174854205" OBJECTGUID="fbeaa7f0-9614-45ff-869f-ff7012e919a4" CHANGEID="691512779" HOUSENUM="22" HOUSETYPE="5" OPERTYPEID="30" PREVID="129147622" NEXTID="0" UPDATEDATE="2025-10-31" STARTDATE="2025-10-31" ENDDATE="2079-06-06" ISACTUAL="1" ISACTIVE="0" /><HOUSE ID="129428404" OBJECTID="174854579" OBJECTGUID="551075ca-b7fa-491a-acb8-577b7046a63a" CHANGEID="691512780" HOUSENUM="43" HOUSETYPE="8" OPERTYPEID="30" PREVID="129147748" NEXTID="0" UPDATEDATE="2025-10-31" STARTDATE="2025-10-31" ENDDATE="2079-06-06" ISACTUAL="1" ISACTIVE="0" /><HOUSE ID="129429462" OBJECTID="175630588" OBJECTGUID="d61a6b24-3093-4dd7-bce5-7abc0d4a93bf" CHANGEID="691517497" HOUSENUM="16а/2" HOUSETYPE="2" OPERTYPEID="10" PREVID="0" NEXTID="0" UPDATEDATE="2025-10-31" STARTDATE="2025-10-31" ENDDATE="2079-06-06" ISACTUAL="1" ISACTIVE="1" /><HOUSE ID="129429456" OBJECTID="175630580" OBJECTGUID="08b6454f-0f42-46dd-a7da-d45989c2c642" CHANGEID="691517488" HOUSENUM="16а/1" HOUSETYPE="2" OPERTYPEID="10" PREVID="0" NEXTID="0" UPDATEDATE="2025-10-31" STARTDATE="2025-10-31" ENDDATE="2079-06-06" ISACTUAL="1" ISACTIVE="1" /><HOUSE ID="129429463" OBJECTID="174265617" OBJECTGUID="fb0b873c-3ed1-4c12-aa48-680ceb0544c5" CHANGEID="691517500" HOUSENUM="21" HOUSETYPE="2" OPERTYPEID="20" PREVID="128950520" UPDATEDATE="2025-10-31" STARTDATE="2025-10-31" ENDDATE="2079-06-06" ISACTUAL="1" ISACTIVE="1" /><HOUSE ID="129429465" OBJECTID="174265618" OBJECTGUID="7ec4f58f-f709-4f26-a7e1-9da3c65ebb4c" CHANGEID="691517508" HOUSENUM="21/2" HOUSETYPE="2" OPERTYPEID="30" PREVID="128950521" NEXTID="0" UPDATEDATE="2025-10-31" STARTDATE="2025-10-31" ENDDATE="2079-06-06" ISACTUAL="1" ISACTIVE="0" /><HOUSE ID="129430028" OBJECTID="54537896" OBJECTGUID="aad7af4c-89ca-4e96-ad0e-1b32537b2806" CHANGEID="691520893" HOUSENUM="15" HOUSETYPE="2" OPERTYPEID="30" PREVID="32587946" NEXTID="0" UPDATEDATE="2025-10-31" STARTDATE="2025-10-31" ENDDATE="2079-06-06" ISACTUAL="1" ISACTIVE="0" /><HOUSE ID="32587946" OBJECTID="54537896" OBJECTGUID="aad7af4c-89ca-4e96-ad0e-1b32537b2806" CHANGEID="81610245" HOUSENUM="15" HOUSETYPE="2" OPERTYPEID="10" PREVID="0" NEXTID="129430028" UPDATEDATE="2025-10-31" STARTDATE="1998-01-22" ENDDATE="2025-10-31" ISACTUAL="0" ISACTIVE="0" /><HOUSE ID="129430492" OBJECTID="175634786" OBJECTGUID="fd339d39-cbc6-447e-a3c4-40cbb0cdc412" CHANGEID="691524000" HOUSENUM="164" HOUSETYPE="2" OPERTYPEID="10" PREVID="0" NEXTID="0" UPDATEDATE="2025-10-31" STARTDATE="2025-10-31" ENDDATE="2079-06-06" ISACTUAL="1" ISACTIVE="1" /><HOUSE ID="129430542" OBJECTID="175634929" OBJECTGUID="4978894a-5f87-4437-a884-8a2f1dc4617f" CHANGEID="691524312" HOUSENUM="291" HOUSETYPE="2" OPERTYPEID="10" PREVID="0" NEXTID="0" UPDATEDATE="2025-10-31" STARTDATE="2025-10-31" ENDDATE="2079-06-06" ISACTUAL="1" ISACTIVE="1" /><HOUSE ID="129430560" OBJECTID="175634976" OBJECTGUID="1fd0fe94-b5db-4f7b-bd52-bbcc329e437e" CHANGEID="691524406" HOUSENUM="40" HOUSETYPE="2" OPERTYPEID="10" PREVID="0" NEXTID="0" UPDATEDATE="2025-10-31" STARTDATE="2025-10-31" ENDDATE="2079-06-06" ISACTUAL="1" ISACTIVE="1" /><HOUSE ID="129430604" OBJECTID="54538488" OBJECTGUID="337b0e5c-10ca-41c6-8a79-6694961e61b8" CHANGEID="691524631" HOUSENUM="13" HOUSETYPE="2" OPERTYPEID="30" PREVID="32588230" NEXTID="0" UPDATEDATE="2025-10-31" STARTDATE="2025-10-31" ENDDATE="2079-06-06" ISACTUAL="1" ISACTIVE="0" /><HOUSE ID="129430612" OBJECTID="175635233" OBJECTGUID="0fb8222a-d8a3-4d67-a213-388a811c3a9b" CHANGEID="691524730" HOUSENUM="16а" HOUSETYPE="2" OPERTYPEID="10" PREVID="0" NEXTID="0" UPDATEDATE="2025-10-31" STARTDATE="2025-10-31" ENDDATE="2079-06-06" ISACTUAL="1" ISACTIVE="1" /><HOUSE ID="129430621" OBJECTID="54537047" OBJECTGUID="354fa781-0c0b-4e95-a21f-00bb2534c187" CHANGEID="691524770" HOUSENUM="11" HOUSETYPE="2" OPERTYPEID="30" PREVID="32587445" NEXTID="0" UPDATEDATE="2025-10-31" STARTDATE="2025-10-31" ENDDATE="2079-06-06" ISACTUAL="1" ISACTIVE="0" /><HOUSE ID="32587445" OBJECTID="54537047" OBJECTGUID="354fa781-0c0b-4e95-a21f-00bb2534c187" CHANGEID="81609040" HOUSENUM="11" HOUSETYPE="2" OPERTYPEID="10" PREVID="0" NEXTID="129430621" UPDATEDATE="2025-10-31" STARTDATE="1998-01-22" ENDDATE="2025-10-31" ISACTUAL="0" ISACTIVE="0" /><HOUSE ID="129430626" OBJECTID="175635281" OBJECTGUID="062fec0b-4f17-4d14-8710-3a0f67c3b5bc" CHANGEID="691524792" HOUSENUM="37" HOUSETYPE="2" OPERTYPEID="10" PREVID="0" NEXTID="0" UPDATEDATE="2025-10-31" STARTDATE="2025-10-31" ENDDATE="2079-06-06" ISACTUAL="1" ISACTIVE="1" /><HOUSE ID="129430632" OBJECTID="54543776" OBJECTGUID="355c0565-b4ac-4d5b-ab46-9724f8b954a6" CHANGEID="691524815" HOUSENUM="22" HOUSETYPE="2" OPERTYPEID="30" PREVID="32591210" NEXTID="0" UPDATEDATE="2025-10-31" STARTDATE="2025-10-31" ENDDATE="2079-06-06" ISACTUAL="1" ISACTIVE="0" /><HOUSE ID="32591210" OBJECTID="54543776" OBJECTGUID="355c0565-b4ac-4d5b-ab46-9724f8b954a6" CHANGEID="81618554" HOUSENUM="22" HOUSETYPE="2" OPERTYPEID="10" PREVID="0" NEXTID="129430632" UPDATEDATE="2025-10-31" STARTDATE="1998-01-22" ENDDATE="2025-10-31" ISACTUAL="0" ISACTIVE="0" /><HOUSE ID="129430639" OBJECTID="175635317" OBJECTGUID="a6f8a865-1768-4f1f-94f5-c0c4d85de47c" CHANGEID="691524841" HOUSENUM="10" ADDNUM1="1" HOUSETYPE="5" ADDTYPE1="2" OPERTYPEID="10" PREVID="0" NEXTID="0" UPDATEDATE="2025-10-31" STARTDATE="2025-10-31" ENDDATE="2079-06-06" ISACTUAL="1" ISACTIVE="1" /><HOUSE ID="129430644" OBJECTID="54537352" OBJECTGUID="ede1fc90-de50-4336-b810-0356d926429d" CHANGEID="691524852" HOUSENUM="19" HOUSETYPE="2" OPERTYPEID="30" PREVID="32587626" NEXTID="0" UPDATEDATE="2025-10-31" STARTDATE="2025-10-31" ENDDATE="2079-06-06" ISACTUAL="1" ISACTIVE="0" /><HOUSE ID="32587626" OBJECTID="54537352" OBJECTGUID="ede1fc90-de50-4336-b810-0356d926429d" CHANGEID="81609463" HOUSENUM="19" HOUSETYPE="2" OPERTYPEID="10" PREVID="0" NEXTID="129430644" UPDATEDATE="2025-10-31" STARTDATE="1998-01-22" ENDDATE="2025-10-31" ISACTUAL="0" ISACTIVE="0" /><HOUSE ID="129430646" OBJECTID="175635339" OBJECTGUID="1cfd55ec-bccc-475a-b164-f9ba7d972d47" CHANGEID="691524866" HOUSENUM="10" HOUSETYPE="2" OPERTYPEID="10" PREVID="0" NEXTID="0" UPDATEDATE="2025-10-31" STARTDATE="2025-10-31" ENDDATE="2079-06-06" ISACTUAL="1" ISACTIVE="1" /><HOUSE ID="129430659" OBJECTID="54544356" OBJECTGUID="1f08c2f2-d138-43a0-8448-e346113d57c6" CHANGEID="691524933" HOUSENUM="12" HOUSETYPE="2" OPERTYPEID="30" PREVID="32591652" NEXTID="0" UPDATEDATE="2025-10-31" STARTDATE="2025-10-31" ENDDATE="2079-06-06" ISACTUAL="1" ISACTIVE="0" /><HOUSE ID="129430651" OBJECTID="54538072" OBJECTGUID="4ef8aaaf-b730-4203-9548-1fefbbb3569c" CHANGEID="691524892" HOUSENUM="21" HOUSETYPE="2" OPERTYPEID="30" PREVID="32588056" NEXTID="0" UPDATEDATE="2025-10-31" STARTDATE="2025-10-31" ENDDATE="2079-06-06" ISACTUAL="1" ISACTIVE="0" /><HOUSE ID="32588056" OBJECTID="54538072" OBJECTGUID="4ef8aaaf-b730-4203-9548-1fefbbb3569c" CHANGEID="81610499" HOUSENUM="21" HOUSETYPE="2" OPERTYPEID="10" PREVID="0" NEXTID="129430651" UPDATEDATE="2025-10-31" STARTDATE="1998-01-22" ENDDATE="2025-10-31" ISACTUAL="0" ISACTIVE="0" /><HOUSE ID="129433254" OBJECTID="175645583" OBJECTGUID="e51b6276-e12c-40d2-af4e-3accfcf0a0ca" CHANGEID="691557429" HOUSENUM="5/218" HOUSETYPE="2" OPERTYPEID="10" PREVID="0" NEXTID="0" UPDATEDATE="2025-11-01" STARTDATE="2025-11-01" ENDDATE="2079-06-06" ISACTUAL="1" ISACTIVE="1" /><HOUSE ID="129433255" OBJECTID="175645585" OBJECTGUID="b7c9526f-ffdc-45aa-9348-1be2914e5149" CHANGEID="691557431" HOUSENUM="2/12а" HOUSETYPE="2" OPERTYPEID="10" PREVID="0" NEXTID="0" UPDATEDATE="2025-11-01" STARTDATE="2025-11-01" ENDDATE="2079-06-06" ISACTUAL="1" ISACTIVE="1" /><HOUSE ID="129433256" OBJECTID="175645586" OBJECTGUID="76853ffa-6838-40f7-b390-7512a6d7d411" CHANGEID="691557432" HOUSENUM="2/12" HOUSETYPE="2" OPERTYPEID="10" PREVID="0" NEXTID="0" UPDATEDATE="2025-11-01" STARTDATE="2025-11-01" ENDDATE="2079-06-06" ISACTUAL="1" ISACTIVE="1" /><HOUSE ID="129433258" OBJECTID="175645588" OBJECTGUID="512838c3-bbf3-4aa3-85d2-98ea8336acf0" CHANGEID="691557434" HOUSENUM="20а/1" HOUSETYPE="2" OPERTYPEID="10" PREVID="0" NEXTID="0" UPDATEDATE="2025-11-01" STARTDATE="2025-11-01" ENDDATE="2079-06-06" ISACTUAL="1" ISACTIVE="1" /><HOUSE ID="129433260" OBJECTID="175645590" OBJECTGUID="dcd141ab-4e78-4218-ad64-dd09327e1b06" CHANGEID="691557436" HOUSENUM="9/2" HOUSETYPE="2" OPERTYPEID="10" PREVID="0" NEXTID="0" UPDATEDATE="2025-11-01" STARTDATE="2025-11-01" ENDDATE="2079-06-06" ISACTUAL="1" ISACTIVE="1" /><HOUSE ID="129433261" OBJECTID="175645591" OBJECTGUID="c5299be4-0ec9-4f9c-8cd4-e41aa592aa74" CHANGEID="691557437" HOUSENUM="9/1" HOUSETYPE="2" OPERTYPEID="10" PREVID="0" NEXTID="0" UPDATEDATE="2025-11-01" STARTDATE="2025-11-01" ENDDATE="2079-06-06" ISACTUAL="1" ISACTIVE="1" /><HOUSE ID="129433264" OBJECTID="175645597" OBJECTGUID="2dc404d5-1980-48de-ba5f-fb711e7d9dd0" CHANGEID="691557445" HOUSENUM="9/1" HOUSETYPE="2" OPERTYPEID="10" PREVID="0" NEXTID="0" UPDATEDATE="2025-11-01" STARTDATE="2025-11-01" ENDDATE="2079-06-06" ISACTUAL="1" ISACTIVE="1" /><HOUSE ID="129433267" OBJECTID="175645603" OBJECTGUID="c1adec8c-1a02-4b16-adcc-3f30c336e2b3" CHANGEID="691557454" HOUSENUM="12/1" HOUSETYPE="2" OPERTYPEID="10" PREVID="0" NEXTID="0" UPDATEDATE="2025-11-01" STARTDATE="2025-11-01" ENDDATE="2079-06-06" ISACTUAL="1" ISACTIVE="1" /><HOUSE ID="129433268" OBJECTID="175645605" OBJECTGUID="646c8e74-e28b-4d7c-b38e-7605e5bfa18c" CHANGEID="691557456" HOUSENUM="21а/1" HOUSETYPE="2" OPERTYPEID="10" PREVID="0" NEXTID="0" UPDATEDATE="2025-11-01" STARTDATE="2025-11-01" ENDDATE="2079-06-06" ISACTUAL="1" ISACTIVE="1" /><HOUSE ID="129433257" OBJECTID="175645587" OBJECTGUID="bce70dcd-f3d2-4571-b8fd-97230772d8ad" CHANGEID="691557433" HOUSENUM="70/1" HOUSETYPE="2" OPERTYPEID="10" PREVID="0" NEXTID="0" UPDATEDATE="2025-11-01" STARTDATE="2025-11-01" ENDDATE="2079-06-06" ISACTUAL="1" ISACTIVE="1" /><HOUSE ID="129433259" OBJECTID="175645589" OBJECTGUID="3e6a2b7f-47c7-41c5-aa04-ad1aa986c35b" CHANGEID="691557435" HOUSENUM="4/1" HOUSETYPE="2" OPERTYPEID="10" PREVID="0" NEXTID="0" UPDATEDATE="2025-11-01" STARTDATE="2025-11-01" ENDDATE="2079-06-06" ISACTUAL="1" ISACTIVE="1" /><HOUSE ID="129433262" OBJECTID="175645592" OBJECTGUID="e6b875f0-18ba-4bc7-a5b2-dcdcc20ad5b1" CHANGEID="691557438" HOUSENUM="7/1" HOUSETYPE="2" OPERTYPEID="10" PREVID="0" NEXTID="0" UPDATEDATE="2025-11-01" STARTDATE="2025-11-01" ENDDATE="2079-06-06" ISACTUAL="1" ISACTIVE="1" /><HOUSE ID="129433263" OBJECTID="175645594" OBJECTGUID="24f31ece-8fed-42ff-9d44-3a3993c21626" CHANGEID="691557440" HOUSENUM="9/1" HOUSETYPE="2" OPERTYPEID="10" PREVID="0" NEXTID="0" UPDATEDATE="2025-11-01" STARTDATE="2025-11-01" ENDDATE="2079-06-06" ISACTUAL="1" ISACTIVE="1" /><HOUSE ID="129433424" OBJECTID="175646168" OBJECTGUID="37ac5316-d724-43f0-9c0a-b588122ac8d4" CHANGEID="691558516" HOUSENUM="1/1" HOUSETYPE="2" OPERTYPEID="10" PREVID="0" NEXTID="0" UPDATEDATE="2025-11-01" STARTDATE="2025-11-01" ENDDATE="2079-06-06" ISACTUAL="1" ISACTIVE="1" /><HOUSE ID="129433425" OBJECTID="175646169" OBJECTGUID="54c6155f-9507-45a1-a7b0-72f80abb639b" CHANGEID="691558517" HOUSENUM="3/1" HOUSETYPE="2" OPERTYPEID="10" PREVID="0" NEXTID="0" UPDATEDATE="2025-11-01" STARTDATE="2025-11-01" ENDDATE="2079-06-06" ISACTUAL="1" ISACTIVE="1" /><HOUSE ID="129433427" OBJECTID="175646171" OBJECTGUID="1eff7bde-4f4e-455e-ae43-bc086fd9f6fb" CHANGEID="691558519" HOUSENUM="16/1" HOUSETYPE="2" OPERTYPEID="10" PREVID="0" NEXTID="0" UPDATEDATE="2025-11-01" STARTDATE="2025-11-01" ENDDATE="2079-06-06" ISACTUAL="1" ISACTIVE="1" /><HOUSE ID="129433430" OBJECTID="175646175" OBJECTGUID="57c847af-ce80-4a9c-8cef-7377d2fa4777" CHANGEID="691558525" HOUSENUM="12/2" HOUSETYPE="2" OPERTYPEID="10" PREVID="0" NEXTID="0" UPDATEDATE="2025-11-01" STARTDATE="2025-11-01" ENDDATE="2079-06-06" ISACTUAL="1" ISACTIVE="1" /><HOUSE ID="129433432" OBJECTID="175646177" OBJECTGUID="45b7c3ad-4241-4695-b5b3-cd1ef35650ee" CHANGEID="691558527" HOUSENUM="5/2" HOUSETYPE="2" OPERTYPEID="10" PREVID="0" NEXTID="0" UPDATEDATE="2025-11-01" STARTDATE="2025-11-01" ENDDATE="2079-06-06" ISACTUAL="1" ISACTIVE="1" /><HOUSE ID="129433433" OBJECTID="175646179" OBJECTGUID="be36fb08-6937-49a3-9dfc-91e7d749fc69" CHANGEID="691558529" HOUSENUM="11/1" HOUSETYPE="2" OPERTYPEID="10" PREVID="0" NEXTID="0" UPDATEDATE="2025-11-01" STARTDATE="2025-11-01" ENDDATE="2079-06-06" ISACTUAL="1" ISACTIVE="1" /><HOUSE ID="129433422" OBJECTID="175646166" OBJECTGUID="62c8ae92-2d02-476a-b793-560e1df5a07e" CHANGEID="691558514" HOUSENUM="10/2" HOUSETYPE="2" OPERTYPEID="10" PREVID="0" NEXTID="0" UPDATEDATE="2025-11-01" STARTDATE="2025-11-01" ENDDATE="2079-06-06" ISACTUAL="1" ISACTIVE="1" /><HOUSE ID="129433423" OBJECTID="175646167" OBJECTGUID="99358ace-5ffa-4476-b6db-ae08a95c86e6" CHANGEID="691558515" HOUSENUM="10/1" HOUSETYPE="2" OPERTYPEID="10" PREVID="0" NEXTID="0" UPDATEDATE="2025-11-01" STARTDATE="2025-11-01" ENDDATE="2079-06-06" ISACTUAL="1" ISACTIVE="1" /><HOUSE ID="129433426" OBJECTID="175646170" OBJECTGUID="d216431d-8a0a-4584-8e80-5eabae943530" CHANGEID="691558518" HOUSENUM="3" HOUSETYPE="5" OPERTYPEID="10" PREVID="0" NEXTID="0" UPDATEDATE="2025-11-01" STARTDATE="2025-11-01" ENDDATE="2079-06-06" ISACTUAL="1" ISACTIVE="1" /><HOUSE ID="129433428" OBJECTID="175646172" OBJECTGUID="ee65af4a-91e5-463b-b737-469e9eb344dd" CHANGEID="691558522" HOUSENUM="16/2" HOUSETYPE="2" OPERTYPEID="10" PREVID="0" NEXTID="0" UPDATEDATE="2025-11-01" STARTDATE="2025-11-01" ENDDATE="2079-06-06" ISACTUAL="1" ISACTIVE="1" /><HOUSE ID="129433429" OBJECTID="175646174" OBJECTGUID="6c7ce785-fb84-4cdc-a231-008c090bb918" CHANGEID="691558524" HOUSENUM="12/1" HOUSETYPE="2" OPERTYPEID="10" PREVID="0" NEXTID="0" UPDATEDATE="2025-11-01" STARTDATE="2025-11-01" ENDDATE="2079-06-06" ISACTUAL="1" ISACTIVE="1" /><HOUSE ID="129433431" OBJECTID="175646176" OBJECTGUID="ab5d0139-6263-48a3-aa79-5a64d0e0b716" CHANGEID="691558526" HOUSENUM="5/1" HOUSETYPE="2" OPERTYPEID="10" PREVID="0" NEXTID="0" UPDATEDATE="2025-11-01" STARTDATE="2025-11-01" ENDDATE="2079-06-06" ISACTUAL="1" ISACTIVE="1" /><HOUSE ID="129433434" OBJECTID="175646180" OBJECTGUID="0055da0f-6906-4dab-95f3-175e86bd9ead" CHANGEID="691558530" HOUSENUM="11/2" HOUSETYPE="2" OPERTYPEID="10" PREVID="0" NEXTID="0" UPDATEDATE="2025-11-01" STARTDATE="2025-11-01" ENDDATE="2079-06-06" ISACTUAL="1" ISACTIVE="1" /><HOUSE ID="129433473" OBJECTID="175646339" OBJECTGUID="090e7554-653d-40d6-a2bf-c1eb6041f561" CHANGEID="691559081" HOUSENUM="22а/1" HOUSETYPE="5" OPERTYPEID="10" PREVID="0" NEXTID="0" UPDATEDATE="2025-11-01" STARTDATE="2025-11-01" ENDDATE="2079-06-06" ISACTUAL="1" ISACTIVE="1" /><HOUSE ID="129436191" OBJECTID="175657103" OBJECTGUID="94fbb084-3297-4eb0-b4cd-aa7ae5843ce8" CHANGEID="691575212" HOUSENUM="1" HOUSETYPE="8" OPERTYPEID="10" PREVID="0" NEXTID="0" UPDATEDATE="2025-11-01" STARTDATE="2025-11-01" ENDDATE="2079-06-06" ISACTUAL="1" ISACTIVE="1" /><HOUSE ID="129436204" OBJECTID="175657121" OBJECTGUID="d58cd342-f6a8-4661-8825-5e914d8c629a" CHANGEID="691575243" HOUSENUM="19" HOUSETYPE="2" OPERTYPEID="10" PREVID="0" NEXTID="0" UPDATEDATE="2025-11-01" STARTDATE="2025-11-01" ENDDATE="2079-06-06" ISACTUAL="1" ISACTIVE="1" /><HOUSE ID="129436383" OBJECTID="175657598" OBJECTGUID="dd1b8342-b93f-4fd3-a47e-f42524b27ceb" CHANGEID="691576151" HOUSENUM="51" HOUSETYPE="4" OPERTYPEID="10" PREVID="0" NEXTID="0" UPDATEDATE="2025-11-01" STARTDATE="2025-11-01" ENDDATE="2079-06-06" ISACTUAL="1" ISACTIVE="1" /><HOUSE ID="129436428" OBJECTID="175657673" OBJECTGUID="a2696680-e794-4e77-97d3-92e47d8f3a18" CHANGEID="691576312" HOUSENUM="544" HOUSETYPE="4" OPERTYPEID="10" PREVID="0" NEXTID="0" UPDATEDATE="2025-11-01" STARTDATE="2025-11-01" ENDDATE="2079-06-06" ISACTUAL="1" ISACTIVE="1" /><HOUSE ID="129437148" OBJECTID="48605497" OBJECTGUID="87d85363-e613-47bb-9da8-4baeeabc5fc9" CHANGEID="691579971" HOUSENUM="2" HOUSETYPE="2" OPERTYPEID="30" PREVID="61004788" NEXTID="0" UPDATEDATE="2025-11-01" STARTDATE="2025-11-01" ENDDATE="2079-06-06" ISACTUAL="1" ISACTIVE="0" /><HOUSE ID="129437199" OBJECTID="175660166" OBJECTGUID="fdffc10b-0152-44e1-b21c-9870af6f0399" CHANGEID="691580286" HOUSENUM="108" HOUSETYPE="2" OPERTYPEID="10" PREVID="0" NEXTID="0" UPDATEDATE="2025-11-01" STARTDATE="2025-11-01" ENDDATE="2079-06-06" ISACTUAL="1" ISACTIVE="1" /><HOUSE ID="129437200" OBJECTID="175660167" OBJECTGUID="2f623fe6-7d5e-481b-80b3-df07638d4f1f" CHANGEID="691580287" HOUSENUM="101/1" HOUSETYPE="2" OPERTYPEID="10" PREVID="0" NEXTID="0" UPDATEDATE="2025-11-01" STARTDATE="2025-11-01" ENDDATE="2079-06-06" ISACTUAL="1" ISACTIVE="1" /><HOUSE ID="129437201" OBJECTID="175660168" OBJECTGUID="2adf747f-a6a7-4911-a305-7f45d2fbc390" CHANGEID="691580288" HOUSENUM="83/1" HOUSETYPE="2" OPERTYPEID="10" PREVID="0" NEXTID="0" UPDATEDATE="2025-11-01" STARTDATE="2025-11-01" ENDDATE="2079-06-06" ISACTUAL="1" ISACTIVE="1" /><HOUSE ID="129437202" OBJECTID="175660169" OBJECTGUID="6bdc047b-e497-44db-b680-2e2d4f83c23f" CHANGEID="691580289" HOUSENUM="89/1" HOUSETYPE="2" OPERTYPEID="10" PREVID="0" NEXTID="0" UPDATEDATE="2025-11-01" STARTDATE="2025-11-01" ENDDATE="2079-06-06" ISACTUAL="1" ISACTIVE="1" /><HOUSE ID="129437203" OBJECTID="175660170" OBJECTGUID="211c1e61-c43f-4893-85ea-9c68118c7305" CHANGEID="691580290" HOUSENUM="90/1" HOUSETYPE="2" OPERTYPEID="10" PREVID="0" NEXTID="0" UPDATEDATE="2025-11-01" STARTDATE="2025-11-01" ENDDATE="2079-06-06" ISACTUAL="1" ISACTIVE="1" /><HOUSE ID="129437204" OBJECTID="175660171" OBJECTGUID="dc4074da-7f2f-4857-824a-83c24956b52b" CHANGEID="691580291" HOUSENUM="57/1" HOUSETYPE="2" OPERTYPEID="10" PREVID="0" NEXTID="0" UPDATEDATE="2025-11-01" STARTDATE="2025-11-01" ENDDATE="2079-06-06" ISACTUAL="1" ISACTIVE="1" /><HOUSE ID="129437205" OBJECTID="175660172" OBJECTGUID="6b9c1328-1394-4085-8435-585296b33533" CHANGEID="691580292" HOUSENUM="37/1Б" HOUSETYPE="2" OPERTYPEID="10" PREVID="0" NEXTID="0" UPDATEDATE="2025-11-01" STARTDATE="2025-11-01" ENDDATE="2079-06-06" ISACTUAL="1" ISACTIVE="1" /><HOUSE ID="129437206" OBJECTID="175660173" OBJECTGUID="4f5c01dd-8314-49dd-80ca-372134cb25b3" CHANGEID="691580293" HOUSENUM="37/1А" HOUSETYPE="2" OPERTYPEID="10" PREVID="0" NEXTID="0" UPDATEDATE="2025-11-01" STARTDATE="2025-11-01" ENDDATE="2079-06-06" ISACTUAL="1" ISACTIVE="1" /><HOUSE ID="129437214" OBJECTID="175660182" OBJECTGUID="7b655496-524e-43fa-8526-4478eb3e1cfb" CHANGEID="691580305" HOUSENUM="5/1" HOUSETYPE="2" OPERTYPEID="10" PREVID="0" NEXTID="0" UPDATEDATE="2025-11-01" STARTDATE="2025-11-01" ENDDATE="2079-06-06" ISACTUAL="1" ISACTIVE="1" /><HOUSE ID="129437222" OBJECTID="175660188" OBJECTGUID="d156149d-2d52-44db-b328-26cf0a3b0384" CHANGEID="691580317" HOUSENUM="101" HOUSETYPE="2" OPERTYPEID="10" PREVID="0" NEXTID="0" UPDATEDATE="2025-11-01" STARTDATE="2025-11-01" ENDDATE="2079-06-06" ISACTUAL="1" ISACTIVE="1" /><HOUSE ID="129437223" OBJECTID="175660189" OBJECTGUID="b58cce91-7b06-4f11-b8b9-cdd08ec29f3a" CHANGEID="691580318" HOUSENUM="95/1" HOUSETYPE="2" OPERTYPEID="10" PREVID="0" NEXTID="0" UPDATEDATE="2025-11-01" STARTDATE="2025-11-01" ENDDATE="2079-06-06" ISACTUAL="1" ISACTIVE="1" /><HOUSE ID="129437224" OBJECTID="175660190" OBJECTGUID="1aeab641-f61e-4b8b-92e3-9776460f7b3c" CHANGEID="691580319" HOUSENUM="91/1" HOUSETYPE="2" OPERTYPEID="10" PREVID="0" NEXTID="0" UPDATEDATE="2025-11-01" STARTDATE="2025-11-01" ENDDATE="2079-06-06" ISACTUAL="1" ISACTIVE="1" /><HOUSE ID="129437225" OBJECTID="175660191" OBJECTGUID="28d25c04-0f61-478b-8dd3-f37744616867" CHANGEID="691580320" HOUSENUM="293/1" HOUSETYPE="2" OPERTYPEID="10" PREVID="0" NEXTID="0" UPDATEDATE="2025-11-01" STARTDATE="2025-11-01" ENDDATE="2079-06-06" ISACTUAL="1" ISACTIVE="1" /><HOUSE ID="129437226" OBJECTID="175660192" OBJECTGUID="6c234c38-562a-47c8-be6c-4037c62cf078" CHANGEID="691580321" HOUSENUM="59/1" HOUSETYPE="2" OPERTYPEID="10" PREVID="0" NEXTID="0" UPDATEDATE="2025-11-01" STARTDATE="2025-11-01" ENDDATE="2079-06-06" ISACTUAL="1" ISACTIVE="1" /><HOUSE ID="129437227" OBJECTID="175660193" OBJECTGUID="481e4191-13df-4143-a39a-22bea7b4a37e" CHANGEID="691580322" HOUSENUM="23/1" HOUSETYPE="2" OPERTYPEID="10" PREVID="0" NEXTID="0" UPDATEDATE="2025-11-01" STARTDATE="2025-11-01" ENDDATE="2079-06-06" ISACTUAL="1" ISACTIVE="1" /><HOUSE ID="129437247" OBJECTID="175660292" OBJECTGUID="fb5bb320-bf93-476d-a529-428fbb1cc508" CHANGEID="691580434" HOUSENUM="23/1" HOUSETYPE="2" OPERTYPEID="10" PREVID="0" NEXTID="0" UPDATEDATE="2025-11-01" STARTDATE="2025-11-01" ENDDATE="2079-06-06" ISACTUAL="1" ISACTIVE="1" /><HOUSE ID="129437248" OBJECTID="175660293" OBJECTGUID="79b56194-7d67-455f-9231-f29f11d593b7" CHANGEID="691580435" HOUSENUM="48/1" HOUSETYPE="2" OPERTYPEID="10" PREVID="0" NEXTID="0" UPDATEDATE="2025-11-01" STARTDATE="2025-11-01" ENDDATE="2079-06-06" ISACTUAL="1" ISACTIVE="1" /><HOUSE ID="129437249" OBJECTID="175660294" OBJECTGUID="c2481d28-b0c2-41bc-a997-ff7240843f65" CHANGEID="691580436" HOUSENUM="61/1" HOUSETYPE="2" OPERTYPEID="10" PREVID="0" NEXTID="0" UPDATEDATE="2025-11-01" STARTDATE="2025-11-01" ENDDATE="2079-06-06" ISACTUAL="1" ISACTIVE="1" /><HOUSE ID="129437250" OBJECTID="175660295" OBJECTGUID="5208f21e-da75-46d3-82b2-cb686c33b887" CHANGEID="691580437" HOUSENUM="155/1" HOUSETYPE="2" OPERTYPEID="10" PREVID="0" NEXTID="0" UPDATEDATE="2025-11-01" STARTDATE="2025-11-01" ENDDATE="2079-06-06" ISACTUAL="1" ISACTIVE="1" /><HOUSE ID="129437251" OBJECTID="175660296" OBJECTGUID="719e246b-6114-4b8a-a051-1a8214754533" CHANGEID="691580438" HOUSENUM="152" HOUSETYPE="2" OPERTYPEID="10" PREVID="0" NEXTID="0" UPDATEDATE="2025-11-01" STARTDATE="2025-11-01" ENDDATE="2079-06-06" ISACTUAL="1" ISACTIVE="1" /><HOUSE ID="129437252" OBJECTID="175660297" OBJECTGUID="bb841b88-bee5-4dd4-ab3d-34ca22b224e3" CHANGEID="691580439" HOUSENUM="148" HOUSETYPE="2" OPERTYPEID="10" PREVID="0" NEXTID="0" UPDATEDATE="2025-11-01" STARTDATE="2025-11-01" ENDDATE="2079-06-06" ISACTUAL="1" ISACTIVE="1" /><HOUSE ID="129437253" OBJECTID="175660298" OBJECTGUID="59497e90-e772-45d7-9938-b2c4ef188ed2" CHANGEID="691580440" HOUSENUM="131/1" HOUSETYPE="2" OPERTYPEID="10" PREVID="0" NEXTID="0" UPDATEDATE="2025-11-01" STARTDATE="2025-11-01" ENDDATE="2079-06-06" ISACTUAL="1" ISACTIVE="1" /><HOUSE ID="129437254" OBJECTID="175660299" OBJECTGUID="62bf0375-b841-4827-8aaa-e59e82907cc8" CHANGEID="691580441" HOUSENUM="126/2" HOUSETYPE="2" OPERTYPEID="10" PREVID="0" NEXTID="0" UPDATEDATE="2025-11-01" STARTDATE="2025-11-01" ENDDATE="2079-06-06" ISACTUAL="1" ISACTIVE="1" /><HOUSE ID="129437255" OBJECTID="175660300" OBJECTGUID="f44224f1-9f19-4686-8c8d-e8c62ab56fda" CHANGEID="691580442" HOUSENUM="126/1" HOUSETYPE="2" OPERTYPEID="10" PREVID="0" NEXTID="0" UPDATEDATE="2025-11-01" STARTDATE="2025-11-01" ENDDATE="2079-06-06" ISACTUAL="1" ISACTIVE="1" /><HOUSE ID="129437256" OBJECTID="175660301" OBJECTGUID="1fd2289d-80f6-4400-9e42-5adc85397c09" CHANGEID="691580443" HOUSENUM="135/3" HOUSETYPE="2" OPERTYPEID="10" PREVID="0" NEXTID="0" UPDATEDATE="2025-11-01" STARTDATE="2025-11-01" ENDDATE="2079-06-06" ISACTUAL="1" ISACTIVE="1" /><HOUSE ID="129437257" OBJECTID="175660302" OBJECTGUID="ae94b1c4-7ed8-4df3-8f8a-65fc5e376403" CHANGEID="691580444" HOUSENUM="135/1" HOUSETYPE="2" OPERTYPEID="10" PREVID="0" NEXTID="0" UPDATEDATE="2025-11-01" STARTDATE="2025-11-01" ENDDATE="2079-06-06" ISACTUAL="1" ISACTIVE="1" /><HOUSE ID="129437269" OBJECTID="175660345" OBJECTGUID="fcf172d4-9cb9-411a-a6a3-020bb90202ac" CHANGEID="691580495" HOUSENUM="105а/1" HOUSETYPE="2" OPERTYPEID="10" PREVID="0" NEXTID="0" UPDATEDATE="2025-11-01" STARTDATE="2025-11-01" ENDDATE="2079-06-06" ISACTUAL="1" ISACTIVE="1" /><HOUSE ID="129437270" OBJECTID="175660346" OBJECTGUID="76c87767-65d9-4d8d-9c8f-bc0c7d5a6bba" CHANGEID="691580496" HOUSENUM="52/1" HOUSETYPE="2" OPERTYPEID="10" PREVID="0" NEXTID="0" UPDATEDATE="2025-11-01" STARTDATE="2025-11-01" ENDDATE="2079-06-06" ISACTUAL="1" ISACTIVE="1" /><HOUSE ID="129437271" OBJECTID="175660347" OBJECTGUID="2391b57f-a020-49e7-8611-90452814fe96" CHANGEID="691580497" HOUSENUM="63/2" HOUSETYPE="2" OPERTYPEID="10" PREVID="0" NEXTID="0" UPDATEDATE="2025-11-01" STARTDATE="2025-11-01" ENDDATE="2079-06-06" ISACTUAL="1" ISACTIVE="1" /><HOUSE ID="129437272" OBJECTID="175660348" OBJECTGUID="50ae7713-4e70-4a83-ae70-447403be52e2" CHANGEID="691580498" HOUSENUM="63/1" HOUSETYPE="2" OPERTYPEID="10" PREVID="0" NEXTID="0" UPDATEDATE="2025-11-01" STARTDATE="2025-11-01" ENDDATE="2079-06-06" ISACTUAL="1" ISACTIVE="1" /><HOUSE ID="129437273" OBJECTID="175660349" OBJECTGUID="71fdc9b2-43dc-4f10-94de-d095bea58da4" CHANGEID="691580499" HOUSENUM="23/2" HOUSETYPE="2" OPERTYPEID="10" PREVID="0" NEXTID="0" UPDATEDATE="2025-11-01" STARTDATE="2025-11-01" ENDDATE="2079-06-06" ISACTUAL="1" ISACTIVE="1" /><HOUSE ID="129437274" OBJECTID="175660350" OBJECTGUID="b0111a38-380d-4a4b-81f2-49cc857b3708" CHANGEID="691580500" HOUSENUM="23/1" HOUSETYPE="2" OPERTYPEID="10" PREVID="0" NEXTID="0" UPDATEDATE="2025-11-01" STARTDATE="2025-11-01" ENDDATE="2079-06-06" ISACTUAL="1" ISACTIVE="1" /><HOUSE ID="129437275" OBJECTID="175660365" OBJECTGUID="7bb03c40-6020-441c-a6d0-e16f7e442c1e" CHANGEID="691580517" HOUSENUM="21" HOUSETYPE="5" OPERTYPEID="10" PREVID="0" NEXTID="0" UPDATEDATE="2025-11-01" STARTDATE="2025-11-01" ENDDATE="2079-06-06" ISACTUAL="1" ISACTIVE="1" /><HOUSE ID="129437284" OBJECTID="175660387" OBJECTGUID="663e1aa0-8a6e-4722-a787-0ec32f5c49bb" CHANGEID="691580544" HOUSENUM="61" HOUSETYPE="2" OPERTYPEID="10" PREVID="0" NEXTID="0" UPDATEDATE="2025-11-01" STARTDATE="2025-11-01" ENDDATE="2079-06-06" ISACTUAL="1" ISACTIVE="1" /><HOUSE ID="129437285" OBJECTID="175660388" OBJECTGUID="4ef7be3e-78d7-44c1-a7e6-db39998e1f1a" CHANGEID="691580545" HOUSENUM="65а" HOUSETYPE="2" OPERTYPEID="10" PREVID="0" NEXTID="0" UPDATEDATE="2025-11-01" STARTDATE="2025-11-01" ENDDATE="2079-06-06" ISACTUAL="1" ISACTIVE="1" /><HOUSE ID="129437289" OBJECTID="175660407" OBJECTGUID="585a38af-8b02-4a04-b07d-e4e3c0b8bb55" CHANGEID="691580571" HOUSENUM="57/2" HOUSETYPE="2" OPERTYPEID="10" PREVID="0" NEXTID="0" UPDATEDATE="2025-11-01" STARTDATE="2025-11-01" ENDDATE="2079-06-06" ISACTUAL="1" ISACTIVE="1" /><HOUSE ID="129437290" OBJECTID="175660409" OBJECTGUID="7078ba28-44a5-41b1-b40d-0283167b55f5" CHANGEID="691580573" HOUSENUM="57/1" HOUSETYPE="2" OPERTYPEID="10" PREVID="0" NEXTID="0" UPDATEDATE="2025-11-01" STARTDATE="2025-11-01" ENDDATE="2079-06-06" ISACTUAL="1" ISACTIVE="1" /><HOUSE ID="129437302" OBJECTID="175660524" OBJECTGUID="25a4e668-8b39-46d9-ada9-f11d5e3dc97c" CHANGEID="691580711" HOUSENUM="7/5" HOUSETYPE="2" OPERTYPEID="10" PREVID="0" NEXTID="0" UPDATEDATE="2025-11-01" STARTDATE="2025-11-01" ENDDATE="2079-06-06" ISACTUAL="1" ISACTIVE="1" /><HOUSE ID="129437303" OBJECTID="175660526" OBJECTGUID="84d7f715-8ebb-4c9d-a47a-1f195a49f426" CHANGEID="691580713" HOUSENUM="2/26" HOUSETYPE="2" OPERTYPEID="10" PREVID="0" NEXTID="0" UPDATEDATE="2025-11-01" STARTDATE="2025-11-01" ENDDATE="2079-06-06" ISACTUAL="1" ISACTIVE="1" /><HOUSE ID="129437307" OBJECTID="175660548" OBJECTGUID="c9c909c1-f421-4ccb-989f-49d503986640" CHANGEID="691580747" HOUSENUM="3/10Б" HOUSETYPE="2" OPERTYPEID="10" PREVID="0" NEXTID="0" UPDATEDATE="2025-11-01" STARTDATE="2025-11-01" ENDDATE="2079-06-06" ISACTUAL="1" ISACTIVE="1" /><HOUSE ID="129437308" OBJECTID="175660549" OBJECTGUID="5b4674d1-c61a-4b23-8912-0b851e51eeb0" CHANGEID="691580749" HOUSENUM="3/10А" HOUSETYPE="2" OPERTYPEID="10" PREVID="0" NEXTID="0" UPDATEDATE="2025-11-01" STARTDATE="2025-11-01" ENDDATE="2079-06-06" ISACTUAL="1" ISACTIVE="1" /><HOUSE ID="129437309" OBJECTID="175660550" OBJECTGUID="0e2dd206-384d-4f12-832e-0da8d5e82e0f" CHANGEID="691580750" HOUSENUM="2/13" HOUSETYPE="2" OPERTYPEID="10" PREVID="0" NEXTID="0" UPDATEDATE="2025-11-01" STARTDATE="2025-11-01" ENDDATE="2079-06-06" ISACTUAL="1" ISACTIVE="1" /><HOUSE ID="129437310" OBJECTID="175660551" OBJECTGUID="f76b9599-fb4e-47a7-b04b-9d4cb7a05e44" CHANGEID="691580751" HOUSENUM="1/3" HOUSETYPE="2" OPERTYPEID="10" PREVID="0" NEXTID="0" UPDATEDATE="2025-11-01" STARTDATE="2025-11-01" ENDDATE="2079-06-06" ISACTUAL="1" ISACTIVE="1" /><HOUSE ID="129437332" OBJECTID="175660586" OBJECTGUID="3b93ebbf-75d6-4d0e-ab15-26476ef8528d" CHANGEID="691580831" HOUSENUM="2а/1" HOUSETYPE="2" OPERTYPEID="10" PREVID="0" NEXTID="0" UPDATEDATE="2025-11-01" STARTDATE="2025-11-01" ENDDATE="2079-06-06" ISACTUAL="1" ISACTIVE="1" /><HOUSE ID="129437333" OBJECTID="175660587" OBJECTGUID="171b3efa-1ff0-4e2a-a3ed-688b56c1141e" CHANGEID="691580832" HOUSENUM="231/2" HOUSETYPE="2" OPERTYPEID="10" PREVID="0" NEXTID="0" UPDATEDATE="2025-11-01" STARTDATE="2025-11-01" ENDDATE="2079-06-06" ISACTUAL="1" ISACTIVE="1" /><HOUSE ID="129437334" OBJECTID="175660588" OBJECTGUID="2dd342f1-b539-400b-ac22-9f416d4dd8cf" CHANGEID="691580833" HOUSENUM="231/1" HOUSETYPE="2" OPERTYPEID="10" PREVID="0" NEXTID="0" UPDATEDATE="2025-11-01" STARTDATE="2025-11-01" ENDDATE="2079-06-06" ISACTUAL="1" ISACTIVE="1" /><HOUSE ID="129437335" OBJECTID="175660589" OBJECTGUID="b5ddf6d0-09cc-4b56-b37c-a7e55639b89c" CHANGEID="691580834" HOUSENUM="220/1" HOUSETYPE="2" OPERTYPEID="10" PREVID="0" NEXTID="0" UPDATEDATE="2025-11-01" STARTDATE="2025-11-01" ENDDATE="2079-06-06" ISACTUAL="1" ISACTIVE="1" /><HOUSE ID="129437336" OBJECTID="175660590" OBJECTGUID="9da92696-f0b1-404f-be77-8d760697e89a" CHANGEID="691580835" HOUSENUM="206а/1" HOUSETYPE="2" OPERTYPEID="10" PREVID="0" NEXTID="0" UPDATEDATE="2025-11-01" STARTDATE="2025-11-01" ENDDATE="2079-06-06" ISACTUAL="1" ISACTIVE="1" /><HOUSE ID="129437337" OBJECTID="175660591" OBJECTGUID="fd396aad-b66f-48c4-b420-33fda816eebe" CHANGEID="691580836" HOUSENUM="201" HOUSETYPE="2" OPERTYPEID="10" PREVID="0" NEXTID="0" UPDATEDATE="2025-11-01" STARTDATE="2025-11-01" ENDDATE="2079-06-06" ISACTUAL="1" ISACTIVE="1" /><HOUSE ID="129437338" OBJECTID="175660592" OBJECTGUID="17ccce07-a3ef-404b-92b6-4e33e1b6aaa0" CHANGEID="691580837" HOUSENUM="134/4" HOUSETYPE="2" OPERTYPEID="10" PREVID="0" NEXTID="0" UPDATEDATE="2025-11-01" STARTDATE="2025-11-01" ENDDATE="2079-06-06" ISACTUAL="1" ISACTIVE="1" /><HOUSE ID="129437339" OBJECTID="175660593" OBJECTGUID="0ca928ee-d73c-4cc9-aef3-f48ca87a951b" CHANGEID="691580838" HOUSENUM="134/3" HOUSETYPE="2" OPERTYPEID="10" PREVID="0" NEXTID="0" UPDATEDATE="2025-11-01" STARTDATE="2025-11-01" ENDDATE="2079-06-06" ISACTUAL="1" ISACTIVE="1" /><HOUSE ID="129437340" OBJECTID="175660594" OBJECTGUID="fd432f1e-ec1b-47c7-b4f8-a30e784c1d74" CHANGEID="691580839" HOUSENUM="134/2" HOUSETYPE="2" OPERTYPEID="10" PREVID="0" NEXTID="0" UPDATEDATE="2025-11-01" STARTDATE="2025-11-01" ENDDATE="2079-06-06" ISACTUAL="1" ISACTIVE="1" /><HOUSE ID="129437341" OBJECTID="175660595" OBJECTGUID="b876e6b3-9b12-470e-b564-21c8576c2f7c" CHANGEID="691580840" HOUSENUM="134/1" HOUSETYPE="2" OPERTYPEID="10" PREVID="0" NEXTID="0" UPDATEDATE="2025-11-01" STARTDATE="2025-11-01" ENDDATE="2079-06-06" ISACTUAL="1" ISACTIVE="1" /><HOUSE ID="129437342" OBJECTID="175660596" OBJECTGUID="06bbaac8-d87b-40ae-9197-576a7bfb7d54" CHANGEID="691580841" HOUSENUM="139/1" HOUSETYPE="2" OPERTYPEID="10" PREVID="0" NEXTID="0" UPDATEDATE="2025-11-01" STARTDATE="2025-11-01" ENDDATE="2079-06-06" ISACTUAL="1" ISACTIVE="1" /><HOUSE ID="129437343" OBJECTID="175660597" OBJECTGUID="5b2f31fd-fafd-42cc-a8cf-22da5527dea9" CHANGEID="691580842" HOUSENUM="106" HOUSETYPE="2" OPERTYPEID="10" PREVID="0" NEXTID="0" UPDATEDATE="2025-11-01" STARTDATE="2025-11-01" ENDDATE="2079-06-06" ISACTUAL="1" ISACTIVE="1" /><HOUSE ID="129437344" OBJECTID="175660598" OBJECTGUID="95f73809-890a-458c-bdf0-512f1af22cd9" CHANGEID="691580843" HOUSENUM="100/1" HOUSETYPE="2" OPERTYPEID="10" PREVID="0" NEXTID="0" UPDATEDATE="2025-11-01" STARTDATE="2025-11-01" ENDDATE="2079-06-06" ISACTUAL="1" ISACTIVE="1" /><HOUSE ID="129437345" OBJECTID="175660599" OBJECTGUID="3d57ed43-0c89-416f-9c5c-48a679239be9" CHANGEID="691580844" HOUSENUM="99/1" HOUSETYPE="2" OPERTYPEID="10" PREVID="0" NEXTID="0" UPDATEDATE="2025-11-01" STARTDATE="2025-11-01" ENDDATE="2079-06-06" ISACTUAL="1" ISACTIVE="1" /><HOUSE ID="129437346" OBJECTID="175660600" OBJECTGUID="c72a0359-4dc2-4e27-b1ff-856a329c9480" CHANGEID="691580845" HOUSENUM="77а/1" HOUSETYPE="2" OPERTYPEID="10" PREVID="0" NEXTID="0" UPDATEDATE="2025-11-01" STARTDATE="2025-11-01" ENDDATE="2079-06-06" ISACTUAL="1" ISACTIVE="1" /><HOUSE ID="129437347" OBJECTID="175660601" OBJECTGUID="e1666801-6d19-4058-9c80-b914e47d3cc8" CHANGEID="691580846" HOUSENUM="42/2" HOUSETYPE="2" OPERTYPEID="10" PREVID="0" NEXTID="0" UPDATEDATE="2025-11-01" STARTDATE="2025-11-01" ENDDATE="2079-06-06" ISACTUAL="1" ISACTIVE="1" /><HOUSE ID="129437348" OBJECTID="175660602" OBJECTGUID="2702224c-8873-43e3-b257-4c48c7f83436" CHANGEID="691580847" HOUSENUM="42/1" HOUSETYPE="2" OPERTYPEID="10" PREVID="0" NEXTID="0" UPDATEDATE="2025-11-01" STARTDATE="2025-11-01" ENDDATE="2079-06-06" ISACTUAL="1" ISACTIVE="1" /><HOUSE ID="129437560" OBJECTID="175661260" OBJECTGUID="b1ee2829-c541-4053-9b2c-9dd945d55f5c" CHANGEID="691582091" HOUSENUM="2а" HOUSETYPE="2" OPERTYPEID="10" PREVID="0" NEXTID="0" UPDATEDATE="2025-11-01" STARTDATE="2025-11-01" ENDDATE="2079-06-06" ISACTUAL="1" ISACTIVE="1" /><HOUSE ID="129437740" OBJECTID="175661753" OBJECTGUID="f7485a5a-d734-400b-b33a-39d7c0f29c0b" CHANGEID="691582866" HOUSENUM="22" HOUSETYPE="5" OPERTYPEID="10" PREVID="0" NEXTID="0" UPDATEDATE="2025-11-01" STARTDATE="2025-11-01" ENDDATE="2079-06-06" ISACTUAL="1" ISACTIVE="1" /><HOUSE ID="129437761" OBJECTID="175661781" OBJECTGUID="81d792e9-3857-4768-98a6-e47c4eb2407e" CHANGEID="691582919" HOUSENUM="46" HOUSETYPE="5" OPERTYPEID="10" PREVID="0" NEXTID="0" UPDATEDATE="2025-11-01" STARTDATE="2025-11-01" ENDDATE="2079-06-06" ISACTUAL="1" ISACTIVE="1" /><HOUSE ID="129437766" OBJECTID="175661786" OBJECTGUID="0969e81c-bed2-4c09-9076-e5a55b3c6db7" CHANGEID="691582927" HOUSENUM="29" HOUSETYPE="5" OPERTYPEID="10" PREVID="0" NEXTID="0" UPDATEDATE="2025-11-01" STARTDATE="2025-11-01" ENDDATE="2079-06-06" ISACTUAL="1" ISACTIVE="1" /><HOUSE ID="129437767" OBJECTID="175661791" OBJECTGUID="a6d9cde1-1c97-4fac-b4b2-4ff28a7f69fa" CHANGEID="691582937" HOUSENUM="30" HOUSETYPE="5" OPERTYPEID="10" PREVID="0" NEXTID="0" UPDATEDATE="2025-11-01" STARTDATE="2025-11-01" ENDDATE="2079-06-06" ISACTUAL="1" ISACTIVE="1" /><HOUSE ID="129437753" OBJECTID="175661768" OBJECTGUID="c4cc0084-2752-4c03-b3f0-b93af195afd8" CHANGEID="691582894" HOUSENUM="45" HOUSETYPE="5" OPERTYPEID="10" PREVID="0" NEXTID="0" UPDATEDATE="2025-11-01" STARTDATE="2025-11-01" ENDDATE="2079-06-06" ISACTUAL="1" ISACTIVE="1" /><HOUSE ID="129438550" OBJECTID="175663066" OBJECTGUID="1c9c72b6-60c7-486a-bc87-d5eec26c104c" CHANGEID="691585553" HOUSENUM="248" HOUSETYPE="2" OPERTYPEID="10" PREVID="0" NEXTID="0" UPDATEDATE="2025-11-01" STARTDATE="2025-11-01" ENDDATE="2079-06-06" ISACTUAL="1" ISACTIVE="1" /><HOUSE ID="129438571" OBJECTID="175663102" OBJECTGUID="93e2265a-6dc9-4b54-af37-5e8f662e70c1" CHANGEID="691585630" HOUSENUM="1" ADDNUM1="13/1" HOUSETYPE="5" ADDTYPE1="2" OPERTYPEID="10" PREVID="0" NEXTID="0" UPDATEDATE="2025-11-01" STARTDATE="2025-11-01" ENDDATE="2079-06-06" ISACTUAL="1" ISACTIVE="1" /><HOUSE ID="129438577" OBJECTID="175663136" OBJECTGUID="2b351414-e53f-4e20-abe7-fe6820079db1" CHANGEID="691585713" HOUSENUM="1" ADDNUM1="27" HOUSETYPE="5" ADDTYPE1="2" OPERTYPEID="10" PREVID="0" NEXTID="0" UPDATEDATE="2025-11-01" STARTDATE="2025-11-01" ENDDATE="2079-06-06" ISACTUAL="1" ISACTIVE="1" /><HOUSE ID="129438573" OBJECTID="175663109" OBJECTGUID="314cfdc2-72e2-402b-b38e-b4c59685aa58" CHANGEID="691585640" HOUSENUM="1" ADDNUM1="25" HOUSETYPE="5" ADDTYPE1="2" OPERTYPEID="10" PREVID="0" NEXTID="0" UPDATEDATE="2025-11-01" STARTDATE="2025-11-01" ENDDATE="2079-06-06" ISACTUAL="1" ISACTIVE="1" /><HOUSE ID="129438576" OBJECTID="175663134" OBJECTGUID="a416518e-11fe-454e-b785-412ab847cb97" CHANGEID="691585709" HOUSENUM="1" ADDNUM1="26" HOUSETYPE="5" ADDTYPE1="2" OPERTYPEID="10" PREVID="0" NEXTID="0" UPDATEDATE="2025-11-01" STARTDATE="2025-11-01" ENDDATE="2079-06-06" ISACTUAL="1" ISACTIVE="1" /><HOUSE ID="129438578" OBJECTID="175663139" OBJECTGUID="457ce969-8ff6-4ba1-8183-da7207a8f349" CHANGEID="691585716" HOUSENUM="1" ADDNUM1="28" HOUSETYPE="5" ADDTYPE1="2" OPERTYPEID="10" PREVID="0" NEXTID="0" UPDATEDATE="2025-11-01" STARTDATE="2025-11-01" ENDDATE="2079-06-06" ISACTUAL="1" ISACTIVE="1" /><HOUSE ID="129439084" OBJECTID="175665032" OBJECTGUID="2c529995-9430-4573-b5e6-8afe296d84fa" CHANGEID="691589332" HOUSENUM="18/2" HOUSETYPE="2" OPERTYPEID="10" PREVID="0" NEXTID="0" UPDATEDATE="2025-11-01" STARTDATE="2025-11-01" ENDDATE="2079-06-06" ISACTUAL="1" ISACTIVE="1" /><HOUSE ID="129439086" OBJECTID="175665062" OBJECTGUID="f40cf5d8-4770-4bd9-9ca7-59921fa9b459" CHANGEID="691589362" HOUSENUM="306/1" HOUSETYPE="7" OPERTYPEID="10" PREVID="0" NEXTID="0" UPDATEDATE="2025-11-01" STARTDATE="2025-11-01" ENDDATE="2079-06-06" ISACTUAL="1" ISACTIVE="1" /><HOUSE ID="129439087" OBJECTID="175665063" OBJECTGUID="4c7144e5-4f48-4fd6-b483-53432f738960" CHANGEID="691589363" HOUSENUM="306" HOUSETYPE="2" OPERTYPEID="10" PREVID="0" NEXTID="0" UPDATEDATE="2025-11-01" STARTDATE="2025-11-01" ENDDATE="2079-06-06" ISACTUAL="1" ISACTIVE="1" /></HOUSES>