﻿<?xml version="1.0" encoding="utf-8"?><STEADS><STEAD ID="3969782" OBJECTID="88508404" OBJECTGUID="abfe362a-bab0-4a7d-a335-07fc1039da55" CHANGEID="130828839" NUMBER="90" OPERTYPEID="10" NEXTID="74549571" UPDATEDATE="2025-11-01" STARTDATE="1900-01-01" ENDDATE="2025-11-01" ISACTUAL="0" ISACTIVE="0" /><STEAD ID="74516918" OBJECTID="175586968" OBJECTGUID="24452d0f-6ad6-47ba-8ec2-bbb7e7c443c1" CHANGEID="691444460" NUMBER="7/3/3" OPERTYPEID="10" PREVID="0" NEXTID="0" UPDATEDATE="2025-10-30" STARTDATE="2025-10-30" ENDDATE="2079-06-06" ISACTUAL="1" ISACTIVE="1" /><STEAD ID="74516919" OBJECTID="175586969" OBJECTGUID="5b9e9b81-86ab-4057-86bf-5c6ee543e0de" CHANGEID="691444461" NUMBER="7/3/6" OPERTYPEID="10" PREVID="0" NEXTID="0" UPDATEDATE="2025-10-30" STARTDATE="2025-10-30" ENDDATE="2079-06-06" ISACTUAL="1" ISACTIVE="1" /><STEAD ID="74516920" OBJECTID="175586970" OBJECTGUID="815689ca-8fbc-4ba7-842d-890f7a77980c" CHANGEID="691444462" NUMBER="7/3/2" OPERTYPEID="10" PREVID="0" NEXTID="0" UPDATEDATE="2025-10-30" STARTDATE="2025-10-30" ENDDATE="2079-06-06" ISACTUAL="1" ISACTIVE="1" /><STEAD ID="74516921" OBJECTID="175586971" OBJECTGUID="6ffc7ed6-554d-44c3-8fae-1d7a29d1e333" CHANGEID="691444463" NUMBER="7/3/7" OPERTYPEID="10" PREVID="0" NEXTID="0" UPDATEDATE="2025-10-30" STARTDATE="2025-10-30" ENDDATE="2079-06-06" ISACTUAL="1" ISACTIVE="1" /><STEAD ID="74516922" OBJECTID="175586972" OBJECTGUID="abc094b4-111c-4f98-bdbc-9af872b3ccae" CHANGEID="691444464" NUMBER="7/3/14" OPERTYPEID="10" PREVID="0" NEXTID="0" UPDATEDATE="2025-10-30" STARTDATE="2025-10-30" ENDDATE="2079-06-06" ISACTUAL="1" ISACTIVE="1" /><STEAD ID="74516923" OBJECTID="175586973" OBJECTGUID="55b1c837-ae2d-45a0-adb0-88e63a7a5df3" CHANGEID="691444465" NUMBER="7/3/24" OPERTYPEID="10" PREVID="0" NEXTID="0" UPDATEDATE="2025-10-30" STARTDATE="2025-10-30" ENDDATE="2079-06-06" ISACTUAL="1" ISACTIVE="1" /><STEAD ID="74516924" OBJECTID="175586974" OBJECTGUID="68da7485-2dcf-4a4b-a805-a918e5e848eb" CHANGEID="691444466" NUMBER="7/3/19" OPERTYPEID="10" PREVID="0" NEXTID="0" UPDATEDATE="2025-10-30" STARTDATE="2025-10-30" ENDDATE="2079-06-06" ISACTUAL="1" ISACTIVE="1" /><STEAD ID="74516925" OBJECTID="175586975" OBJECTGUID="e8e7a31f-34e5-475f-8b33-d9725ae106d6" CHANGEID="691444467" NUMBER="7/3/22" OPERTYPEID="10" PREVID="0" NEXTID="0" UPDATEDATE="2025-10-30" STARTDATE="2025-10-30" ENDDATE="2079-06-06" ISACTUAL="1" ISACTIVE="1" /><STEAD ID="74516926" OBJECTID="175586976" OBJECTGUID="a693889e-7acd-4c8e-b29e-6feb356b24ef" CHANGEID="691444468" NUMBER="7/3/5" OPERTYPEID="10" PREVID="0" NEXTID="0" UPDATEDATE="2025-10-30" STARTDATE="2025-10-30" ENDDATE="2079-06-06" ISACTUAL="1" ISACTIVE="1" /><STEAD ID="74516927" OBJECTID="175586977" OBJECTGUID="58bc65de-385a-40cc-8a44-c8dd6dfbcc98" CHANGEID="691444469" NUMBER="7/3/23" OPERTYPEID="10" PREVID="0" NEXTID="0" UPDATEDATE="2025-10-30" STARTDATE="2025-10-30" ENDDATE="2079-06-06" ISACTUAL="1" ISACTIVE="1" /><STEAD ID="74516928" OBJECTID="175586978" OBJECTGUID="acd5cc1f-7e81-4668-8af3-fa01ab1fba05" CHANGEID="691444470" NUMBER="7/3/8" OPERTYPEID="10" PREVID="0" NEXTID="0" UPDATEDATE="2025-10-30" STARTDATE="2025-10-30" ENDDATE="2079-06-06" ISACTUAL="1" ISACTIVE="1" /><STEAD ID="74516929" OBJECTID="175586979" OBJECTGUID="cd865f5c-d8ba-4e44-b985-8eea24a2aeb3" CHANGEID="691444471" NUMBER="7/3/10" OPERTYPEID="10" PREVID="0" NEXTID="0" UPDATEDATE="2025-10-30" STARTDATE="2025-10-30" ENDDATE="2079-06-06" ISACTUAL="1" ISACTIVE="1" /><STEAD ID="74516930" OBJECTID="175586980" OBJECTGUID="01a80c40-96c8-47bd-87fc-9479f45cce1a" CHANGEID="691444472" NUMBER="7/3/11" OPERTYPEID="10" PREVID="0" NEXTID="0" UPDATEDATE="2025-10-30" STARTDATE="2025-10-30" ENDDATE="2079-06-06" ISACTUAL="1" ISACTIVE="1" /><STEAD ID="74516931" OBJECTID="175586981" OBJECTGUID="3d199dc5-8262-4c81-8a80-d26b159462dc" CHANGEID="691444473" NUMBER="7/3/12" OPERTYPEID="10" PREVID="0" NEXTID="0" UPDATEDATE="2025-10-30" STARTDATE="2025-10-30" ENDDATE="2079-06-06" ISACTUAL="1" ISACTIVE="1" /><STEAD ID="74516932" OBJECTID="175586982" OBJECTGUID="4a0bdb31-55c3-4040-baa5-9680940083d1" CHANGEID="691444474" NUMBER="7/3/13" OPERTYPEID="10" PREVID="0" NEXTID="0" UPDATEDATE="2025-10-30" STARTDATE="2025-10-30" ENDDATE="2079-06-06" ISACTUAL="1" ISACTIVE="1" /><STEAD ID="74516933" OBJECTID="175586983" OBJECTGUID="8ae44e31-80c9-431b-a5b7-30934649ba6d" CHANGEID="691444475" NUMBER="7/3/18" OPERTYPEID="10" PREVID="0" NEXTID="0" UPDATEDATE="2025-10-30" STARTDATE="2025-10-30" ENDDATE="2079-06-06" ISACTUAL="1" ISACTIVE="1" /><STEAD ID="74516934" OBJECTID="175586984" OBJECTGUID="811ebc2e-8d68-42b5-92fa-2dcaf0729693" CHANGEID="691444476" NUMBER="7/3/20" OPERTYPEID="10" PREVID="0" NEXTID="0" UPDATEDATE="2025-10-30" STARTDATE="2025-10-30" ENDDATE="2079-06-06" ISACTUAL="1" ISACTIVE="1" /><STEAD ID="74516935" OBJECTID="175586985" OBJECTGUID="edf363f0-761f-4cf1-9b51-b9ffd9989830" CHANGEID="691444477" NUMBER="7/3/15" OPERTYPEID="10" PREVID="0" NEXTID="0" UPDATEDATE="2025-10-30" STARTDATE="2025-10-30" ENDDATE="2079-06-06" ISACTUAL="1" ISACTIVE="1" /><STEAD ID="74516936" OBJECTID="175586986" OBJECTGUID="07748fcf-7ed8-424e-b673-66de27f1e758" CHANGEID="691444478" NUMBER="7/3/16" OPERTYPEID="10" PREVID="0" NEXTID="0" UPDATEDATE="2025-10-30" STARTDATE="2025-10-30" ENDDATE="2079-06-06" ISACTUAL="1" ISACTIVE="1" /><STEAD ID="74516937" OBJECTID="175586987" OBJECTGUID="72422fbb-5473-4418-ace8-649b7ea1d5fe" CHANGEID="691444479" NUMBER="7/3/17" OPERTYPEID="10" PREVID="0" NEXTID="0" UPDATEDATE="2025-10-30" STARTDATE="2025-10-30" ENDDATE="2079-06-06" ISACTUAL="1" ISACTIVE="1" /><STEAD ID="74516938" OBJECTID="175586990" OBJECTGUID="59aaedc6-72bb-4e4b-8da7-28ac831bfc82" CHANGEID="691444483" NUMBER="1А/7" OPERTYPEID="10" PREVID="0" NEXTID="0" UPDATEDATE="2025-10-30" STARTDATE="2025-10-30" ENDDATE="2079-06-06" ISACTUAL="1" ISACTIVE="1" /><STEAD ID="74516939" OBJECTID="175586991" OBJECTGUID="a5192686-da57-4d8b-a60d-bbe4e807617d" CHANGEID="691444484" NUMBER="1А/1/1" OPERTYPEID="10" PREVID="0" NEXTID="0" UPDATEDATE="2025-10-30" STARTDATE="2025-10-30" ENDDATE="2079-06-06" ISACTUAL="1" ISACTIVE="1" /><STEAD ID="74516940" OBJECTID="175586992" OBJECTGUID="3f7c511a-d846-45d8-883f-de54e2aa12ef" CHANGEID="691444485" NUMBER="1А/1" OPERTYPEID="10" PREVID="0" NEXTID="0" UPDATEDATE="2025-10-30" STARTDATE="2025-10-30" ENDDATE="2079-06-06" ISACTUAL="1" ISACTIVE="1" /><STEAD ID="74516941" OBJECTID="175586993" OBJECTGUID="4d781ef5-aebb-430e-bd84-42e442caab3e" CHANGEID="691444486" NUMBER="1А/5/1" OPERTYPEID="10" PREVID="0" NEXTID="0" UPDATEDATE="2025-10-30" STARTDATE="2025-10-30" ENDDATE="2079-06-06" ISACTUAL="1" ISACTIVE="1" /><STEAD ID="74516942" OBJECTID="175586994" OBJECTGUID="aa4b3870-cd95-4290-90d2-33eb4b1b2ec9" CHANGEID="691444487" NUMBER="1А/5" OPERTYPEID="10" PREVID="0" NEXTID="0" UPDATEDATE="2025-10-30" STARTDATE="2025-10-30" ENDDATE="2079-06-06" ISACTUAL="1" ISACTIVE="1" /><STEAD ID="74516943" OBJECTID="175586995" OBJECTGUID="86d6d319-ad46-4314-9a46-72f4deb5df63" CHANGEID="691444488" NUMBER="1А/3" OPERTYPEID="10" PREVID="0" NEXTID="0" UPDATEDATE="2025-10-30" STARTDATE="2025-10-30" ENDDATE="2079-06-06" ISACTUAL="1" ISACTIVE="1" /><STEAD ID="74516944" OBJECTID="175586996" OBJECTGUID="f488bf28-c10c-4116-b34d-2da82f118a61" CHANGEID="691444489" NUMBER="1А/7/1" OPERTYPEID="10" PREVID="0" NEXTID="0" UPDATEDATE="2025-10-30" STARTDATE="2025-10-30" ENDDATE="2079-06-06" ISACTUAL="1" ISACTIVE="1" /><STEAD ID="74517074" OBJECTID="175587165" OBJECTGUID="78f3e289-8ce1-41b2-b880-b45c00f0964e" CHANGEID="691444788" NUMBER="25" OPERTYPEID="10" PREVID="0" NEXTID="0" UPDATEDATE="2025-10-30" STARTDATE="2025-10-30" ENDDATE="2079-06-06" ISACTUAL="1" ISACTIVE="1" /><STEAD ID="74517295" OBJECTID="175587530" OBJECTGUID="b4bcf5a6-b8e7-436e-9abf-615094e14e88" CHANGEID="691445366" NUMBER="3/4/4" OPERTYPEID="10" PREVID="0" NEXTID="0" UPDATEDATE="2025-10-30" STARTDATE="2025-10-30" ENDDATE="2079-06-06" ISACTUAL="1" ISACTIVE="1" /><STEAD ID="74517296" OBJECTID="175587531" OBJECTGUID="d73ebe8e-614b-487a-9374-c6dd91ca9264" CHANGEID="691445367" NUMBER="3/4/6" OPERTYPEID="10" PREVID="0" NEXTID="0" UPDATEDATE="2025-10-30" STARTDATE="2025-10-30" ENDDATE="2079-06-06" ISACTUAL="1" ISACTIVE="1" /><STEAD ID="74517297" OBJECTID="175587532" OBJECTGUID="2f9652a3-c894-435d-9fe7-3982cdbb3037" CHANGEID="691445368" NUMBER="3/4/25" OPERTYPEID="10" PREVID="0" NEXTID="0" UPDATEDATE="2025-10-30" STARTDATE="2025-10-30" ENDDATE="2079-06-06" ISACTUAL="1" ISACTIVE="1" /><STEAD ID="74517298" OBJECTID="175587533" OBJECTGUID="8b4e95e1-48e7-4c05-89cc-dbca14570eb1" CHANGEID="691445369" NUMBER="3/4/1" OPERTYPEID="10" PREVID="0" NEXTID="0" UPDATEDATE="2025-10-30" STARTDATE="2025-10-30" ENDDATE="2079-06-06" ISACTUAL="1" ISACTIVE="1" /><STEAD ID="74517299" OBJECTID="175587534" OBJECTGUID="a1e8b33f-a0ae-4b30-8587-da078ccde394" CHANGEID="691445370" NUMBER="3/4/10" OPERTYPEID="10" PREVID="0" NEXTID="0" UPDATEDATE="2025-10-30" STARTDATE="2025-10-30" ENDDATE="2079-06-06" ISACTUAL="1" ISACTIVE="1" /><STEAD ID="74517300" OBJECTID="175587535" OBJECTGUID="33bd0310-9770-4317-b2b7-c69650a1ada9" CHANGEID="691445371" NUMBER="3/4/5" OPERTYPEID="10" PREVID="0" NEXTID="0" UPDATEDATE="2025-10-30" STARTDATE="2025-10-30" ENDDATE="2079-06-06" ISACTUAL="1" ISACTIVE="1" /><STEAD ID="74517301" OBJECTID="175587536" OBJECTGUID="139f5b16-a2f4-4edb-b1a9-d0527baea8fd" CHANGEID="691445372" NUMBER="3/4/2" OPERTYPEID="10" PREVID="0" NEXTID="0" UPDATEDATE="2025-10-30" STARTDATE="2025-10-30" ENDDATE="2079-06-06" ISACTUAL="1" ISACTIVE="1" /><STEAD ID="74517302" OBJECTID="175587537" OBJECTGUID="71a7acde-c850-43ad-a82c-f1d593d35c24" CHANGEID="691445373" NUMBER="3/4/23" OPERTYPEID="10" PREVID="0" NEXTID="0" UPDATEDATE="2025-10-30" STARTDATE="2025-10-30" ENDDATE="2079-06-06" ISACTUAL="1" ISACTIVE="1" /><STEAD ID="74517303" OBJECTID="175587538" OBJECTGUID="0e967728-d2be-4fbf-926f-5bc31fd87314" CHANGEID="691445374" NUMBER="3/4/7" OPERTYPEID="10" PREVID="0" NEXTID="0" UPDATEDATE="2025-10-30" STARTDATE="2025-10-30" ENDDATE="2079-06-06" ISACTUAL="1" ISACTIVE="1" /><STEAD ID="74517305" OBJECTID="175587546" OBJECTGUID="66818bfb-857c-432d-8167-354f220d6c0b" CHANGEID="691445383" NUMBER="7/9" OPERTYPEID="10" PREVID="0" NEXTID="0" UPDATEDATE="2025-10-30" STARTDATE="2025-10-30" ENDDATE="2079-06-06" ISACTUAL="1" ISACTIVE="1" /><STEAD ID="74517306" OBJECTID="175587547" OBJECTGUID="120d2bb0-9407-495c-a04e-5eda0ffe5ccb" CHANGEID="691445384" NUMBER="3/5/45" OPERTYPEID="10" PREVID="0" NEXTID="0" UPDATEDATE="2025-10-30" STARTDATE="2025-10-30" ENDDATE="2079-06-06" ISACTUAL="1" ISACTIVE="1" /><STEAD ID="74517307" OBJECTID="175587548" OBJECTGUID="ca8d2716-0d47-4dae-be45-13489b4225b2" CHANGEID="691445385" NUMBER="7/4" OPERTYPEID="10" PREVID="0" NEXTID="0" UPDATEDATE="2025-10-30" STARTDATE="2025-10-30" ENDDATE="2079-06-06" ISACTUAL="1" ISACTIVE="1" /><STEAD ID="74517308" OBJECTID="175587549" OBJECTGUID="da27f0de-b453-49d6-9c24-4537e7233c07" CHANGEID="691445386" NUMBER="3" OPERTYPEID="10" PREVID="0" NEXTID="0" UPDATEDATE="2025-10-30" STARTDATE="2025-10-30" ENDDATE="2079-06-06" ISACTUAL="1" ISACTIVE="1" /><STEAD ID="74517309" OBJECTID="175587550" OBJECTGUID="657cd831-81cf-4f29-b32d-87a64e582912" CHANGEID="691445387" NUMBER="1/8" OPERTYPEID="10" PREVID="0" NEXTID="0" UPDATEDATE="2025-10-30" STARTDATE="2025-10-30" ENDDATE="2079-06-06" ISACTUAL="1" ISACTIVE="1" /><STEAD ID="74517310" OBJECTID="175587551" OBJECTGUID="8eae9c19-a7be-4a9b-aa0a-a6ee2e578690" CHANGEID="691445388" NUMBER="1/2" OPERTYPEID="10" PREVID="0" NEXTID="0" UPDATEDATE="2025-10-30" STARTDATE="2025-10-30" ENDDATE="2079-06-06" ISACTUAL="1" ISACTIVE="1" /><STEAD ID="74517311" OBJECTID="175587552" OBJECTGUID="63dbc8dc-5058-41c6-9392-aba31b11b798" CHANGEID="691445389" NUMBER="7/5/6" OPERTYPEID="10" PREVID="0" NEXTID="0" UPDATEDATE="2025-10-30" STARTDATE="2025-10-30" ENDDATE="2079-06-06" ISACTUAL="1" ISACTIVE="1" /><STEAD ID="74517312" OBJECTID="175587553" OBJECTGUID="03d51eb2-6c41-4cd2-9dd1-048e6d37b1ad" CHANGEID="691445390" NUMBER="7/10" OPERTYPEID="10" PREVID="0" NEXTID="0" UPDATEDATE="2025-10-30" STARTDATE="2025-10-30" ENDDATE="2079-06-06" ISACTUAL="1" ISACTIVE="1" /><STEAD ID="74517313" OBJECTID="175587554" OBJECTGUID="be8fe05a-c151-4b48-a23c-432fb083f046" CHANGEID="691445391" NUMBER="3/5/43" OPERTYPEID="10" PREVID="0" NEXTID="0" UPDATEDATE="2025-10-30" STARTDATE="2025-10-30" ENDDATE="2079-06-06" ISACTUAL="1" ISACTIVE="1" /><STEAD ID="74517314" OBJECTID="175587555" OBJECTGUID="e1446e9f-fc10-4132-8bfc-f2f2b03cd3e9" CHANGEID="691445392" NUMBER="7/2" OPERTYPEID="10" PREVID="0" NEXTID="0" UPDATEDATE="2025-10-30" STARTDATE="2025-10-30" ENDDATE="2079-06-06" ISACTUAL="1" ISACTIVE="1" /><STEAD ID="74517315" OBJECTID="175587556" OBJECTGUID="c20444b9-179b-4eae-b06d-71e976ef4c55" CHANGEID="691445393" NUMBER="7В" OPERTYPEID="10" PREVID="0" NEXTID="0" UPDATEDATE="2025-10-30" STARTDATE="2025-10-30" ENDDATE="2079-06-06" ISACTUAL="1" ISACTIVE="1" /><STEAD ID="73453931" OBJECTID="173556258" OBJECTGUID="bb935f25-b08f-4cc6-a884-52eedf211a76" CHANGEID="655858328" NUMBER="27б/2/71" OPERTYPEID="10" PREVID="0" NEXTID="74517625" UPDATEDATE="2025-10-30" STARTDATE="2025-07-22" ENDDATE="2025-10-30" ISACTUAL="0" ISACTIVE="0" /><STEAD ID="74517625" OBJECTID="173556258" OBJECTGUID="bb935f25-b08f-4cc6-a884-52eedf211a76" CHANGEID="691446168" NUMBER="29б/2/71" OPERTYPEID="20" PREVID="73453931" UPDATEDATE="2025-10-30" STARTDATE="2025-10-30" ENDDATE="2079-06-06" ISACTUAL="1" ISACTIVE="1" /><STEAD ID="74521143" OBJECTID="175594833" OBJECTGUID="9c4d677f-7489-4191-8a08-8c3ee3d51667" CHANGEID="691458543" NUMBER="61а/18/503" OPERTYPEID="10" PREVID="0" NEXTID="0" UPDATEDATE="2025-10-30" STARTDATE="2025-10-30" ENDDATE="2079-06-06" ISACTUAL="1" ISACTIVE="1" /><STEAD ID="74521208" OBJECTID="175594914" OBJECTGUID="c4b64cc4-ce9b-49d4-b4da-c4483b8f163c" CHANGEID="691458670" NUMBER="204" OPERTYPEID="10" PREVID="0" NEXTID="0" UPDATEDATE="2025-10-30" STARTDATE="2025-10-30" ENDDATE="2079-06-06" ISACTUAL="1" ISACTIVE="1" /><STEAD ID="74524731" OBJECTID="175601950" OBJECTGUID="875a31ec-cd8f-44b5-996f-ff485fd015f2" CHANGEID="691470660" NUMBER="17" OPERTYPEID="10" PREVID="0" NEXTID="0" UPDATEDATE="2025-10-30" STARTDATE="2025-10-30" ENDDATE="2079-06-06" ISACTUAL="1" ISACTIVE="1" /><STEAD ID="74524705" OBJECTID="175601911" OBJECTGUID="8aae0d84-642f-42dc-b74b-79d6feb4e062" CHANGEID="691470613" NUMBER="25" OPERTYPEID="10" PREVID="0" NEXTID="0" UPDATEDATE="2025-10-30" STARTDATE="2025-10-30" ENDDATE="2079-06-06" ISACTUAL="1" ISACTIVE="1" /><STEAD ID="74526588" OBJECTID="175604889" OBJECTGUID="7cc94aa1-efa8-4abe-a5e8-5251f8e9286a" CHANGEID="691475381" NUMBER="282" OPERTYPEID="10" PREVID="0" NEXTID="0" UPDATEDATE="2025-10-30" STARTDATE="2025-10-30" ENDDATE="2079-06-06" ISACTUAL="1" ISACTIVE="1" /><STEAD ID="74526593" OBJECTID="175604896" OBJECTGUID="060eaa5b-2b03-43d7-831e-6be83b33a2aa" CHANGEID="691475390" NUMBER="29/1" OPERTYPEID="10" PREVID="0" NEXTID="0" UPDATEDATE="2025-10-30" STARTDATE="2025-10-30" ENDDATE="2079-06-06" ISACTUAL="1" ISACTIVE="1" /><STEAD ID="74526594" OBJECTID="175604897" OBJECTGUID="49fdc3b6-bf97-4ca2-bb9a-c5e3ddd028bd" CHANGEID="691475391" NUMBER="27А" OPERTYPEID="10" PREVID="0" NEXTID="0" UPDATEDATE="2025-10-30" STARTDATE="2025-10-30" ENDDATE="2079-06-06" ISACTUAL="1" ISACTIVE="1" /><STEAD ID="74526595" OBJECTID="175604898" OBJECTGUID="a164dd88-69b0-413c-9279-8f214de73873" CHANGEID="691475392" NUMBER="29/3" OPERTYPEID="10" PREVID="0" NEXTID="0" UPDATEDATE="2025-10-30" STARTDATE="2025-10-30" ENDDATE="2079-06-06" ISACTUAL="1" ISACTIVE="1" /><STEAD ID="74526596" OBJECTID="175604899" OBJECTGUID="14b451d5-ae6e-4996-9f48-0f2b296f744e" CHANGEID="691475393" NUMBER="29/2" OPERTYPEID="10" PREVID="0" NEXTID="0" UPDATEDATE="2025-10-30" STARTDATE="2025-10-30" ENDDATE="2079-06-06" ISACTUAL="1" ISACTIVE="1" /><STEAD ID="74526597" OBJECTID="175604900" OBJECTGUID="31507863-0903-41b7-998a-f96c258f0d90" CHANGEID="691475394" NUMBER="25" OPERTYPEID="10" PREVID="0" NEXTID="0" UPDATEDATE="2025-10-30" STARTDATE="2025-10-30" ENDDATE="2079-06-06" ISACTUAL="1" ISACTIVE="1" /><STEAD ID="74526598" OBJECTID="175604901" OBJECTGUID="159f65e3-df9f-4fda-99a5-b7720e1661da" CHANGEID="691475395" NUMBER="25/1" OPERTYPEID="10" PREVID="0" NEXTID="0" UPDATEDATE="2025-10-30" STARTDATE="2025-10-30" ENDDATE="2079-06-06" ISACTUAL="1" ISACTIVE="1" /><STEAD ID="74526599" OBJECTID="175604902" OBJECTGUID="aa04b666-a8c8-4993-8897-029e2e779f8e" CHANGEID="691475396" NUMBER="27" OPERTYPEID="10" PREVID="0" NEXTID="0" UPDATEDATE="2025-10-30" STARTDATE="2025-10-30" ENDDATE="2079-06-06" ISACTUAL="1" ISACTIVE="1" /><STEAD ID="74526600" OBJECTID="175604903" OBJECTGUID="863090c8-c82e-411f-9f87-f138b9786146" CHANGEID="691475397" NUMBER="31/4" OPERTYPEID="10" PREVID="0" NEXTID="0" UPDATEDATE="2025-10-30" STARTDATE="2025-10-30" ENDDATE="2079-06-06" ISACTUAL="1" ISACTIVE="1" /><STEAD ID="74526601" OBJECTID="175604904" OBJECTGUID="edc664b0-8b14-4e12-9a1a-a9e1b4ae673a" CHANGEID="691475398" NUMBER="31" OPERTYPEID="10" PREVID="0" NEXTID="0" UPDATEDATE="2025-10-30" STARTDATE="2025-10-30" ENDDATE="2079-06-06" ISACTUAL="1" ISACTIVE="1" /><STEAD ID="74526602" OBJECTID="175604905" OBJECTGUID="d5ba27ec-a1c7-4f00-b9bd-2968cfe216d4" CHANGEID="691475399" NUMBER="31/11" OPERTYPEID="10" PREVID="0" NEXTID="0" UPDATEDATE="2025-10-30" STARTDATE="2025-10-30" ENDDATE="2079-06-06" ISACTUAL="1" ISACTIVE="1" /><STEAD ID="74526603" OBJECTID="175604906" OBJECTGUID="c031ff05-a2f3-46dc-8096-9e3ea134878c" CHANGEID="691475400" NUMBER="31А" OPERTYPEID="10" PREVID="0" NEXTID="0" UPDATEDATE="2025-10-30" STARTDATE="2025-10-30" ENDDATE="2079-06-06" ISACTUAL="1" ISACTIVE="1" /><STEAD ID="74526604" OBJECTID="175604907" OBJECTGUID="b0f108da-a6e2-4a5a-a7ff-825e6a80a31c" CHANGEID="691475401" NUMBER="31Б" OPERTYPEID="10" PREVID="0" NEXTID="0" UPDATEDATE="2025-10-30" STARTDATE="2025-10-30" ENDDATE="2079-06-06" ISACTUAL="1" ISACTIVE="1" /><STEAD ID="74526605" OBJECTID="175604908" OBJECTGUID="d7388a38-b584-4f8b-8d36-c9131542becc" CHANGEID="691475402" NUMBER="25А" OPERTYPEID="10" PREVID="0" NEXTID="0" UPDATEDATE="2025-10-30" STARTDATE="2025-10-30" ENDDATE="2079-06-06" ISACTUAL="1" ISACTIVE="1" /><STEAD ID="74526693" OBJECTID="175605006" OBJECTGUID="8bd883cf-58ae-4e6c-9c77-9d6aefaeb5cc" CHANGEID="691475682" NUMBER="9" OPERTYPEID="10" PREVID="0" NEXTID="0" UPDATEDATE="2025-10-30" STARTDATE="2025-10-30" ENDDATE="2079-06-06" ISACTUAL="1" ISACTIVE="1" /><STEAD ID="74526714" OBJECTID="175605035" OBJECTGUID="eccf8c23-889b-49c7-9c15-71d66046fbd0" CHANGEID="691475719" NUMBER="11/1" OPERTYPEID="10" PREVID="0" NEXTID="0" UPDATEDATE="2025-10-30" STARTDATE="2025-10-30" ENDDATE="2079-06-06" ISACTUAL="1" ISACTIVE="1" /><STEAD ID="74526720" OBJECTID="175605041" OBJECTGUID="3e421376-b5f6-4aad-9269-96be52225d87" CHANGEID="691475727" NUMBER="11/2" OPERTYPEID="10" PREVID="0" NEXTID="0" UPDATEDATE="2025-10-30" STARTDATE="2025-10-30" ENDDATE="2079-06-06" ISACTUAL="1" ISACTIVE="1" /><STEAD ID="74526751" OBJECTID="169992894" OBJECTGUID="7f84c35f-b913-4dee-a5d6-3ec3235fa1ce" CHANGEID="691475763" NUMBER="1" OPERTYPEID="30" PREVID="71467507" NEXTID="0" UPDATEDATE="2025-10-30" STARTDATE="2025-10-30" ENDDATE="2079-06-06" ISACTUAL="1" ISACTIVE="0" /><STEAD ID="71467507" OBJECTID="169992894" OBJECTGUID="7f84c35f-b913-4dee-a5d6-3ec3235fa1ce" CHANGEID="635233308" NUMBER="1" OPERTYPEID="10" PREVID="0" NEXTID="74526751" UPDATEDATE="2025-10-30" STARTDATE="2025-02-04" ENDDATE="2025-10-30" ISACTUAL="0" ISACTIVE="0" /><STEAD ID="74527639" OBJECTID="175606876" OBJECTGUID="5b0b7f78-de1a-4be4-8c20-788ad9479020" CHANGEID="691478455" NUMBER="92" OPERTYPEID="10" PREVID="0" NEXTID="0" UPDATEDATE="2025-10-30" STARTDATE="2025-10-30" ENDDATE="2079-06-06" ISACTUAL="1" ISACTIVE="1" /><STEAD ID="74527650" OBJECTID="175606888" OBJECTGUID="303672a0-1acc-449e-a403-52eeb9b170b6" CHANGEID="691478475" NUMBER="60" OPERTYPEID="10" PREVID="0" NEXTID="0" UPDATEDATE="2025-10-30" STARTDATE="2025-10-30" ENDDATE="2079-06-06" ISACTUAL="1" ISACTIVE="1" /><STEAD ID="74533269" OBJECTID="175618546" OBJECTGUID="a1df67f4-a473-431b-a6a9-68fbc24ac4f4" CHANGEID="691498621" NUMBER="26" OPERTYPEID="10" PREVID="0" NEXTID="0" UPDATEDATE="2025-10-31" STARTDATE="2025-10-31" ENDDATE="2079-06-06" ISACTUAL="1" ISACTIVE="1" /><STEAD ID="74533354" OBJECTID="175618624" OBJECTGUID="98ffd5a3-63af-4a22-94e9-13029a82bbf2" CHANGEID="691498723" NUMBER="10" OPERTYPEID="10" PREVID="0" NEXTID="0" UPDATEDATE="2025-10-31" STARTDATE="2025-10-31" ENDDATE="2079-06-06" ISACTUAL="1" ISACTIVE="1" /><STEAD ID="74533381" OBJECTID="175618651" OBJECTGUID="fdb61f5f-126a-468a-8d9f-7503230e6a96" CHANGEID="691498755" NUMBER="22" OPERTYPEID="10" PREVID="0" NEXTID="0" UPDATEDATE="2025-10-31" STARTDATE="2025-10-31" ENDDATE="2079-06-06" ISACTUAL="1" ISACTIVE="1" /><STEAD ID="74533382" OBJECTID="175618652" OBJECTGUID="a9b51dcd-66ad-4151-a9a6-d32f702c4ef8" CHANGEID="691498756" NUMBER="16" OPERTYPEID="10" PREVID="0" NEXTID="0" UPDATEDATE="2025-10-31" STARTDATE="2025-10-31" ENDDATE="2079-06-06" ISACTUAL="1" ISACTIVE="1" /><STEAD ID="74533721" OBJECTID="175619563" OBJECTGUID="aa9ac54b-2dce-4065-8e03-2dc8e6009a4d" CHANGEID="691499972" NUMBER="14" OPERTYPEID="10" PREVID="0" NEXTID="0" UPDATEDATE="2025-10-31" STARTDATE="2025-10-31" ENDDATE="2079-06-06" ISACTUAL="1" ISACTIVE="1" /><STEAD ID="74536547" OBJECTID="175623872" OBJECTGUID="b113c86f-bb99-4d79-b9f5-49f17222afca" CHANGEID="691507185" NUMBER="2Г" OPERTYPEID="10" PREVID="0" NEXTID="0" UPDATEDATE="2025-10-31" STARTDATE="2025-10-31" ENDDATE="2079-06-06" ISACTUAL="1" ISACTIVE="1" /><STEAD ID="74537568" OBJECTID="175625586" OBJECTGUID="dea557bc-6741-4086-b30a-a99fe50dcc94" CHANGEID="691510106" NUMBER="6" OPERTYPEID="10" PREVID="0" NEXTID="0" UPDATEDATE="2025-10-31" STARTDATE="2025-10-31" ENDDATE="2079-06-06" ISACTUAL="1" ISACTIVE="1" /><STEAD ID="74541330" OBJECTID="175634375" OBJECTGUID="45ea4998-f496-410e-9120-be4d7fdbc920" CHANGEID="691523273" NUMBER="2Б" OPERTYPEID="10" PREVID="0" NEXTID="0" UPDATEDATE="2025-10-31" STARTDATE="2025-10-31" ENDDATE="2079-06-06" ISACTUAL="1" ISACTIVE="1" /><STEAD ID="74541504" OBJECTID="175634766" OBJECTGUID="1fbbec14-9ea4-41a8-8281-9c2dadf8c733" CHANGEID="691523976" NUMBER="164" OPERTYPEID="10" PREVID="0" NEXTID="0" UPDATEDATE="2025-10-31" STARTDATE="2025-10-31" ENDDATE="2079-06-06" ISACTUAL="1" ISACTIVE="1" /><STEAD ID="74541573" OBJECTID="175634884" OBJECTGUID="f58d1d6a-7e75-4609-92ac-da0ffa2352e0" CHANGEID="691524223" NUMBER="291" OPERTYPEID="10" PREVID="0" NEXTID="0" UPDATEDATE="2025-10-31" STARTDATE="2025-10-31" ENDDATE="2079-06-06" ISACTUAL="1" ISACTIVE="1" /><STEAD ID="74541700" OBJECTID="175635208" OBJECTGUID="4ffd4a6a-7421-4e3f-b6b0-a8f6529d0cfc" CHANGEID="691524691" NUMBER="47" OPERTYPEID="10" PREVID="0" NEXTID="0" UPDATEDATE="2025-10-31" STARTDATE="2025-10-31" ENDDATE="2079-06-06" ISACTUAL="1" ISACTIVE="1" /><STEAD ID="74541735" OBJECTID="175635300" OBJECTGUID="c64ea556-4d8e-477d-befa-5f8d627341e4" CHANGEID="691524817" NUMBER="49/9/743" OPERTYPEID="10" PREVID="0" NEXTID="0" UPDATEDATE="2025-10-31" STARTDATE="2025-10-31" ENDDATE="2079-06-06" ISACTUAL="1" ISACTIVE="1" /><STEAD ID="74541707" OBJECTID="175635228" OBJECTGUID="cd6c3036-cbc5-4f5c-8858-307e03822f1e" CHANGEID="691524719" NUMBER="16а" OPERTYPEID="10" PREVID="0" NEXTID="0" UPDATEDATE="2025-10-31" STARTDATE="2025-10-31" ENDDATE="2079-06-06" ISACTUAL="1" ISACTIVE="1" /><STEAD ID="74541727" OBJECTID="175635275" OBJECTGUID="81452d8f-e14f-4f6c-ab7a-99d5c0ccc62e" CHANGEID="691524784" NUMBER="37" OPERTYPEID="10" PREVID="0" NEXTID="0" UPDATEDATE="2025-10-31" STARTDATE="2025-10-31" ENDDATE="2079-06-06" ISACTUAL="1" ISACTIVE="1" /><STEAD ID="74541753" OBJECTID="175635330" OBJECTGUID="10bd4ef2-8024-4155-b0a4-c7b9c5682758" CHANGEID="691524857" NUMBER="10" OPERTYPEID="10" PREVID="0" NEXTID="0" UPDATEDATE="2025-10-31" STARTDATE="2025-10-31" ENDDATE="2079-06-06" ISACTUAL="1" ISACTIVE="1" /><STEAD ID="74541771" OBJECTID="175635355" OBJECTGUID="1c1abe69-dae8-4288-991a-f10a4ebe4746" CHANGEID="691524886" NUMBER="262" OPERTYPEID="10" PREVID="0" NEXTID="0" UPDATEDATE="2025-10-31" STARTDATE="2025-10-31" ENDDATE="2079-06-06" ISACTUAL="1" ISACTIVE="1" /><STEAD ID="74547206" OBJECTID="175645584" OBJECTGUID="d654d230-d2fa-4b34-9ed4-3317dab5915c" CHANGEID="691557430" NUMBER="2/12" OPERTYPEID="10" PREVID="0" NEXTID="0" UPDATEDATE="2025-11-01" STARTDATE="2025-11-01" ENDDATE="2079-06-06" ISACTUAL="1" ISACTIVE="1" /><STEAD ID="74547211" OBJECTID="175645601" OBJECTGUID="ff556213-b5c5-4788-8053-8e528ca27039" CHANGEID="691557452" NUMBER="3/2" OPERTYPEID="10" PREVID="0" NEXTID="0" UPDATEDATE="2025-11-01" STARTDATE="2025-11-01" ENDDATE="2079-06-06" ISACTUAL="1" ISACTIVE="1" /><STEAD ID="74547212" OBJECTID="175645602" OBJECTGUID="72dfe999-31e9-4a51-baf5-a919ffef1d05" CHANGEID="691557453" NUMBER="3/1" OPERTYPEID="10" PREVID="0" NEXTID="0" UPDATEDATE="2025-11-01" STARTDATE="2025-11-01" ENDDATE="2079-06-06" ISACTUAL="1" ISACTIVE="1" /><STEAD ID="74547207" OBJECTID="175645593" OBJECTGUID="000c464b-8561-4d02-94de-39a2b1e081dd" CHANGEID="691557439" NUMBER="7" OPERTYPEID="10" PREVID="0" NEXTID="0" UPDATEDATE="2025-11-01" STARTDATE="2025-11-01" ENDDATE="2079-06-06" ISACTUAL="1" ISACTIVE="1" /><STEAD ID="74547672" OBJECTID="175646450" OBJECTGUID="a7cd5241-98ae-48b1-9b5a-5229cc840622" CHANGEID="691559321" NUMBER="165" OPERTYPEID="10" PREVID="0" NEXTID="0" UPDATEDATE="2025-11-01" STARTDATE="2025-11-01" ENDDATE="2079-06-06" ISACTUAL="1" ISACTIVE="1" /><STEAD ID="74547674" OBJECTID="175646452" OBJECTGUID="7d7932d1-d0b9-4672-84d4-aaf22b0ad75b" CHANGEID="691559323" NUMBER="20" OPERTYPEID="10" PREVID="0" NEXTID="0" UPDATEDATE="2025-11-01" STARTDATE="2025-11-01" ENDDATE="2079-06-06" ISACTUAL="1" ISACTIVE="1" /><STEAD ID="74547677" OBJECTID="175646455" OBJECTGUID="168a465e-e9c3-47ac-a1f9-d73955179c17" CHANGEID="691559329" NUMBER="43" OPERTYPEID="10" PREVID="0" NEXTID="0" UPDATEDATE="2025-11-01" STARTDATE="2025-11-01" ENDDATE="2079-06-06" ISACTUAL="1" ISACTIVE="1" /><STEAD ID="74547681" OBJECTID="175646459" OBJECTGUID="282d5d6f-95f7-4e79-a446-8d8eb82c15a1" CHANGEID="691559336" NUMBER="112а" OPERTYPEID="10" PREVID="0" NEXTID="0" UPDATEDATE="2025-11-01" STARTDATE="2025-11-01" ENDDATE="2079-06-06" ISACTUAL="1" ISACTIVE="1" /><STEAD ID="74547987" OBJECTID="175647029" OBJECTGUID="39f46ece-c161-4a0b-b349-d824443eab6b" CHANGEID="691560493" NUMBER="30" OPERTYPEID="10" PREVID="0" NEXTID="0" UPDATEDATE="2025-11-01" STARTDATE="2025-11-01" ENDDATE="2079-06-06" ISACTUAL="1" ISACTIVE="1" /><STEAD ID="74547977" OBJECTID="175647018" OBJECTGUID="873c6040-ff99-4638-b5e1-2d8bf3f3653a" CHANGEID="691560468" NUMBER="46" OPERTYPEID="10" PREVID="0" NEXTID="0" UPDATEDATE="2025-11-01" STARTDATE="2025-11-01" ENDDATE="2079-06-06" ISACTUAL="1" ISACTIVE="1" /><STEAD ID="74547978" OBJECTID="175647019" OBJECTGUID="9ca2047d-fdb7-40b2-9e27-56eb5cecf5a9" CHANGEID="691560469" NUMBER="52" OPERTYPEID="10" PREVID="0" NEXTID="0" UPDATEDATE="2025-11-01" STARTDATE="2025-11-01" ENDDATE="2079-06-06" ISACTUAL="1" ISACTIVE="1" /><STEAD ID="74547979" OBJECTID="175647020" OBJECTGUID="d479bc5a-33db-443c-9eb7-397d0bae3a3a" CHANGEID="691560470" NUMBER="50" OPERTYPEID="10" PREVID="0" NEXTID="0" UPDATEDATE="2025-11-01" STARTDATE="2025-11-01" ENDDATE="2079-06-06" ISACTUAL="1" ISACTIVE="1" /><STEAD ID="74547980" OBJECTID="175647021" OBJECTGUID="03635a6b-a392-4df0-b2be-54e9fc878c93" CHANGEID="691560471" NUMBER="44" OPERTYPEID="10" PREVID="0" NEXTID="0" UPDATEDATE="2025-11-01" STARTDATE="2025-11-01" ENDDATE="2079-06-06" ISACTUAL="1" ISACTIVE="1" /><STEAD ID="74547981" OBJECTID="175647022" OBJECTGUID="5c4dcad4-8ce8-4a18-be88-b7af3a4ca002" CHANGEID="691560472" NUMBER="30" OPERTYPEID="10" PREVID="0" NEXTID="0" UPDATEDATE="2025-11-01" STARTDATE="2025-11-01" ENDDATE="2079-06-06" ISACTUAL="1" ISACTIVE="1" /><STEAD ID="74547982" OBJECTID="175647023" OBJECTGUID="11d2e2c4-25fe-486c-9d45-d3b2696cc27d" CHANGEID="691560473" NUMBER="42" OPERTYPEID="10" PREVID="0" NEXTID="0" UPDATEDATE="2025-11-01" STARTDATE="2025-11-01" ENDDATE="2079-06-06" ISACTUAL="1" ISACTIVE="1" /><STEAD ID="74547983" OBJECTID="175647024" OBJECTGUID="510154eb-a3db-414b-a6f9-963203c20350" CHANGEID="691560474" NUMBER="40" OPERTYPEID="10" PREVID="0" NEXTID="0" UPDATEDATE="2025-11-01" STARTDATE="2025-11-01" ENDDATE="2079-06-06" ISACTUAL="1" ISACTIVE="1" /><STEAD ID="74547984" OBJECTID="175647025" OBJECTGUID="2eb89fbe-c6a8-49db-9ccd-72725ab2b3b5" CHANGEID="691560475" NUMBER="38" OPERTYPEID="10" PREVID="0" NEXTID="0" UPDATEDATE="2025-11-01" STARTDATE="2025-11-01" ENDDATE="2079-06-06" ISACTUAL="1" ISACTIVE="1" /><STEAD ID="74547985" OBJECTID="175647026" OBJECTGUID="2e1106bf-29fc-4208-ab1d-06785a1bda00" CHANGEID="691560476" NUMBER="34" OPERTYPEID="10" PREVID="0" NEXTID="0" UPDATEDATE="2025-11-01" STARTDATE="2025-11-01" ENDDATE="2079-06-06" ISACTUAL="1" ISACTIVE="1" /><STEAD ID="74547986" OBJECTID="175647027" OBJECTGUID="3b661d7e-e3a3-424c-802a-d8ab518dc435" CHANGEID="691560477" NUMBER="32" OPERTYPEID="10" PREVID="0" NEXTID="0" UPDATEDATE="2025-11-01" STARTDATE="2025-11-01" ENDDATE="2079-06-06" ISACTUAL="1" ISACTIVE="1" /><STEAD ID="74547990" OBJECTID="175647033" OBJECTGUID="7a338d27-704e-49d5-9f3e-daffaaf87868" CHANGEID="691560501" NUMBER="9" OPERTYPEID="10" PREVID="0" NEXTID="0" UPDATEDATE="2025-11-01" STARTDATE="2025-11-01" ENDDATE="2079-06-06" ISACTUAL="1" ISACTIVE="1" /><STEAD ID="74547994" OBJECTID="175647042" OBJECTGUID="0de15c04-6d78-4c6b-ae17-fe57d54ad655" CHANGEID="691560515" NUMBER="4а" OPERTYPEID="10" PREVID="0" NEXTID="0" UPDATEDATE="2025-11-01" STARTDATE="2025-11-01" ENDDATE="2079-06-06" ISACTUAL="1" ISACTIVE="1" /><STEAD ID="74547995" OBJECTID="175647043" OBJECTGUID="be10efae-00d5-4f1d-b988-0043af37650f" CHANGEID="691560516" NUMBER="5а" OPERTYPEID="10" PREVID="0" NEXTID="0" UPDATEDATE="2025-11-01" STARTDATE="2025-11-01" ENDDATE="2079-06-06" ISACTUAL="1" ISACTIVE="1" /><STEAD ID="74549571" OBJECTID="88508404" OBJECTGUID="abfe362a-bab0-4a7d-a335-07fc1039da55" CHANGEID="691568790" NUMBER="90" OPERTYPEID="30" PREVID="3969782" NEXTID="0" UPDATEDATE="2025-11-01" STARTDATE="2025-11-01" ENDDATE="2079-06-06" ISACTUAL="1" ISACTIVE="0" /><STEAD ID="74549673" OBJECTID="175653191" OBJECTGUID="c25337bc-f95c-4e6c-82fe-51e6c3cef7f1" CHANGEID="691568977" NUMBER="16/2" OPERTYPEID="10" PREVID="0" NEXTID="0" UPDATEDATE="2025-11-01" STARTDATE="2025-11-01" ENDDATE="2079-06-06" ISACTUAL="1" ISACTIVE="1" /><STEAD ID="74549697" OBJECTID="175653220" OBJECTGUID="c8e2436d-09bf-4098-8319-18a79576008b" CHANGEID="691569019" NUMBER="17а" OPERTYPEID="10" PREVID="0" NEXTID="0" UPDATEDATE="2025-11-01" STARTDATE="2025-11-01" ENDDATE="2079-06-06" ISACTUAL="1" ISACTIVE="1" /><STEAD ID="74551402" OBJECTID="175657115" OBJECTGUID="40320833-f21f-415d-9d64-484c8a00c340" CHANGEID="691575228" NUMBER="19" OPERTYPEID="10" PREVID="0" NEXTID="0" UPDATEDATE="2025-11-01" STARTDATE="2025-11-01" ENDDATE="2079-06-06" ISACTUAL="1" ISACTIVE="1" /><STEAD ID="74551619" OBJECTID="175657437" OBJECTGUID="afbc50e6-a668-4a02-8808-699119a7f0bc" CHANGEID="691575852" NUMBER="31/1" OPERTYPEID="10" PREVID="0" NEXTID="0" UPDATEDATE="2025-11-01" STARTDATE="2025-11-01" ENDDATE="2079-06-06" ISACTUAL="1" ISACTIVE="1" /><STEAD ID="74551620" OBJECTID="175657438" OBJECTGUID="8685bb1d-9a9d-4ebb-a456-333d683afc02" CHANGEID="691575853" NUMBER="31/2" OPERTYPEID="10" PREVID="0" NEXTID="0" UPDATEDATE="2025-11-01" STARTDATE="2025-11-01" ENDDATE="2079-06-06" ISACTUAL="1" ISACTIVE="1" /><STEAD ID="74551621" OBJECTID="175657439" OBJECTGUID="49563527-c407-4ab0-9e01-b68be8c6d269" CHANGEID="691575854" NUMBER="31/3" OPERTYPEID="10" PREVID="0" NEXTID="0" UPDATEDATE="2025-11-01" STARTDATE="2025-11-01" ENDDATE="2079-06-06" ISACTUAL="1" ISACTIVE="1" /><STEAD ID="74551738" OBJECTID="175657579" OBJECTGUID="344f83b9-a1c6-4289-8607-bfed7dc2f351" CHANGEID="691576121" NUMBER="51" OPERTYPEID="10" PREVID="0" NEXTID="0" UPDATEDATE="2025-11-01" STARTDATE="2025-11-01" ENDDATE="2079-06-06" ISACTUAL="1" ISACTIVE="1" /><STEAD ID="74551798" OBJECTID="175657668" OBJECTGUID="74736bb9-8643-4452-87d0-bfc327fd1769" CHANGEID="691576293" NUMBER="544" OPERTYPEID="10" PREVID="0" NEXTID="0" UPDATEDATE="2025-11-01" STARTDATE="2025-11-01" ENDDATE="2079-06-06" ISACTUAL="1" ISACTIVE="1" /><STEAD ID="74553240" OBJECTID="175659876" OBJECTGUID="735d5ef6-293c-4a90-944d-12219ea5bf6a" CHANGEID="691579974" NUMBER="31/1" OPERTYPEID="10" PREVID="0" NEXTID="0" UPDATEDATE="2025-11-01" STARTDATE="2025-11-01" ENDDATE="2079-06-06" ISACTUAL="1" ISACTIVE="1" /><STEAD ID="74553239" OBJECTID="175659875" OBJECTGUID="bd957912-24d2-4e23-8d56-3fe06af005fa" CHANGEID="691579973" NUMBER="62а" OPERTYPEID="10" PREVID="0" NEXTID="0" UPDATEDATE="2025-11-01" STARTDATE="2025-11-01" ENDDATE="2079-06-06" ISACTUAL="1" ISACTIVE="1" /><STEAD ID="74553241" OBJECTID="175659877" OBJECTGUID="4e0a37fb-533e-4b5b-bffd-b44925073f08" CHANGEID="691579975" NUMBER="23а" OPERTYPEID="10" PREVID="0" NEXTID="0" UPDATEDATE="2025-11-01" STARTDATE="2025-11-01" ENDDATE="2079-06-06" ISACTUAL="1" ISACTIVE="1" /><STEAD ID="74553876" OBJECTID="175661256" OBJECTGUID="d0a67fb4-924e-45ad-9a8b-eb42ceb5ca1c" CHANGEID="691582085" NUMBER="2а" OPERTYPEID="10" PREVID="0" NEXTID="0" UPDATEDATE="2025-11-01" STARTDATE="2025-11-01" ENDDATE="2079-06-06" ISACTUAL="1" ISACTIVE="1" /><STEAD ID="74553923" OBJECTID="175661432" OBJECTGUID="a3a5f142-7d53-4029-9b9e-ebf976ff75a2" CHANGEID="691582377" NUMBER="39/2" OPERTYPEID="10" PREVID="0" NEXTID="0" UPDATEDATE="2025-11-01" STARTDATE="2025-11-01" ENDDATE="2079-06-06" ISACTUAL="1" ISACTIVE="1" /><STEAD ID="74553924" OBJECTID="175661433" OBJECTGUID="5aae6b84-0984-4117-bd64-0d23af5f9afb" CHANGEID="691582378" NUMBER="39/1" OPERTYPEID="10" PREVID="0" NEXTID="0" UPDATEDATE="2025-11-01" STARTDATE="2025-11-01" ENDDATE="2079-06-06" ISACTUAL="1" ISACTIVE="1" /><STEAD ID="74553925" OBJECTID="175661434" OBJECTGUID="ef87182d-e8e3-4383-a9a9-6e713e369e5e" CHANGEID="691582379" NUMBER="38" OPERTYPEID="10" PREVID="0" NEXTID="0" UPDATEDATE="2025-11-01" STARTDATE="2025-11-01" ENDDATE="2079-06-06" ISACTUAL="1" ISACTIVE="1" /><STEAD ID="74553926" OBJECTID="175661435" OBJECTGUID="07d6ab1f-ea61-4f10-981d-d6db5aa6a04d" CHANGEID="691582380" NUMBER="40" OPERTYPEID="10" PREVID="0" NEXTID="0" UPDATEDATE="2025-11-01" STARTDATE="2025-11-01" ENDDATE="2079-06-06" ISACTUAL="1" ISACTIVE="1" /><STEAD ID="74553927" OBJECTID="175661436" OBJECTGUID="f06d7b69-73a2-4067-8ad9-46c5dabdf739" CHANGEID="691582381" NUMBER="24" OPERTYPEID="10" PREVID="0" NEXTID="0" UPDATEDATE="2025-11-01" STARTDATE="2025-11-01" ENDDATE="2079-06-06" ISACTUAL="1" ISACTIVE="1" /><STEAD ID="74553928" OBJECTID="175661437" OBJECTGUID="92518f5b-bab4-4083-9e53-686276833860" CHANGEID="691582382" NUMBER="25" OPERTYPEID="10" PREVID="0" NEXTID="0" UPDATEDATE="2025-11-01" STARTDATE="2025-11-01" ENDDATE="2079-06-06" ISACTUAL="1" ISACTIVE="1" /><STEAD ID="74553929" OBJECTID="175661438" OBJECTGUID="ea91c13c-75be-46b7-a76c-94c2cbeadb28" CHANGEID="691582383" NUMBER="30" OPERTYPEID="10" PREVID="0" NEXTID="0" UPDATEDATE="2025-11-01" STARTDATE="2025-11-01" ENDDATE="2079-06-06" ISACTUAL="1" ISACTIVE="1" /><STEAD ID="74553930" OBJECTID="175661439" OBJECTGUID="b17646a6-ae2f-46cc-874c-d1a5c4ccf690" CHANGEID="691582384" NUMBER="29" OPERTYPEID="10" PREVID="0" NEXTID="0" UPDATEDATE="2025-11-01" STARTDATE="2025-11-01" ENDDATE="2079-06-06" ISACTUAL="1" ISACTIVE="1" /><STEAD ID="74553931" OBJECTID="175661440" OBJECTGUID="857c0fc9-6875-4df2-b7e0-5139e31f5651" CHANGEID="691582385" NUMBER="22" OPERTYPEID="10" PREVID="0" NEXTID="0" UPDATEDATE="2025-11-01" STARTDATE="2025-11-01" ENDDATE="2079-06-06" ISACTUAL="1" ISACTIVE="1" /><STEAD ID="74553932" OBJECTID="175661441" OBJECTGUID="54c5b3ff-bd1d-4cf1-87e9-c7b21f62d8f3" CHANGEID="691582386" NUMBER="20" OPERTYPEID="10" PREVID="0" NEXTID="0" UPDATEDATE="2025-11-01" STARTDATE="2025-11-01" ENDDATE="2079-06-06" ISACTUAL="1" ISACTIVE="1" /><STEAD ID="74553933" OBJECTID="175661442" OBJECTGUID="f77e9bff-8863-477f-893c-a9c5cc0318d3" CHANGEID="691582387" NUMBER="21" OPERTYPEID="10" PREVID="0" NEXTID="0" UPDATEDATE="2025-11-01" STARTDATE="2025-11-01" ENDDATE="2079-06-06" ISACTUAL="1" ISACTIVE="1" /><STEAD ID="74553934" OBJECTID="175661443" OBJECTGUID="06c89d85-125a-47be-b46e-2d26c2270517" CHANGEID="691582388" NUMBER="28" OPERTYPEID="10" PREVID="0" NEXTID="0" UPDATEDATE="2025-11-01" STARTDATE="2025-11-01" ENDDATE="2079-06-06" ISACTUAL="1" ISACTIVE="1" /><STEAD ID="74553935" OBJECTID="175661444" OBJECTGUID="482a6859-c9c2-4a90-908a-c602ce7fd86c" CHANGEID="691582389" NUMBER="27" OPERTYPEID="10" PREVID="0" NEXTID="0" UPDATEDATE="2025-11-01" STARTDATE="2025-11-01" ENDDATE="2079-06-06" ISACTUAL="1" ISACTIVE="1" /><STEAD ID="74553936" OBJECTID="175661445" OBJECTGUID="22fcc756-ee75-4a35-b345-aeab22fc26f4" CHANGEID="691582390" NUMBER="18" OPERTYPEID="10" PREVID="0" NEXTID="0" UPDATEDATE="2025-11-01" STARTDATE="2025-11-01" ENDDATE="2079-06-06" ISACTUAL="1" ISACTIVE="1" /><STEAD ID="74553937" OBJECTID="175661446" OBJECTGUID="943f64e4-0ab3-4b46-8cc0-a419e322bcde" CHANGEID="691582391" NUMBER="19" OPERTYPEID="10" PREVID="0" NEXTID="0" UPDATEDATE="2025-11-01" STARTDATE="2025-11-01" ENDDATE="2079-06-06" ISACTUAL="1" ISACTIVE="1" /><STEAD ID="74553938" OBJECTID="175661447" OBJECTGUID="1db0e7bd-ae28-48ce-9fd7-0b60a71fd1e2" CHANGEID="691582392" NUMBER="16" OPERTYPEID="10" PREVID="0" NEXTID="0" UPDATEDATE="2025-11-01" STARTDATE="2025-11-01" ENDDATE="2079-06-06" ISACTUAL="1" ISACTIVE="1" /><STEAD ID="74553939" OBJECTID="175661448" OBJECTGUID="e96a2b0c-1a92-43c3-adc1-cec7a7029287" CHANGEID="691582393" NUMBER="17" OPERTYPEID="10" PREVID="0" NEXTID="0" UPDATEDATE="2025-11-01" STARTDATE="2025-11-01" ENDDATE="2079-06-06" ISACTUAL="1" ISACTIVE="1" /><STEAD ID="74553940" OBJECTID="175661449" OBJECTGUID="f191d4cf-be8d-4ba2-b47a-815c001bb38c" CHANGEID="691582394" NUMBER="13" OPERTYPEID="10" PREVID="0" NEXTID="0" UPDATEDATE="2025-11-01" STARTDATE="2025-11-01" ENDDATE="2079-06-06" ISACTUAL="1" ISACTIVE="1" /><STEAD ID="74553941" OBJECTID="175661450" OBJECTGUID="dba19c59-c9e9-4a15-92b4-dc7f0dae2e56" CHANGEID="691582395" NUMBER="12" OPERTYPEID="10" PREVID="0" NEXTID="0" UPDATEDATE="2025-11-01" STARTDATE="2025-11-01" ENDDATE="2079-06-06" ISACTUAL="1" ISACTIVE="1" /><STEAD ID="74553942" OBJECTID="175661451" OBJECTGUID="a580dbc9-0cf9-40f8-a220-be7c5eb5e8f1" CHANGEID="691582396" NUMBER="11" OPERTYPEID="10" PREVID="0" NEXTID="0" UPDATEDATE="2025-11-01" STARTDATE="2025-11-01" ENDDATE="2079-06-06" ISACTUAL="1" ISACTIVE="1" /><STEAD ID="74553943" OBJECTID="175661452" OBJECTGUID="fe9d6d2e-9af1-4fb2-8b72-d67693642c7a" CHANGEID="691582397" NUMBER="10" OPERTYPEID="10" PREVID="0" NEXTID="0" UPDATEDATE="2025-11-01" STARTDATE="2025-11-01" ENDDATE="2079-06-06" ISACTUAL="1" ISACTIVE="1" /><STEAD ID="74553944" OBJECTID="175661453" OBJECTGUID="6bae6fcb-0562-4bad-a175-ba8afa70b90a" CHANGEID="691582398" NUMBER="9" OPERTYPEID="10" PREVID="0" NEXTID="0" UPDATEDATE="2025-11-01" STARTDATE="2025-11-01" ENDDATE="2079-06-06" ISACTUAL="1" ISACTIVE="1" /><STEAD ID="74553945" OBJECTID="175661454" OBJECTGUID="cf3ed1b2-f8cd-4af6-a2b3-9a87e20069c4" CHANGEID="691582399" NUMBER="2" OPERTYPEID="10" PREVID="0" NEXTID="0" UPDATEDATE="2025-11-01" STARTDATE="2025-11-01" ENDDATE="2079-06-06" ISACTUAL="1" ISACTIVE="1" /><STEAD ID="74553946" OBJECTID="175661455" OBJECTGUID="840706a3-4d75-4eb0-98e7-bbc1be180a96" CHANGEID="691582400" NUMBER="1" OPERTYPEID="10" PREVID="0" NEXTID="0" UPDATEDATE="2025-11-01" STARTDATE="2025-11-01" ENDDATE="2079-06-06" ISACTUAL="1" ISACTIVE="1" /><STEAD ID="74553959" OBJECTID="175661472" OBJECTGUID="710eb31e-7be4-4f46-a7a1-3a4264f5e5af" CHANGEID="691582426" NUMBER="74" OPERTYPEID="10" PREVID="0" NEXTID="0" UPDATEDATE="2025-11-01" STARTDATE="2025-11-01" ENDDATE="2079-06-06" ISACTUAL="1" ISACTIVE="1" /><STEAD ID="74553960" OBJECTID="175661473" OBJECTGUID="4ecfb642-30b4-44ca-877a-404138ba10bc" CHANGEID="691582427" NUMBER="73" OPERTYPEID="10" PREVID="0" NEXTID="0" UPDATEDATE="2025-11-01" STARTDATE="2025-11-01" ENDDATE="2079-06-06" ISACTUAL="1" ISACTIVE="1" /><STEAD ID="74553961" OBJECTID="175661474" OBJECTGUID="36f2d64e-351b-43ff-bf90-2470a8ea046b" CHANGEID="691582428" NUMBER="72" OPERTYPEID="10" PREVID="0" NEXTID="0" UPDATEDATE="2025-11-01" STARTDATE="2025-11-01" ENDDATE="2079-06-06" ISACTUAL="1" ISACTIVE="1" /><STEAD ID="74553962" OBJECTID="175661475" OBJECTGUID="da1bef46-7cd2-474a-807b-2b99bc9e110f" CHANGEID="691582429" NUMBER="71" OPERTYPEID="10" PREVID="0" NEXTID="0" UPDATEDATE="2025-11-01" STARTDATE="2025-11-01" ENDDATE="2079-06-06" ISACTUAL="1" ISACTIVE="1" /><STEAD ID="74553963" OBJECTID="175661476" OBJECTGUID="0623cd63-a300-40b6-8909-73d00e8096d2" CHANGEID="691582430" NUMBER="49" OPERTYPEID="10" PREVID="0" NEXTID="0" UPDATEDATE="2025-11-01" STARTDATE="2025-11-01" ENDDATE="2079-06-06" ISACTUAL="1" ISACTIVE="1" /><STEAD ID="74553964" OBJECTID="175661477" OBJECTGUID="46b9ea73-10c9-4958-82d7-cac792a73b5d" CHANGEID="691582431" NUMBER="36" OPERTYPEID="10" PREVID="0" NEXTID="0" UPDATEDATE="2025-11-01" STARTDATE="2025-11-01" ENDDATE="2079-06-06" ISACTUAL="1" ISACTIVE="1" /><STEAD ID="74553965" OBJECTID="175661478" OBJECTGUID="122ca59c-b13a-416d-bb81-edfae49a554a" CHANGEID="691582432" NUMBER="48" OPERTYPEID="10" PREVID="0" NEXTID="0" UPDATEDATE="2025-11-01" STARTDATE="2025-11-01" ENDDATE="2079-06-06" ISACTUAL="1" ISACTIVE="1" /><STEAD ID="74553966" OBJECTID="175661479" OBJECTGUID="24f96e73-eb87-40ec-a335-58fe7442ae02" CHANGEID="691582433" NUMBER="52" OPERTYPEID="10" PREVID="0" NEXTID="0" UPDATEDATE="2025-11-01" STARTDATE="2025-11-01" ENDDATE="2079-06-06" ISACTUAL="1" ISACTIVE="1" /><STEAD ID="74553967" OBJECTID="175661480" OBJECTGUID="4d884b37-8ef7-4195-85ce-b89e2d151fb1" CHANGEID="691582434" NUMBER="51" OPERTYPEID="10" PREVID="0" NEXTID="0" UPDATEDATE="2025-11-01" STARTDATE="2025-11-01" ENDDATE="2079-06-06" ISACTUAL="1" ISACTIVE="1" /><STEAD ID="74553968" OBJECTID="175661481" OBJECTGUID="548730e1-64d6-402e-a7ae-d81bac23f485" CHANGEID="691582435" NUMBER="47" OPERTYPEID="10" PREVID="0" NEXTID="0" UPDATEDATE="2025-11-01" STARTDATE="2025-11-01" ENDDATE="2079-06-06" ISACTUAL="1" ISACTIVE="1" /><STEAD ID="74553969" OBJECTID="175661482" OBJECTGUID="4c9f81a0-19b8-4364-8611-b909e624d612" CHANGEID="691582436" NUMBER="35" OPERTYPEID="10" PREVID="0" NEXTID="0" UPDATEDATE="2025-11-01" STARTDATE="2025-11-01" ENDDATE="2079-06-06" ISACTUAL="1" ISACTIVE="1" /><STEAD ID="74553970" OBJECTID="175661483" OBJECTGUID="2702ebe1-7da6-41e7-bdb9-a233f6165ccf" CHANGEID="691582437" NUMBER="34" OPERTYPEID="10" PREVID="0" NEXTID="0" UPDATEDATE="2025-11-01" STARTDATE="2025-11-01" ENDDATE="2079-06-06" ISACTUAL="1" ISACTIVE="1" /><STEAD ID="74553971" OBJECTID="175661484" OBJECTGUID="4ee01228-0989-4ff5-af1e-e11ef620d10e" CHANGEID="691582438" NUMBER="37/1" OPERTYPEID="10" PREVID="0" NEXTID="0" UPDATEDATE="2025-11-01" STARTDATE="2025-11-01" ENDDATE="2079-06-06" ISACTUAL="1" ISACTIVE="1" /><STEAD ID="74553972" OBJECTID="175661485" OBJECTGUID="7c43a263-e147-4ad0-8381-a7e69b8de69d" CHANGEID="691582439" NUMBER="37/2" OPERTYPEID="10" PREVID="0" NEXTID="0" UPDATEDATE="2025-11-01" STARTDATE="2025-11-01" ENDDATE="2079-06-06" ISACTUAL="1" ISACTIVE="1" /><STEAD ID="74554793" OBJECTID="175663073" OBJECTGUID="17515b9e-838a-4c60-9857-0782d382238b" CHANGEID="691585572" NUMBER="248" OPERTYPEID="10" PREVID="0" NEXTID="0" UPDATEDATE="2025-11-01" STARTDATE="2025-11-01" ENDDATE="2079-06-06" ISACTUAL="1" ISACTIVE="1" /><STEAD ID="74554933" OBJECTID="175663261" OBJECTGUID="f9cd5089-adc1-4bd8-89a9-fc459d5e67d7" CHANGEID="691585937" NUMBER="395" OPERTYPEID="10" PREVID="0" NEXTID="0" UPDATEDATE="2025-11-01" STARTDATE="2025-11-01" ENDDATE="2079-06-06" ISACTUAL="1" ISACTIVE="1" /><STEAD ID="74555957" OBJECTID="175664784" OBJECTGUID="cc92600c-d219-45e8-ad72-99cc787c26bf" CHANGEID="691588963" NUMBER="321" OPERTYPEID="10" PREVID="0" NEXTID="0" UPDATEDATE="2025-11-01" STARTDATE="2025-11-01" ENDDATE="2079-06-06" ISACTUAL="1" ISACTIVE="1" /><STEAD ID="74555981" OBJECTID="175664817" OBJECTGUID="8239fc5a-13aa-41fe-8299-3fce7174263e" CHANGEID="691589020" NUMBER="878" OPERTYPEID="10" PREVID="0" NEXTID="0" UPDATEDATE="2025-11-01" STARTDATE="2025-11-01" ENDDATE="2079-06-06" ISACTUAL="1" ISACTIVE="1" /><STEAD ID="74556107" OBJECTID="175665014" OBJECTGUID="8652b198-7b5f-42f9-93bd-83539ff1f2b5" CHANGEID="691589312" NUMBER="2" OPERTYPEID="10" PREVID="0" NEXTID="0" UPDATEDATE="2025-11-01" STARTDATE="2025-11-01" ENDDATE="2079-06-06" ISACTUAL="1" ISACTIVE="1" /><STEAD ID="74556137" OBJECTID="175665065" OBJECTGUID="65fe28b5-8eb2-4a3a-a75a-6f17bddd4059" CHANGEID="691589366" NUMBER="21/1" OPERTYPEID="10" PREVID="0" NEXTID="0" UPDATEDATE="2025-11-01" STARTDATE="2025-11-01" ENDDATE="2079-06-06" ISACTUAL="1" ISACTIVE="1" /><STEAD ID="74556138" OBJECTID="175665066" OBJECTGUID="7163dbe3-413c-4de2-979b-3f66418efc2d" CHANGEID="691589367" NUMBER="21/2" OPERTYPEID="10" PREVID="0" NEXTID="0" UPDATEDATE="2025-11-01" STARTDATE="2025-11-01" ENDDATE="2079-06-06" ISACTUAL="1" ISACTIVE="1" /><STEAD ID="74556136" OBJECTID="175665064" OBJECTGUID="cece96a4-e601-475b-b733-1f1bbdc5d246" CHANGEID="691589365" NUMBER="306" OPERTYPEID="10" PREVID="0" NEXTID="0" UPDATEDATE="2025-11-01" STARTDATE="2025-11-01" ENDDATE="2079-06-06" ISACTUAL="1" ISACTIVE="1" /></STEADS>