﻿<?xml version="1.0" encoding="utf-8"?><ADDRESSOBJECTS><OBJECT ID="52212588" OBJECTID="95249213" OBJECTGUID="397ea9a6-70c7-43ae-bc4a-ac1ba70a42d5" CHANGEID="691451363" NAME="Сампурский" TYPENAME="м.р-н" LEVEL="3" OPERTYPEID="30" PREVID="1876623" NEXTID="0" UPDATEDATE="2025-10-30" STARTDATE="2025-10-30" ENDDATE="2079-06-06" ISACTUAL="1" ISACTIVE="0" /><OBJECT ID="52212596" OBJECTID="175590452" OBJECTGUID="cc4e538d-769a-4107-bc04-e6382c91085e" CHANGEID="691451627" NAME="автодороги Дмитриевка-Вырубово-Бибиково" TYPENAME="тер." LEVEL="7" OPERTYPEID="10" PREVID="0" NEXTID="0" UPDATEDATE="2025-10-30" STARTDATE="2025-10-30" ENDDATE="2079-06-06" ISACTUAL="1" ISACTIVE="1" /><OBJECT ID="52212632" OBJECTID="1253829" OBJECTGUID="a249e323-23fd-4ec5-ae1b-e18b5c6edc03" CHANGEID="691466150" NAME="Бербенюк" TYPENAME="тер." LEVEL="7" OPERTYPEID="30" PREVID="1549867" NEXTID="0" UPDATEDATE="2025-10-30" STARTDATE="2025-10-30" ENDDATE="2079-06-06" ISACTUAL="1" ISACTIVE="0" /><OBJECT ID="52212639" OBJECTID="95249292" OBJECTGUID="6b0406a4-c4d6-4374-9674-2beb23cb00d0" CHANGEID="691470463" NAME="Митропольский сельсовет" TYPENAME="с.п." LEVEL="4" OPERTYPEID="30" PREVID="1821189" NEXTID="0" UPDATEDATE="2025-10-30" STARTDATE="2025-10-30" ENDDATE="2079-06-06" ISACTUAL="1" ISACTIVE="0" /><OBJECT ID="52212683" OBJECTID="175611225" OBJECTGUID="0aea9138-96c4-4113-9eaf-4ef50c37ccbb" CHANGEID="691486322" NAME="СТ Рассвет-1" TYPENAME="тер." LEVEL="7" OPERTYPEID="10" PREVID="0" NEXTID="0" UPDATEDATE="2025-10-30" STARTDATE="2025-10-30" ENDDATE="2079-06-06" ISACTUAL="1" ISACTIVE="1" /><OBJECT ID="52212684" OBJECTID="175611227" OBJECTGUID="104cfef4-4ce8-4f74-9392-375e1b744136" CHANGEID="691486325" NAME="СТ Рассвет-2" TYPENAME="тер." LEVEL="7" OPERTYPEID="10" PREVID="0" NEXTID="0" UPDATEDATE="2025-10-30" STARTDATE="2025-10-30" ENDDATE="2079-06-06" ISACTUAL="1" ISACTIVE="1" /><OBJECT ID="52212685" OBJECTID="175611231" OBJECTGUID="b11afcf3-fa31-4703-89a1-f9646175d088" CHANGEID="691486333" NAME="Солнечная" TYPENAME="ул." LEVEL="8" OPERTYPEID="10" PREVID="0" NEXTID="0" UPDATEDATE="2025-10-30" STARTDATE="2025-10-30" ENDDATE="2079-06-06" ISACTUAL="1" ISACTIVE="1" /><OBJECT ID="1876623" OBJECTID="95249213" OBJECTGUID="397ea9a6-70c7-43ae-bc4a-ac1ba70a42d5" CHANGEID="158679352" NAME="Сампурский" TYPENAME="м.р-н" LEVEL="3" OPERTYPEID="20" PREVID="1821110" NEXTID="52212588" UPDATEDATE="2025-10-30" STARTDATE="2020-11-18" ENDDATE="2025-10-30" ISACTUAL="0" ISACTIVE="0" /><OBJECT ID="1821189" OBJECTID="95249292" OBJECTGUID="6b0406a4-c4d6-4374-9674-2beb23cb00d0" CHANGEID="138205809" NAME="Митропольский сельсовет" TYPENAME="с.п." LEVEL="4" OPERTYPEID="0" PREVID="0" NEXTID="52212639" UPDATEDATE="2025-10-30" STARTDATE="2011-01-01" ENDDATE="2025-10-30" ISACTUAL="0" ISACTIVE="0" /><OBJECT ID="1549867" OBJECTID="1253829" OBJECTGUID="a249e323-23fd-4ec5-ae1b-e18b5c6edc03" CHANGEID="3429362" NAME="Бербенюк" TYPENAME="тер." LEVEL="7" OPERTYPEID="10" PREVID="0" NEXTID="52212632" UPDATEDATE="2025-10-30" STARTDATE="2018-07-03" ENDDATE="2025-10-30" ISACTUAL="0" ISACTIVE="0" /></ADDRESSOBJECTS>