﻿<?xml version="1.0" encoding="utf-8"?><HOUSES><HOUSE ID="54506502" OBJECTID="46899178" OBJECTGUID="2c20f244-b840-489f-8f08-b1b4086f352b" CHANGEID="70574545" HOUSENUM="25" HOUSETYPE="2" OPERTYPEID="20" PREVID="28044003" NEXTID="129434331" UPDATEDATE="2025-11-01" STARTDATE="2014-05-15" ENDDATE="2025-11-01" ISACTUAL="0" ISACTIVE="0" /><HOUSE ID="54695116" OBJECTID="53782588" OBJECTGUID="2ec6d14a-5f7e-4449-ac2f-42e87f0918f5" CHANGEID="80502560" HOUSENUM="67" HOUSETYPE="2" OPERTYPEID="20" PREVID="32119348" NEXTID="129421210" UPDATEDATE="2025-10-30" STARTDATE="2014-05-15" ENDDATE="2025-10-30" ISACTUAL="0" ISACTIVE="0" /><HOUSE ID="58089804" OBJECTID="51832795" OBJECTGUID="5eb42b23-6bda-4963-bfdb-922ad6dac9d9" CHANGEID="77684630" HOUSENUM="2" HOUSETYPE="2" OPERTYPEID="20" PREVID="30968749" NEXTID="129436309" UPDATEDATE="2025-11-01" STARTDATE="2014-05-15" ENDDATE="2025-11-01" ISACTUAL="0" ISACTIVE="0" /><HOUSE ID="58834991" OBJECTID="17800231" OBJECTGUID="6936764c-5994-4ddc-9574-1069323357dd" CHANGEID="28081533" HOUSENUM="59" HOUSETYPE="2" OPERTYPEID="20" PREVID="10230364" NEXTID="129431730" UPDATEDATE="2025-10-31" STARTDATE="2015-11-18" ENDDATE="2025-10-31" ISACTUAL="0" ISACTIVE="0" /><HOUSE ID="69154339" OBJECTID="17857728" OBJECTGUID="faeb9c35-8e75-45cb-8df6-cb386db995c4" CHANGEID="28170312" HOUSENUM="118" HOUSETYPE="2" OPERTYPEID="20" PREVID="10271497" NEXTID="129431732" UPDATEDATE="2025-10-31" STARTDATE="2015-11-18" ENDDATE="2025-10-31" ISACTUAL="0" ISACTIVE="0" /><HOUSE ID="69285251" OBJECTID="26094335" OBJECTGUID="fcc7f46e-fd68-473a-b5b5-bcefdd12bc87" CHANGEID="40325726" HOUSENUM="57" HOUSETYPE="2" OPERTYPEID="20" PREVID="15477474" NEXTID="129421221" UPDATEDATE="2025-10-30" STARTDATE="2015-11-08" ENDDATE="2025-10-30" ISACTUAL="0" ISACTIVE="0" /><HOUSE ID="9611602" OBJECTID="16837703" OBJECTGUID="f2d98aac-a7e6-48a8-a081-ccabd672e3e0" CHANGEID="26659408" HOUSENUM="7" HOUSETYPE="2" OPERTYPEID="10" PREVID="0" NEXTID="129436406" UPDATEDATE="2025-11-01" STARTDATE="2015-12-08" ENDDATE="2025-11-01" ISACTUAL="0" ISACTIVE="0" /><HOUSE ID="10801437" OBJECTID="18728012" OBJECTGUID="46ede09d-edf8-4e2b-933d-23ca3f7d6367" CHANGEID="29436228" HOUSENUM="6В" HOUSETYPE="2" OPERTYPEID="10" PREVID="0" NEXTID="129436440" UPDATEDATE="2025-11-01" STARTDATE="2015-11-12" ENDDATE="2025-11-01" ISACTUAL="0" ISACTIVE="0" /><HOUSE ID="42615715" OBJECTID="70637186" OBJECTGUID="7237176f-e2ca-4a9c-8626-4b8e52eaffa6" CHANGEID="105248990" HOUSENUM="90" HOUSETYPE="2" OPERTYPEID="10" PREVID="0" NEXTID="129436473" UPDATEDATE="2025-11-01" STARTDATE="2014-05-15" ENDDATE="2025-11-01" ISACTUAL="0" ISACTIVE="0" /><HOUSE ID="51773905" OBJECTID="23233527" OBJECTGUID="0588316b-1919-463d-9fea-92f1521591db" CHANGEID="36136240" HOUSENUM="17" HOUSETYPE="2" OPERTYPEID="20" PREVID="13716807" NEXTID="129436372" UPDATEDATE="2025-11-01" STARTDATE="2014-05-15" ENDDATE="2025-11-01" ISACTUAL="0" ISACTIVE="0" /><HOUSE ID="51891508" OBJECTID="58959342" OBJECTGUID="07328466-866c-4a78-ada0-4565da36f075" CHANGEID="88101795" HOUSENUM="23" HOUSETYPE="2" OPERTYPEID="20" PREVID="35320112" NEXTID="129431745" UPDATEDATE="2025-10-31" STARTDATE="2014-05-15" ENDDATE="2025-10-31" ISACTUAL="0" ISACTIVE="0" /><HOUSE ID="129413025" OBJECTID="175589250" OBJECTGUID="7923eebe-d50b-41c0-8058-5055a4be1e29" CHANGEID="691449259" HOUSENUM="39А" HOUSETYPE="2" OPERTYPEID="10" PREVID="0" NEXTID="0" UPDATEDATE="2025-10-30" STARTDATE="2025-10-30" ENDDATE="2079-06-06" ISACTUAL="1" ISACTIVE="1" /><HOUSE ID="129413099" OBJECTID="175589336" OBJECTGUID="6b464156-fafb-4412-891a-c0835556c76e" CHANGEID="691449532" HOUSENUM="46" HOUSETYPE="2" OPERTYPEID="10" PREVID="0" NEXTID="0" UPDATEDATE="2025-10-30" STARTDATE="2025-10-30" ENDDATE="2079-06-06" ISACTUAL="1" ISACTIVE="1" /><HOUSE ID="129413533" OBJECTID="175590829" OBJECTGUID="2278fa32-4e70-4879-a095-b840abc5e6b3" CHANGEID="691452217" HOUSENUM="9" HOUSETYPE="2" OPERTYPEID="10" PREVID="0" NEXTID="0" UPDATEDATE="2025-10-30" STARTDATE="2025-10-30" ENDDATE="2079-06-06" ISACTUAL="1" ISACTIVE="1" /><HOUSE ID="129413551" OBJECTID="175590866" OBJECTGUID="e2ccba78-b447-4e69-b072-446913ee6e62" CHANGEID="691452275" HOUSENUM="5" HOUSETYPE="2" OPERTYPEID="10" PREVID="0" NEXTID="0" UPDATEDATE="2025-10-30" STARTDATE="2025-10-30" ENDDATE="2079-06-06" ISACTUAL="1" ISACTIVE="1" /><HOUSE ID="129419736" OBJECTID="175602629" OBJECTGUID="460ca1e5-25d4-44e0-a5c9-bfc48fbb977e" CHANGEID="691471965" HOUSENUM="47" HOUSETYPE="2" OPERTYPEID="10" PREVID="0" NEXTID="0" UPDATEDATE="2025-10-30" STARTDATE="2025-10-30" ENDDATE="2079-06-06" ISACTUAL="1" ISACTIVE="1" /><HOUSE ID="129420296" OBJECTID="175603962" OBJECTGUID="49389b18-41d8-4c15-983c-5037614db1e7" CHANGEID="691474013" HOUSENUM="161а" HOUSETYPE="7" OPERTYPEID="10" PREVID="0" NEXTID="0" UPDATEDATE="2025-10-30" STARTDATE="2025-10-30" ENDDATE="2079-06-06" ISACTUAL="1" ISACTIVE="1" /><HOUSE ID="129420297" OBJECTID="175603963" OBJECTGUID="0da8d9bc-cceb-4bbf-bc1b-3c7d799de7d6" CHANGEID="691474014" HOUSENUM="161б" HOUSETYPE="7" OPERTYPEID="10" PREVID="0" NEXTID="0" UPDATEDATE="2025-10-30" STARTDATE="2025-10-30" ENDDATE="2079-06-06" ISACTUAL="1" ISACTIVE="1" /><HOUSE ID="129420298" OBJECTID="175603964" OBJECTGUID="9a3fee49-2112-4fa7-bb93-d8ba2d6a8246" CHANGEID="691474015" HOUSENUM="161в" HOUSETYPE="7" OPERTYPEID="10" PREVID="0" NEXTID="0" UPDATEDATE="2025-10-30" STARTDATE="2025-10-30" ENDDATE="2079-06-06" ISACTUAL="1" ISACTIVE="1" /><HOUSE ID="129420311" OBJECTID="175604032" OBJECTGUID="a4c32bed-25fd-4329-98a2-a151927af639" CHANGEID="691474090" HOUSENUM="300а" HOUSETYPE="7" OPERTYPEID="10" PREVID="0" NEXTID="0" UPDATEDATE="2025-10-30" STARTDATE="2025-10-30" ENDDATE="2079-06-06" ISACTUAL="1" ISACTIVE="1" /><HOUSE ID="129420312" OBJECTID="175604033" OBJECTGUID="bf2edd06-b925-4743-a53e-d6a4d5f0ac16" CHANGEID="691474091" HOUSENUM="300б" HOUSETYPE="7" OPERTYPEID="10" PREVID="0" NEXTID="0" UPDATEDATE="2025-10-30" STARTDATE="2025-10-30" ENDDATE="2079-06-06" ISACTUAL="1" ISACTIVE="1" /><HOUSE ID="129420315" OBJECTID="175604038" OBJECTGUID="6b63050e-88b6-4bdc-9abb-ed65ab2ec5a6" CHANGEID="691474097" HOUSENUM="300в" HOUSETYPE="7" OPERTYPEID="10" PREVID="0" NEXTID="0" UPDATEDATE="2025-10-30" STARTDATE="2025-10-30" ENDDATE="2079-06-06" ISACTUAL="1" ISACTIVE="1" /><HOUSE ID="129421210" OBJECTID="53782588" OBJECTGUID="2ec6d14a-5f7e-4449-ac2f-42e87f0918f5" CHANGEID="691478470" HOUSENUM="67" HOUSETYPE="2" OPERTYPEID="30" PREVID="54695116" NEXTID="0" UPDATEDATE="2025-10-30" STARTDATE="2025-10-30" ENDDATE="2079-06-06" ISACTUAL="1" ISACTIVE="0" /><HOUSE ID="129421221" OBJECTID="26094335" OBJECTGUID="fcc7f46e-fd68-473a-b5b5-bcefdd12bc87" CHANGEID="691478592" HOUSENUM="57" HOUSETYPE="2" OPERTYPEID="30" PREVID="69285251" NEXTID="0" UPDATEDATE="2025-10-30" STARTDATE="2025-10-30" ENDDATE="2079-06-06" ISACTUAL="1" ISACTIVE="0" /><HOUSE ID="129421246" OBJECTID="175607036" OBJECTGUID="e20e3621-d4bf-41ff-91a3-2ef9329c3bfe" CHANGEID="691478676" HOUSENUM="83" HOUSETYPE="2" OPERTYPEID="10" PREVID="0" NEXTID="0" UPDATEDATE="2025-10-30" STARTDATE="2025-10-30" ENDDATE="2079-06-06" ISACTUAL="1" ISACTIVE="1" /><HOUSE ID="129421250" OBJECTID="175607043" OBJECTGUID="a44d5b8b-00bc-4437-983d-9cf14d611775" CHANGEID="691478688" HOUSENUM="4" HOUSETYPE="2" OPERTYPEID="10" PREVID="0" NEXTID="0" UPDATEDATE="2025-10-30" STARTDATE="2025-10-30" ENDDATE="2079-06-06" ISACTUAL="1" ISACTIVE="1" /><HOUSE ID="129423378" OBJECTID="175611477" OBJECTGUID="086c8793-bf1c-430b-adf6-2a081a7568c0" CHANGEID="691486822" HOUSENUM="15а" HOUSETYPE="2" OPERTYPEID="10" PREVID="0" NEXTID="0" UPDATEDATE="2025-10-30" STARTDATE="2025-10-30" ENDDATE="2079-06-06" ISACTUAL="1" ISACTIVE="1" /><HOUSE ID="129425848" OBJECTID="175618457" OBJECTGUID="740dd710-bf22-48e8-97ec-bf7918cbb6dd" CHANGEID="691498458" HOUSENUM="80а" HOUSETYPE="2" OPERTYPEID="10" PREVID="0" NEXTID="0" UPDATEDATE="2025-10-31" STARTDATE="2025-10-31" ENDDATE="2079-06-06" ISACTUAL="1" ISACTIVE="1" /><HOUSE ID="129425849" OBJECTID="175618461" OBJECTGUID="a45e63c9-bb61-4cc0-af37-7209fa919511" CHANGEID="691498464" HOUSENUM="244/246" HOUSETYPE="2" OPERTYPEID="10" PREVID="0" NEXTID="0" UPDATEDATE="2025-10-31" STARTDATE="2025-10-31" ENDDATE="2079-06-06" ISACTUAL="1" ISACTIVE="1" /><HOUSE ID="129425851" OBJECTID="175618463" OBJECTGUID="5e8c6119-0f54-4758-a879-d816983dee2a" CHANGEID="691498468" HOUSENUM="73" HOUSETYPE="2" OPERTYPEID="10" PREVID="0" NEXTID="0" UPDATEDATE="2025-10-31" STARTDATE="2025-10-31" ENDDATE="2079-06-06" ISACTUAL="1" ISACTIVE="1" /><HOUSE ID="129426737" OBJECTID="175622242" OBJECTGUID="7c0b9ace-6c69-4b81-bffd-cd8e5566a606" CHANGEID="691504418" HOUSENUM="17" HOUSETYPE="2" OPERTYPEID="10" PREVID="0" NEXTID="0" UPDATEDATE="2025-10-31" STARTDATE="2025-10-31" ENDDATE="2079-06-06" ISACTUAL="1" ISACTIVE="1" /><HOUSE ID="129426732" OBJECTID="81927772" OBJECTGUID="c56df913-8eff-440e-9dc9-da944f125b32" CHANGEID="691504401" HOUSENUM="45" HOUSETYPE="2" OPERTYPEID="30" PREVID="49591111" NEXTID="0" UPDATEDATE="2025-10-31" STARTDATE="2025-10-31" ENDDATE="2079-06-06" ISACTUAL="1" ISACTIVE="0" /><HOUSE ID="49591111" OBJECTID="81927772" OBJECTGUID="c56df913-8eff-440e-9dc9-da944f125b32" CHANGEID="121738622" HOUSENUM="45" HOUSETYPE="2" OPERTYPEID="10" PREVID="0" NEXTID="129426732" UPDATEDATE="2025-10-31" STARTDATE="2015-11-16" ENDDATE="2025-10-31" ISACTUAL="0" ISACTIVE="0" /><HOUSE ID="56740050" OBJECTID="6688560" OBJECTGUID="4ba8a543-8066-41bc-8ae3-dbe1acac4c85" CHANGEID="11669147" HOUSENUM="20" HOUSETYPE="2" OPERTYPEID="20" PREVID="3181052" NEXTID="129427275" UPDATEDATE="2025-10-31" STARTDATE="2015-12-24" ENDDATE="2025-10-31" ISACTUAL="0" ISACTIVE="0" /><HOUSE ID="129427275" OBJECTID="6688560" OBJECTGUID="4ba8a543-8066-41bc-8ae3-dbe1acac4c85" CHANGEID="691507325" HOUSENUM="20/40" HOUSETYPE="2" OPERTYPEID="40" PREVID="56740050" UPDATEDATE="2025-10-31" STARTDATE="2025-10-31" ENDDATE="2079-06-06" ISACTUAL="1" ISACTIVE="1" /><HOUSE ID="66144281" OBJECTID="37183651" OBJECTGUID="d067fec2-fb0e-4f2d-b6fd-6d023be19248" CHANGEID="56422105" HOUSENUM="40" HOUSETYPE="2" OPERTYPEID="20" PREVID="22168637" NEXTID="129427276" UPDATEDATE="2025-10-31" STARTDATE="2015-12-18" ENDDATE="2025-10-31" ISACTUAL="0" ISACTIVE="0" /><HOUSE ID="129427276" OBJECTID="37183651" OBJECTGUID="d067fec2-fb0e-4f2d-b6fd-6d023be19248" CHANGEID="691507326" HOUSENUM="40" HOUSETYPE="2" OPERTYPEID="42" PREVID="66144281" NEXTID="129427275" UPDATEDATE="2025-10-31" STARTDATE="2025-10-31" ENDDATE="2079-06-06" ISACTUAL="1" ISACTIVE="0" /><HOUSE ID="129427307" OBJECTID="175624057" OBJECTGUID="1a7db56f-439b-40a6-b459-5b87ec13b6b6" CHANGEID="691507443" HOUSENUM="27" HOUSETYPE="7" OPERTYPEID="10" PREVID="0" NEXTID="0" UPDATEDATE="2025-10-31" STARTDATE="2025-10-31" ENDDATE="2079-06-06" ISACTUAL="1" ISACTIVE="1" /><HOUSE ID="129427309" OBJECTID="175624060" OBJECTGUID="2bbbea0e-1631-4324-8ac2-17a50e0e2ffa" CHANGEID="691507483" HOUSENUM="15" HOUSETYPE="2" OPERTYPEID="10" PREVID="0" NEXTID="0" UPDATEDATE="2025-10-31" STARTDATE="2025-10-31" ENDDATE="2079-06-06" ISACTUAL="1" ISACTIVE="1" /><HOUSE ID="129427842" OBJECTID="175625452" OBJECTGUID="c0911550-8568-4cb9-82a9-0f52fda90472" CHANGEID="691509894" HOUSENUM="292/1" HOUSETYPE="2" OPERTYPEID="10" PREVID="0" NEXTID="0" UPDATEDATE="2025-10-31" STARTDATE="2025-10-31" ENDDATE="2079-06-06" ISACTUAL="1" ISACTIVE="1" /><HOUSE ID="129427887" OBJECTID="175625581" OBJECTGUID="a013ba17-77cd-44e5-b7e5-0b0012ca81ac" CHANGEID="691510098" HOUSENUM="264" HOUSETYPE="2" OPERTYPEID="10" PREVID="0" NEXTID="0" UPDATEDATE="2025-10-31" STARTDATE="2025-10-31" ENDDATE="2079-06-06" ISACTUAL="1" ISACTIVE="1" /><HOUSE ID="129427893" OBJECTID="175625599" OBJECTGUID="e954a801-ce70-4d59-a898-a8918487d26d" CHANGEID="691510137" HOUSENUM="41/2" HOUSETYPE="2" OPERTYPEID="10" PREVID="0" NEXTID="0" UPDATEDATE="2025-10-31" STARTDATE="2025-10-31" ENDDATE="2079-06-06" ISACTUAL="1" ISACTIVE="1" /><HOUSE ID="129428424" OBJECTID="175627565" OBJECTGUID="af0eb061-dcf5-4573-988e-4b8105f96e98" CHANGEID="691512879" HOUSENUM="344А" HOUSETYPE="2" OPERTYPEID="10" PREVID="0" NEXTID="0" UPDATEDATE="2025-10-31" STARTDATE="2025-10-31" ENDDATE="2079-06-06" ISACTUAL="1" ISACTIVE="1" /><HOUSE ID="129430014" OBJECTID="175632622" OBJECTGUID="095a83fc-60f5-435b-b296-d3d6c99a2626" CHANGEID="691520753" HOUSENUM="8" HOUSETYPE="2" OPERTYPEID="10" PREVID="0" NEXTID="0" UPDATEDATE="2025-10-31" STARTDATE="2025-10-31" ENDDATE="2079-06-06" ISACTUAL="1" ISACTIVE="1" /><HOUSE ID="129431732" OBJECTID="17857728" OBJECTGUID="faeb9c35-8e75-45cb-8df6-cb386db995c4" CHANGEID="691530760" HOUSENUM="118" HOUSETYPE="2" OPERTYPEID="30" PREVID="69154339" NEXTID="0" UPDATEDATE="2025-10-31" STARTDATE="2025-10-31" ENDDATE="2079-06-06" ISACTUAL="1" ISACTIVE="0" /><HOUSE ID="129431736" OBJECTID="175638968" OBJECTGUID="ef503892-8d3c-4039-aea6-6227acda61fc" CHANGEID="691530795" HOUSENUM="25" HOUSETYPE="2" OPERTYPEID="10" PREVID="0" NEXTID="0" UPDATEDATE="2025-10-31" STARTDATE="2025-10-31" ENDDATE="2079-06-06" ISACTUAL="1" ISACTIVE="1" /><HOUSE ID="129431730" OBJECTID="17800231" OBJECTGUID="6936764c-5994-4ddc-9574-1069323357dd" CHANGEID="691530742" HOUSENUM="59" HOUSETYPE="2" OPERTYPEID="30" PREVID="58834991" NEXTID="0" UPDATEDATE="2025-10-31" STARTDATE="2025-10-31" ENDDATE="2079-06-06" ISACTUAL="1" ISACTIVE="0" /><HOUSE ID="129431745" OBJECTID="58959342" OBJECTGUID="07328466-866c-4a78-ada0-4565da36f075" CHANGEID="691530834" HOUSENUM="23" HOUSETYPE="2" OPERTYPEID="30" PREVID="51891508" NEXTID="0" UPDATEDATE="2025-10-31" STARTDATE="2025-10-31" ENDDATE="2079-06-06" ISACTUAL="1" ISACTIVE="0" /><HOUSE ID="129432379" OBJECTID="175641350" OBJECTGUID="475d7203-efa3-4f64-83d9-12bc6ea03251" CHANGEID="691534316" HOUSENUM="355в" HOUSETYPE="2" OPERTYPEID="10" PREVID="0" NEXTID="0" UPDATEDATE="2025-10-31" STARTDATE="2025-10-31" ENDDATE="2079-06-06" ISACTUAL="1" ISACTIVE="1" /><HOUSE ID="129434331" OBJECTID="46899178" OBJECTGUID="2c20f244-b840-489f-8f08-b1b4086f352b" CHANGEID="691564769" HOUSENUM="25" HOUSETYPE="2" OPERTYPEID="30" PREVID="54506502" NEXTID="0" UPDATEDATE="2025-11-01" STARTDATE="2025-11-01" ENDDATE="2079-06-06" ISACTUAL="1" ISACTIVE="0" /><HOUSE ID="129434334" OBJECTID="84225940" OBJECTGUID="8bc6639d-e13e-4c15-867c-475ea0017b84" CHANGEID="691564775" HOUSENUM="Б" HOUSETYPE="2" OPERTYPEID="30" PREVID="51012179" NEXTID="0" UPDATEDATE="2025-11-01" STARTDATE="2025-11-01" ENDDATE="2079-06-06" ISACTUAL="1" ISACTIVE="0" /><HOUSE ID="51012179" OBJECTID="84225940" OBJECTGUID="8bc6639d-e13e-4c15-867c-475ea0017b84" CHANGEID="125119796" HOUSENUM="Б" HOUSETYPE="2" OPERTYPEID="10" PREVID="0" NEXTID="129434334" UPDATEDATE="2025-11-01" STARTDATE="2017-10-11" ENDDATE="2025-11-01" ISACTUAL="0" ISACTIVE="0" /><HOUSE ID="129436323" OBJECTID="32763690" OBJECTGUID="b5eaa16d-be96-4668-bd6d-0c0d88a48502" CHANGEID="691575787" HOUSENUM="12б" HOUSETYPE="2" OPERTYPEID="30" PREVID="19458527" NEXTID="0" UPDATEDATE="2025-11-01" STARTDATE="2025-11-01" ENDDATE="2079-06-06" ISACTUAL="1" ISACTIVE="0" /><HOUSE ID="19458527" OBJECTID="32763690" OBJECTGUID="b5eaa16d-be96-4668-bd6d-0c0d88a48502" CHANGEID="49985317" HOUSENUM="12б" HOUSETYPE="2" OPERTYPEID="10" PREVID="0" NEXTID="129436323" UPDATEDATE="2025-11-01" STARTDATE="2017-06-23" ENDDATE="2025-11-01" ISACTUAL="0" ISACTIVE="0" /><HOUSE ID="129436309" OBJECTID="51832795" OBJECTGUID="5eb42b23-6bda-4963-bfdb-922ad6dac9d9" CHANGEID="691575743" HOUSENUM="2" HOUSETYPE="2" OPERTYPEID="30" PREVID="58089804" NEXTID="0" UPDATEDATE="2025-11-01" STARTDATE="2025-11-01" ENDDATE="2079-06-06" ISACTUAL="1" ISACTIVE="0" /><HOUSE ID="129436372" OBJECTID="23233527" OBJECTGUID="0588316b-1919-463d-9fea-92f1521591db" CHANGEID="691576104" HOUSENUM="17" HOUSETYPE="2" OPERTYPEID="30" PREVID="51773905" NEXTID="0" UPDATEDATE="2025-11-01" STARTDATE="2025-11-01" ENDDATE="2079-06-06" ISACTUAL="1" ISACTIVE="0" /><HOUSE ID="129436406" OBJECTID="16837703" OBJECTGUID="f2d98aac-a7e6-48a8-a081-ccabd672e3e0" CHANGEID="691576232" HOUSENUM="7" HOUSETYPE="2" OPERTYPEID="30" PREVID="9611602" NEXTID="0" UPDATEDATE="2025-11-01" STARTDATE="2025-11-01" ENDDATE="2079-06-06" ISACTUAL="1" ISACTIVE="0" /><HOUSE ID="129436440" OBJECTID="18728012" OBJECTGUID="46ede09d-edf8-4e2b-933d-23ca3f7d6367" CHANGEID="691576364" HOUSENUM="6В" HOUSETYPE="2" OPERTYPEID="30" PREVID="10801437" NEXTID="0" UPDATEDATE="2025-11-01" STARTDATE="2025-11-01" ENDDATE="2079-06-06" ISACTUAL="1" ISACTIVE="0" /><HOUSE ID="129436473" OBJECTID="70637186" OBJECTGUID="7237176f-e2ca-4a9c-8626-4b8e52eaffa6" CHANGEID="691576466" HOUSENUM="90" HOUSETYPE="2" OPERTYPEID="30" PREVID="42615715" NEXTID="0" UPDATEDATE="2025-11-01" STARTDATE="2025-11-01" ENDDATE="2079-06-06" ISACTUAL="1" ISACTIVE="0" /><HOUSE ID="129436788" OBJECTID="32781874" OBJECTGUID="6b9643d8-5a7b-4f6d-b86e-09264408172b" CHANGEID="691578126" HOUSENUM="72" HOUSETYPE="2" OPERTYPEID="30" PREVID="59002216" NEXTID="0" UPDATEDATE="2025-11-01" STARTDATE="2025-11-01" ENDDATE="2079-06-06" ISACTUAL="1" ISACTIVE="0" /><HOUSE ID="59002216" OBJECTID="32781874" OBJECTGUID="6b9643d8-5a7b-4f6d-b86e-09264408172b" CHANGEID="50013114" HOUSENUM="72" HOUSETYPE="2" OPERTYPEID="20" PREVID="19471103" NEXTID="129436788" UPDATEDATE="2025-11-01" STARTDATE="2014-05-15" ENDDATE="2025-11-01" ISACTUAL="0" ISACTIVE="0" /><HOUSE ID="129438734" OBJECTID="175663455" OBJECTGUID="56236056-f884-490d-85ff-d45921fd5da3" CHANGEID="691586686" HOUSENUM="35Н" HOUSETYPE="2" OPERTYPEID="10" PREVID="0" NEXTID="0" UPDATEDATE="2025-11-01" STARTDATE="2025-11-01" ENDDATE="2079-06-06" ISACTUAL="1" ISACTIVE="1" /></HOUSES>