﻿<?xml version="1.0" encoding="utf-8"?><REESTR_OBJECTS><OBJECT OBJECTID="46590826" OBJECTGUID="b907c437-4a6e-4ffb-9e51-ab72fb0ebc8d" CHANGEID="691468688" ISACTIVE="1" LEVELID="11" CREATEDATE="2019-07-14" UPDATEDATE="2025-10-30" /><OBJECT OBJECTID="70282716" OBJECTGUID="920ac67c-7153-442f-a6e4-bbfac2d8452d" CHANGEID="691585497" ISACTIVE="1" LEVELID="10" CREATEDATE="2019-07-09" UPDATEDATE="2025-11-01" /><OBJECT OBJECTID="160831487" OBJECTGUID="f491d973-d7c8-4182-94a0-34e852c52c8d" CHANGEID="691564435" ISACTIVE="1" LEVELID="10" CREATEDATE="2023-10-24" UPDATEDATE="2025-11-01" /><OBJECT OBJECTID="70253962" OBJECTGUID="ec4dcbaf-5647-4680-8d91-3cf94a13367b" CHANGEID="691585480" ISACTIVE="1" LEVELID="10" CREATEDATE="2019-07-09" UPDATEDATE="2025-11-01" /><OBJECT OBJECTID="87860190" OBJECTGUID="dd8b6ff0-8d02-4528-8c74-f789fb5061bf" CHANGEID="691475713" ISACTIVE="0" LEVELID="9" CREATEDATE="2018-05-24" UPDATEDATE="2025-10-30" /><OBJECT OBJECTID="1418924" OBJECTGUID="92c11eae-53e7-4082-b478-e410a99dfb10" CHANGEID="691458511" ISACTIVE="1" LEVELID="8" CREATEDATE="2017-09-07" UPDATEDATE="2025-10-30" /><OBJECT OBJECTID="1447431" OBJECTGUID="61b81382-d088-4dd7-b1f6-b605b4732e5d" CHANGEID="691458542" ISACTIVE="1" LEVELID="8" CREATEDATE="2017-09-07" UPDATEDATE="2025-10-30" /><OBJECT OBJECTID="171902321" OBJECTGUID="61fe9fc8-fea8-467f-9671-f9a9afff5033" CHANGEID="691562117" ISACTIVE="1" LEVELID="9" CREATEDATE="2025-04-24" UPDATEDATE="2025-11-01" /><OBJECT OBJECTID="15638779" OBJECTGUID="1599616a-0c1b-447b-93ac-6560e7f9c531" CHANGEID="691582339" ISACTIVE="1" LEVELID="10" CREATEDATE="2019-07-09" UPDATEDATE="2025-11-01" /><OBJECT OBJECTID="171380245" OBJECTGUID="29751819-1761-4e91-be23-13e9d6a16928" CHANGEID="691562126" ISACTIVE="1" LEVELID="9" CREATEDATE="2025-04-01" UPDATEDATE="2025-11-01" /><OBJECT OBJECTID="70216731" OBJECTGUID="f4938f7b-e808-4a72-a989-0d0640819904" CHANGEID="691585585" ISACTIVE="1" LEVELID="10" CREATEDATE="2017-04-23" UPDATEDATE="2025-11-01" /><OBJECT OBJECTID="175597000" OBJECTGUID="af64f927-d4ee-42fa-8623-d57bf8f9c687" CHANGEID="691463290" ISACTIVE="1" LEVELID="9" CREATEDATE="2025-10-30" UPDATEDATE="2025-10-30" /><OBJECT OBJECTID="175597003" OBJECTGUID="6836d0c1-6bed-4b4d-bf1b-d7451e2fe8f5" CHANGEID="691463301" ISACTIVE="1" LEVELID="10" CREATEDATE="2025-10-30" UPDATEDATE="2025-10-30" /><OBJECT OBJECTID="175597081" OBJECTGUID="82aee1e8-f75e-44fd-a6ef-e538cd88899a" CHANGEID="691463395" ISACTIVE="1" LEVELID="11" CREATEDATE="2025-10-30" UPDATEDATE="2025-10-30" /><OBJECT OBJECTID="46590619" OBJECTGUID="52ba2d10-4da5-4fa8-a2b6-1129d57229f1" CHANGEID="691468784" ISACTIVE="1" LEVELID="11" CREATEDATE="2019-07-14" UPDATEDATE="2025-10-30" /><OBJECT OBJECTID="15624396" OBJECTGUID="53927f0b-07b5-4785-86dd-a30c33f5995b" CHANGEID="691582890" ISACTIVE="1" LEVELID="10" CREATEDATE="2019-07-09" UPDATEDATE="2025-11-01" /><OBJECT OBJECTID="15625695" OBJECTGUID="9ca24fb5-22dd-4a14-a185-dda6a948b62d" CHANGEID="691583041" ISACTIVE="1" LEVELID="10" CREATEDATE="2019-07-09" UPDATEDATE="2025-11-01" /><OBJECT OBJECTID="50736122" OBJECTGUID="9b0f696e-6fcd-400f-9f1f-e7444f8a4bc0" CHANGEID="691486825" ISACTIVE="1" LEVELID="11" CREATEDATE="2018-09-18" UPDATEDATE="2025-10-30" /><OBJECT OBJECTID="175611522" OBJECTGUID="6d4254f8-ac68-4971-b29f-8672636e758f" CHANGEID="691486941" ISACTIVE="1" LEVELID="12" CREATEDATE="2025-10-30" UPDATEDATE="2025-10-30" /><OBJECT OBJECTID="175619158" OBJECTGUID="c69be263-9ab3-4d3c-8a90-4d40cdd6b60e" CHANGEID="691499460" ISACTIVE="1" LEVELID="10" CREATEDATE="2025-10-31" UPDATEDATE="2025-10-31" /><OBJECT OBJECTID="175641442" OBJECTGUID="5500071a-1d8e-4b67-bab9-680cbd9b9bfc" CHANGEID="691534428" ISACTIVE="1" LEVELID="10" CREATEDATE="2025-10-31" UPDATEDATE="2025-10-31" /><OBJECT OBJECTID="175641478" OBJECTGUID="14bc05be-b3fc-47d6-a122-452f5bce9776" CHANGEID="691534473" ISACTIVE="1" LEVELID="10" CREATEDATE="2025-10-31" UPDATEDATE="2025-10-31" /><OBJECT OBJECTID="175641559" OBJECTGUID="8ddc5e83-ca22-492c-8b07-f1c9c260d25e" CHANGEID="691534563" ISACTIVE="1" LEVELID="10" CREATEDATE="2025-10-31" UPDATEDATE="2025-10-31" /><OBJECT OBJECTID="175641596" OBJECTGUID="d2ea513a-fbc3-4aa0-8d67-e3b4a4b49fc8" CHANGEID="691534605" ISACTIVE="1" LEVELID="10" CREATEDATE="2025-10-31" UPDATEDATE="2025-10-31" /><OBJECT OBJECTID="175641597" OBJECTGUID="7bc90c37-812d-4ab8-a922-d0bd7c14a314" CHANGEID="691534606" ISACTIVE="1" LEVELID="10" CREATEDATE="2025-10-31" UPDATEDATE="2025-10-31" /><OBJECT OBJECTID="175641640" OBJECTGUID="c37e09da-049b-4b6d-bcfb-2cb49f77c1c8" CHANGEID="691534654" ISACTIVE="1" LEVELID="10" CREATEDATE="2025-10-31" UPDATEDATE="2025-10-31" /><OBJECT OBJECTID="175641641" OBJECTGUID="3c2fc079-29c3-42c6-b563-cda4e2826824" CHANGEID="691534655" ISACTIVE="1" LEVELID="10" CREATEDATE="2025-10-31" UPDATEDATE="2025-10-31" /><OBJECT OBJECTID="175641680" OBJECTGUID="9462f32b-58bc-438b-a102-50eb5d11ff2c" CHANGEID="691534697" ISACTIVE="1" LEVELID="10" CREATEDATE="2025-10-31" UPDATEDATE="2025-10-31" /><OBJECT OBJECTID="175641697" OBJECTGUID="a9ad109a-9ed8-4b51-a3c3-032c29234b1d" CHANGEID="691534722" ISACTIVE="1" LEVELID="10" CREATEDATE="2025-10-31" UPDATEDATE="2025-10-31" /><OBJECT OBJECTID="175642574" OBJECTGUID="494bc492-4d14-49da-9980-17e58e81a209" CHANGEID="691535725" ISACTIVE="1" LEVELID="9" CREATEDATE="2025-10-31" UPDATEDATE="2025-10-31" /><OBJECT OBJECTID="175642575" OBJECTGUID="bd933c72-f8e5-4483-be6d-c0431d53140e" CHANGEID="691535726" ISACTIVE="1" LEVELID="9" CREATEDATE="2025-10-31" UPDATEDATE="2025-10-31" /><OBJECT OBJECTID="175649971" OBJECTGUID="4893fc7b-079d-48f7-b4b0-a3748cd01d1c" CHANGEID="691564417" ISACTIVE="1" LEVELID="9" CREATEDATE="2025-11-01" UPDATEDATE="2025-11-01" /><OBJECT OBJECTID="175648156" OBJECTGUID="65ec65bd-bcc8-4830-925e-be9a003e491e" CHANGEID="691562102" ISACTIVE="1" LEVELID="9" CREATEDATE="2025-11-01" UPDATEDATE="2025-11-01" /><OBJECT OBJECTID="175648157" OBJECTGUID="6a77507d-78a4-4c32-9d33-99e6d0b971e6" CHANGEID="691562103" ISACTIVE="1" LEVELID="9" CREATEDATE="2025-11-01" UPDATEDATE="2025-11-01" /><OBJECT OBJECTID="175648158" OBJECTGUID="c5d31fcc-99ac-48cb-b300-703ecd0bc583" CHANGEID="691562104" ISACTIVE="1" LEVELID="9" CREATEDATE="2025-11-01" UPDATEDATE="2025-11-01" /><OBJECT OBJECTID="171902376" OBJECTGUID="3374a141-7351-4393-ae1e-a1e01837b6ba" CHANGEID="691562116" ISACTIVE="1" LEVELID="9" CREATEDATE="2025-04-24" UPDATEDATE="2025-11-01" /><OBJECT OBJECTID="171378963" OBJECTGUID="49c87577-e21a-4041-a63f-2f1d3ded9f23" CHANGEID="691562118" ISACTIVE="1" LEVELID="9" CREATEDATE="2025-04-01" UPDATEDATE="2025-11-01" /><OBJECT OBJECTID="175648171" OBJECTGUID="7b94be58-8899-46c4-98d5-02bacf6a3b8a" CHANGEID="691562122" ISACTIVE="1" LEVELID="9" CREATEDATE="2025-11-01" UPDATEDATE="2025-11-01" /><OBJECT OBJECTID="175648159" OBJECTGUID="a5446bcf-9c0c-44a7-9189-e89e5741c688" CHANGEID="691562105" ISACTIVE="1" LEVELID="9" CREATEDATE="2025-11-01" UPDATEDATE="2025-11-01" /><OBJECT OBJECTID="175648160" OBJECTGUID="f50bef9f-a4f2-4f05-a5c0-94353448fead" CHANGEID="691562106" ISACTIVE="1" LEVELID="9" CREATEDATE="2025-11-01" UPDATEDATE="2025-11-01" /><OBJECT OBJECTID="175648161" OBJECTGUID="2ea3cc32-bde8-4d45-8a9b-4e5b73666d5a" CHANGEID="691562107" ISACTIVE="1" LEVELID="9" CREATEDATE="2025-11-01" UPDATEDATE="2025-11-01" /><OBJECT OBJECTID="175648162" OBJECTGUID="be2fa73a-f40b-45a1-82f0-188a39d665cd" CHANGEID="691562108" ISACTIVE="1" LEVELID="9" CREATEDATE="2025-11-01" UPDATEDATE="2025-11-01" /><OBJECT OBJECTID="175648163" OBJECTGUID="83b3cd2b-c331-41bf-aa31-937d784896d7" CHANGEID="691562109" ISACTIVE="1" LEVELID="9" CREATEDATE="2025-11-01" UPDATEDATE="2025-11-01" /><OBJECT OBJECTID="175648164" OBJECTGUID="a6d0c6ad-1a23-4945-a721-cdd40d248916" CHANGEID="691562110" ISACTIVE="1" LEVELID="9" CREATEDATE="2025-11-01" UPDATEDATE="2025-11-01" /><OBJECT OBJECTID="175648165" OBJECTGUID="28749757-b51d-46aa-ab24-6c7885ec6168" CHANGEID="691562111" ISACTIVE="1" LEVELID="9" CREATEDATE="2025-11-01" UPDATEDATE="2025-11-01" /><OBJECT OBJECTID="175648166" OBJECTGUID="52dcb3ff-7794-4124-8a06-dfdcc16a9c9b" CHANGEID="691562112" ISACTIVE="1" LEVELID="9" CREATEDATE="2025-11-01" UPDATEDATE="2025-11-01" /><OBJECT OBJECTID="175648167" OBJECTGUID="4b3b5787-0b4f-48c2-9cf9-1cebed9aa24a" CHANGEID="691562113" ISACTIVE="1" LEVELID="9" CREATEDATE="2025-11-01" UPDATEDATE="2025-11-01" /><OBJECT OBJECTID="175648168" OBJECTGUID="f80091dc-19f2-4c3d-84d4-ad09759a0273" CHANGEID="691562114" ISACTIVE="1" LEVELID="9" CREATEDATE="2025-11-01" UPDATEDATE="2025-11-01" /><OBJECT OBJECTID="175648169" OBJECTGUID="3e52645f-311c-4c90-af61-7a8e50abbb1f" CHANGEID="691562115" ISACTIVE="1" LEVELID="9" CREATEDATE="2025-11-01" UPDATEDATE="2025-11-01" /><OBJECT OBJECTID="175648170" OBJECTGUID="ed0aa5e5-166c-40b9-bb07-fcb37a8b83f8" CHANGEID="691562119" ISACTIVE="1" LEVELID="9" CREATEDATE="2025-11-01" UPDATEDATE="2025-11-01" /><OBJECT OBJECTID="175648172" OBJECTGUID="77a2129b-d18c-4cd7-bc37-74bc01cc0220" CHANGEID="691562125" ISACTIVE="1" LEVELID="9" CREATEDATE="2025-11-01" UPDATEDATE="2025-11-01" /><OBJECT OBJECTID="171378985" OBJECTGUID="b9d62b96-108d-4c28-9566-7b5ae516bd18" CHANGEID="691562124" ISACTIVE="1" LEVELID="9" CREATEDATE="2025-04-01" UPDATEDATE="2025-11-01" /><OBJECT OBJECTID="175657428" OBJECTGUID="888370c2-bc2b-4535-ba12-f8a3b50408ac" CHANGEID="691575821" ISACTIVE="1" LEVELID="10" CREATEDATE="2025-11-01" UPDATEDATE="2025-11-01" /><OBJECT OBJECTID="175657451" OBJECTGUID="f6c8ed23-9553-4e72-bcea-5a9cb46cf17a" CHANGEID="691575887" ISACTIVE="1" LEVELID="10" CREATEDATE="2025-11-01" UPDATEDATE="2025-11-01" /><OBJECT OBJECTID="15611687" OBJECTGUID="2d4c3102-7f8d-43a7-ae29-c5618c77f67b" CHANGEID="691580414" ISACTIVE="1" LEVELID="10" CREATEDATE="2019-07-09" UPDATEDATE="2025-11-01" /><OBJECT OBJECTID="15612486" OBJECTGUID="f5545ceb-e157-4667-9485-cfb2acc5669f" CHANGEID="691580426" ISACTIVE="1" LEVELID="10" CREATEDATE="2019-07-09" UPDATEDATE="2025-11-01" /><OBJECT OBJECTID="15623829" OBJECTGUID="11e6de36-1d12-4087-9aa6-1a74ac475c7c" CHANGEID="691582356" ISACTIVE="1" LEVELID="10" CREATEDATE="2019-07-09" UPDATEDATE="2025-11-01" /><OBJECT OBJECTID="15643402" OBJECTGUID="ae72ae63-f26e-403d-8800-bb730d3ef7f8" CHANGEID="691582345" ISACTIVE="1" LEVELID="10" CREATEDATE="2019-07-09" UPDATEDATE="2025-11-01" /><OBJECT OBJECTID="15633400" OBJECTGUID="8acda9e8-c213-42e1-9dc5-21d496b0dd84" CHANGEID="691582873" ISACTIVE="1" LEVELID="10" CREATEDATE="2019-07-09" UPDATEDATE="2025-11-01" /><OBJECT OBJECTID="15608519" OBJECTGUID="ba6d057e-8b49-4884-932d-ab35b85d295f" CHANGEID="691580476" ISACTIVE="1" LEVELID="10" CREATEDATE="2019-07-09" UPDATEDATE="2025-11-01" /><OBJECT OBJECTID="169066775" OBJECTGUID="d2c2e228-0d72-44b2-b8b4-69f3317efdbe" CHANGEID="691562123" ISACTIVE="1" LEVELID="9" CREATEDATE="2024-12-23" UPDATEDATE="2025-11-01" /><OBJECT OBJECTID="15642424" OBJECTGUID="b91afc4f-ea7b-444a-b02f-a9b2826b3012" CHANGEID="691582334" ISACTIVE="1" LEVELID="10" CREATEDATE="2019-07-09" UPDATEDATE="2025-11-01" /><OBJECT OBJECTID="71865127" OBJECTGUID="c836914d-ac3c-4bd3-b5f1-9e543ef4a563" CHANGEID="691580546" ISACTIVE="1" LEVELID="10" CREATEDATE="2019-07-09" UPDATEDATE="2025-11-01" /><OBJECT OBJECTID="6432866" OBJECTGUID="7da5a494-7c7b-4d27-8f21-a8177296c5be" CHANGEID="691486797" ISACTIVE="1" LEVELID="11" CREATEDATE="2018-08-21" UPDATEDATE="2025-10-30" /><OBJECT OBJECTID="1458174" OBJECTGUID="45591356-bb65-48a6-8042-fd4bd611b781" CHANGEID="691458467" ISACTIVE="1" LEVELID="8" CREATEDATE="2017-09-07" UPDATEDATE="2025-10-30" /><OBJECT OBJECTID="70248815" OBJECTGUID="a3d939e8-d5c6-4bb5-989f-2a49ea047a15" CHANGEID="691585516" ISACTIVE="1" LEVELID="10" CREATEDATE="2019-07-09" UPDATEDATE="2025-11-01" /><OBJECT OBJECTID="70228941" OBJECTGUID="23f644d6-93de-420a-826d-c027b9701f29" CHANGEID="691583196" ISACTIVE="1" LEVELID="10" CREATEDATE="2019-07-09" UPDATEDATE="2025-11-01" /><OBJECT OBJECTID="70232102" OBJECTGUID="5cfebaf1-4c01-4f21-ae1f-c5090cd51a8c" CHANGEID="691585532" ISACTIVE="1" LEVELID="10" CREATEDATE="2019-07-09" UPDATEDATE="2025-11-01" /><OBJECT OBJECTID="70273773" OBJECTGUID="4dc1ed90-840c-4e5f-a40d-ad8c563c0131" CHANGEID="691585552" ISACTIVE="1" LEVELID="10" CREATEDATE="2019-07-09" UPDATEDATE="2025-11-01" /><OBJECT OBJECTID="70273187" OBJECTGUID="da119c35-9763-4377-bb1f-a655066ae47f" CHANGEID="691585577" ISACTIVE="1" LEVELID="10" CREATEDATE="2019-07-09" UPDATEDATE="2025-11-01" /><OBJECT OBJECTID="70295596" OBJECTGUID="354e5adf-262d-453d-9a84-e970def167b1" CHANGEID="691583225" ISACTIVE="1" LEVELID="10" CREATEDATE="2019-07-09" UPDATEDATE="2025-11-01" /><OBJECT OBJECTID="15608132" OBJECTGUID="15d15fe1-6058-43d9-ae76-5e602863d174" CHANGEID="691580468" ISACTIVE="1" LEVELID="10" CREATEDATE="2019-07-09" UPDATEDATE="2025-11-01" /><OBJECT OBJECTID="15605301" OBJECTGUID="ddfd4447-987f-4cf4-8a8e-320e578979f0" CHANGEID="691580487" ISACTIVE="1" LEVELID="10" CREATEDATE="2019-07-09" UPDATEDATE="2025-11-01" /><OBJECT OBJECTID="15639243" OBJECTGUID="70e774d1-cc7d-4423-b031-899a1eb1c315" CHANGEID="691582337" ISACTIVE="1" LEVELID="10" CREATEDATE="2019-07-09" UPDATEDATE="2025-11-01" /><OBJECT OBJECTID="15644104" OBJECTGUID="1636193e-c220-44d7-a2e0-d82320b39a24" CHANGEID="691582351" ISACTIVE="1" LEVELID="10" CREATEDATE="2019-07-09" UPDATEDATE="2025-11-01" /><OBJECT OBJECTID="15636706" OBJECTGUID="875c0273-0659-4ed7-89e7-46011a185a17" CHANGEID="691582909" ISACTIVE="1" LEVELID="10" CREATEDATE="2019-07-09" UPDATEDATE="2025-11-01" /><OBJECT OBJECTID="15639593" OBJECTGUID="dd8a9b44-e9a6-4ac4-9dec-8a06e368ab08" CHANGEID="691582921" ISACTIVE="1" LEVELID="10" CREATEDATE="2019-07-09" UPDATEDATE="2025-11-01" /><OBJECT OBJECTID="160831484" OBJECTGUID="8cfcc436-09df-438a-a84c-a148072d692b" CHANGEID="691535554" ISACTIVE="1" LEVELID="10" CREATEDATE="2023-10-24" UPDATEDATE="2025-10-31" /><OBJECT OBJECTID="86423431" OBJECTGUID="45429438-6d18-42f3-a98f-dce7bb58fd32" CHANGEID="691580397" ISACTIVE="1" LEVELID="9" CREATEDATE="2018-07-16" UPDATEDATE="2025-11-01" /><OBJECT OBJECTID="160833630" OBJECTGUID="7dfd3f53-458b-4982-b3f7-e0fd5fe3cd62" CHANGEID="691562120" ISACTIVE="1" LEVELID="9" CREATEDATE="2023-10-24" UPDATEDATE="2025-11-01" /></REESTR_OBJECTS>