﻿<?xml version="1.0" encoding="utf-8"?><STEADS><STEAD ID="74522497" OBJECTID="175597000" OBJECTGUID="af64f927-d4ee-42fa-8623-d57bf8f9c687" CHANGEID="691463290" NUMBER="88" OPERTYPEID="10" PREVID="0" NEXTID="0" UPDATEDATE="2025-10-30" STARTDATE="2025-10-30" ENDDATE="2079-06-06" ISACTUAL="1" ISACTIVE="1" /><STEAD ID="74526712" OBJECTID="87860190" OBJECTGUID="dd8b6ff0-8d02-4528-8c74-f789fb5061bf" CHANGEID="691475713" NUMBER="89" OPERTYPEID="30" PREVID="3319694" NEXTID="0" UPDATEDATE="2025-10-30" STARTDATE="2025-10-30" ENDDATE="2079-06-06" ISACTUAL="1" ISACTIVE="0" /><STEAD ID="3319694" OBJECTID="87860190" OBJECTGUID="dd8b6ff0-8d02-4528-8c74-f789fb5061bf" CHANGEID="130043808" NUMBER="89" OPERTYPEID="20" PREVID="3319620" NEXTID="74526712" UPDATEDATE="2025-10-30" STARTDATE="2008-12-30" ENDDATE="2025-10-30" ISACTUAL="0" ISACTIVE="0" /><STEAD ID="74545722" OBJECTID="175642574" OBJECTGUID="494bc492-4d14-49da-9980-17e58e81a209" CHANGEID="691535725" NUMBER="1/20" OPERTYPEID="10" PREVID="0" NEXTID="0" UPDATEDATE="2025-10-31" STARTDATE="2025-10-31" ENDDATE="2079-06-06" ISACTUAL="1" ISACTIVE="1" /><STEAD ID="74545723" OBJECTID="175642575" OBJECTGUID="bd933c72-f8e5-4483-be6d-c0431d53140e" CHANGEID="691535726" NUMBER="1/19" OPERTYPEID="10" PREVID="0" NEXTID="0" UPDATEDATE="2025-10-31" STARTDATE="2025-10-31" ENDDATE="2079-06-06" ISACTUAL="1" ISACTIVE="1" /><STEAD ID="74548234" OBJECTID="175648156" OBJECTGUID="65ec65bd-bcc8-4830-925e-be9a003e491e" CHANGEID="691562102" NUMBER="4/95" OPERTYPEID="10" PREVID="0" NEXTID="0" UPDATEDATE="2025-11-01" STARTDATE="2025-11-01" ENDDATE="2079-06-06" ISACTUAL="1" ISACTIVE="1" /><STEAD ID="74548235" OBJECTID="175648157" OBJECTGUID="6a77507d-78a4-4c32-9d33-99e6d0b971e6" CHANGEID="691562103" NUMBER="4/60" OPERTYPEID="10" PREVID="0" NEXTID="0" UPDATEDATE="2025-11-01" STARTDATE="2025-11-01" ENDDATE="2079-06-06" ISACTUAL="1" ISACTIVE="1" /><STEAD ID="74548236" OBJECTID="175648158" OBJECTGUID="c5d31fcc-99ac-48cb-b300-703ecd0bc583" CHANGEID="691562104" NUMBER="4/92" OPERTYPEID="10" PREVID="0" NEXTID="0" UPDATEDATE="2025-11-01" STARTDATE="2025-11-01" ENDDATE="2079-06-06" ISACTUAL="1" ISACTIVE="1" /><STEAD ID="74548237" OBJECTID="175648159" OBJECTGUID="a5446bcf-9c0c-44a7-9189-e89e5741c688" CHANGEID="691562105" NUMBER="4/24" OPERTYPEID="10" PREVID="0" NEXTID="0" UPDATEDATE="2025-11-01" STARTDATE="2025-11-01" ENDDATE="2079-06-06" ISACTUAL="1" ISACTIVE="1" /><STEAD ID="74548238" OBJECTID="175648160" OBJECTGUID="f50bef9f-a4f2-4f05-a5c0-94353448fead" CHANGEID="691562106" NUMBER="4/5" OPERTYPEID="10" PREVID="0" NEXTID="0" UPDATEDATE="2025-11-01" STARTDATE="2025-11-01" ENDDATE="2079-06-06" ISACTUAL="1" ISACTIVE="1" /><STEAD ID="74548239" OBJECTID="175648161" OBJECTGUID="2ea3cc32-bde8-4d45-8a9b-4e5b73666d5a" CHANGEID="691562107" NUMBER="4/49" OPERTYPEID="10" PREVID="0" NEXTID="0" UPDATEDATE="2025-11-01" STARTDATE="2025-11-01" ENDDATE="2079-06-06" ISACTUAL="1" ISACTIVE="1" /><STEAD ID="74548240" OBJECTID="175648162" OBJECTGUID="be2fa73a-f40b-45a1-82f0-188a39d665cd" CHANGEID="691562108" NUMBER="4/81" OPERTYPEID="10" PREVID="0" NEXTID="0" UPDATEDATE="2025-11-01" STARTDATE="2025-11-01" ENDDATE="2079-06-06" ISACTUAL="1" ISACTIVE="1" /><STEAD ID="74548241" OBJECTID="175648163" OBJECTGUID="83b3cd2b-c331-41bf-aa31-937d784896d7" CHANGEID="691562109" NUMBER="4/90" OPERTYPEID="10" PREVID="0" NEXTID="0" UPDATEDATE="2025-11-01" STARTDATE="2025-11-01" ENDDATE="2079-06-06" ISACTUAL="1" ISACTIVE="1" /><STEAD ID="74548242" OBJECTID="175648164" OBJECTGUID="a6d0c6ad-1a23-4945-a721-cdd40d248916" CHANGEID="691562110" NUMBER="9/192" OPERTYPEID="10" PREVID="0" NEXTID="0" UPDATEDATE="2025-11-01" STARTDATE="2025-11-01" ENDDATE="2079-06-06" ISACTUAL="1" ISACTIVE="1" /><STEAD ID="74548243" OBJECTID="175648165" OBJECTGUID="28749757-b51d-46aa-ab24-6c7885ec6168" CHANGEID="691562111" NUMBER="9/180" OPERTYPEID="10" PREVID="0" NEXTID="0" UPDATEDATE="2025-11-01" STARTDATE="2025-11-01" ENDDATE="2079-06-06" ISACTUAL="1" ISACTIVE="1" /><STEAD ID="74548244" OBJECTID="175648166" OBJECTGUID="52dcb3ff-7794-4124-8a06-dfdcc16a9c9b" CHANGEID="691562112" NUMBER="9/177" OPERTYPEID="10" PREVID="0" NEXTID="0" UPDATEDATE="2025-11-01" STARTDATE="2025-11-01" ENDDATE="2079-06-06" ISACTUAL="1" ISACTIVE="1" /><STEAD ID="74548245" OBJECTID="175648167" OBJECTGUID="4b3b5787-0b4f-48c2-9cf9-1cebed9aa24a" CHANGEID="691562113" NUMBER="9/189/1" OPERTYPEID="10" PREVID="0" NEXTID="0" UPDATEDATE="2025-11-01" STARTDATE="2025-11-01" ENDDATE="2079-06-06" ISACTUAL="1" ISACTIVE="1" /><STEAD ID="74548246" OBJECTID="175648168" OBJECTGUID="f80091dc-19f2-4c3d-84d4-ad09759a0273" CHANGEID="691562114" NUMBER="9/176" OPERTYPEID="10" PREVID="0" NEXTID="0" UPDATEDATE="2025-11-01" STARTDATE="2025-11-01" ENDDATE="2079-06-06" ISACTUAL="1" ISACTIVE="1" /><STEAD ID="74548247" OBJECTID="175648169" OBJECTGUID="3e52645f-311c-4c90-af61-7a8e50abbb1f" CHANGEID="691562115" NUMBER="9/225/1" OPERTYPEID="10" PREVID="0" NEXTID="0" UPDATEDATE="2025-11-01" STARTDATE="2025-11-01" ENDDATE="2079-06-06" ISACTUAL="1" ISACTIVE="1" /><STEAD ID="74548248" OBJECTID="175648170" OBJECTGUID="ed0aa5e5-166c-40b9-bb07-fcb37a8b83f8" CHANGEID="691562119" NUMBER="20/1" OPERTYPEID="10" PREVID="0" NEXTID="0" UPDATEDATE="2025-11-01" STARTDATE="2025-11-01" ENDDATE="2079-06-06" ISACTUAL="1" ISACTIVE="1" /><STEAD ID="74548250" OBJECTID="175648172" OBJECTGUID="77a2129b-d18c-4cd7-bc37-74bc01cc0220" CHANGEID="691562125" NUMBER="21/17" OPERTYPEID="10" PREVID="0" NEXTID="0" UPDATEDATE="2025-11-01" STARTDATE="2025-11-01" ENDDATE="2079-06-06" ISACTUAL="1" ISACTIVE="1" /><STEAD ID="74548249" OBJECTID="175648171" OBJECTGUID="7b94be58-8899-46c4-98d5-02bacf6a3b8a" CHANGEID="691562122" NUMBER="1/13" OPERTYPEID="10" PREVID="0" NEXTID="0" UPDATEDATE="2025-11-01" STARTDATE="2025-11-01" ENDDATE="2079-06-06" ISACTUAL="1" ISACTIVE="1" /><STEAD ID="74548698" OBJECTID="175649971" OBJECTGUID="4893fc7b-079d-48f7-b4b0-a3748cd01d1c" CHANGEID="691564417" NUMBER="13" OPERTYPEID="10" PREVID="0" NEXTID="0" UPDATEDATE="2025-11-01" STARTDATE="2025-11-01" ENDDATE="2079-06-06" ISACTUAL="1" ISACTIVE="1" /></STEADS>