﻿<?xml version="1.0" encoding="utf-8"?><STEADS><STEAD ID="74518429" OBJECTID="175589290" OBJECTGUID="f53a52a0-087c-48e0-b636-938288db5d57" CHANGEID="691449400" NUMBER="24" OPERTYPEID="10" PREVID="0" NEXTID="0" UPDATEDATE="2025-10-30" STARTDATE="2025-10-30" ENDDATE="2079-06-06" ISACTUAL="1" ISACTIVE="1" /><STEAD ID="74519256" OBJECTID="175590733" OBJECTGUID="bb65e286-7f57-4a9b-b74a-9dbea7c94110" CHANGEID="691452096" NUMBER="42" OPERTYPEID="10" PREVID="0" NEXTID="0" UPDATEDATE="2025-10-30" STARTDATE="2025-10-30" ENDDATE="2079-06-06" ISACTUAL="1" ISACTIVE="1" /><STEAD ID="74520101" OBJECTID="175592077" OBJECTGUID="456a058c-52cf-4600-a724-51b79afbe7de" CHANGEID="691454208" NUMBER="46" OPERTYPEID="10" PREVID="0" NEXTID="0" UPDATEDATE="2025-10-30" STARTDATE="2025-10-30" ENDDATE="2079-06-06" ISACTUAL="1" ISACTIVE="1" /><STEAD ID="74520105" OBJECTID="175592082" OBJECTGUID="6f825b4a-bb50-4bd8-9f50-7f516ee14202" CHANGEID="691454214" NUMBER="15" OPERTYPEID="10" PREVID="0" NEXTID="0" UPDATEDATE="2025-10-30" STARTDATE="2025-10-30" ENDDATE="2079-06-06" ISACTUAL="1" ISACTIVE="1" /><STEAD ID="74520106" OBJECTID="175592083" OBJECTGUID="baf6de83-27e8-4eb1-9bef-1ed50b68b664" CHANGEID="691454215" NUMBER="13" OPERTYPEID="10" PREVID="0" NEXTID="0" UPDATEDATE="2025-10-30" STARTDATE="2025-10-30" ENDDATE="2079-06-06" ISACTUAL="1" ISACTIVE="1" /><STEAD ID="74520107" OBJECTID="175592084" OBJECTGUID="6f2d0bd7-4110-4c91-8dc8-9e445cc1d107" CHANGEID="691454216" NUMBER="11" OPERTYPEID="10" PREVID="0" NEXTID="0" UPDATEDATE="2025-10-30" STARTDATE="2025-10-30" ENDDATE="2079-06-06" ISACTUAL="1" ISACTIVE="1" /><STEAD ID="74520108" OBJECTID="175592085" OBJECTGUID="c58cc7f1-1fc5-4ed4-9c9b-88fb83838abe" CHANGEID="691454217" NUMBER="9" OPERTYPEID="10" PREVID="0" NEXTID="0" UPDATEDATE="2025-10-30" STARTDATE="2025-10-30" ENDDATE="2079-06-06" ISACTUAL="1" ISACTIVE="1" /><STEAD ID="74520109" OBJECTID="175592086" OBJECTGUID="0ec2efc3-eb2d-4c9e-9b71-c2ea7409b6bf" CHANGEID="691454218" NUMBER="7" OPERTYPEID="10" PREVID="0" NEXTID="0" UPDATEDATE="2025-10-30" STARTDATE="2025-10-30" ENDDATE="2079-06-06" ISACTUAL="1" ISACTIVE="1" /><STEAD ID="74520110" OBJECTID="175592087" OBJECTGUID="7869f243-7e02-4407-abb6-1e3d2ee68a83" CHANGEID="691454219" NUMBER="5" OPERTYPEID="10" PREVID="0" NEXTID="0" UPDATEDATE="2025-10-30" STARTDATE="2025-10-30" ENDDATE="2079-06-06" ISACTUAL="1" ISACTIVE="1" /><STEAD ID="74520111" OBJECTID="175592088" OBJECTGUID="cbffa667-4861-4c2c-aae5-6adc04410352" CHANGEID="691454220" NUMBER="3" OPERTYPEID="10" PREVID="0" NEXTID="0" UPDATEDATE="2025-10-30" STARTDATE="2025-10-30" ENDDATE="2079-06-06" ISACTUAL="1" ISACTIVE="1" /><STEAD ID="74520112" OBJECTID="175592089" OBJECTGUID="7fb6cdc7-4707-4e73-b497-2b8d1b5131c2" CHANGEID="691454221" NUMBER="1" OPERTYPEID="10" PREVID="0" NEXTID="0" UPDATEDATE="2025-10-30" STARTDATE="2025-10-30" ENDDATE="2079-06-06" ISACTUAL="1" ISACTIVE="1" /><STEAD ID="74520137" OBJECTID="175592235" OBJECTGUID="709daf3f-e208-4b1b-8294-1330d24d6137" CHANGEID="691454374" NUMBER="17" OPERTYPEID="10" PREVID="0" NEXTID="0" UPDATEDATE="2025-10-30" STARTDATE="2025-10-30" ENDDATE="2079-06-06" ISACTUAL="1" ISACTIVE="1" /><STEAD ID="74520138" OBJECTID="175592236" OBJECTGUID="ca18b7ab-0efb-4734-aca7-e11f2d0c4a9f" CHANGEID="691454375" NUMBER="16" OPERTYPEID="10" PREVID="0" NEXTID="0" UPDATEDATE="2025-10-30" STARTDATE="2025-10-30" ENDDATE="2079-06-06" ISACTUAL="1" ISACTIVE="1" /><STEAD ID="74520139" OBJECTID="175592237" OBJECTGUID="b6235559-9b5d-4286-9a4e-21448d2076d2" CHANGEID="691454376" NUMBER="15" OPERTYPEID="10" PREVID="0" NEXTID="0" UPDATEDATE="2025-10-30" STARTDATE="2025-10-30" ENDDATE="2079-06-06" ISACTUAL="1" ISACTIVE="1" /><STEAD ID="74520140" OBJECTID="175592238" OBJECTGUID="5d3d628a-66fc-4040-aba3-02c75d95df8e" CHANGEID="691454377" NUMBER="14" OPERTYPEID="10" PREVID="0" NEXTID="0" UPDATEDATE="2025-10-30" STARTDATE="2025-10-30" ENDDATE="2079-06-06" ISACTUAL="1" ISACTIVE="1" /><STEAD ID="74520141" OBJECTID="175592239" OBJECTGUID="6236c1d0-00eb-4a8b-9dac-d86ff95e48c8" CHANGEID="691454378" NUMBER="13" OPERTYPEID="10" PREVID="0" NEXTID="0" UPDATEDATE="2025-10-30" STARTDATE="2025-10-30" ENDDATE="2079-06-06" ISACTUAL="1" ISACTIVE="1" /><STEAD ID="74520142" OBJECTID="175592240" OBJECTGUID="97a72e09-0a99-4c39-af59-f9c4de3d5ad2" CHANGEID="691454379" NUMBER="12" OPERTYPEID="10" PREVID="0" NEXTID="0" UPDATEDATE="2025-10-30" STARTDATE="2025-10-30" ENDDATE="2079-06-06" ISACTUAL="1" ISACTIVE="1" /><STEAD ID="74520143" OBJECTID="175592241" OBJECTGUID="f1c8637a-0529-4b94-a2f7-5fc1ef9d6d54" CHANGEID="691454380" NUMBER="10" OPERTYPEID="10" PREVID="0" NEXTID="0" UPDATEDATE="2025-10-30" STARTDATE="2025-10-30" ENDDATE="2079-06-06" ISACTUAL="1" ISACTIVE="1" /><STEAD ID="74520144" OBJECTID="175592242" OBJECTGUID="25926d2e-c944-4be3-9f39-94e6fb45930c" CHANGEID="691454381" NUMBER="8" OPERTYPEID="10" PREVID="0" NEXTID="0" UPDATEDATE="2025-10-30" STARTDATE="2025-10-30" ENDDATE="2079-06-06" ISACTUAL="1" ISACTIVE="1" /><STEAD ID="74520145" OBJECTID="175592243" OBJECTGUID="877acfe6-2fe7-4415-a52c-5d3971bc7bd1" CHANGEID="691454382" NUMBER="6" OPERTYPEID="10" PREVID="0" NEXTID="0" UPDATEDATE="2025-10-30" STARTDATE="2025-10-30" ENDDATE="2079-06-06" ISACTUAL="1" ISACTIVE="1" /><STEAD ID="74520146" OBJECTID="175592244" OBJECTGUID="0dd0804d-66e8-4ecd-a16b-efca763f6d4f" CHANGEID="691454383" NUMBER="4" OPERTYPEID="10" PREVID="0" NEXTID="0" UPDATEDATE="2025-10-30" STARTDATE="2025-10-30" ENDDATE="2079-06-06" ISACTUAL="1" ISACTIVE="1" /><STEAD ID="74520147" OBJECTID="175592245" OBJECTGUID="c4cf39c1-44c0-4d6d-b8dc-8abc5a49597e" CHANGEID="691454384" NUMBER="2" OPERTYPEID="10" PREVID="0" NEXTID="0" UPDATEDATE="2025-10-30" STARTDATE="2025-10-30" ENDDATE="2079-06-06" ISACTUAL="1" ISACTIVE="1" /><STEAD ID="74520148" OBJECTID="175592246" OBJECTGUID="a440442b-d407-4209-a174-8e4daf3aa611" CHANGEID="691454385" NUMBER="27" OPERTYPEID="10" PREVID="0" NEXTID="0" UPDATEDATE="2025-10-30" STARTDATE="2025-10-30" ENDDATE="2079-06-06" ISACTUAL="1" ISACTIVE="1" /><STEAD ID="74520149" OBJECTID="175592247" OBJECTGUID="35dbb825-f9a4-49f1-893f-c754762b8b72" CHANGEID="691454386" NUMBER="25" OPERTYPEID="10" PREVID="0" NEXTID="0" UPDATEDATE="2025-10-30" STARTDATE="2025-10-30" ENDDATE="2079-06-06" ISACTUAL="1" ISACTIVE="1" /><STEAD ID="74520150" OBJECTID="175592248" OBJECTGUID="0e8068e5-77f7-4c57-aff0-e96a88d48d6c" CHANGEID="691454387" NUMBER="23" OPERTYPEID="10" PREVID="0" NEXTID="0" UPDATEDATE="2025-10-30" STARTDATE="2025-10-30" ENDDATE="2079-06-06" ISACTUAL="1" ISACTIVE="1" /><STEAD ID="74520151" OBJECTID="175592249" OBJECTGUID="dd461836-2372-491b-aadb-95e6082539d6" CHANGEID="691454388" NUMBER="21" OPERTYPEID="10" PREVID="0" NEXTID="0" UPDATEDATE="2025-10-30" STARTDATE="2025-10-30" ENDDATE="2079-06-06" ISACTUAL="1" ISACTIVE="1" /><STEAD ID="74520152" OBJECTID="175592250" OBJECTGUID="36ee5bcd-a88d-4c5a-8ad6-6efe66737058" CHANGEID="691454389" NUMBER="19" OPERTYPEID="10" PREVID="0" NEXTID="0" UPDATEDATE="2025-10-30" STARTDATE="2025-10-30" ENDDATE="2079-06-06" ISACTUAL="1" ISACTIVE="1" /><STEAD ID="74520199" OBJECTID="175592323" OBJECTGUID="803ea8cf-182a-4bda-9a48-58372bbd10dd" CHANGEID="691454474" NUMBER="28" OPERTYPEID="10" PREVID="0" NEXTID="0" UPDATEDATE="2025-10-30" STARTDATE="2025-10-30" ENDDATE="2079-06-06" ISACTUAL="1" ISACTIVE="1" /><STEAD ID="74520200" OBJECTID="175592324" OBJECTGUID="5a626a45-ade4-49ae-99a9-8a2414b36c0c" CHANGEID="691454475" NUMBER="26" OPERTYPEID="10" PREVID="0" NEXTID="0" UPDATEDATE="2025-10-30" STARTDATE="2025-10-30" ENDDATE="2079-06-06" ISACTUAL="1" ISACTIVE="1" /><STEAD ID="74520201" OBJECTID="175592325" OBJECTGUID="7b4feb18-0616-4537-82fa-18200b2a9b30" CHANGEID="691454476" NUMBER="24" OPERTYPEID="10" PREVID="0" NEXTID="0" UPDATEDATE="2025-10-30" STARTDATE="2025-10-30" ENDDATE="2079-06-06" ISACTUAL="1" ISACTIVE="1" /><STEAD ID="74520202" OBJECTID="175592326" OBJECTGUID="60c07ec3-b913-4e08-9346-c41f65da0323" CHANGEID="691454477" NUMBER="22" OPERTYPEID="10" PREVID="0" NEXTID="0" UPDATEDATE="2025-10-30" STARTDATE="2025-10-30" ENDDATE="2079-06-06" ISACTUAL="1" ISACTIVE="1" /><STEAD ID="74520203" OBJECTID="175592327" OBJECTGUID="d517d44b-92ac-4cdf-90c5-10884c8a6e19" CHANGEID="691454478" NUMBER="20" OPERTYPEID="10" PREVID="0" NEXTID="0" UPDATEDATE="2025-10-30" STARTDATE="2025-10-30" ENDDATE="2079-06-06" ISACTUAL="1" ISACTIVE="1" /><STEAD ID="74520204" OBJECTID="175592328" OBJECTGUID="1741ecf1-36ae-4ca7-a7e7-f535a620ee1d" CHANGEID="691454479" NUMBER="18" OPERTYPEID="10" PREVID="0" NEXTID="0" UPDATEDATE="2025-10-30" STARTDATE="2025-10-30" ENDDATE="2079-06-06" ISACTUAL="1" ISACTIVE="1" /><STEAD ID="74520205" OBJECTID="175592329" OBJECTGUID="26381758-2c76-4dc5-8c38-2ccfc87c0602" CHANGEID="691454480" NUMBER="16" OPERTYPEID="10" PREVID="0" NEXTID="0" UPDATEDATE="2025-10-30" STARTDATE="2025-10-30" ENDDATE="2079-06-06" ISACTUAL="1" ISACTIVE="1" /><STEAD ID="74520206" OBJECTID="175592330" OBJECTGUID="47451b21-b84a-4cbf-8e52-a59edd113dd4" CHANGEID="691454481" NUMBER="14" OPERTYPEID="10" PREVID="0" NEXTID="0" UPDATEDATE="2025-10-30" STARTDATE="2025-10-30" ENDDATE="2079-06-06" ISACTUAL="1" ISACTIVE="1" /><STEAD ID="74520276" OBJECTID="175592456" OBJECTGUID="5ba60505-25d0-427a-aee0-d765f5ce58e1" CHANGEID="691454699" NUMBER="1" OPERTYPEID="10" PREVID="0" NEXTID="0" UPDATEDATE="2025-10-30" STARTDATE="2025-10-30" ENDDATE="2079-06-06" ISACTUAL="1" ISACTIVE="1" /><STEAD ID="74520298" OBJECTID="175592484" OBJECTGUID="ee6a6282-ea4a-43cf-a62b-36cdbaad8d6f" CHANGEID="691454741" NUMBER="18" OPERTYPEID="10" PREVID="0" NEXTID="0" UPDATEDATE="2025-10-30" STARTDATE="2025-10-30" ENDDATE="2079-06-06" ISACTUAL="1" ISACTIVE="1" /><STEAD ID="74524193" OBJECTID="175601070" OBJECTGUID="fa7fd424-7a08-45d7-a0cc-09a7ad8fcb2e" CHANGEID="691469102" NUMBER="84" OPERTYPEID="10" PREVID="0" NEXTID="0" UPDATEDATE="2025-10-30" STARTDATE="2025-10-30" ENDDATE="2079-06-06" ISACTUAL="1" ISACTIVE="1" /><STEAD ID="74524198" OBJECTID="175601076" OBJECTGUID="ab09c18c-0c99-4d90-ac30-a0d0a314c22f" CHANGEID="691469111" NUMBER="115" OPERTYPEID="10" PREVID="0" NEXTID="0" UPDATEDATE="2025-10-30" STARTDATE="2025-10-30" ENDDATE="2079-06-06" ISACTUAL="1" ISACTIVE="1" /><STEAD ID="74524780" OBJECTID="175601998" OBJECTGUID="bf420f60-5696-42a1-8966-de6cd32161ba" CHANGEID="691470752" NUMBER="4в" OPERTYPEID="10" PREVID="0" NEXTID="0" UPDATEDATE="2025-10-30" STARTDATE="2025-10-30" ENDDATE="2079-06-06" ISACTUAL="1" ISACTIVE="1" /><STEAD ID="74525269" OBJECTID="175602820" OBJECTGUID="e48dcf77-276f-470c-9748-ac5f36ccbbf3" CHANGEID="691472233" NUMBER="11/5" OPERTYPEID="10" PREVID="0" NEXTID="0" UPDATEDATE="2025-10-30" STARTDATE="2025-10-30" ENDDATE="2079-06-06" ISACTUAL="1" ISACTIVE="1" /><STEAD ID="74525270" OBJECTID="175602821" OBJECTGUID="2296acd4-b077-4028-a25a-2b3efef5a752" CHANGEID="691472234" NUMBER="11/2" OPERTYPEID="10" PREVID="0" NEXTID="0" UPDATEDATE="2025-10-30" STARTDATE="2025-10-30" ENDDATE="2079-06-06" ISACTUAL="1" ISACTIVE="1" /><STEAD ID="74525271" OBJECTID="175602822" OBJECTGUID="480062a5-304d-4673-94a5-65a48f942b6b" CHANGEID="691472235" NUMBER="11/1" OPERTYPEID="10" PREVID="0" NEXTID="0" UPDATEDATE="2025-10-30" STARTDATE="2025-10-30" ENDDATE="2079-06-06" ISACTUAL="1" ISACTIVE="1" /><STEAD ID="74526611" OBJECTID="175604916" OBJECTGUID="4eab0e4b-8c10-431d-983a-b3bb3758e576" CHANGEID="691475565" NUMBER="63" OPERTYPEID="10" PREVID="0" NEXTID="0" UPDATEDATE="2025-10-30" STARTDATE="2025-10-30" ENDDATE="2079-06-06" ISACTUAL="1" ISACTIVE="1" /><STEAD ID="74526612" OBJECTID="175604917" OBJECTGUID="9e7127ed-5c93-4eff-b984-72a78fc2a2d9" CHANGEID="691475566" NUMBER="63а" OPERTYPEID="10" PREVID="0" NEXTID="0" UPDATEDATE="2025-10-30" STARTDATE="2025-10-30" ENDDATE="2079-06-06" ISACTUAL="1" ISACTIVE="1" /><STEAD ID="74526692" OBJECTID="175605005" OBJECTGUID="8d98485d-9b83-4693-bd00-c90795804d7c" CHANGEID="691475681" NUMBER="12" OPERTYPEID="10" PREVID="0" NEXTID="0" UPDATEDATE="2025-10-30" STARTDATE="2025-10-30" ENDDATE="2079-06-06" ISACTUAL="1" ISACTIVE="1" /><STEAD ID="74527678" OBJECTID="175606992" OBJECTGUID="7a075968-e97a-4c6e-8674-592ce12bcefc" CHANGEID="691478619" NUMBER="18" OPERTYPEID="10" PREVID="0" NEXTID="0" UPDATEDATE="2025-10-30" STARTDATE="2025-10-30" ENDDATE="2079-06-06" ISACTUAL="1" ISACTIVE="1" /><STEAD ID="74530285" OBJECTID="175611570" OBJECTGUID="a864f909-df83-4fb5-9666-07b25ce36fae" CHANGEID="691487006" NUMBER="47" OPERTYPEID="10" PREVID="0" NEXTID="0" UPDATEDATE="2025-10-30" STARTDATE="2025-10-30" ENDDATE="2079-06-06" ISACTUAL="1" ISACTIVE="1" /><STEAD ID="74530279" OBJECTID="175611558" OBJECTGUID="27bb9c9d-4455-4ad6-84ed-fe9de391af64" CHANGEID="691486991" NUMBER="33" OPERTYPEID="10" PREVID="0" NEXTID="0" UPDATEDATE="2025-10-30" STARTDATE="2025-10-30" ENDDATE="2079-06-06" ISACTUAL="1" ISACTIVE="1" /><STEAD ID="74530302" OBJECTID="175611646" OBJECTGUID="9038ebb8-a05a-4686-a311-cd23e44c12ec" CHANGEID="691487133" NUMBER="90" OPERTYPEID="10" PREVID="0" NEXTID="0" UPDATEDATE="2025-10-30" STARTDATE="2025-10-30" ENDDATE="2079-06-06" ISACTUAL="1" ISACTIVE="1" /><STEAD ID="74530306" OBJECTID="175611655" OBJECTGUID="7f3b0497-eb67-4dfd-a390-a1214b3b31be" CHANGEID="691487148" NUMBER="90а" OPERTYPEID="10" PREVID="0" NEXTID="0" UPDATEDATE="2025-10-30" STARTDATE="2025-10-30" ENDDATE="2079-06-06" ISACTUAL="1" ISACTIVE="1" /><STEAD ID="74530609" OBJECTID="175612058" OBJECTGUID="a902efa3-6051-4e1d-a661-cbe91460086e" CHANGEID="691487939" NUMBER="1/128" OPERTYPEID="10" PREVID="0" NEXTID="0" UPDATEDATE="2025-10-30" STARTDATE="2025-10-30" ENDDATE="2079-06-06" ISACTUAL="1" ISACTIVE="1" /><STEAD ID="74530744" OBJECTID="175613471" OBJECTGUID="9b55af25-9d72-4760-a2b9-9c6dbbba200c" CHANGEID="691489671" NUMBER="49а" OPERTYPEID="10" PREVID="0" NEXTID="0" UPDATEDATE="2025-10-30" STARTDATE="2025-10-30" ENDDATE="2079-06-06" ISACTUAL="1" ISACTIVE="1" /><STEAD ID="74530750" OBJECTID="175613487" OBJECTGUID="c246c73c-5a7b-4ac6-b405-1116507c289c" CHANGEID="691489695" NUMBER="35а" OPERTYPEID="10" PREVID="0" NEXTID="0" UPDATEDATE="2025-10-30" STARTDATE="2025-10-30" ENDDATE="2079-06-06" ISACTUAL="1" ISACTIVE="1" /><STEAD ID="74530780" OBJECTID="175613570" OBJECTGUID="65187d8c-d7db-4eb8-9410-ef8be953f160" CHANGEID="691489799" NUMBER="1а" OPERTYPEID="10" PREVID="0" NEXTID="0" UPDATEDATE="2025-10-30" STARTDATE="2025-10-30" ENDDATE="2079-06-06" ISACTUAL="1" ISACTIVE="1" /><STEAD ID="74530831" OBJECTID="175613699" OBJECTGUID="43c5a19d-f07c-4fe1-85ad-fdd1226588de" CHANGEID="691490039" NUMBER="27" OPERTYPEID="10" PREVID="0" NEXTID="0" UPDATEDATE="2025-10-30" STARTDATE="2025-10-30" ENDDATE="2079-06-06" ISACTUAL="1" ISACTIVE="1" /><STEAD ID="74530843" OBJECTID="175613736" OBJECTGUID="21f92740-47b5-4a26-9e7a-970c30b20b07" CHANGEID="691490096" NUMBER="33" OPERTYPEID="10" PREVID="0" NEXTID="0" UPDATEDATE="2025-10-30" STARTDATE="2025-10-30" ENDDATE="2079-06-06" ISACTUAL="1" ISACTIVE="1" /><STEAD ID="74534088" OBJECTID="175620372" OBJECTGUID="dc1fbf0f-0915-45fd-8fc4-be91985facb6" CHANGEID="691501405" NUMBER="283" OPERTYPEID="10" PREVID="0" NEXTID="0" UPDATEDATE="2025-10-31" STARTDATE="2025-10-31" ENDDATE="2079-06-06" ISACTUAL="1" ISACTIVE="1" /><STEAD ID="74534098" OBJECTID="175620381" OBJECTGUID="9429aef1-6135-49df-b217-38ab8b09af46" CHANGEID="691501415" NUMBER="31" OPERTYPEID="10" PREVID="0" NEXTID="0" UPDATEDATE="2025-10-31" STARTDATE="2025-10-31" ENDDATE="2079-06-06" ISACTUAL="1" ISACTIVE="1" /><STEAD ID="74534584" OBJECTID="175621039" OBJECTGUID="fd38a88f-b415-4f1a-b882-3b04fd5c2c8c" CHANGEID="691502626" NUMBER="17" OPERTYPEID="10" PREVID="0" NEXTID="0" UPDATEDATE="2025-10-31" STARTDATE="2025-10-31" ENDDATE="2079-06-06" ISACTUAL="1" ISACTIVE="1" /><STEAD ID="74534873" OBJECTID="175621627" OBJECTGUID="0f30dbbf-514c-444f-bb35-b5b7a396ac5b" CHANGEID="691503475" NUMBER="34" OPERTYPEID="10" PREVID="0" NEXTID="0" UPDATEDATE="2025-10-31" STARTDATE="2025-10-31" ENDDATE="2079-06-06" ISACTUAL="1" ISACTIVE="1" /><STEAD ID="74534875" OBJECTID="175621629" OBJECTGUID="9d17360c-db0d-454e-9ced-dc310805937d" CHANGEID="691503477" NUMBER="17" OPERTYPEID="10" PREVID="0" NEXTID="0" UPDATEDATE="2025-10-31" STARTDATE="2025-10-31" ENDDATE="2079-06-06" ISACTUAL="1" ISACTIVE="1" /><STEAD ID="74534877" OBJECTID="175621631" OBJECTGUID="41a3732c-40b2-4d94-9f96-95bdcd6bdb7f" CHANGEID="691503479" NUMBER="38" OPERTYPEID="10" PREVID="0" NEXTID="0" UPDATEDATE="2025-10-31" STARTDATE="2025-10-31" ENDDATE="2079-06-06" ISACTUAL="1" ISACTIVE="1" /><STEAD ID="74534879" OBJECTID="175621633" OBJECTGUID="67037457-63b3-4c62-8c07-14000e779cab" CHANGEID="691503481" NUMBER="68" OPERTYPEID="10" PREVID="0" NEXTID="0" UPDATEDATE="2025-10-31" STARTDATE="2025-10-31" ENDDATE="2079-06-06" ISACTUAL="1" ISACTIVE="1" /><STEAD ID="74534881" OBJECTID="175621635" OBJECTGUID="f74e825c-2a67-4bde-b54e-ff8b6c1ca9ce" CHANGEID="691503483" NUMBER="13" OPERTYPEID="10" PREVID="0" NEXTID="0" UPDATEDATE="2025-10-31" STARTDATE="2025-10-31" ENDDATE="2079-06-06" ISACTUAL="1" ISACTIVE="1" /><STEAD ID="74534883" OBJECTID="175621637" OBJECTGUID="0903327f-de62-4b66-8aaf-9bd33f1cd4ec" CHANGEID="691503485" NUMBER="15" OPERTYPEID="10" PREVID="0" NEXTID="0" UPDATEDATE="2025-10-31" STARTDATE="2025-10-31" ENDDATE="2079-06-06" ISACTUAL="1" ISACTIVE="1" /><STEAD ID="74534885" OBJECTID="175621639" OBJECTGUID="98def390-5421-4ca1-a666-a2cfe194f6b7" CHANGEID="691503487" NUMBER="24" OPERTYPEID="10" PREVID="0" NEXTID="0" UPDATEDATE="2025-10-31" STARTDATE="2025-10-31" ENDDATE="2079-06-06" ISACTUAL="1" ISACTIVE="1" /><STEAD ID="74534887" OBJECTID="175621641" OBJECTGUID="899771d5-0194-40ff-9074-bf1a0643fbd8" CHANGEID="691503489" NUMBER="626" OPERTYPEID="10" PREVID="0" NEXTID="0" UPDATEDATE="2025-10-31" STARTDATE="2025-10-31" ENDDATE="2079-06-06" ISACTUAL="1" ISACTIVE="1" /><STEAD ID="74534889" OBJECTID="175621643" OBJECTGUID="0e257411-edc3-4386-8353-dd5c27f785d8" CHANGEID="691503491" NUMBER="334" OPERTYPEID="10" PREVID="0" NEXTID="0" UPDATEDATE="2025-10-31" STARTDATE="2025-10-31" ENDDATE="2079-06-06" ISACTUAL="1" ISACTIVE="1" /><STEAD ID="74534891" OBJECTID="175621645" OBJECTGUID="f23dec08-819a-4c47-8031-a8b2e23c5c5e" CHANGEID="691503493" NUMBER="22" OPERTYPEID="10" PREVID="0" NEXTID="0" UPDATEDATE="2025-10-31" STARTDATE="2025-10-31" ENDDATE="2079-06-06" ISACTUAL="1" ISACTIVE="1" /><STEAD ID="74534847" OBJECTID="175621590" OBJECTGUID="de137110-13ac-4ac3-b5a9-25395cef9cbf" CHANGEID="691503437" NUMBER="30" OPERTYPEID="10" PREVID="0" NEXTID="0" UPDATEDATE="2025-10-31" STARTDATE="2025-10-31" ENDDATE="2079-06-06" ISACTUAL="1" ISACTIVE="1" /><STEAD ID="74534871" OBJECTID="175621624" OBJECTGUID="addef4cc-1362-41e0-bccb-b8d852d083f3" CHANGEID="691503472" NUMBER="19" OPERTYPEID="10" PREVID="0" NEXTID="0" UPDATEDATE="2025-10-31" STARTDATE="2025-10-31" ENDDATE="2079-06-06" ISACTUAL="1" ISACTIVE="1" /><STEAD ID="74534872" OBJECTID="175621626" OBJECTGUID="798496e7-3263-4562-9a97-6edd47530e9c" CHANGEID="691503474" NUMBER="42" OPERTYPEID="10" PREVID="0" NEXTID="0" UPDATEDATE="2025-10-31" STARTDATE="2025-10-31" ENDDATE="2079-06-06" ISACTUAL="1" ISACTIVE="1" /><STEAD ID="74534874" OBJECTID="175621628" OBJECTGUID="e99c5288-5567-4496-9391-092ee1888dcd" CHANGEID="691503476" NUMBER="2" OPERTYPEID="10" PREVID="0" NEXTID="0" UPDATEDATE="2025-10-31" STARTDATE="2025-10-31" ENDDATE="2079-06-06" ISACTUAL="1" ISACTIVE="1" /><STEAD ID="74534876" OBJECTID="175621630" OBJECTGUID="0be0885d-3f5f-49d0-9f3f-7ed1b9d7f365" CHANGEID="691503478" NUMBER="3" OPERTYPEID="10" PREVID="0" NEXTID="0" UPDATEDATE="2025-10-31" STARTDATE="2025-10-31" ENDDATE="2079-06-06" ISACTUAL="1" ISACTIVE="1" /><STEAD ID="74534878" OBJECTID="175621632" OBJECTGUID="6ee2e3e8-9d71-4b22-8447-ae76d1e439f7" CHANGEID="691503480" NUMBER="10" OPERTYPEID="10" PREVID="0" NEXTID="0" UPDATEDATE="2025-10-31" STARTDATE="2025-10-31" ENDDATE="2079-06-06" ISACTUAL="1" ISACTIVE="1" /><STEAD ID="74534880" OBJECTID="175621634" OBJECTGUID="c4d37260-8158-48cd-ae17-7639f5d508b6" CHANGEID="691503482" NUMBER="40/11" OPERTYPEID="10" PREVID="0" NEXTID="0" UPDATEDATE="2025-10-31" STARTDATE="2025-10-31" ENDDATE="2079-06-06" ISACTUAL="1" ISACTIVE="1" /><STEAD ID="74534882" OBJECTID="175621636" OBJECTGUID="80b74bd2-d8b3-430d-84b3-acd0fb6cbecf" CHANGEID="691503484" NUMBER="23" OPERTYPEID="10" PREVID="0" NEXTID="0" UPDATEDATE="2025-10-31" STARTDATE="2025-10-31" ENDDATE="2079-06-06" ISACTUAL="1" ISACTIVE="1" /><STEAD ID="74534884" OBJECTID="175621638" OBJECTGUID="3687997d-f09d-4f1f-b65a-71959e35d2a8" CHANGEID="691503486" NUMBER="42" OPERTYPEID="10" PREVID="0" NEXTID="0" UPDATEDATE="2025-10-31" STARTDATE="2025-10-31" ENDDATE="2079-06-06" ISACTUAL="1" ISACTIVE="1" /><STEAD ID="74534886" OBJECTID="175621640" OBJECTGUID="e65760c5-3e60-40a5-9b40-8ad6605af89c" CHANGEID="691503488" NUMBER="2/96" OPERTYPEID="10" PREVID="0" NEXTID="0" UPDATEDATE="2025-10-31" STARTDATE="2025-10-31" ENDDATE="2079-06-06" ISACTUAL="1" ISACTIVE="1" /><STEAD ID="74534888" OBJECTID="175621642" OBJECTGUID="e4f803fe-162a-423d-87a1-7042396fb99f" CHANGEID="691503490" NUMBER="49" OPERTYPEID="10" PREVID="0" NEXTID="0" UPDATEDATE="2025-10-31" STARTDATE="2025-10-31" ENDDATE="2079-06-06" ISACTUAL="1" ISACTIVE="1" /><STEAD ID="74534890" OBJECTID="175621644" OBJECTGUID="b552e674-2910-4992-ac01-52696487fd56" CHANGEID="691503492" NUMBER="55" OPERTYPEID="10" PREVID="0" NEXTID="0" UPDATEDATE="2025-10-31" STARTDATE="2025-10-31" ENDDATE="2079-06-06" ISACTUAL="1" ISACTIVE="1" /><STEAD ID="74534892" OBJECTID="175621646" OBJECTGUID="e3e299ad-7350-49d2-a55e-6791bcb4724a" CHANGEID="691503494" NUMBER="9" OPERTYPEID="10" PREVID="0" NEXTID="0" UPDATEDATE="2025-10-31" STARTDATE="2025-10-31" ENDDATE="2079-06-06" ISACTUAL="1" ISACTIVE="1" /><STEAD ID="74534893" OBJECTID="175621648" OBJECTGUID="ab68f1a4-e29f-48db-9690-6f3c8ef5df09" CHANGEID="691503496" NUMBER="22" OPERTYPEID="10" PREVID="0" NEXTID="0" UPDATEDATE="2025-10-31" STARTDATE="2025-10-31" ENDDATE="2079-06-06" ISACTUAL="1" ISACTIVE="1" /><STEAD ID="74537389" OBJECTID="175625352" OBJECTGUID="44773615-80de-4b4c-8561-55feed00b0ea" CHANGEID="691509761" NUMBER="20" OPERTYPEID="10" PREVID="0" NEXTID="0" UPDATEDATE="2025-10-31" STARTDATE="2025-10-31" ENDDATE="2079-06-06" ISACTUAL="1" ISACTIVE="1" /><STEAD ID="74539133" OBJECTID="175629343" OBJECTGUID="02b1ed3a-c61c-4dea-bdaa-acefa64a680f" CHANGEID="691515725" NUMBER="54" OPERTYPEID="10" PREVID="0" NEXTID="0" UPDATEDATE="2025-10-31" STARTDATE="2025-10-31" ENDDATE="2079-06-06" ISACTUAL="1" ISACTIVE="1" /><STEAD ID="74539898" OBJECTID="175630816" OBJECTGUID="b7886b5e-c0ea-4a8b-adaf-08cb48bd5c10" CHANGEID="691517756" NUMBER="13" OPERTYPEID="10" PREVID="0" NEXTID="0" UPDATEDATE="2025-10-31" STARTDATE="2025-10-31" ENDDATE="2079-06-06" ISACTUAL="1" ISACTIVE="1" /><STEAD ID="74540066" OBJECTID="175631124" OBJECTGUID="d8b72d69-c034-4980-b982-e95fde88e93b" CHANGEID="691518396" NUMBER="6" OPERTYPEID="10" PREVID="0" NEXTID="0" UPDATEDATE="2025-10-31" STARTDATE="2025-10-31" ENDDATE="2079-06-06" ISACTUAL="1" ISACTIVE="1" /><STEAD ID="74540750" OBJECTID="175632542" OBJECTGUID="c8fc874c-b068-4f94-a6d7-69bdff7d70c2" CHANGEID="691520561" NUMBER="2а" OPERTYPEID="10" PREVID="0" NEXTID="0" UPDATEDATE="2025-10-31" STARTDATE="2025-10-31" ENDDATE="2079-06-06" ISACTUAL="1" ISACTIVE="1" /><STEAD ID="74541649" OBJECTID="175635011" OBJECTGUID="c4fb4eca-16ca-4eb1-9a90-13084cb8dcb1" CHANGEID="691524471" NUMBER="15" OPERTYPEID="10" PREVID="0" NEXTID="0" UPDATEDATE="2025-10-31" STARTDATE="2025-10-31" ENDDATE="2079-06-06" ISACTUAL="1" ISACTIVE="1" /><STEAD ID="74545086" OBJECTID="175641376" OBJECTGUID="23aaa1ee-0743-41b9-a4f7-ea5c4869439e" CHANGEID="691534351" NUMBER="9" OPERTYPEID="10" PREVID="0" NEXTID="0" UPDATEDATE="2025-10-31" STARTDATE="2025-10-31" ENDDATE="2079-06-06" ISACTUAL="1" ISACTIVE="1" /><STEAD ID="74545210" OBJECTID="175641556" OBJECTGUID="f123e1fa-3937-4600-9a78-bb3a364b07e3" CHANGEID="691534559" NUMBER="21а" OPERTYPEID="10" PREVID="0" NEXTID="0" UPDATEDATE="2025-10-31" STARTDATE="2025-10-31" ENDDATE="2079-06-06" ISACTUAL="1" ISACTIVE="1" /><STEAD ID="74545730" OBJECTID="175642582" OBJECTGUID="1ef9b1c7-71ca-428a-a0f8-864195d7e792" CHANGEID="691535735" NUMBER="23а" OPERTYPEID="10" PREVID="0" NEXTID="0" UPDATEDATE="2025-10-31" STARTDATE="2025-10-31" ENDDATE="2079-06-06" ISACTUAL="1" ISACTIVE="1" /><STEAD ID="74545953" OBJECTID="175642977" OBJECTGUID="ec2c70d9-0167-4ddb-a2a3-d7f0725f7e36" CHANGEID="691536250" NUMBER="95" OPERTYPEID="10" PREVID="0" NEXTID="0" UPDATEDATE="2025-10-31" STARTDATE="2025-10-31" ENDDATE="2079-06-06" ISACTUAL="1" ISACTIVE="1" /><STEAD ID="74545954" OBJECTID="175642978" OBJECTGUID="aeac3357-d718-4181-9e2c-6118804b52d2" CHANGEID="691536251" NUMBER="91" OPERTYPEID="10" PREVID="0" NEXTID="0" UPDATEDATE="2025-10-31" STARTDATE="2025-10-31" ENDDATE="2079-06-06" ISACTUAL="1" ISACTIVE="1" /><STEAD ID="74545955" OBJECTID="175642979" OBJECTGUID="5584f6ee-0c8a-47d2-ba16-2557baf6ae13" CHANGEID="691536252" NUMBER="90" OPERTYPEID="10" PREVID="0" NEXTID="0" UPDATEDATE="2025-10-31" STARTDATE="2025-10-31" ENDDATE="2079-06-06" ISACTUAL="1" ISACTIVE="1" /><STEAD ID="74545956" OBJECTID="175642980" OBJECTGUID="59f6fdac-3368-47b2-b017-188c565d02d6" CHANGEID="691536253" NUMBER="9" OPERTYPEID="10" PREVID="0" NEXTID="0" UPDATEDATE="2025-10-31" STARTDATE="2025-10-31" ENDDATE="2079-06-06" ISACTUAL="1" ISACTIVE="1" /><STEAD ID="74545957" OBJECTID="175642981" OBJECTGUID="de7f3408-7a38-4485-88b1-df48be133d23" CHANGEID="691536254" NUMBER="97" OPERTYPEID="10" PREVID="0" NEXTID="0" UPDATEDATE="2025-10-31" STARTDATE="2025-10-31" ENDDATE="2079-06-06" ISACTUAL="1" ISACTIVE="1" /><STEAD ID="74545958" OBJECTID="175642982" OBJECTGUID="7aadea19-f855-4c51-bd5e-23a8c84cc813" CHANGEID="691536255" NUMBER="94" OPERTYPEID="10" PREVID="0" NEXTID="0" UPDATEDATE="2025-10-31" STARTDATE="2025-10-31" ENDDATE="2079-06-06" ISACTUAL="1" ISACTIVE="1" /><STEAD ID="74545959" OBJECTID="175642983" OBJECTGUID="e69a64bc-f7d9-492f-bf95-23366c665262" CHANGEID="691536256" NUMBER="70" OPERTYPEID="10" PREVID="0" NEXTID="0" UPDATEDATE="2025-10-31" STARTDATE="2025-10-31" ENDDATE="2079-06-06" ISACTUAL="1" ISACTIVE="1" /><STEAD ID="74545960" OBJECTID="175642984" OBJECTGUID="0e2e5a92-5dc0-4bb8-95ed-272f543d17bb" CHANGEID="691536257" NUMBER="63" OPERTYPEID="10" PREVID="0" NEXTID="0" UPDATEDATE="2025-10-31" STARTDATE="2025-10-31" ENDDATE="2079-06-06" ISACTUAL="1" ISACTIVE="1" /><STEAD ID="74545961" OBJECTID="175642985" OBJECTGUID="3436eba3-c994-4501-b05e-44ff550ea719" CHANGEID="691536258" NUMBER="61" OPERTYPEID="10" PREVID="0" NEXTID="0" UPDATEDATE="2025-10-31" STARTDATE="2025-10-31" ENDDATE="2079-06-06" ISACTUAL="1" ISACTIVE="1" /><STEAD ID="74545962" OBJECTID="175642986" OBJECTGUID="dc51ffc2-b317-40ba-bf56-e515193c9aac" CHANGEID="691536259" NUMBER="65" OPERTYPEID="10" PREVID="0" NEXTID="0" UPDATEDATE="2025-10-31" STARTDATE="2025-10-31" ENDDATE="2079-06-06" ISACTUAL="1" ISACTIVE="1" /><STEAD ID="74545963" OBJECTID="175642987" OBJECTGUID="4b9e8337-4866-4c33-bfb8-7a2aa4c99d46" CHANGEID="691536260" NUMBER="64" OPERTYPEID="10" PREVID="0" NEXTID="0" UPDATEDATE="2025-10-31" STARTDATE="2025-10-31" ENDDATE="2079-06-06" ISACTUAL="1" ISACTIVE="1" /><STEAD ID="74545988" OBJECTID="175643022" OBJECTGUID="0a967175-644c-4b70-8aba-a989b8de0723" CHANGEID="691536301" NUMBER="79" OPERTYPEID="10" PREVID="0" NEXTID="0" UPDATEDATE="2025-10-31" STARTDATE="2025-10-31" ENDDATE="2079-06-06" ISACTUAL="1" ISACTIVE="1" /><STEAD ID="74545989" OBJECTID="175643023" OBJECTGUID="4d5a605e-fbb3-47f9-baab-7778b2d02272" CHANGEID="691536302" NUMBER="39" OPERTYPEID="10" PREVID="0" NEXTID="0" UPDATEDATE="2025-10-31" STARTDATE="2025-10-31" ENDDATE="2079-06-06" ISACTUAL="1" ISACTIVE="1" /><STEAD ID="74545990" OBJECTID="175643024" OBJECTGUID="16538140-27d0-4436-88e6-ca21119fc99f" CHANGEID="691536303" NUMBER="32" OPERTYPEID="10" PREVID="0" NEXTID="0" UPDATEDATE="2025-10-31" STARTDATE="2025-10-31" ENDDATE="2079-06-06" ISACTUAL="1" ISACTIVE="1" /><STEAD ID="74545991" OBJECTID="175643025" OBJECTGUID="39a41b7c-025f-4d71-94ba-8cf9b5494298" CHANGEID="691536304" NUMBER="26" OPERTYPEID="10" PREVID="0" NEXTID="0" UPDATEDATE="2025-10-31" STARTDATE="2025-10-31" ENDDATE="2079-06-06" ISACTUAL="1" ISACTIVE="1" /><STEAD ID="74545992" OBJECTID="175643026" OBJECTGUID="a9050a02-19a9-4eb4-b271-a772b8e96bd7" CHANGEID="691536305" NUMBER="24" OPERTYPEID="10" PREVID="0" NEXTID="0" UPDATEDATE="2025-10-31" STARTDATE="2025-10-31" ENDDATE="2079-06-06" ISACTUAL="1" ISACTIVE="1" /><STEAD ID="74545993" OBJECTID="175643027" OBJECTGUID="1e125a62-a551-48d7-be01-715167bc6f33" CHANGEID="691536306" NUMBER="43" OPERTYPEID="10" PREVID="0" NEXTID="0" UPDATEDATE="2025-10-31" STARTDATE="2025-10-31" ENDDATE="2079-06-06" ISACTUAL="1" ISACTIVE="1" /><STEAD ID="74545994" OBJECTID="175643028" OBJECTGUID="178c791a-ba09-473f-a006-eaad5e044794" CHANGEID="691536307" NUMBER="22" OPERTYPEID="10" PREVID="0" NEXTID="0" UPDATEDATE="2025-10-31" STARTDATE="2025-10-31" ENDDATE="2079-06-06" ISACTUAL="1" ISACTIVE="1" /><STEAD ID="74545995" OBJECTID="175643029" OBJECTGUID="53ac7318-ce15-46cf-9186-5ca962809660" CHANGEID="691536308" NUMBER="21" OPERTYPEID="10" PREVID="0" NEXTID="0" UPDATEDATE="2025-10-31" STARTDATE="2025-10-31" ENDDATE="2079-06-06" ISACTUAL="1" ISACTIVE="1" /><STEAD ID="74545938" OBJECTID="175642962" OBJECTGUID="c34bdcd3-867d-44e2-b404-1a7fc4df0876" CHANGEID="691536235" NUMBER="69" OPERTYPEID="10" PREVID="0" NEXTID="0" UPDATEDATE="2025-10-31" STARTDATE="2025-10-31" ENDDATE="2079-06-06" ISACTUAL="1" ISACTIVE="1" /><STEAD ID="74545939" OBJECTID="175642963" OBJECTGUID="169aacae-fef0-4520-be63-d63bd71fc9b9" CHANGEID="691536236" NUMBER="67" OPERTYPEID="10" PREVID="0" NEXTID="0" UPDATEDATE="2025-10-31" STARTDATE="2025-10-31" ENDDATE="2079-06-06" ISACTUAL="1" ISACTIVE="1" /><STEAD ID="74545940" OBJECTID="175642964" OBJECTGUID="425e35fe-20e0-4bf4-a13c-112d8af0c422" CHANGEID="691536237" NUMBER="62" OPERTYPEID="10" PREVID="0" NEXTID="0" UPDATEDATE="2025-10-31" STARTDATE="2025-10-31" ENDDATE="2079-06-06" ISACTUAL="1" ISACTIVE="1" /><STEAD ID="74545941" OBJECTID="175642965" OBJECTGUID="234b0bc2-47cb-4f17-be55-0de56b636c26" CHANGEID="691536238" NUMBER="60" OPERTYPEID="10" PREVID="0" NEXTID="0" UPDATEDATE="2025-10-31" STARTDATE="2025-10-31" ENDDATE="2079-06-06" ISACTUAL="1" ISACTIVE="1" /><STEAD ID="74545942" OBJECTID="175642966" OBJECTGUID="ac04413e-47dc-4ba1-b504-ad37645d9f93" CHANGEID="691536239" NUMBER="6" OPERTYPEID="10" PREVID="0" NEXTID="0" UPDATEDATE="2025-10-31" STARTDATE="2025-10-31" ENDDATE="2079-06-06" ISACTUAL="1" ISACTIVE="1" /><STEAD ID="74545943" OBJECTID="175642967" OBJECTGUID="7662b7f5-98c6-45da-92d2-c18ac1bcb922" CHANGEID="691536240" NUMBER="52" OPERTYPEID="10" PREVID="0" NEXTID="0" UPDATEDATE="2025-10-31" STARTDATE="2025-10-31" ENDDATE="2079-06-06" ISACTUAL="1" ISACTIVE="1" /><STEAD ID="74545944" OBJECTID="175642968" OBJECTGUID="2cfc23fa-97e2-4db9-9276-545aa1f679ac" CHANGEID="691536241" NUMBER="53" OPERTYPEID="10" PREVID="0" NEXTID="0" UPDATEDATE="2025-10-31" STARTDATE="2025-10-31" ENDDATE="2079-06-06" ISACTUAL="1" ISACTIVE="1" /><STEAD ID="74545945" OBJECTID="175642969" OBJECTGUID="72bdcbc5-2de6-41b6-94de-df9c392ae34b" CHANGEID="691536242" NUMBER="56" OPERTYPEID="10" PREVID="0" NEXTID="0" UPDATEDATE="2025-10-31" STARTDATE="2025-10-31" ENDDATE="2079-06-06" ISACTUAL="1" ISACTIVE="1" /><STEAD ID="74545946" OBJECTID="175642970" OBJECTGUID="2a9a1f02-d76a-442d-8f38-db60eefb3473" CHANGEID="691536243" NUMBER="5" OPERTYPEID="10" PREVID="0" NEXTID="0" UPDATEDATE="2025-10-31" STARTDATE="2025-10-31" ENDDATE="2079-06-06" ISACTUAL="1" ISACTIVE="1" /><STEAD ID="74545947" OBJECTID="175642971" OBJECTGUID="1cba7176-3fdb-45ad-a439-e56c487dde8c" CHANGEID="691536244" NUMBER="1" OPERTYPEID="10" PREVID="0" NEXTID="0" UPDATEDATE="2025-10-31" STARTDATE="2025-10-31" ENDDATE="2079-06-06" ISACTUAL="1" ISACTIVE="1" /><STEAD ID="74545948" OBJECTID="175642972" OBJECTGUID="11ff4562-7e73-4d4c-b9b9-6dd6d2b136f3" CHANGEID="691536245" NUMBER="121" OPERTYPEID="10" PREVID="0" NEXTID="0" UPDATEDATE="2025-10-31" STARTDATE="2025-10-31" ENDDATE="2079-06-06" ISACTUAL="1" ISACTIVE="1" /><STEAD ID="74545949" OBJECTID="175642973" OBJECTGUID="44ebd45f-8e96-436a-a240-3e391056cbaf" CHANGEID="691536246" NUMBER="93" OPERTYPEID="10" PREVID="0" NEXTID="0" UPDATEDATE="2025-10-31" STARTDATE="2025-10-31" ENDDATE="2079-06-06" ISACTUAL="1" ISACTIVE="1" /><STEAD ID="74545950" OBJECTID="175642974" OBJECTGUID="e3c94071-f821-437e-9762-0685b2811971" CHANGEID="691536247" NUMBER="200" OPERTYPEID="10" PREVID="0" NEXTID="0" UPDATEDATE="2025-10-31" STARTDATE="2025-10-31" ENDDATE="2079-06-06" ISACTUAL="1" ISACTIVE="1" /><STEAD ID="74545967" OBJECTID="175642991" OBJECTGUID="87aa7a51-bff0-48f4-b0fe-8786d197f975" CHANGEID="691536266" NUMBER="18" OPERTYPEID="10" PREVID="0" NEXTID="0" UPDATEDATE="2025-10-31" STARTDATE="2025-10-31" ENDDATE="2079-06-06" ISACTUAL="1" ISACTIVE="1" /><STEAD ID="74545968" OBJECTID="175642992" OBJECTGUID="1eb989d0-39bf-4bd7-996d-509ea0e2112c" CHANGEID="691536267" NUMBER="41" OPERTYPEID="10" PREVID="0" NEXTID="0" UPDATEDATE="2025-10-31" STARTDATE="2025-10-31" ENDDATE="2079-06-06" ISACTUAL="1" ISACTIVE="1" /><STEAD ID="74545969" OBJECTID="175642993" OBJECTGUID="2b94e605-d0e6-4449-8c94-15829fb9c7b3" CHANGEID="691536268" NUMBER="27" OPERTYPEID="10" PREVID="0" NEXTID="0" UPDATEDATE="2025-10-31" STARTDATE="2025-10-31" ENDDATE="2079-06-06" ISACTUAL="1" ISACTIVE="1" /><STEAD ID="74545970" OBJECTID="175642994" OBJECTGUID="978b12e5-86b0-44b5-a27e-71c90140b115" CHANGEID="691536269" NUMBER="80" OPERTYPEID="10" PREVID="0" NEXTID="0" UPDATEDATE="2025-10-31" STARTDATE="2025-10-31" ENDDATE="2079-06-06" ISACTUAL="1" ISACTIVE="1" /><STEAD ID="74545971" OBJECTID="175642995" OBJECTGUID="545a267f-d929-41cb-859d-753a43c772cb" CHANGEID="691536270" NUMBER="78" OPERTYPEID="10" PREVID="0" NEXTID="0" UPDATEDATE="2025-10-31" STARTDATE="2025-10-31" ENDDATE="2079-06-06" ISACTUAL="1" ISACTIVE="1" /><STEAD ID="74545972" OBJECTID="175642996" OBJECTGUID="c01695e0-a4e8-49af-af94-64ada9b83014" CHANGEID="691536271" NUMBER="49" OPERTYPEID="10" PREVID="0" NEXTID="0" UPDATEDATE="2025-10-31" STARTDATE="2025-10-31" ENDDATE="2079-06-06" ISACTUAL="1" ISACTIVE="1" /><STEAD ID="74545973" OBJECTID="175642997" OBJECTGUID="f3931b46-a0ba-474d-840c-eac51918eb9d" CHANGEID="691536272" NUMBER="20" OPERTYPEID="10" PREVID="0" NEXTID="0" UPDATEDATE="2025-10-31" STARTDATE="2025-10-31" ENDDATE="2079-06-06" ISACTUAL="1" ISACTIVE="1" /><STEAD ID="74545974" OBJECTID="175642998" OBJECTGUID="442a2b88-13fe-408e-a9b8-d377bd5fc80c" CHANGEID="691536273" NUMBER="48" OPERTYPEID="10" PREVID="0" NEXTID="0" UPDATEDATE="2025-10-31" STARTDATE="2025-10-31" ENDDATE="2079-06-06" ISACTUAL="1" ISACTIVE="1" /><STEAD ID="74545975" OBJECTID="175642999" OBJECTGUID="bbb166c5-5040-478f-a10f-628c042cee24" CHANGEID="691536274" NUMBER="71" OPERTYPEID="10" PREVID="0" NEXTID="0" UPDATEDATE="2025-10-31" STARTDATE="2025-10-31" ENDDATE="2079-06-06" ISACTUAL="1" ISACTIVE="1" /><STEAD ID="74545976" OBJECTID="175643000" OBJECTGUID="c7a48ba7-093e-4315-a80c-7f2a6b8b6311" CHANGEID="691536275" NUMBER="16" OPERTYPEID="10" PREVID="0" NEXTID="0" UPDATEDATE="2025-10-31" STARTDATE="2025-10-31" ENDDATE="2079-06-06" ISACTUAL="1" ISACTIVE="1" /><STEAD ID="74545977" OBJECTID="175643001" OBJECTGUID="a18971e4-3e6e-4e25-8250-554057211b5f" CHANGEID="691536276" NUMBER="15" OPERTYPEID="10" PREVID="0" NEXTID="0" UPDATEDATE="2025-10-31" STARTDATE="2025-10-31" ENDDATE="2079-06-06" ISACTUAL="1" ISACTIVE="1" /><STEAD ID="74545978" OBJECTID="175643002" OBJECTGUID="ab7d16ad-6d70-4549-8194-2b1ceb0c9745" CHANGEID="691536277" NUMBER="12" OPERTYPEID="10" PREVID="0" NEXTID="0" UPDATEDATE="2025-10-31" STARTDATE="2025-10-31" ENDDATE="2079-06-06" ISACTUAL="1" ISACTIVE="1" /><STEAD ID="74545979" OBJECTID="175643003" OBJECTGUID="a3c97694-bbf0-4c3c-95f0-e34442c1b65f" CHANGEID="691536278" NUMBER="92" OPERTYPEID="10" PREVID="0" NEXTID="0" UPDATEDATE="2025-10-31" STARTDATE="2025-10-31" ENDDATE="2079-06-06" ISACTUAL="1" ISACTIVE="1" /><STEAD ID="74545980" OBJECTID="175643004" OBJECTGUID="8644f2b8-a1c8-4feb-a56a-c18eb1aad22f" CHANGEID="691536279" NUMBER="99" OPERTYPEID="10" PREVID="0" NEXTID="0" UPDATEDATE="2025-10-31" STARTDATE="2025-10-31" ENDDATE="2079-06-06" ISACTUAL="1" ISACTIVE="1" /><STEAD ID="74545981" OBJECTID="175643005" OBJECTGUID="ad9291cb-1a0a-4407-af03-4ee4fc4c66cd" CHANGEID="691536280" NUMBER="96" OPERTYPEID="10" PREVID="0" NEXTID="0" UPDATEDATE="2025-10-31" STARTDATE="2025-10-31" ENDDATE="2079-06-06" ISACTUAL="1" ISACTIVE="1" /><STEAD ID="74545996" OBJECTID="175643030" OBJECTGUID="7c3ff4aa-f072-4c00-813d-9e922e0e1a4e" CHANGEID="691536309" NUMBER="25" OPERTYPEID="10" PREVID="0" NEXTID="0" UPDATEDATE="2025-10-31" STARTDATE="2025-10-31" ENDDATE="2079-06-06" ISACTUAL="1" ISACTIVE="1" /><STEAD ID="74545997" OBJECTID="175643031" OBJECTGUID="194b12f1-4d41-41d9-ac3d-393e826b64ca" CHANGEID="691536310" NUMBER="73" OPERTYPEID="10" PREVID="0" NEXTID="0" UPDATEDATE="2025-10-31" STARTDATE="2025-10-31" ENDDATE="2079-06-06" ISACTUAL="1" ISACTIVE="1" /><STEAD ID="74545998" OBJECTID="175643032" OBJECTGUID="0e1deacf-8cb2-4fbe-9737-c61cd11412e4" CHANGEID="691536311" NUMBER="47" OPERTYPEID="10" PREVID="0" NEXTID="0" UPDATEDATE="2025-10-31" STARTDATE="2025-10-31" ENDDATE="2079-06-06" ISACTUAL="1" ISACTIVE="1" /><STEAD ID="74548681" OBJECTID="175649753" OBJECTGUID="edebe261-be86-4002-95b0-a5a23e8a3242" CHANGEID="691564197" NUMBER="25" OPERTYPEID="10" PREVID="0" NEXTID="0" UPDATEDATE="2025-11-01" STARTDATE="2025-11-01" ENDDATE="2079-06-06" ISACTUAL="1" ISACTIVE="1" /><STEAD ID="74548682" OBJECTID="175649754" OBJECTGUID="b902bf78-4c78-44c2-87f4-9287adcdf834" CHANGEID="691564198" NUMBER="23" OPERTYPEID="10" PREVID="0" NEXTID="0" UPDATEDATE="2025-11-01" STARTDATE="2025-11-01" ENDDATE="2079-06-06" ISACTUAL="1" ISACTIVE="1" /><STEAD ID="74548683" OBJECTID="175649755" OBJECTGUID="40170295-435d-4ecc-9b99-ccf5b7bf5bea" CHANGEID="691564199" NUMBER="21" OPERTYPEID="10" PREVID="0" NEXTID="0" UPDATEDATE="2025-11-01" STARTDATE="2025-11-01" ENDDATE="2079-06-06" ISACTUAL="1" ISACTIVE="1" /><STEAD ID="74548684" OBJECTID="175649756" OBJECTGUID="ce2ad1cc-c257-427d-b95c-6a570b8a3a50" CHANGEID="691564200" NUMBER="19" OPERTYPEID="10" PREVID="0" NEXTID="0" UPDATEDATE="2025-11-01" STARTDATE="2025-11-01" ENDDATE="2079-06-06" ISACTUAL="1" ISACTIVE="1" /><STEAD ID="74548685" OBJECTID="175649757" OBJECTGUID="c2a40db9-036c-44cc-8276-f818a77b6b0e" CHANGEID="691564201" NUMBER="17" OPERTYPEID="10" PREVID="0" NEXTID="0" UPDATEDATE="2025-11-01" STARTDATE="2025-11-01" ENDDATE="2079-06-06" ISACTUAL="1" ISACTIVE="1" /><STEAD ID="74548686" OBJECTID="175649758" OBJECTGUID="5541b6bd-395b-42f8-a58e-8fbeab4d48b6" CHANGEID="691564202" NUMBER="9" OPERTYPEID="10" PREVID="0" NEXTID="0" UPDATEDATE="2025-11-01" STARTDATE="2025-11-01" ENDDATE="2079-06-06" ISACTUAL="1" ISACTIVE="1" /><STEAD ID="74548687" OBJECTID="175649759" OBJECTGUID="1f70fe5a-67af-4f5f-8693-9c52e7d58319" CHANGEID="691564203" NUMBER="7" OPERTYPEID="10" PREVID="0" NEXTID="0" UPDATEDATE="2025-11-01" STARTDATE="2025-11-01" ENDDATE="2079-06-06" ISACTUAL="1" ISACTIVE="1" /><STEAD ID="74548688" OBJECTID="175649760" OBJECTGUID="e5694140-ac30-4a92-be39-a4346a0ab806" CHANGEID="691564204" NUMBER="5" OPERTYPEID="10" PREVID="0" NEXTID="0" UPDATEDATE="2025-11-01" STARTDATE="2025-11-01" ENDDATE="2079-06-06" ISACTUAL="1" ISACTIVE="1" /><STEAD ID="74548689" OBJECTID="175649761" OBJECTGUID="f8551be5-25d7-4171-90f7-58881af88fe2" CHANGEID="691564205" NUMBER="3" OPERTYPEID="10" PREVID="0" NEXTID="0" UPDATEDATE="2025-11-01" STARTDATE="2025-11-01" ENDDATE="2079-06-06" ISACTUAL="1" ISACTIVE="1" /><STEAD ID="74548690" OBJECTID="175649762" OBJECTGUID="72167c34-0b4d-4e99-a0bb-441d48e15735" CHANGEID="691564206" NUMBER="1" OPERTYPEID="10" PREVID="0" NEXTID="0" UPDATEDATE="2025-11-01" STARTDATE="2025-11-01" ENDDATE="2079-06-06" ISACTUAL="1" ISACTIVE="1" /><STEAD ID="74548702" OBJECTID="175649974" OBJECTGUID="4b2c647d-a300-4b27-8316-29f4818066ea" CHANGEID="691564438" NUMBER="990" OPERTYPEID="10" PREVID="0" NEXTID="0" UPDATEDATE="2025-11-01" STARTDATE="2025-11-01" ENDDATE="2079-06-06" ISACTUAL="1" ISACTIVE="1" /><STEAD ID="74548706" OBJECTID="163462965" OBJECTGUID="a2066ca4-52bc-483f-ac97-3ec6fb2ec024" CHANGEID="691564449" NUMBER="95" OPERTYPEID="50" PREVID="68002392" UPDATEDATE="2025-11-01" STARTDATE="2025-11-01" ENDDATE="2079-06-06" ISACTUAL="1" ISACTIVE="1" /><STEAD ID="74548700" OBJECTID="175649973" OBJECTGUID="79c18759-a9e9-42d2-80df-adf1843094b0" CHANGEID="691564422" NUMBER="92" OPERTYPEID="10" PREVID="0" NEXTID="0" UPDATEDATE="2025-11-01" STARTDATE="2025-11-01" ENDDATE="2079-06-06" ISACTUAL="1" ISACTIVE="1" /><STEAD ID="74548705" OBJECTID="163462922" OBJECTGUID="23f67b8f-2418-4946-983e-fddc8017874f" CHANGEID="691564448" NUMBER="97" OPERTYPEID="50" PREVID="68002390" UPDATEDATE="2025-11-01" STARTDATE="2025-11-01" ENDDATE="2079-06-06" ISACTUAL="1" ISACTIVE="1" /><STEAD ID="74548707" OBJECTID="163462968" OBJECTGUID="345a366e-b2c2-4ef5-9af8-8c5a3bc8bd58" CHANGEID="691564450" NUMBER="93" OPERTYPEID="50" PREVID="68002395" UPDATEDATE="2025-11-01" STARTDATE="2025-11-01" ENDDATE="2079-06-06" ISACTUAL="1" ISACTIVE="1" /><STEAD ID="68002398" OBJECTID="163462974" OBJECTGUID="5ec33087-5db4-4e83-a338-aabb9ca08b30" CHANGEID="595473966" NUMBER="40" OPERTYPEID="10" PREVID="0" NEXTID="74548709" UPDATEDATE="2025-11-01" STARTDATE="2024-05-07" ENDDATE="2025-11-01" ISACTUAL="0" ISACTIVE="0" /><STEAD ID="74548709" OBJECTID="163462974" OBJECTGUID="5ec33087-5db4-4e83-a338-aabb9ca08b30" CHANGEID="691564452" NUMBER="89" OPERTYPEID="50" PREVID="68002398" UPDATEDATE="2025-11-01" STARTDATE="2025-11-01" ENDDATE="2079-06-06" ISACTUAL="1" ISACTIVE="1" /><STEAD ID="74548708" OBJECTID="163462972" OBJECTGUID="2d84f2fe-659e-4b1f-97f4-e1a6da280ebc" CHANGEID="691564451" NUMBER="91" OPERTYPEID="50" PREVID="68002397" UPDATEDATE="2025-11-01" STARTDATE="2025-11-01" ENDDATE="2079-06-06" ISACTUAL="1" ISACTIVE="1" /><STEAD ID="74549064" OBJECTID="175650436" OBJECTGUID="ced82334-d9e9-41ed-8031-e981df41efa3" CHANGEID="691565323" NUMBER="1" OPERTYPEID="10" PREVID="0" NEXTID="0" UPDATEDATE="2025-11-01" STARTDATE="2025-11-01" ENDDATE="2079-06-06" ISACTUAL="1" ISACTIVE="1" /><STEAD ID="74549285" OBJECTID="175652635" OBJECTGUID="b2e87ba2-69d2-40f2-8a37-a5eb7585bc2d" CHANGEID="691568001" NUMBER="413" OPERTYPEID="10" PREVID="0" NEXTID="0" UPDATEDATE="2025-11-01" STARTDATE="2025-11-01" ENDDATE="2079-06-06" ISACTUAL="1" ISACTIVE="1" /><STEAD ID="74549286" OBJECTID="175652636" OBJECTGUID="c4970bd8-9c99-4a2b-af43-848886e29046" CHANGEID="691568002" NUMBER="1" OPERTYPEID="10" PREVID="0" NEXTID="0" UPDATEDATE="2025-11-01" STARTDATE="2025-11-01" ENDDATE="2079-06-06" ISACTUAL="1" ISACTIVE="1" /><STEAD ID="74549557" OBJECTID="175653040" OBJECTGUID="6cf624c6-5ab6-4c34-b99f-87087b629db2" CHANGEID="691568762" NUMBER="4а" OPERTYPEID="10" PREVID="0" NEXTID="0" UPDATEDATE="2025-11-01" STARTDATE="2025-11-01" ENDDATE="2079-06-06" ISACTUAL="1" ISACTIVE="1" /><STEAD ID="74550841" OBJECTID="175656299" OBJECTGUID="0530a042-1769-42b2-8a3e-e794127a0835" CHANGEID="691573771" NUMBER="119" OPERTYPEID="10" PREVID="0" NEXTID="0" UPDATEDATE="2025-11-01" STARTDATE="2025-11-01" ENDDATE="2079-06-06" ISACTUAL="1" ISACTIVE="1" /><STEAD ID="74550842" OBJECTID="175656300" OBJECTGUID="a0b9daec-b725-4a22-84d9-5eb6ac0ff525" CHANGEID="691573772" NUMBER="117" OPERTYPEID="10" PREVID="0" NEXTID="0" UPDATEDATE="2025-11-01" STARTDATE="2025-11-01" ENDDATE="2079-06-06" ISACTUAL="1" ISACTIVE="1" /><STEAD ID="74550843" OBJECTID="175656301" OBJECTGUID="7a3e4ff1-9f75-44c4-a577-a32101f57e9d" CHANGEID="691573773" NUMBER="172" OPERTYPEID="10" PREVID="0" NEXTID="0" UPDATEDATE="2025-11-01" STARTDATE="2025-11-01" ENDDATE="2079-06-06" ISACTUAL="1" ISACTIVE="1" /><STEAD ID="74550844" OBJECTID="175656302" OBJECTGUID="4b46d4d4-57d7-4a89-af2e-858490d6970a" CHANGEID="691573774" NUMBER="234" OPERTYPEID="10" PREVID="0" NEXTID="0" UPDATEDATE="2025-11-01" STARTDATE="2025-11-01" ENDDATE="2079-06-06" ISACTUAL="1" ISACTIVE="1" /><STEAD ID="74550845" OBJECTID="175656303" OBJECTGUID="746f52d1-7acb-4a1f-8a09-0c5a583213dd" CHANGEID="691573775" NUMBER="115" OPERTYPEID="10" PREVID="0" NEXTID="0" UPDATEDATE="2025-11-01" STARTDATE="2025-11-01" ENDDATE="2079-06-06" ISACTUAL="1" ISACTIVE="1" /><STEAD ID="74550846" OBJECTID="175656304" OBJECTGUID="9a305378-ac6c-48d5-a247-6a62bf0fd953" CHANGEID="691573776" NUMBER="113" OPERTYPEID="10" PREVID="0" NEXTID="0" UPDATEDATE="2025-11-01" STARTDATE="2025-11-01" ENDDATE="2079-06-06" ISACTUAL="1" ISACTIVE="1" /><STEAD ID="74550847" OBJECTID="175656305" OBJECTGUID="8dd74905-971c-4b9e-9cf1-246b23d32c8b" CHANGEID="691573777" NUMBER="109" OPERTYPEID="10" PREVID="0" NEXTID="0" UPDATEDATE="2025-11-01" STARTDATE="2025-11-01" ENDDATE="2079-06-06" ISACTUAL="1" ISACTIVE="1" /><STEAD ID="74550848" OBJECTID="175656306" OBJECTGUID="319c6fcb-d853-471f-b4c3-bf4964fc9751" CHANGEID="691573778" NUMBER="108" OPERTYPEID="10" PREVID="0" NEXTID="0" UPDATEDATE="2025-11-01" STARTDATE="2025-11-01" ENDDATE="2079-06-06" ISACTUAL="1" ISACTIVE="1" /><STEAD ID="74550849" OBJECTID="175656307" OBJECTGUID="d26505c0-93a2-4dee-b1a5-c486ae9d11fc" CHANGEID="691573779" NUMBER="107" OPERTYPEID="10" PREVID="0" NEXTID="0" UPDATEDATE="2025-11-01" STARTDATE="2025-11-01" ENDDATE="2079-06-06" ISACTUAL="1" ISACTIVE="1" /><STEAD ID="74550850" OBJECTID="175656308" OBJECTGUID="83691475-bd2e-4a76-9a36-a4e657765783" CHANGEID="691573780" NUMBER="138" OPERTYPEID="10" PREVID="0" NEXTID="0" UPDATEDATE="2025-11-01" STARTDATE="2025-11-01" ENDDATE="2079-06-06" ISACTUAL="1" ISACTIVE="1" /><STEAD ID="74550854" OBJECTID="175656312" OBJECTGUID="a9847428-08d9-46bf-93c9-9f11a10e5ff9" CHANGEID="691573784" NUMBER="186" OPERTYPEID="10" PREVID="0" NEXTID="0" UPDATEDATE="2025-11-01" STARTDATE="2025-11-01" ENDDATE="2079-06-06" ISACTUAL="1" ISACTIVE="1" /><STEAD ID="74550855" OBJECTID="175656313" OBJECTGUID="f74d24c7-dbd3-4de7-b212-6086f03c25f2" CHANGEID="691573785" NUMBER="202" OPERTYPEID="10" PREVID="0" NEXTID="0" UPDATEDATE="2025-11-01" STARTDATE="2025-11-01" ENDDATE="2079-06-06" ISACTUAL="1" ISACTIVE="1" /><STEAD ID="74550856" OBJECTID="175656314" OBJECTGUID="c961caba-0deb-47c5-9039-a345058173e3" CHANGEID="691573786" NUMBER="182" OPERTYPEID="10" PREVID="0" NEXTID="0" UPDATEDATE="2025-11-01" STARTDATE="2025-11-01" ENDDATE="2079-06-06" ISACTUAL="1" ISACTIVE="1" /><STEAD ID="74550857" OBJECTID="175656315" OBJECTGUID="2add88ef-c911-43fc-8854-3702dbff41dd" CHANGEID="691573787" NUMBER="164" OPERTYPEID="10" PREVID="0" NEXTID="0" UPDATEDATE="2025-11-01" STARTDATE="2025-11-01" ENDDATE="2079-06-06" ISACTUAL="1" ISACTIVE="1" /><STEAD ID="74550858" OBJECTID="175656316" OBJECTGUID="15fb8a8d-06ec-4e7f-a728-c480dc763757" CHANGEID="691573788" NUMBER="136" OPERTYPEID="10" PREVID="0" NEXTID="0" UPDATEDATE="2025-11-01" STARTDATE="2025-11-01" ENDDATE="2079-06-06" ISACTUAL="1" ISACTIVE="1" /><STEAD ID="74550859" OBJECTID="175656317" OBJECTGUID="73b605d6-4cf7-44ed-9229-0c60e73de5a2" CHANGEID="691573789" NUMBER="134" OPERTYPEID="10" PREVID="0" NEXTID="0" UPDATEDATE="2025-11-01" STARTDATE="2025-11-01" ENDDATE="2079-06-06" ISACTUAL="1" ISACTIVE="1" /><STEAD ID="74550860" OBJECTID="175656318" OBJECTGUID="37e25eb2-a64f-493e-8049-e3572e0b2830" CHANGEID="691573790" NUMBER="178" OPERTYPEID="10" PREVID="0" NEXTID="0" UPDATEDATE="2025-11-01" STARTDATE="2025-11-01" ENDDATE="2079-06-06" ISACTUAL="1" ISACTIVE="1" /><STEAD ID="74550861" OBJECTID="175656319" OBJECTGUID="69febef6-91e2-496f-a538-001f0e0d56fb" CHANGEID="691573791" NUMBER="176" OPERTYPEID="10" PREVID="0" NEXTID="0" UPDATEDATE="2025-11-01" STARTDATE="2025-11-01" ENDDATE="2079-06-06" ISACTUAL="1" ISACTIVE="1" /><STEAD ID="74550862" OBJECTID="175656320" OBJECTGUID="e17881ba-23f1-4a31-8f20-2ab267b5de20" CHANGEID="691573792" NUMBER="174" OPERTYPEID="10" PREVID="0" NEXTID="0" UPDATEDATE="2025-11-01" STARTDATE="2025-11-01" ENDDATE="2079-06-06" ISACTUAL="1" ISACTIVE="1" /><STEAD ID="74550863" OBJECTID="175656321" OBJECTGUID="5179c3dd-5878-4e68-8b18-c7934f5a0489" CHANGEID="691573793" NUMBER="133" OPERTYPEID="10" PREVID="0" NEXTID="0" UPDATEDATE="2025-11-01" STARTDATE="2025-11-01" ENDDATE="2079-06-06" ISACTUAL="1" ISACTIVE="1" /><STEAD ID="74550864" OBJECTID="175656322" OBJECTGUID="a2782bcc-6961-4c9b-9306-317eaf620d02" CHANGEID="691573794" NUMBER="132" OPERTYPEID="10" PREVID="0" NEXTID="0" UPDATEDATE="2025-11-01" STARTDATE="2025-11-01" ENDDATE="2079-06-06" ISACTUAL="1" ISACTIVE="1" /><STEAD ID="74550865" OBJECTID="175656323" OBJECTGUID="1ac1fc9e-e25f-4370-9674-813da28762c0" CHANGEID="691573795" NUMBER="130" OPERTYPEID="10" PREVID="0" NEXTID="0" UPDATEDATE="2025-11-01" STARTDATE="2025-11-01" ENDDATE="2079-06-06" ISACTUAL="1" ISACTIVE="1" /><STEAD ID="74550866" OBJECTID="175656324" OBJECTGUID="a12d4378-1913-44d8-ab17-0f1b45acf4ae" CHANGEID="691573796" NUMBER="122" OPERTYPEID="10" PREVID="0" NEXTID="0" UPDATEDATE="2025-11-01" STARTDATE="2025-11-01" ENDDATE="2079-06-06" ISACTUAL="1" ISACTIVE="1" /><STEAD ID="74551326" OBJECTID="175657005" OBJECTGUID="5a0de7b7-49eb-4a91-bac8-07e08141bf3c" CHANGEID="691575032" NUMBER="17" OPERTYPEID="10" PREVID="0" NEXTID="0" UPDATEDATE="2025-11-01" STARTDATE="2025-11-01" ENDDATE="2079-06-06" ISACTUAL="1" ISACTIVE="1" /><STEAD ID="74551388" OBJECTID="175657080" OBJECTGUID="c0ecd837-5847-40ce-a787-4e85f84b88bd" CHANGEID="691575154" NUMBER="49" OPERTYPEID="10" PREVID="0" NEXTID="0" UPDATEDATE="2025-11-01" STARTDATE="2025-11-01" ENDDATE="2079-06-06" ISACTUAL="1" ISACTIVE="1" /><STEAD ID="74551433" OBJECTID="175657166" OBJECTGUID="3dacfd0b-2a28-46a5-ac62-1aad8bf1d721" CHANGEID="691575330" NUMBER="95/4" OPERTYPEID="10" PREVID="0" NEXTID="0" UPDATEDATE="2025-11-01" STARTDATE="2025-11-01" ENDDATE="2079-06-06" ISACTUAL="1" ISACTIVE="1" /><STEAD ID="74551814" OBJECTID="175657691" OBJECTGUID="a3a49c6f-f077-4789-ba87-f4b47c7e0597" CHANGEID="691576349" NUMBER="34" OPERTYPEID="10" PREVID="0" NEXTID="0" UPDATEDATE="2025-11-01" STARTDATE="2025-11-01" ENDDATE="2079-06-06" ISACTUAL="1" ISACTIVE="1" /><STEAD ID="74551892" OBJECTID="175657830" OBJECTGUID="a9076373-d2ca-4790-afcf-5154f2ee7ff4" CHANGEID="691576656" NUMBER="101" OPERTYPEID="10" PREVID="0" NEXTID="0" UPDATEDATE="2025-11-01" STARTDATE="2025-11-01" ENDDATE="2079-06-06" ISACTUAL="1" ISACTIVE="1" /><STEAD ID="74551893" OBJECTID="175657831" OBJECTGUID="61668bee-e573-4410-a549-0e8934d93539" CHANGEID="691576657" NUMBER="87" OPERTYPEID="10" PREVID="0" NEXTID="0" UPDATEDATE="2025-11-01" STARTDATE="2025-11-01" ENDDATE="2079-06-06" ISACTUAL="1" ISACTIVE="1" /><STEAD ID="74551894" OBJECTID="175657832" OBJECTGUID="fc8f5e5d-e010-46f8-b899-3d21649259a5" CHANGEID="691576658" NUMBER="86" OPERTYPEID="10" PREVID="0" NEXTID="0" UPDATEDATE="2025-11-01" STARTDATE="2025-11-01" ENDDATE="2079-06-06" ISACTUAL="1" ISACTIVE="1" /><STEAD ID="74551895" OBJECTID="175657833" OBJECTGUID="2d3c492e-c7f7-4cbf-91a9-d83cc1df2fb6" CHANGEID="691576659" NUMBER="85" OPERTYPEID="10" PREVID="0" NEXTID="0" UPDATEDATE="2025-11-01" STARTDATE="2025-11-01" ENDDATE="2079-06-06" ISACTUAL="1" ISACTIVE="1" /><STEAD ID="74551896" OBJECTID="175657834" OBJECTGUID="4028168e-d883-48b6-abe4-299d432f45e5" CHANGEID="691576660" NUMBER="84" OPERTYPEID="10" PREVID="0" NEXTID="0" UPDATEDATE="2025-11-01" STARTDATE="2025-11-01" ENDDATE="2079-06-06" ISACTUAL="1" ISACTIVE="1" /><STEAD ID="74551897" OBJECTID="175657835" OBJECTGUID="afa606f6-6dbe-495b-8a84-58d37946bfdc" CHANGEID="691576661" NUMBER="83" OPERTYPEID="10" PREVID="0" NEXTID="0" UPDATEDATE="2025-11-01" STARTDATE="2025-11-01" ENDDATE="2079-06-06" ISACTUAL="1" ISACTIVE="1" /><STEAD ID="74551898" OBJECTID="175657836" OBJECTGUID="2d634353-11f2-4ab4-be97-b64a720c7298" CHANGEID="691576662" NUMBER="82" OPERTYPEID="10" PREVID="0" NEXTID="0" UPDATEDATE="2025-11-01" STARTDATE="2025-11-01" ENDDATE="2079-06-06" ISACTUAL="1" ISACTIVE="1" /><STEAD ID="74551899" OBJECTID="175657837" OBJECTGUID="0cde2838-34d8-4fe5-847b-588215cf6dc2" CHANGEID="691576663" NUMBER="81а" OPERTYPEID="10" PREVID="0" NEXTID="0" UPDATEDATE="2025-11-01" STARTDATE="2025-11-01" ENDDATE="2079-06-06" ISACTUAL="1" ISACTIVE="1" /><STEAD ID="74551900" OBJECTID="175657838" OBJECTGUID="e43cf324-383b-4714-b1c6-b2ff2b32d91e" CHANGEID="691576664" NUMBER="81" OPERTYPEID="10" PREVID="0" NEXTID="0" UPDATEDATE="2025-11-01" STARTDATE="2025-11-01" ENDDATE="2079-06-06" ISACTUAL="1" ISACTIVE="1" /><STEAD ID="74551901" OBJECTID="175657839" OBJECTGUID="1df59e41-c144-4849-9f6b-3c8ad25b792b" CHANGEID="691576665" NUMBER="72" OPERTYPEID="10" PREVID="0" NEXTID="0" UPDATEDATE="2025-11-01" STARTDATE="2025-11-01" ENDDATE="2079-06-06" ISACTUAL="1" ISACTIVE="1" /><STEAD ID="74551902" OBJECTID="175657840" OBJECTGUID="461b3008-d151-4e8d-8c57-efed348bf5f8" CHANGEID="691576666" NUMBER="75" OPERTYPEID="10" PREVID="0" NEXTID="0" UPDATEDATE="2025-11-01" STARTDATE="2025-11-01" ENDDATE="2079-06-06" ISACTUAL="1" ISACTIVE="1" /><STEAD ID="74551903" OBJECTID="175657841" OBJECTGUID="1f6426d3-9f6c-4bab-923c-51a4cdd005cf" CHANGEID="691576667" NUMBER="74" OPERTYPEID="10" PREVID="0" NEXTID="0" UPDATEDATE="2025-11-01" STARTDATE="2025-11-01" ENDDATE="2079-06-06" ISACTUAL="1" ISACTIVE="1" /><STEAD ID="74551904" OBJECTID="175657842" OBJECTGUID="ee1a6348-f051-4b22-be68-cf5fcfe7321b" CHANGEID="691576668" NUMBER="37" OPERTYPEID="10" PREVID="0" NEXTID="0" UPDATEDATE="2025-11-01" STARTDATE="2025-11-01" ENDDATE="2079-06-06" ISACTUAL="1" ISACTIVE="1" /><STEAD ID="74551905" OBJECTID="175657843" OBJECTGUID="fcffa7f8-3803-4a71-81db-e318131e023d" CHANGEID="691576669" NUMBER="35" OPERTYPEID="10" PREVID="0" NEXTID="0" UPDATEDATE="2025-11-01" STARTDATE="2025-11-01" ENDDATE="2079-06-06" ISACTUAL="1" ISACTIVE="1" /><STEAD ID="74552551" OBJECTID="175658804" OBJECTGUID="f80ec0bf-717f-40be-8eed-c63b1026ca9a" CHANGEID="691578175" NUMBER="30" OPERTYPEID="10" PREVID="0" NEXTID="0" UPDATEDATE="2025-11-01" STARTDATE="2025-11-01" ENDDATE="2079-06-06" ISACTUAL="1" ISACTIVE="1" /><STEAD ID="74554811" OBJECTID="175663103" OBJECTGUID="98d04c31-8bf7-4807-a05b-a225f7aa538e" CHANGEID="691585631" NUMBER="49" OPERTYPEID="10" PREVID="0" NEXTID="0" UPDATEDATE="2025-11-01" STARTDATE="2025-11-01" ENDDATE="2079-06-06" ISACTUAL="1" ISACTIVE="1" /><STEAD ID="10378958" OBJECTID="94912042" OBJECTGUID="5ad66ad6-452c-456b-970d-18ba45677f03" CHANGEID="137865870" NUMBER="11 А" OPERTYPEID="10" NEXTID="74556472" UPDATEDATE="2025-11-01" STARTDATE="2019-06-05" ENDDATE="2025-11-01" ISACTUAL="0" ISACTIVE="0" /><STEAD ID="74556472" OBJECTID="94912042" OBJECTGUID="5ad66ad6-452c-456b-970d-18ba45677f03" CHANGEID="691590922" NUMBER="11А" OPERTYPEID="20" PREVID="10378958" UPDATEDATE="2025-11-01" STARTDATE="2025-11-01" ENDDATE="2079-06-06" ISACTUAL="1" ISACTIVE="1" /><STEAD ID="10422189" OBJECTID="94955304" OBJECTGUID="db899cf4-0d83-4901-a250-96e227e73154" CHANGEID="137909658" NUMBER="15 А" OPERTYPEID="10" NEXTID="74556484" UPDATEDATE="2025-11-01" STARTDATE="2019-06-05" ENDDATE="2025-11-01" ISACTUAL="0" ISACTIVE="0" /><STEAD ID="74556484" OBJECTID="94955304" OBJECTGUID="db899cf4-0d83-4901-a250-96e227e73154" CHANGEID="691591094" NUMBER="15А" OPERTYPEID="20" PREVID="10422189" UPDATEDATE="2025-11-01" STARTDATE="2025-11-01" ENDDATE="2079-06-06" ISACTUAL="1" ISACTIVE="1" /><STEAD ID="74557652" OBJECTID="175669289" OBJECTGUID="a3ba29bb-a378-418c-aa58-53c35091ef84" CHANGEID="691595721" NUMBER="19а" OPERTYPEID="10" PREVID="0" NEXTID="0" UPDATEDATE="2025-11-01" STARTDATE="2025-11-01" ENDDATE="2079-06-06" ISACTUAL="1" ISACTIVE="1" /><STEAD ID="74557788" OBJECTID="175669475" OBJECTGUID="2052e539-0ddd-4b7e-8491-7a2db24c50cc" CHANGEID="691595939" NUMBER="12" OPERTYPEID="10" PREVID="0" NEXTID="0" UPDATEDATE="2025-11-01" STARTDATE="2025-11-01" ENDDATE="2079-06-06" ISACTUAL="1" ISACTIVE="1" /><STEAD ID="68002390" OBJECTID="163462922" OBJECTGUID="23f67b8f-2418-4946-983e-fddc8017874f" CHANGEID="595473905" NUMBER="36" OPERTYPEID="10" PREVID="0" NEXTID="74548705" UPDATEDATE="2025-11-01" STARTDATE="2024-05-07" ENDDATE="2025-11-01" ISACTUAL="0" ISACTIVE="0" /><STEAD ID="68002392" OBJECTID="163462965" OBJECTGUID="a2066ca4-52bc-483f-ac97-3ec6fb2ec024" CHANGEID="595473950" NUMBER="37" OPERTYPEID="10" PREVID="0" NEXTID="74548706" UPDATEDATE="2025-11-01" STARTDATE="2024-05-07" ENDDATE="2025-11-01" ISACTUAL="0" ISACTIVE="0" /><STEAD ID="68002395" OBJECTID="163462968" OBJECTGUID="345a366e-b2c2-4ef5-9af8-8c5a3bc8bd58" CHANGEID="595473956" NUMBER="38" OPERTYPEID="10" PREVID="0" NEXTID="74548707" UPDATEDATE="2025-11-01" STARTDATE="2024-05-07" ENDDATE="2025-11-01" ISACTUAL="0" ISACTIVE="0" /><STEAD ID="68002397" OBJECTID="163462972" OBJECTGUID="2d84f2fe-659e-4b1f-97f4-e1a6da280ebc" CHANGEID="595473962" NUMBER="39" OPERTYPEID="10" PREVID="0" NEXTID="74548708" UPDATEDATE="2025-11-01" STARTDATE="2024-05-07" ENDDATE="2025-11-01" ISACTUAL="0" ISACTIVE="0" /></STEADS>