﻿<?xml version="1.0" encoding="utf-8"?><APARTMENTS><APARTMENT ID="25914598" OBJECTID="44037762" OBJECTGUID="1d15bb77-d056-419d-bef4-32fc6ff500bc" CHANGEID="66421000" NUMBER="1" APARTTYPE="2" OPERTYPEID="10" PREVID="0" NEXTID="112053572" UPDATEDATE="2025-11-01" STARTDATE="2001-05-17" ENDDATE="2025-11-01" ISACTUAL="0" ISACTIVE="0" /><APARTMENT ID="112033010" OBJECTID="175591032" OBJECTGUID="e91d91c0-a45a-4062-9630-f2d05f50d009" CHANGEID="691452632" NUMBER="13" APARTTYPE="1" OPERTYPEID="10" PREVID="0" NEXTID="0" UPDATEDATE="2025-10-30" STARTDATE="2025-10-30" ENDDATE="2079-06-06" ISACTUAL="1" ISACTIVE="1" /><APARTMENT ID="112033011" OBJECTID="175591034" OBJECTGUID="214c7bbd-cf20-4afb-b117-bd5b460f4312" CHANGEID="691452634" NUMBER="12" APARTTYPE="1" OPERTYPEID="10" PREVID="0" NEXTID="0" UPDATEDATE="2025-10-30" STARTDATE="2025-10-30" ENDDATE="2079-06-06" ISACTUAL="1" ISACTIVE="1" /><APARTMENT ID="112033012" OBJECTID="175591035" OBJECTGUID="c7112b2b-48e9-4d5b-82e5-b806d4178cfa" CHANGEID="691452635" NUMBER="11" APARTTYPE="1" OPERTYPEID="10" PREVID="0" NEXTID="0" UPDATEDATE="2025-10-30" STARTDATE="2025-10-30" ENDDATE="2079-06-06" ISACTUAL="1" ISACTIVE="1" /><APARTMENT ID="112033013" OBJECTID="175591036" OBJECTGUID="59ff0589-bd76-4cea-a0c3-6b56127bd028" CHANGEID="691452636" NUMBER="10" APARTTYPE="1" OPERTYPEID="10" PREVID="0" NEXTID="0" UPDATEDATE="2025-10-30" STARTDATE="2025-10-30" ENDDATE="2079-06-06" ISACTUAL="1" ISACTIVE="1" /><APARTMENT ID="112033014" OBJECTID="175591037" OBJECTGUID="c9e06f9c-070c-459b-82de-c2b29e4c523f" CHANGEID="691452637" NUMBER="9" APARTTYPE="1" OPERTYPEID="10" PREVID="0" NEXTID="0" UPDATEDATE="2025-10-30" STARTDATE="2025-10-30" ENDDATE="2079-06-06" ISACTUAL="1" ISACTIVE="1" /><APARTMENT ID="112033015" OBJECTID="175591038" OBJECTGUID="984bfb99-52a4-49d8-93cd-a1190c685fef" CHANGEID="691452638" NUMBER="8" APARTTYPE="1" OPERTYPEID="10" PREVID="0" NEXTID="0" UPDATEDATE="2025-10-30" STARTDATE="2025-10-30" ENDDATE="2079-06-06" ISACTUAL="1" ISACTIVE="1" /><APARTMENT ID="112033016" OBJECTID="175591039" OBJECTGUID="b70ddb79-802f-4c10-973d-57e83d28dffe" CHANGEID="691452639" NUMBER="7" APARTTYPE="1" OPERTYPEID="10" PREVID="0" NEXTID="0" UPDATEDATE="2025-10-30" STARTDATE="2025-10-30" ENDDATE="2079-06-06" ISACTUAL="1" ISACTIVE="1" /><APARTMENT ID="112033017" OBJECTID="175591040" OBJECTGUID="2ecad136-82f2-4fe7-933f-1f766c3684db" CHANGEID="691452640" NUMBER="6" APARTTYPE="1" OPERTYPEID="10" PREVID="0" NEXTID="0" UPDATEDATE="2025-10-30" STARTDATE="2025-10-30" ENDDATE="2079-06-06" ISACTUAL="1" ISACTIVE="1" /><APARTMENT ID="112033018" OBJECTID="175591041" OBJECTGUID="035b99d4-aa59-41c3-85a4-7d02de2590ae" CHANGEID="691452641" NUMBER="5" APARTTYPE="1" OPERTYPEID="10" PREVID="0" NEXTID="0" UPDATEDATE="2025-10-30" STARTDATE="2025-10-30" ENDDATE="2079-06-06" ISACTUAL="1" ISACTIVE="1" /><APARTMENT ID="112033019" OBJECTID="175591042" OBJECTGUID="377264bc-9af4-4cff-9ee1-cb4c77523f15" CHANGEID="691452642" NUMBER="4" APARTTYPE="1" OPERTYPEID="10" PREVID="0" NEXTID="0" UPDATEDATE="2025-10-30" STARTDATE="2025-10-30" ENDDATE="2079-06-06" ISACTUAL="1" ISACTIVE="1" /><APARTMENT ID="112033020" OBJECTID="175591044" OBJECTGUID="5056201b-14b1-4015-a699-511f4d115ccc" CHANGEID="691452644" NUMBER="1" APARTTYPE="1" OPERTYPEID="10" PREVID="0" NEXTID="0" UPDATEDATE="2025-10-30" STARTDATE="2025-10-30" ENDDATE="2079-06-06" ISACTUAL="1" ISACTIVE="1" /><APARTMENT ID="112033021" OBJECTID="175591045" OBJECTGUID="e7b86ddc-969a-4d0c-bc2f-e2143b6fc780" CHANGEID="691452645" NUMBER="3" APARTTYPE="1" OPERTYPEID="10" PREVID="0" NEXTID="0" UPDATEDATE="2025-10-30" STARTDATE="2025-10-30" ENDDATE="2079-06-06" ISACTUAL="1" ISACTIVE="1" /><APARTMENT ID="112033022" OBJECTID="175591046" OBJECTGUID="426cf324-3116-40a8-9034-44a4b868e1da" CHANGEID="691452646" NUMBER="2" APARTTYPE="1" OPERTYPEID="10" PREVID="0" NEXTID="0" UPDATEDATE="2025-10-30" STARTDATE="2025-10-30" ENDDATE="2079-06-06" ISACTUAL="1" ISACTIVE="1" /><APARTMENT ID="112041386" OBJECTID="175619155" OBJECTGUID="b88bb26e-6536-478c-911e-d10c8d3f57a0" CHANGEID="691499455" NUMBER="3" APARTTYPE="2" OPERTYPEID="10" PREVID="0" NEXTID="0" UPDATEDATE="2025-10-31" STARTDATE="2025-10-31" ENDDATE="2079-06-06" ISACTUAL="1" ISACTIVE="1" /><APARTMENT ID="112041387" OBJECTID="175619156" OBJECTGUID="4c2a407e-180c-4971-b868-82d207438135" CHANGEID="691499456" NUMBER="1" APARTTYPE="2" OPERTYPEID="10" PREVID="0" NEXTID="0" UPDATEDATE="2025-10-31" STARTDATE="2025-10-31" ENDDATE="2079-06-06" ISACTUAL="1" ISACTIVE="1" /><APARTMENT ID="112041388" OBJECTID="175619157" OBJECTGUID="f9721fa1-321a-41a2-b67e-9482d092ffed" CHANGEID="691499457" NUMBER="1" APARTTYPE="1" OPERTYPEID="10" PREVID="0" NEXTID="0" UPDATEDATE="2025-10-31" STARTDATE="2025-10-31" ENDDATE="2079-06-06" ISACTUAL="1" ISACTIVE="1" /><APARTMENT ID="112041368" OBJECTID="175619137" OBJECTGUID="f5dd8410-c71e-4fcd-b62a-0648b15cd797" CHANGEID="691499437" NUMBER="18" APARTTYPE="1" OPERTYPEID="10" PREVID="0" NEXTID="0" UPDATEDATE="2025-10-31" STARTDATE="2025-10-31" ENDDATE="2079-06-06" ISACTUAL="1" ISACTIVE="1" /><APARTMENT ID="112041369" OBJECTID="175619138" OBJECTGUID="572e0349-8950-496b-984e-ed456d2b615d" CHANGEID="691499438" NUMBER="17" APARTTYPE="1" OPERTYPEID="10" PREVID="0" NEXTID="0" UPDATEDATE="2025-10-31" STARTDATE="2025-10-31" ENDDATE="2079-06-06" ISACTUAL="1" ISACTIVE="1" /><APARTMENT ID="112041370" OBJECTID="175619139" OBJECTGUID="8033a5e2-0c44-4ea0-a5fc-e5886a72c7cb" CHANGEID="691499439" NUMBER="16" APARTTYPE="1" OPERTYPEID="10" PREVID="0" NEXTID="0" UPDATEDATE="2025-10-31" STARTDATE="2025-10-31" ENDDATE="2079-06-06" ISACTUAL="1" ISACTIVE="1" /><APARTMENT ID="112041371" OBJECTID="175619140" OBJECTGUID="979f7cb5-ebc1-46a6-bc41-492ab13b042d" CHANGEID="691499440" NUMBER="15" APARTTYPE="1" OPERTYPEID="10" PREVID="0" NEXTID="0" UPDATEDATE="2025-10-31" STARTDATE="2025-10-31" ENDDATE="2079-06-06" ISACTUAL="1" ISACTIVE="1" /><APARTMENT ID="112041372" OBJECTID="175619141" OBJECTGUID="3deb3773-4bb1-4c13-b3dc-696743b8416c" CHANGEID="691499441" NUMBER="14" APARTTYPE="1" OPERTYPEID="10" PREVID="0" NEXTID="0" UPDATEDATE="2025-10-31" STARTDATE="2025-10-31" ENDDATE="2079-06-06" ISACTUAL="1" ISACTIVE="1" /><APARTMENT ID="112041373" OBJECTID="175619142" OBJECTGUID="52dbed88-3466-4e42-8d36-edad8110e41c" CHANGEID="691499442" NUMBER="13" APARTTYPE="1" OPERTYPEID="10" PREVID="0" NEXTID="0" UPDATEDATE="2025-10-31" STARTDATE="2025-10-31" ENDDATE="2079-06-06" ISACTUAL="1" ISACTIVE="1" /><APARTMENT ID="112041374" OBJECTID="175619143" OBJECTGUID="1cb2c091-acbc-405d-a372-cb21f41f1ae0" CHANGEID="691499443" NUMBER="12" APARTTYPE="1" OPERTYPEID="10" PREVID="0" NEXTID="0" UPDATEDATE="2025-10-31" STARTDATE="2025-10-31" ENDDATE="2079-06-06" ISACTUAL="1" ISACTIVE="1" /><APARTMENT ID="112041375" OBJECTID="175619144" OBJECTGUID="87617821-8c4a-4197-8c16-9ca2a7fdc2b6" CHANGEID="691499444" NUMBER="11" APARTTYPE="1" OPERTYPEID="10" PREVID="0" NEXTID="0" UPDATEDATE="2025-10-31" STARTDATE="2025-10-31" ENDDATE="2079-06-06" ISACTUAL="1" ISACTIVE="1" /><APARTMENT ID="112041376" OBJECTID="175619145" OBJECTGUID="16a2f307-d887-42e0-a0aa-96b9e1ad0f61" CHANGEID="691499445" NUMBER="10" APARTTYPE="1" OPERTYPEID="10" PREVID="0" NEXTID="0" UPDATEDATE="2025-10-31" STARTDATE="2025-10-31" ENDDATE="2079-06-06" ISACTUAL="1" ISACTIVE="1" /><APARTMENT ID="112041377" OBJECTID="175619146" OBJECTGUID="02b6c8d4-d1fe-44de-8856-0e22fbe159ab" CHANGEID="691499446" NUMBER="9" APARTTYPE="1" OPERTYPEID="10" PREVID="0" NEXTID="0" UPDATEDATE="2025-10-31" STARTDATE="2025-10-31" ENDDATE="2079-06-06" ISACTUAL="1" ISACTIVE="1" /><APARTMENT ID="112041378" OBJECTID="175619147" OBJECTGUID="17d69413-34e1-4481-bc9f-e3c7461c0338" CHANGEID="691499447" NUMBER="8" APARTTYPE="1" OPERTYPEID="10" PREVID="0" NEXTID="0" UPDATEDATE="2025-10-31" STARTDATE="2025-10-31" ENDDATE="2079-06-06" ISACTUAL="1" ISACTIVE="1" /><APARTMENT ID="112041379" OBJECTID="175619148" OBJECTGUID="c2a2d42a-42bf-4355-a0b1-6ec609a11313" CHANGEID="691499448" NUMBER="7" APARTTYPE="1" OPERTYPEID="10" PREVID="0" NEXTID="0" UPDATEDATE="2025-10-31" STARTDATE="2025-10-31" ENDDATE="2079-06-06" ISACTUAL="1" ISACTIVE="1" /><APARTMENT ID="112041380" OBJECTID="175619149" OBJECTGUID="108307df-d60b-49b6-ac9d-cc43bc46ac31" CHANGEID="691499449" NUMBER="6" APARTTYPE="1" OPERTYPEID="10" PREVID="0" NEXTID="0" UPDATEDATE="2025-10-31" STARTDATE="2025-10-31" ENDDATE="2079-06-06" ISACTUAL="1" ISACTIVE="1" /><APARTMENT ID="112041381" OBJECTID="175619150" OBJECTGUID="02b47f22-140b-44b2-9c7a-b7b36fc36376" CHANGEID="691499450" NUMBER="5" APARTTYPE="1" OPERTYPEID="10" PREVID="0" NEXTID="0" UPDATEDATE="2025-10-31" STARTDATE="2025-10-31" ENDDATE="2079-06-06" ISACTUAL="1" ISACTIVE="1" /><APARTMENT ID="112041382" OBJECTID="175619151" OBJECTGUID="5e50e3a9-1b7c-4ed9-9c35-e421f872e5c3" CHANGEID="691499451" NUMBER="4" APARTTYPE="1" OPERTYPEID="10" PREVID="0" NEXTID="0" UPDATEDATE="2025-10-31" STARTDATE="2025-10-31" ENDDATE="2079-06-06" ISACTUAL="1" ISACTIVE="1" /><APARTMENT ID="112041383" OBJECTID="175619152" OBJECTGUID="cecf1621-de37-420a-86f1-36a78cd5d82c" CHANGEID="691499452" NUMBER="3" APARTTYPE="1" OPERTYPEID="10" PREVID="0" NEXTID="0" UPDATEDATE="2025-10-31" STARTDATE="2025-10-31" ENDDATE="2079-06-06" ISACTUAL="1" ISACTIVE="1" /><APARTMENT ID="112041384" OBJECTID="175619153" OBJECTGUID="8db7c614-750c-4a89-b0ff-9cca9780910b" CHANGEID="691499453" NUMBER="2" APARTTYPE="1" OPERTYPEID="10" PREVID="0" NEXTID="0" UPDATEDATE="2025-10-31" STARTDATE="2025-10-31" ENDDATE="2079-06-06" ISACTUAL="1" ISACTIVE="1" /><APARTMENT ID="112041385" OBJECTID="175619154" OBJECTGUID="d8b56dbc-a4f1-4de4-918c-914f5b02eef9" CHANGEID="691499454" NUMBER="1" APARTTYPE="1" OPERTYPEID="10" PREVID="0" NEXTID="0" UPDATEDATE="2025-10-31" STARTDATE="2025-10-31" ENDDATE="2079-06-06" ISACTUAL="1" ISACTIVE="1" /><APARTMENT ID="112041953" OBJECTID="53848811" OBJECTGUID="59c8d803-2ebd-40c0-bd5a-50e26c1f51d6" CHANGEID="691501387" NUMBER="1" APARTTYPE="2" OPERTYPEID="55" PREVID="31996665" NEXTID="129426321" UPDATEDATE="2025-10-31" STARTDATE="2025-10-31" ENDDATE="2079-06-06" ISACTUAL="1" ISACTIVE="0" /><APARTMENT ID="31996665" OBJECTID="53848811" OBJECTGUID="59c8d803-2ebd-40c0-bd5a-50e26c1f51d6" CHANGEID="80598327" NUMBER="1" APARTTYPE="2" OPERTYPEID="10" PREVID="0" NEXTID="112041953" UPDATEDATE="2025-10-31" STARTDATE="2017-03-13" ENDDATE="2025-10-31" ISACTUAL="0" ISACTIVE="0" /><APARTMENT ID="112041954" OBJECTID="53848878" OBJECTGUID="915bde2e-405b-45a6-a4a8-f5ab79c77345" CHANGEID="691501389" NUMBER="2" APARTTYPE="2" OPERTYPEID="55" PREVID="31996706" NEXTID="129426322" UPDATEDATE="2025-10-31" STARTDATE="2025-10-31" ENDDATE="2079-06-06" ISACTUAL="1" ISACTIVE="0" /><APARTMENT ID="31996706" OBJECTID="53848878" OBJECTGUID="915bde2e-405b-45a6-a4a8-f5ab79c77345" CHANGEID="80598460" NUMBER="2" APARTTYPE="2" OPERTYPEID="10" PREVID="0" NEXTID="112041954" UPDATEDATE="2025-10-31" STARTDATE="2017-03-13" ENDDATE="2025-10-31" ISACTUAL="0" ISACTIVE="0" /><APARTMENT ID="112043756" OBJECTID="175627686" OBJECTGUID="7d8eb454-9f40-4425-aee1-e0e9c04436cc" CHANGEID="691513080" NUMBER="3" APARTTYPE="2" OPERTYPEID="10" PREVID="0" NEXTID="0" UPDATEDATE="2025-10-31" STARTDATE="2025-10-31" ENDDATE="2079-06-06" ISACTUAL="1" ISACTIVE="1" /><APARTMENT ID="112043735" OBJECTID="175627504" OBJECTGUID="a158d54b-6f2d-47b8-8506-0b662b7dcabb" CHANGEID="691512739" NUMBER="2" APARTTYPE="2" OPERTYPEID="10" PREVID="0" NEXTID="0" UPDATEDATE="2025-10-31" STARTDATE="2025-10-31" ENDDATE="2079-06-06" ISACTUAL="1" ISACTIVE="1" /><APARTMENT ID="112044235" OBJECTID="175629219" OBJECTGUID="cc43c8ef-eab6-4df0-8db4-f28b260006c2" CHANGEID="691515533" NUMBER="4" APARTTYPE="2" OPERTYPEID="10" PREVID="0" NEXTID="0" UPDATEDATE="2025-10-31" STARTDATE="2025-10-31" ENDDATE="2079-06-06" ISACTUAL="1" ISACTIVE="1" /><APARTMENT ID="112044281" OBJECTID="175629267" OBJECTGUID="7679db79-a190-4cf8-9187-3442365a1935" CHANGEID="691515634" NUMBER="4" APARTTYPE="2" OPERTYPEID="10" PREVID="0" NEXTID="0" UPDATEDATE="2025-10-31" STARTDATE="2025-10-31" ENDDATE="2079-06-06" ISACTUAL="1" ISACTIVE="1" /><APARTMENT ID="112044294" OBJECTID="175629323" OBJECTGUID="cb2c497d-2e5a-4922-a181-efd3ac6268c3" CHANGEID="691515697" NUMBER="1" APARTTYPE="2" OPERTYPEID="10" PREVID="0" NEXTID="0" UPDATEDATE="2025-10-31" STARTDATE="2025-10-31" ENDDATE="2079-06-06" ISACTUAL="1" ISACTIVE="1" /><APARTMENT ID="112044271" OBJECTID="175629253" OBJECTGUID="7aac77c8-e675-4336-8ba7-521f8b46d78b" CHANGEID="691515600" NUMBER="3" APARTTYPE="2" OPERTYPEID="10" PREVID="0" NEXTID="0" UPDATEDATE="2025-10-31" STARTDATE="2025-10-31" ENDDATE="2079-06-06" ISACTUAL="1" ISACTIVE="1" /><APARTMENT ID="112044309" OBJECTID="175629352" OBJECTGUID="7341965c-5882-4e82-8ef0-f4d3538ba4df" CHANGEID="691515736" NUMBER="2" APARTTYPE="2" OPERTYPEID="10" PREVID="0" NEXTID="0" UPDATEDATE="2025-10-31" STARTDATE="2025-10-31" ENDDATE="2079-06-06" ISACTUAL="1" ISACTIVE="1" /><APARTMENT ID="112044324" OBJECTID="175629381" OBJECTGUID="e0da0e7f-7b7a-4cf7-965c-0be9b8e8f069" CHANGEID="691515774" NUMBER="3" APARTTYPE="2" OPERTYPEID="10" PREVID="0" NEXTID="0" UPDATEDATE="2025-10-31" STARTDATE="2025-10-31" ENDDATE="2079-06-06" ISACTUAL="1" ISACTIVE="1" /><APARTMENT ID="112044336" OBJECTID="66399276" OBJECTGUID="1668267a-e24e-4557-b6ca-d4eb254a1e8c" CHANGEID="691515901" NUMBER="5" APARTTYPE="2" OPERTYPEID="30" PREVID="39581820" NEXTID="0" UPDATEDATE="2025-10-31" STARTDATE="2025-10-31" ENDDATE="2079-06-06" ISACTUAL="1" ISACTIVE="0" /><APARTMENT ID="39581820" OBJECTID="66399276" OBJECTGUID="1668267a-e24e-4557-b6ca-d4eb254a1e8c" CHANGEID="99030027" NUMBER="5" APARTTYPE="2" OPERTYPEID="10" PREVID="0" NEXTID="112044336" UPDATEDATE="2025-10-31" STARTDATE="2018-08-29" ENDDATE="2025-10-31" ISACTUAL="0" ISACTIVE="0" /><APARTMENT ID="112044337" OBJECTID="66399485" OBJECTGUID="26a32ebd-d9de-41f5-8fa2-05daa55e9432" CHANGEID="691515902" NUMBER="8" APARTTYPE="2" OPERTYPEID="30" PREVID="39581966" NEXTID="0" UPDATEDATE="2025-10-31" STARTDATE="2025-10-31" ENDDATE="2079-06-06" ISACTUAL="1" ISACTIVE="0" /><APARTMENT ID="39581966" OBJECTID="66399485" OBJECTGUID="26a32ebd-d9de-41f5-8fa2-05daa55e9432" CHANGEID="99030330" NUMBER="8" APARTTYPE="2" OPERTYPEID="10" PREVID="0" NEXTID="112044337" UPDATEDATE="2025-10-31" STARTDATE="2018-08-29" ENDDATE="2025-10-31" ISACTUAL="0" ISACTIVE="0" /><APARTMENT ID="112044338" OBJECTID="66399499" OBJECTGUID="278930cf-6c70-4e0d-9b74-cfcdb2c43082" CHANGEID="691515903" NUMBER="7" APARTTYPE="2" OPERTYPEID="30" PREVID="39581977" NEXTID="0" UPDATEDATE="2025-10-31" STARTDATE="2025-10-31" ENDDATE="2079-06-06" ISACTUAL="1" ISACTIVE="0" /><APARTMENT ID="39581977" OBJECTID="66399499" OBJECTGUID="278930cf-6c70-4e0d-9b74-cfcdb2c43082" CHANGEID="99030350" NUMBER="7" APARTTYPE="2" OPERTYPEID="10" PREVID="0" NEXTID="112044338" UPDATEDATE="2025-10-31" STARTDATE="2018-08-29" ENDDATE="2025-10-31" ISACTUAL="0" ISACTIVE="0" /><APARTMENT ID="112044339" OBJECTID="66399920" OBJECTGUID="38384a54-dac5-40ca-8b4d-5f77b7903949" CHANGEID="691515904" NUMBER="9" APARTTYPE="2" OPERTYPEID="30" PREVID="39582257" NEXTID="0" UPDATEDATE="2025-10-31" STARTDATE="2025-10-31" ENDDATE="2079-06-06" ISACTUAL="1" ISACTIVE="0" /><APARTMENT ID="39582257" OBJECTID="66399920" OBJECTGUID="38384a54-dac5-40ca-8b4d-5f77b7903949" CHANGEID="99030893" NUMBER="9" APARTTYPE="2" OPERTYPEID="10" PREVID="0" NEXTID="112044339" UPDATEDATE="2025-10-31" STARTDATE="2018-08-29" ENDDATE="2025-10-31" ISACTUAL="0" ISACTIVE="0" /><APARTMENT ID="112044340" OBJECTID="66399933" OBJECTGUID="6aaf8431-ffd7-456f-9a8e-053c4de75fe7" CHANGEID="691515905" NUMBER="2" APARTTYPE="2" OPERTYPEID="30" PREVID="39582261" NEXTID="0" UPDATEDATE="2025-10-31" STARTDATE="2025-10-31" ENDDATE="2079-06-06" ISACTUAL="1" ISACTIVE="0" /><APARTMENT ID="39582261" OBJECTID="66399933" OBJECTGUID="6aaf8431-ffd7-456f-9a8e-053c4de75fe7" CHANGEID="99030914" NUMBER="2" APARTTYPE="2" OPERTYPEID="10" PREVID="0" NEXTID="112044340" UPDATEDATE="2025-10-31" STARTDATE="2018-08-29" ENDDATE="2025-10-31" ISACTUAL="0" ISACTIVE="0" /><APARTMENT ID="112044341" OBJECTID="66399936" OBJECTGUID="6e34b4de-1fa5-423e-933c-a5e08ea8da48" CHANGEID="691515906" NUMBER="4" APARTTYPE="2" OPERTYPEID="30" PREVID="39582263" NEXTID="0" UPDATEDATE="2025-10-31" STARTDATE="2025-10-31" ENDDATE="2079-06-06" ISACTUAL="1" ISACTIVE="0" /><APARTMENT ID="39582263" OBJECTID="66399936" OBJECTGUID="6e34b4de-1fa5-423e-933c-a5e08ea8da48" CHANGEID="99030925" NUMBER="4" APARTTYPE="2" OPERTYPEID="10" PREVID="0" NEXTID="112044341" UPDATEDATE="2025-10-31" STARTDATE="2018-08-29" ENDDATE="2025-10-31" ISACTUAL="0" ISACTIVE="0" /><APARTMENT ID="112044342" OBJECTID="66399940" OBJECTGUID="70aa44ad-a05f-4dcf-952e-34ac0bdd234f" CHANGEID="691515907" NUMBER="6" APARTTYPE="2" OPERTYPEID="30" PREVID="39582264" NEXTID="0" UPDATEDATE="2025-10-31" STARTDATE="2025-10-31" ENDDATE="2079-06-06" ISACTUAL="1" ISACTIVE="0" /><APARTMENT ID="39582264" OBJECTID="66399940" OBJECTGUID="70aa44ad-a05f-4dcf-952e-34ac0bdd234f" CHANGEID="99030934" NUMBER="6" APARTTYPE="2" OPERTYPEID="10" PREVID="0" NEXTID="112044342" UPDATEDATE="2025-10-31" STARTDATE="2018-08-29" ENDDATE="2025-10-31" ISACTUAL="0" ISACTIVE="0" /><APARTMENT ID="112044343" OBJECTID="66399944" OBJECTGUID="96e8b6f5-1ae5-45bf-bc5c-ad8dde57f847" CHANGEID="691515908" NUMBER="1" APARTTYPE="2" OPERTYPEID="30" PREVID="39582268" NEXTID="0" UPDATEDATE="2025-10-31" STARTDATE="2025-10-31" ENDDATE="2079-06-06" ISACTUAL="1" ISACTIVE="0" /><APARTMENT ID="39582268" OBJECTID="66399944" OBJECTGUID="96e8b6f5-1ae5-45bf-bc5c-ad8dde57f847" CHANGEID="99030938" NUMBER="1" APARTTYPE="2" OPERTYPEID="10" PREVID="0" NEXTID="112044343" UPDATEDATE="2025-10-31" STARTDATE="2018-08-29" ENDDATE="2025-10-31" ISACTUAL="0" ISACTIVE="0" /><APARTMENT ID="112044344" OBJECTID="66399947" OBJECTGUID="e8b40631-d3b5-4098-bfff-0b2231297d12" CHANGEID="691515909" NUMBER="10" APARTTYPE="2" OPERTYPEID="30" PREVID="39582270" NEXTID="0" UPDATEDATE="2025-10-31" STARTDATE="2025-10-31" ENDDATE="2079-06-06" ISACTUAL="1" ISACTIVE="0" /><APARTMENT ID="39582270" OBJECTID="66399947" OBJECTGUID="e8b40631-d3b5-4098-bfff-0b2231297d12" CHANGEID="99030943" NUMBER="10" APARTTYPE="2" OPERTYPEID="10" PREVID="0" NEXTID="112044344" UPDATEDATE="2025-10-31" STARTDATE="2018-08-29" ENDDATE="2025-10-31" ISACTUAL="0" ISACTIVE="0" /><APARTMENT ID="112044345" OBJECTID="66399952" OBJECTGUID="ed4648c9-5636-4340-aa33-dc725366cd29" CHANGEID="691515910" NUMBER="3" APARTTYPE="2" OPERTYPEID="30" PREVID="39582273" NEXTID="0" UPDATEDATE="2025-10-31" STARTDATE="2025-10-31" ENDDATE="2079-06-06" ISACTUAL="1" ISACTIVE="0" /><APARTMENT ID="39582273" OBJECTID="66399952" OBJECTGUID="ed4648c9-5636-4340-aa33-dc725366cd29" CHANGEID="99030951" NUMBER="3" APARTTYPE="2" OPERTYPEID="10" PREVID="0" NEXTID="112044345" UPDATEDATE="2025-10-31" STARTDATE="2018-08-29" ENDDATE="2025-10-31" ISACTUAL="0" ISACTIVE="0" /><APARTMENT ID="112044774" OBJECTID="175630835" OBJECTGUID="eff10422-b1b6-463a-9c8b-d31280a6ca1b" CHANGEID="691517777" NUMBER="1" APARTTYPE="2" OPERTYPEID="10" PREVID="0" NEXTID="0" UPDATEDATE="2025-10-31" STARTDATE="2025-10-31" ENDDATE="2079-06-06" ISACTUAL="1" ISACTIVE="1" /><APARTMENT ID="112045069" OBJECTID="175631041" OBJECTGUID="8f4a7661-4b55-4807-b23b-050b62ec695b" CHANGEID="691518284" NUMBER="2" APARTTYPE="2" OPERTYPEID="10" PREVID="0" NEXTID="0" UPDATEDATE="2025-10-31" STARTDATE="2025-10-31" ENDDATE="2079-06-06" ISACTUAL="1" ISACTIVE="1" /><APARTMENT ID="112045102" OBJECTID="175631135" OBJECTGUID="7465a284-024b-4c2f-b426-776ed8c20544" CHANGEID="691518418" NUMBER="3" APARTTYPE="2" OPERTYPEID="10" PREVID="0" NEXTID="0" UPDATEDATE="2025-10-31" STARTDATE="2025-10-31" ENDDATE="2079-06-06" ISACTUAL="1" ISACTIVE="1" /><APARTMENT ID="112045071" OBJECTID="175631061" OBJECTGUID="99441d6a-5098-4735-939d-0bfdbe44be16" CHANGEID="691518309" NUMBER="3" APARTTYPE="2" OPERTYPEID="10" PREVID="0" NEXTID="0" UPDATEDATE="2025-10-31" STARTDATE="2025-10-31" ENDDATE="2079-06-06" ISACTUAL="1" ISACTIVE="1" /><APARTMENT ID="112045086" OBJECTID="175631093" OBJECTGUID="d9ecce3c-0450-4357-b1de-622d181345e8" CHANGEID="691518352" NUMBER="1" APARTTYPE="2" OPERTYPEID="10" PREVID="0" NEXTID="0" UPDATEDATE="2025-10-31" STARTDATE="2025-10-31" ENDDATE="2079-06-06" ISACTUAL="1" ISACTIVE="1" /><APARTMENT ID="112045099" OBJECTID="175631129" OBJECTGUID="29dd6f14-4a99-47c0-a0ac-33108a7065b7" CHANGEID="691518408" NUMBER="2" APARTTYPE="2" OPERTYPEID="10" PREVID="0" NEXTID="0" UPDATEDATE="2025-10-31" STARTDATE="2025-10-31" ENDDATE="2079-06-06" ISACTUAL="1" ISACTIVE="1" /><APARTMENT ID="112045522" OBJECTID="175632014" OBJECTGUID="b5d2a209-a429-43d6-9875-17b38e5930f7" CHANGEID="691519740" NUMBER="3" APARTTYPE="2" OPERTYPEID="10" PREVID="0" NEXTID="0" UPDATEDATE="2025-10-31" STARTDATE="2025-10-31" ENDDATE="2079-06-06" ISACTUAL="1" ISACTIVE="1" /><APARTMENT ID="112045511" OBJECTID="175631942" OBJECTGUID="e943265e-acb6-4fb0-a3b0-0a7efc72f115" CHANGEID="691519640" NUMBER="1" APARTTYPE="2" OPERTYPEID="10" PREVID="0" NEXTID="0" UPDATEDATE="2025-10-31" STARTDATE="2025-10-31" ENDDATE="2079-06-06" ISACTUAL="1" ISACTIVE="1" /><APARTMENT ID="112045521" OBJECTID="175631987" OBJECTGUID="970dd256-d319-4ebe-8b4c-b19198bc42f8" CHANGEID="691519700" NUMBER="2" APARTTYPE="2" OPERTYPEID="10" PREVID="0" NEXTID="0" UPDATEDATE="2025-10-31" STARTDATE="2025-10-31" ENDDATE="2079-06-06" ISACTUAL="1" ISACTIVE="1" /><APARTMENT ID="112045579" OBJECTID="175632184" OBJECTGUID="a31cc59b-562b-49fe-9cbd-ef613f19b4f2" CHANGEID="691520039" NUMBER="2" APARTTYPE="2" OPERTYPEID="10" PREVID="0" NEXTID="0" UPDATEDATE="2025-10-31" STARTDATE="2025-10-31" ENDDATE="2079-06-06" ISACTUAL="1" ISACTIVE="1" /><APARTMENT ID="112045590" OBJECTID="175632218" OBJECTGUID="9949e8ce-01fc-4572-9476-f9da299ca6d5" CHANGEID="691520086" NUMBER="1" APARTTYPE="2" OPERTYPEID="10" PREVID="0" NEXTID="0" UPDATEDATE="2025-10-31" STARTDATE="2025-10-31" ENDDATE="2079-06-06" ISACTUAL="1" ISACTIVE="1" /><APARTMENT ID="112045568" OBJECTID="175632150" OBJECTGUID="c6ed4ff0-39b4-422c-a70d-80544f8fe230" CHANGEID="691520000" NUMBER="1" APARTTYPE="2" OPERTYPEID="10" PREVID="0" NEXTID="0" UPDATEDATE="2025-10-31" STARTDATE="2025-10-31" ENDDATE="2079-06-06" ISACTUAL="1" ISACTIVE="1" /><APARTMENT ID="112045672" OBJECTID="175632460" OBJECTGUID="290629e2-b966-469a-94cd-ea47ef797a72" CHANGEID="691520465" NUMBER="2" APARTTYPE="2" OPERTYPEID="10" PREVID="0" NEXTID="0" UPDATEDATE="2025-10-31" STARTDATE="2025-10-31" ENDDATE="2079-06-06" ISACTUAL="1" ISACTIVE="1" /><APARTMENT ID="112045708" OBJECTID="175632540" OBJECTGUID="bc0c12e7-bfae-49b6-9720-f5b8a6009545" CHANGEID="691520557" NUMBER="1" APARTTYPE="2" OPERTYPEID="10" PREVID="0" NEXTID="0" UPDATEDATE="2025-10-31" STARTDATE="2025-10-31" ENDDATE="2079-06-06" ISACTUAL="1" ISACTIVE="1" /><APARTMENT ID="112045669" OBJECTID="175632433" OBJECTGUID="d87f413e-91e6-4fe2-88ef-594b9bc4199e" CHANGEID="691520425" NUMBER="2" APARTTYPE="2" OPERTYPEID="10" PREVID="0" NEXTID="0" UPDATEDATE="2025-10-31" STARTDATE="2025-10-31" ENDDATE="2079-06-06" ISACTUAL="1" ISACTIVE="1" /><APARTMENT ID="112045709" OBJECTID="175632574" OBJECTGUID="56d1a079-9284-45f4-9cec-378111866bba" CHANGEID="691520687" NUMBER="2" APARTTYPE="2" OPERTYPEID="10" PREVID="0" NEXTID="0" UPDATEDATE="2025-10-31" STARTDATE="2025-10-31" ENDDATE="2079-06-06" ISACTUAL="1" ISACTIVE="1" /><APARTMENT ID="112045711" OBJECTID="175632607" OBJECTGUID="d66a1284-502e-4b11-ad8a-df06f0aaae20" CHANGEID="691520731" NUMBER="1" APARTTYPE="2" OPERTYPEID="10" PREVID="0" NEXTID="0" UPDATEDATE="2025-10-31" STARTDATE="2025-10-31" ENDDATE="2079-06-06" ISACTUAL="1" ISACTIVE="1" /><APARTMENT ID="112045722" OBJECTID="175632695" OBJECTGUID="94ffa1bf-c911-4211-8dac-2a553e04cb98" CHANGEID="691520960" NUMBER="3" APARTTYPE="2" OPERTYPEID="10" PREVID="0" NEXTID="0" UPDATEDATE="2025-10-31" STARTDATE="2025-10-31" ENDDATE="2079-06-06" ISACTUAL="1" ISACTIVE="1" /><APARTMENT ID="112045725" OBJECTID="175632706" OBJECTGUID="a067c122-34b3-4a34-a003-bcc42ded5b6b" CHANGEID="691520979" NUMBER="1" APARTTYPE="2" OPERTYPEID="10" PREVID="0" NEXTID="0" UPDATEDATE="2025-10-31" STARTDATE="2025-10-31" ENDDATE="2079-06-06" ISACTUAL="1" ISACTIVE="1" /><APARTMENT ID="112045728" OBJECTID="175632735" OBJECTGUID="d80a3a52-6df4-487b-b469-dccf7042d276" CHANGEID="691521016" NUMBER="3" APARTTYPE="2" OPERTYPEID="10" PREVID="0" NEXTID="0" UPDATEDATE="2025-10-31" STARTDATE="2025-10-31" ENDDATE="2079-06-06" ISACTUAL="1" ISACTIVE="1" /><APARTMENT ID="112045715" OBJECTID="175632636" OBJECTGUID="e25e1dd4-daeb-4f06-8cc0-9e6474f33eb3" CHANGEID="691520774" NUMBER="2" APARTTYPE="2" OPERTYPEID="10" PREVID="0" NEXTID="0" UPDATEDATE="2025-10-31" STARTDATE="2025-10-31" ENDDATE="2079-06-06" ISACTUAL="1" ISACTIVE="1" /><APARTMENT ID="112045719" OBJECTID="175632671" OBJECTGUID="b4c1d26e-b3f9-446c-8a13-8065e30e60cd" CHANGEID="691520923" NUMBER="2" APARTTYPE="2" OPERTYPEID="10" PREVID="0" NEXTID="0" UPDATEDATE="2025-10-31" STARTDATE="2025-10-31" ENDDATE="2079-06-06" ISACTUAL="1" ISACTIVE="1" /><APARTMENT ID="112045726" OBJECTID="175632716" OBJECTGUID="34a30d9b-5f54-4efc-981a-062af8b6c73d" CHANGEID="691520990" NUMBER="2" APARTTYPE="2" OPERTYPEID="10" PREVID="0" NEXTID="0" UPDATEDATE="2025-10-31" STARTDATE="2025-10-31" ENDDATE="2079-06-06" ISACTUAL="1" ISACTIVE="1" /><APARTMENT ID="112046889" OBJECTID="175634382" OBJECTGUID="150be108-43ab-4141-979d-bf4591678838" CHANGEID="691523281" NUMBER="1" APARTTYPE="2" OPERTYPEID="10" PREVID="0" NEXTID="0" UPDATEDATE="2025-10-31" STARTDATE="2025-10-31" ENDDATE="2079-06-06" ISACTUAL="1" ISACTIVE="1" /><APARTMENT ID="112046974" OBJECTID="175634764" OBJECTGUID="6a5035c1-dc01-43f4-afc6-b49494a0475c" CHANGEID="691523972" NUMBER="2" APARTTYPE="2" OPERTYPEID="10" PREVID="0" NEXTID="0" UPDATEDATE="2025-10-31" STARTDATE="2025-10-31" ENDDATE="2079-06-06" ISACTUAL="1" ISACTIVE="1" /><APARTMENT ID="112046977" OBJECTID="175634782" OBJECTGUID="8d8a23cf-e402-4471-907a-8a502a1acc42" CHANGEID="691523996" NUMBER="3" APARTTYPE="2" OPERTYPEID="10" PREVID="0" NEXTID="0" UPDATEDATE="2025-10-31" STARTDATE="2025-10-31" ENDDATE="2079-06-06" ISACTUAL="1" ISACTIVE="1" /><APARTMENT ID="112046981" OBJECTID="175634826" OBJECTGUID="eb66dc64-efda-438c-9c5c-20999251f3ef" CHANGEID="691524093" NUMBER="1" APARTTYPE="2" OPERTYPEID="10" PREVID="0" NEXTID="0" UPDATEDATE="2025-10-31" STARTDATE="2025-10-31" ENDDATE="2079-06-06" ISACTUAL="1" ISACTIVE="1" /><APARTMENT ID="112046986" OBJECTID="175634840" OBJECTGUID="6e523d08-1828-489b-8c73-b11aca2927e2" CHANGEID="691524120" NUMBER="3" APARTTYPE="2" OPERTYPEID="10" PREVID="0" NEXTID="0" UPDATEDATE="2025-10-31" STARTDATE="2025-10-31" ENDDATE="2079-06-06" ISACTUAL="1" ISACTIVE="1" /><APARTMENT ID="112046992" OBJECTID="175634866" OBJECTGUID="83a90a65-3c22-4ce1-9e15-2199926dd82c" CHANGEID="691524173" NUMBER="1" APARTTYPE="2" OPERTYPEID="10" PREVID="0" NEXTID="0" UPDATEDATE="2025-10-31" STARTDATE="2025-10-31" ENDDATE="2079-06-06" ISACTUAL="1" ISACTIVE="1" /><APARTMENT ID="112046997" OBJECTID="175634891" OBJECTGUID="3a3650c7-cdaa-473a-8c02-a24d13ddbc59" CHANGEID="691524241" NUMBER="3" APARTTYPE="2" OPERTYPEID="10" PREVID="0" NEXTID="0" UPDATEDATE="2025-10-31" STARTDATE="2025-10-31" ENDDATE="2079-06-06" ISACTUAL="1" ISACTIVE="1" /><APARTMENT ID="112047008" OBJECTID="175634958" OBJECTGUID="5953fa27-3466-467e-b503-43bf0e898b09" CHANGEID="691524374" NUMBER="1" APARTTYPE="2" OPERTYPEID="10" PREVID="0" NEXTID="0" UPDATEDATE="2025-10-31" STARTDATE="2025-10-31" ENDDATE="2079-06-06" ISACTUAL="1" ISACTIVE="1" /><APARTMENT ID="112047011" OBJECTID="175634968" OBJECTGUID="6cee5e19-56fa-4279-8e74-61e5e8d20275" CHANGEID="691524394" NUMBER="2" APARTTYPE="2" OPERTYPEID="10" PREVID="0" NEXTID="0" UPDATEDATE="2025-10-31" STARTDATE="2025-10-31" ENDDATE="2079-06-06" ISACTUAL="1" ISACTIVE="1" /><APARTMENT ID="112048393" OBJECTID="175640079" OBJECTGUID="f09fd0cc-8ddd-405e-927c-fd4a79653b27" CHANGEID="691532782" NUMBER="162/164" APARTTYPE="2" OPERTYPEID="10" PREVID="0" NEXTID="0" UPDATEDATE="2025-10-31" STARTDATE="2025-10-31" ENDDATE="2079-06-06" ISACTUAL="1" ISACTIVE="1" /><APARTMENT ID="112048915" OBJECTID="175641319" OBJECTGUID="91e6042b-b743-4b06-87b8-088863a3de77" CHANGEID="691534280" NUMBER="18" APARTTYPE="2" OPERTYPEID="10" PREVID="0" NEXTID="0" UPDATEDATE="2025-10-31" STARTDATE="2025-10-31" ENDDATE="2079-06-06" ISACTUAL="1" ISACTIVE="1" /><APARTMENT ID="112048916" OBJECTID="175641320" OBJECTGUID="7a4c697e-a325-4f55-88c2-907ada572a66" CHANGEID="691534281" NUMBER="17" APARTTYPE="2" OPERTYPEID="10" PREVID="0" NEXTID="0" UPDATEDATE="2025-10-31" STARTDATE="2025-10-31" ENDDATE="2079-06-06" ISACTUAL="1" ISACTIVE="1" /><APARTMENT ID="112048917" OBJECTID="175641321" OBJECTGUID="d5cc12f4-6984-4a2e-9198-cb8ebbff32e3" CHANGEID="691534282" NUMBER="16" APARTTYPE="2" OPERTYPEID="10" PREVID="0" NEXTID="0" UPDATEDATE="2025-10-31" STARTDATE="2025-10-31" ENDDATE="2079-06-06" ISACTUAL="1" ISACTIVE="1" /><APARTMENT ID="112048918" OBJECTID="175641322" OBJECTGUID="80e34a0c-ff1d-44d7-90eb-675d3bdce52d" CHANGEID="691534283" NUMBER="15" APARTTYPE="2" OPERTYPEID="10" PREVID="0" NEXTID="0" UPDATEDATE="2025-10-31" STARTDATE="2025-10-31" ENDDATE="2079-06-06" ISACTUAL="1" ISACTIVE="1" /><APARTMENT ID="112048919" OBJECTID="175641323" OBJECTGUID="3ee42993-3cf1-462e-b956-6bfc3949cdeb" CHANGEID="691534284" NUMBER="14" APARTTYPE="2" OPERTYPEID="10" PREVID="0" NEXTID="0" UPDATEDATE="2025-10-31" STARTDATE="2025-10-31" ENDDATE="2079-06-06" ISACTUAL="1" ISACTIVE="1" /><APARTMENT ID="112048920" OBJECTID="175641324" OBJECTGUID="dd951310-4d95-468f-a781-fb6bccb7c674" CHANGEID="691534285" NUMBER="13" APARTTYPE="2" OPERTYPEID="10" PREVID="0" NEXTID="0" UPDATEDATE="2025-10-31" STARTDATE="2025-10-31" ENDDATE="2079-06-06" ISACTUAL="1" ISACTIVE="1" /><APARTMENT ID="112048921" OBJECTID="175641325" OBJECTGUID="dd6893c4-83af-43a3-a8b1-72c69bf8fb6c" CHANGEID="691534286" NUMBER="12" APARTTYPE="2" OPERTYPEID="10" PREVID="0" NEXTID="0" UPDATEDATE="2025-10-31" STARTDATE="2025-10-31" ENDDATE="2079-06-06" ISACTUAL="1" ISACTIVE="1" /><APARTMENT ID="112048922" OBJECTID="175641326" OBJECTGUID="1e7532c0-5e4e-48a1-9891-456ff4789b0d" CHANGEID="691534287" NUMBER="11" APARTTYPE="2" OPERTYPEID="10" PREVID="0" NEXTID="0" UPDATEDATE="2025-10-31" STARTDATE="2025-10-31" ENDDATE="2079-06-06" ISACTUAL="1" ISACTIVE="1" /><APARTMENT ID="112048923" OBJECTID="175641327" OBJECTGUID="da29d935-8638-4e66-b47d-8b4ef4b4c631" CHANGEID="691534288" NUMBER="10" APARTTYPE="2" OPERTYPEID="10" PREVID="0" NEXTID="0" UPDATEDATE="2025-10-31" STARTDATE="2025-10-31" ENDDATE="2079-06-06" ISACTUAL="1" ISACTIVE="1" /><APARTMENT ID="112048924" OBJECTID="175641328" OBJECTGUID="16fe93ad-6da4-4c9a-9ae3-899ed0c8ed51" CHANGEID="691534289" NUMBER="9" APARTTYPE="2" OPERTYPEID="10" PREVID="0" NEXTID="0" UPDATEDATE="2025-10-31" STARTDATE="2025-10-31" ENDDATE="2079-06-06" ISACTUAL="1" ISACTIVE="1" /><APARTMENT ID="112048925" OBJECTID="175641329" OBJECTGUID="19204e9d-1a15-4b00-86db-3116f1f37087" CHANGEID="691534290" NUMBER="8" APARTTYPE="2" OPERTYPEID="10" PREVID="0" NEXTID="0" UPDATEDATE="2025-10-31" STARTDATE="2025-10-31" ENDDATE="2079-06-06" ISACTUAL="1" ISACTIVE="1" /><APARTMENT ID="112048926" OBJECTID="175641330" OBJECTGUID="98b669ef-af3b-4e1b-85c1-d6005e74c5b7" CHANGEID="691534291" NUMBER="7" APARTTYPE="2" OPERTYPEID="10" PREVID="0" NEXTID="0" UPDATEDATE="2025-10-31" STARTDATE="2025-10-31" ENDDATE="2079-06-06" ISACTUAL="1" ISACTIVE="1" /><APARTMENT ID="112048927" OBJECTID="175641331" OBJECTGUID="c061aa74-9da2-4c2f-8fe9-33b1fa2a6412" CHANGEID="691534292" NUMBER="6" APARTTYPE="2" OPERTYPEID="10" PREVID="0" NEXTID="0" UPDATEDATE="2025-10-31" STARTDATE="2025-10-31" ENDDATE="2079-06-06" ISACTUAL="1" ISACTIVE="1" /><APARTMENT ID="112048928" OBJECTID="175641332" OBJECTGUID="56fc5384-39de-4cc8-a833-6fab76ee252e" CHANGEID="691534293" NUMBER="5" APARTTYPE="2" OPERTYPEID="10" PREVID="0" NEXTID="0" UPDATEDATE="2025-10-31" STARTDATE="2025-10-31" ENDDATE="2079-06-06" ISACTUAL="1" ISACTIVE="1" /><APARTMENT ID="112048929" OBJECTID="175641333" OBJECTGUID="0cd56ca8-a7be-49d5-97ef-bf275690452f" CHANGEID="691534294" NUMBER="4" APARTTYPE="2" OPERTYPEID="10" PREVID="0" NEXTID="0" UPDATEDATE="2025-10-31" STARTDATE="2025-10-31" ENDDATE="2079-06-06" ISACTUAL="1" ISACTIVE="1" /><APARTMENT ID="112048930" OBJECTID="175641334" OBJECTGUID="31c30249-413a-4069-ba16-2d5bde5ab2af" CHANGEID="691534295" NUMBER="3" APARTTYPE="2" OPERTYPEID="10" PREVID="0" NEXTID="0" UPDATEDATE="2025-10-31" STARTDATE="2025-10-31" ENDDATE="2079-06-06" ISACTUAL="1" ISACTIVE="1" /><APARTMENT ID="112048931" OBJECTID="175641335" OBJECTGUID="6e2266f0-e250-49ef-9286-78d6ea0075fb" CHANGEID="691534296" NUMBER="2" APARTTYPE="2" OPERTYPEID="10" PREVID="0" NEXTID="0" UPDATEDATE="2025-10-31" STARTDATE="2025-10-31" ENDDATE="2079-06-06" ISACTUAL="1" ISACTIVE="1" /><APARTMENT ID="112048932" OBJECTID="175641336" OBJECTGUID="a0493cd7-0fad-46fb-99d7-212e51b74e10" CHANGEID="691534297" NUMBER="1" APARTTYPE="2" OPERTYPEID="10" PREVID="0" NEXTID="0" UPDATEDATE="2025-10-31" STARTDATE="2025-10-31" ENDDATE="2079-06-06" ISACTUAL="1" ISACTIVE="1" /><APARTMENT ID="112049218" OBJECTID="175642317" OBJECTGUID="cb1eed44-6ea5-479f-bb91-8af0ce3425a1" CHANGEID="691535448" NUMBER="63" APARTTYPE="2" OPERTYPEID="10" PREVID="0" NEXTID="0" UPDATEDATE="2025-10-31" STARTDATE="2025-10-31" ENDDATE="2079-06-06" ISACTUAL="1" ISACTIVE="1" /><APARTMENT ID="112049219" OBJECTID="175642318" OBJECTGUID="f72cd9f1-74da-4c5f-a94a-fb43bf179fdc" CHANGEID="691535449" NUMBER="62" APARTTYPE="2" OPERTYPEID="10" PREVID="0" NEXTID="0" UPDATEDATE="2025-10-31" STARTDATE="2025-10-31" ENDDATE="2079-06-06" ISACTUAL="1" ISACTIVE="1" /><APARTMENT ID="112049220" OBJECTID="175642319" OBJECTGUID="81543c0f-bbbb-4ab7-8a3e-6380c1648cea" CHANGEID="691535450" NUMBER="61" APARTTYPE="2" OPERTYPEID="10" PREVID="0" NEXTID="0" UPDATEDATE="2025-10-31" STARTDATE="2025-10-31" ENDDATE="2079-06-06" ISACTUAL="1" ISACTIVE="1" /><APARTMENT ID="112049221" OBJECTID="175642320" OBJECTGUID="139aef60-b76a-4a33-a7ca-733186c459d8" CHANGEID="691535451" NUMBER="60" APARTTYPE="2" OPERTYPEID="10" PREVID="0" NEXTID="0" UPDATEDATE="2025-10-31" STARTDATE="2025-10-31" ENDDATE="2079-06-06" ISACTUAL="1" ISACTIVE="1" /><APARTMENT ID="112049222" OBJECTID="175642321" OBJECTGUID="574139b2-4b5d-44af-890a-21d24c126a81" CHANGEID="691535452" NUMBER="57" APARTTYPE="2" OPERTYPEID="10" PREVID="0" NEXTID="0" UPDATEDATE="2025-10-31" STARTDATE="2025-10-31" ENDDATE="2079-06-06" ISACTUAL="1" ISACTIVE="1" /><APARTMENT ID="112049223" OBJECTID="175642322" OBJECTGUID="25e6a6d6-6121-4022-976b-a87297799edc" CHANGEID="691535453" NUMBER="56" APARTTYPE="2" OPERTYPEID="10" PREVID="0" NEXTID="0" UPDATEDATE="2025-10-31" STARTDATE="2025-10-31" ENDDATE="2079-06-06" ISACTUAL="1" ISACTIVE="1" /><APARTMENT ID="112049224" OBJECTID="175642323" OBJECTGUID="c4043002-c2fb-42c0-9498-1dc52b19a29c" CHANGEID="691535454" NUMBER="55" APARTTYPE="2" OPERTYPEID="10" PREVID="0" NEXTID="0" UPDATEDATE="2025-10-31" STARTDATE="2025-10-31" ENDDATE="2079-06-06" ISACTUAL="1" ISACTIVE="1" /><APARTMENT ID="112049225" OBJECTID="175642324" OBJECTGUID="75f61d04-9939-4af4-b3d7-711c48f2527d" CHANGEID="691535455" NUMBER="54" APARTTYPE="2" OPERTYPEID="10" PREVID="0" NEXTID="0" UPDATEDATE="2025-10-31" STARTDATE="2025-10-31" ENDDATE="2079-06-06" ISACTUAL="1" ISACTIVE="1" /><APARTMENT ID="112049226" OBJECTID="175642325" OBJECTGUID="e6a55083-f3c2-4142-a384-70eb5d71732a" CHANGEID="691535456" NUMBER="53" APARTTYPE="2" OPERTYPEID="10" PREVID="0" NEXTID="0" UPDATEDATE="2025-10-31" STARTDATE="2025-10-31" ENDDATE="2079-06-06" ISACTUAL="1" ISACTIVE="1" /><APARTMENT ID="112049227" OBJECTID="175642326" OBJECTGUID="7a45da89-0fcb-4c5e-8229-ab1c91c65f8c" CHANGEID="691535457" NUMBER="52" APARTTYPE="2" OPERTYPEID="10" PREVID="0" NEXTID="0" UPDATEDATE="2025-10-31" STARTDATE="2025-10-31" ENDDATE="2079-06-06" ISACTUAL="1" ISACTIVE="1" /><APARTMENT ID="112049228" OBJECTID="175642327" OBJECTGUID="2499ec44-6f50-4509-8e22-171eb9763590" CHANGEID="691535458" NUMBER="51" APARTTYPE="2" OPERTYPEID="10" PREVID="0" NEXTID="0" UPDATEDATE="2025-10-31" STARTDATE="2025-10-31" ENDDATE="2079-06-06" ISACTUAL="1" ISACTIVE="1" /><APARTMENT ID="112049229" OBJECTID="175642328" OBJECTGUID="92faac91-1e97-44fd-9145-bcfa9f77ec33" CHANGEID="691535459" NUMBER="50" APARTTYPE="2" OPERTYPEID="10" PREVID="0" NEXTID="0" UPDATEDATE="2025-10-31" STARTDATE="2025-10-31" ENDDATE="2079-06-06" ISACTUAL="1" ISACTIVE="1" /><APARTMENT ID="112049230" OBJECTID="175642329" OBJECTGUID="64f7b50b-bcba-4feb-b2b2-303882040568" CHANGEID="691535460" NUMBER="49" APARTTYPE="2" OPERTYPEID="10" PREVID="0" NEXTID="0" UPDATEDATE="2025-10-31" STARTDATE="2025-10-31" ENDDATE="2079-06-06" ISACTUAL="1" ISACTIVE="1" /><APARTMENT ID="112049231" OBJECTID="175642330" OBJECTGUID="2711b915-bedf-4e6e-a3f0-2a43e7c6600c" CHANGEID="691535461" NUMBER="48" APARTTYPE="2" OPERTYPEID="10" PREVID="0" NEXTID="0" UPDATEDATE="2025-10-31" STARTDATE="2025-10-31" ENDDATE="2079-06-06" ISACTUAL="1" ISACTIVE="1" /><APARTMENT ID="112049232" OBJECTID="175642331" OBJECTGUID="5f9d7310-19b6-4544-9c77-e91de7768871" CHANGEID="691535462" NUMBER="47" APARTTYPE="2" OPERTYPEID="10" PREVID="0" NEXTID="0" UPDATEDATE="2025-10-31" STARTDATE="2025-10-31" ENDDATE="2079-06-06" ISACTUAL="1" ISACTIVE="1" /><APARTMENT ID="112049233" OBJECTID="175642332" OBJECTGUID="597a3a6d-8235-4ef2-8c30-8586c23ead2d" CHANGEID="691535463" NUMBER="46" APARTTYPE="2" OPERTYPEID="10" PREVID="0" NEXTID="0" UPDATEDATE="2025-10-31" STARTDATE="2025-10-31" ENDDATE="2079-06-06" ISACTUAL="1" ISACTIVE="1" /><APARTMENT ID="112049234" OBJECTID="175642333" OBJECTGUID="d934bd2d-250d-4c59-af52-f65b105c5221" CHANGEID="691535464" NUMBER="45" APARTTYPE="2" OPERTYPEID="10" PREVID="0" NEXTID="0" UPDATEDATE="2025-10-31" STARTDATE="2025-10-31" ENDDATE="2079-06-06" ISACTUAL="1" ISACTIVE="1" /><APARTMENT ID="112049235" OBJECTID="175642334" OBJECTGUID="d9f7d452-ac88-4155-be3f-a97c39733ad8" CHANGEID="691535465" NUMBER="44" APARTTYPE="2" OPERTYPEID="10" PREVID="0" NEXTID="0" UPDATEDATE="2025-10-31" STARTDATE="2025-10-31" ENDDATE="2079-06-06" ISACTUAL="1" ISACTIVE="1" /><APARTMENT ID="112049236" OBJECTID="175642335" OBJECTGUID="c2054748-9f7c-4d94-b00f-32aad0794fa7" CHANGEID="691535466" NUMBER="43" APARTTYPE="2" OPERTYPEID="10" PREVID="0" NEXTID="0" UPDATEDATE="2025-10-31" STARTDATE="2025-10-31" ENDDATE="2079-06-06" ISACTUAL="1" ISACTIVE="1" /><APARTMENT ID="112049237" OBJECTID="175642336" OBJECTGUID="0d3332e7-c7d2-47fa-afa9-7c5070d3fd59" CHANGEID="691535467" NUMBER="14" APARTTYPE="2" OPERTYPEID="10" PREVID="0" NEXTID="0" UPDATEDATE="2025-10-31" STARTDATE="2025-10-31" ENDDATE="2079-06-06" ISACTUAL="1" ISACTIVE="1" /><APARTMENT ID="112049238" OBJECTID="175642337" OBJECTGUID="3ac5d056-d435-45c0-b460-44330e936275" CHANGEID="691535468" NUMBER="13" APARTTYPE="2" OPERTYPEID="10" PREVID="0" NEXTID="0" UPDATEDATE="2025-10-31" STARTDATE="2025-10-31" ENDDATE="2079-06-06" ISACTUAL="1" ISACTIVE="1" /><APARTMENT ID="112049239" OBJECTID="175642338" OBJECTGUID="929a5ec1-4ab2-4c40-be42-51c437dab91a" CHANGEID="691535469" NUMBER="12" APARTTYPE="2" OPERTYPEID="10" PREVID="0" NEXTID="0" UPDATEDATE="2025-10-31" STARTDATE="2025-10-31" ENDDATE="2079-06-06" ISACTUAL="1" ISACTIVE="1" /><APARTMENT ID="112049240" OBJECTID="175642339" OBJECTGUID="68e5f1a3-072e-458e-b154-66332d26969a" CHANGEID="691535470" NUMBER="10" APARTTYPE="2" OPERTYPEID="10" PREVID="0" NEXTID="0" UPDATEDATE="2025-10-31" STARTDATE="2025-10-31" ENDDATE="2079-06-06" ISACTUAL="1" ISACTIVE="1" /><APARTMENT ID="112049241" OBJECTID="175642340" OBJECTGUID="3af51bd4-5cb8-4271-9438-4e278dc2f1fb" CHANGEID="691535471" NUMBER="9" APARTTYPE="2" OPERTYPEID="10" PREVID="0" NEXTID="0" UPDATEDATE="2025-10-31" STARTDATE="2025-10-31" ENDDATE="2079-06-06" ISACTUAL="1" ISACTIVE="1" /><APARTMENT ID="112049242" OBJECTID="175642341" OBJECTGUID="f1fc8c6e-f622-45c8-8d2a-38e50f313857" CHANGEID="691535472" NUMBER="8" APARTTYPE="2" OPERTYPEID="10" PREVID="0" NEXTID="0" UPDATEDATE="2025-10-31" STARTDATE="2025-10-31" ENDDATE="2079-06-06" ISACTUAL="1" ISACTIVE="1" /><APARTMENT ID="112049243" OBJECTID="175642342" OBJECTGUID="cd57718a-dabe-4f20-996f-01673775f035" CHANGEID="691535473" NUMBER="7" APARTTYPE="2" OPERTYPEID="10" PREVID="0" NEXTID="0" UPDATEDATE="2025-10-31" STARTDATE="2025-10-31" ENDDATE="2079-06-06" ISACTUAL="1" ISACTIVE="1" /><APARTMENT ID="112049244" OBJECTID="175642343" OBJECTGUID="b77bfc5e-f0e8-42fd-bb9e-517f2265eb95" CHANGEID="691535474" NUMBER="6" APARTTYPE="2" OPERTYPEID="10" PREVID="0" NEXTID="0" UPDATEDATE="2025-10-31" STARTDATE="2025-10-31" ENDDATE="2079-06-06" ISACTUAL="1" ISACTIVE="1" /><APARTMENT ID="112049245" OBJECTID="175642344" OBJECTGUID="3f8b8d59-e401-44ec-88e1-258623f23f34" CHANGEID="691535475" NUMBER="5" APARTTYPE="2" OPERTYPEID="10" PREVID="0" NEXTID="0" UPDATEDATE="2025-10-31" STARTDATE="2025-10-31" ENDDATE="2079-06-06" ISACTUAL="1" ISACTIVE="1" /><APARTMENT ID="112049246" OBJECTID="175642345" OBJECTGUID="ad494b97-bb2b-444f-8d2d-5cb87309b55e" CHANGEID="691535476" NUMBER="4" APARTTYPE="2" OPERTYPEID="10" PREVID="0" NEXTID="0" UPDATEDATE="2025-10-31" STARTDATE="2025-10-31" ENDDATE="2079-06-06" ISACTUAL="1" ISACTIVE="1" /><APARTMENT ID="112049247" OBJECTID="175642346" OBJECTGUID="29a65877-1b5b-4ef7-a7cf-367fec3fdb5d" CHANGEID="691535477" NUMBER="3" APARTTYPE="2" OPERTYPEID="10" PREVID="0" NEXTID="0" UPDATEDATE="2025-10-31" STARTDATE="2025-10-31" ENDDATE="2079-06-06" ISACTUAL="1" ISACTIVE="1" /><APARTMENT ID="112049248" OBJECTID="175642347" OBJECTGUID="3567445a-5991-4419-94a4-b0f6ce73605c" CHANGEID="691535478" NUMBER="2" APARTTYPE="2" OPERTYPEID="10" PREVID="0" NEXTID="0" UPDATEDATE="2025-10-31" STARTDATE="2025-10-31" ENDDATE="2079-06-06" ISACTUAL="1" ISACTIVE="1" /><APARTMENT ID="112049249" OBJECTID="175642348" OBJECTGUID="e3e9f47c-d688-454b-bab3-b140213efd69" CHANGEID="691535479" NUMBER="1" APARTTYPE="2" OPERTYPEID="10" PREVID="0" NEXTID="0" UPDATEDATE="2025-10-31" STARTDATE="2025-10-31" ENDDATE="2079-06-06" ISACTUAL="1" ISACTIVE="1" /><APARTMENT ID="112049250" OBJECTID="175642349" OBJECTGUID="7300299b-3202-489a-aa38-90c53c434e15" CHANGEID="691535480" NUMBER="42" APARTTYPE="2" OPERTYPEID="10" PREVID="0" NEXTID="0" UPDATEDATE="2025-10-31" STARTDATE="2025-10-31" ENDDATE="2079-06-06" ISACTUAL="1" ISACTIVE="1" /><APARTMENT ID="112049251" OBJECTID="175642350" OBJECTGUID="58088360-e56b-4546-8333-81c50625be16" CHANGEID="691535481" NUMBER="41" APARTTYPE="2" OPERTYPEID="10" PREVID="0" NEXTID="0" UPDATEDATE="2025-10-31" STARTDATE="2025-10-31" ENDDATE="2079-06-06" ISACTUAL="1" ISACTIVE="1" /><APARTMENT ID="112049252" OBJECTID="175642351" OBJECTGUID="a03791e4-1b44-46aa-8b8b-0d3d582937a4" CHANGEID="691535482" NUMBER="40" APARTTYPE="2" OPERTYPEID="10" PREVID="0" NEXTID="0" UPDATEDATE="2025-10-31" STARTDATE="2025-10-31" ENDDATE="2079-06-06" ISACTUAL="1" ISACTIVE="1" /><APARTMENT ID="112049253" OBJECTID="175642352" OBJECTGUID="adfe404b-b893-4ab5-8dce-5bfd90790a87" CHANGEID="691535483" NUMBER="39" APARTTYPE="2" OPERTYPEID="10" PREVID="0" NEXTID="0" UPDATEDATE="2025-10-31" STARTDATE="2025-10-31" ENDDATE="2079-06-06" ISACTUAL="1" ISACTIVE="1" /><APARTMENT ID="112049254" OBJECTID="175642353" OBJECTGUID="ddb53d83-d1a5-4412-8b05-e420ec0e28d5" CHANGEID="691535484" NUMBER="38" APARTTYPE="2" OPERTYPEID="10" PREVID="0" NEXTID="0" UPDATEDATE="2025-10-31" STARTDATE="2025-10-31" ENDDATE="2079-06-06" ISACTUAL="1" ISACTIVE="1" /><APARTMENT ID="112049255" OBJECTID="175642354" OBJECTGUID="bc3c5bab-63d0-4463-9101-4c8c59c3a9a1" CHANGEID="691535485" NUMBER="37" APARTTYPE="2" OPERTYPEID="10" PREVID="0" NEXTID="0" UPDATEDATE="2025-10-31" STARTDATE="2025-10-31" ENDDATE="2079-06-06" ISACTUAL="1" ISACTIVE="1" /><APARTMENT ID="112049256" OBJECTID="175642355" OBJECTGUID="de73c02c-c941-4d4d-b741-933e2ccc0264" CHANGEID="691535486" NUMBER="36" APARTTYPE="2" OPERTYPEID="10" PREVID="0" NEXTID="0" UPDATEDATE="2025-10-31" STARTDATE="2025-10-31" ENDDATE="2079-06-06" ISACTUAL="1" ISACTIVE="1" /><APARTMENT ID="112049257" OBJECTID="175642356" OBJECTGUID="2ebbd655-1eaa-4859-bd62-7d8be0e8534e" CHANGEID="691535487" NUMBER="35" APARTTYPE="2" OPERTYPEID="10" PREVID="0" NEXTID="0" UPDATEDATE="2025-10-31" STARTDATE="2025-10-31" ENDDATE="2079-06-06" ISACTUAL="1" ISACTIVE="1" /><APARTMENT ID="112049258" OBJECTID="175642357" OBJECTGUID="c9646854-83fc-4146-b244-aa583142dcb7" CHANGEID="691535488" NUMBER="34" APARTTYPE="2" OPERTYPEID="10" PREVID="0" NEXTID="0" UPDATEDATE="2025-10-31" STARTDATE="2025-10-31" ENDDATE="2079-06-06" ISACTUAL="1" ISACTIVE="1" /><APARTMENT ID="112049259" OBJECTID="175642358" OBJECTGUID="09bd49d6-862b-4f74-88c4-f0e7350b150a" CHANGEID="691535489" NUMBER="33" APARTTYPE="2" OPERTYPEID="10" PREVID="0" NEXTID="0" UPDATEDATE="2025-10-31" STARTDATE="2025-10-31" ENDDATE="2079-06-06" ISACTUAL="1" ISACTIVE="1" /><APARTMENT ID="112049260" OBJECTID="175642359" OBJECTGUID="0cd2290c-45c3-41dc-a720-57553607cd24" CHANGEID="691535490" NUMBER="32" APARTTYPE="2" OPERTYPEID="10" PREVID="0" NEXTID="0" UPDATEDATE="2025-10-31" STARTDATE="2025-10-31" ENDDATE="2079-06-06" ISACTUAL="1" ISACTIVE="1" /><APARTMENT ID="112049261" OBJECTID="175642360" OBJECTGUID="e643ca2d-a45b-44a2-adc7-2c9e5e097c11" CHANGEID="691535491" NUMBER="31" APARTTYPE="2" OPERTYPEID="10" PREVID="0" NEXTID="0" UPDATEDATE="2025-10-31" STARTDATE="2025-10-31" ENDDATE="2079-06-06" ISACTUAL="1" ISACTIVE="1" /><APARTMENT ID="112049262" OBJECTID="175642361" OBJECTGUID="4496d2dd-0a03-4d97-8e1d-98e847716dd8" CHANGEID="691535492" NUMBER="30" APARTTYPE="2" OPERTYPEID="10" PREVID="0" NEXTID="0" UPDATEDATE="2025-10-31" STARTDATE="2025-10-31" ENDDATE="2079-06-06" ISACTUAL="1" ISACTIVE="1" /><APARTMENT ID="112049263" OBJECTID="175642362" OBJECTGUID="22adc722-7166-422b-9c66-84aa3f8a0ee1" CHANGEID="691535493" NUMBER="29" APARTTYPE="2" OPERTYPEID="10" PREVID="0" NEXTID="0" UPDATEDATE="2025-10-31" STARTDATE="2025-10-31" ENDDATE="2079-06-06" ISACTUAL="1" ISACTIVE="1" /><APARTMENT ID="112049264" OBJECTID="175642363" OBJECTGUID="bc189a69-7f08-4cc5-bd4e-292a69cd783a" CHANGEID="691535494" NUMBER="28" APARTTYPE="2" OPERTYPEID="10" PREVID="0" NEXTID="0" UPDATEDATE="2025-10-31" STARTDATE="2025-10-31" ENDDATE="2079-06-06" ISACTUAL="1" ISACTIVE="1" /><APARTMENT ID="112049265" OBJECTID="175642364" OBJECTGUID="fca814d6-eeb7-45a1-8d5a-d298adbbea5a" CHANGEID="691535495" NUMBER="27" APARTTYPE="2" OPERTYPEID="10" PREVID="0" NEXTID="0" UPDATEDATE="2025-10-31" STARTDATE="2025-10-31" ENDDATE="2079-06-06" ISACTUAL="1" ISACTIVE="1" /><APARTMENT ID="112049266" OBJECTID="175642365" OBJECTGUID="725de806-c9c0-4f00-a9f1-ad43f95f42b9" CHANGEID="691535496" NUMBER="26" APARTTYPE="2" OPERTYPEID="10" PREVID="0" NEXTID="0" UPDATEDATE="2025-10-31" STARTDATE="2025-10-31" ENDDATE="2079-06-06" ISACTUAL="1" ISACTIVE="1" /><APARTMENT ID="112049267" OBJECTID="175642366" OBJECTGUID="d2025150-9f01-4c71-b7c8-705c9ea671d9" CHANGEID="691535497" NUMBER="25" APARTTYPE="2" OPERTYPEID="10" PREVID="0" NEXTID="0" UPDATEDATE="2025-10-31" STARTDATE="2025-10-31" ENDDATE="2079-06-06" ISACTUAL="1" ISACTIVE="1" /><APARTMENT ID="112049268" OBJECTID="175642367" OBJECTGUID="bcf3b6ac-c734-4e07-9a9a-1072aafc0b48" CHANGEID="691535498" NUMBER="24" APARTTYPE="2" OPERTYPEID="10" PREVID="0" NEXTID="0" UPDATEDATE="2025-10-31" STARTDATE="2025-10-31" ENDDATE="2079-06-06" ISACTUAL="1" ISACTIVE="1" /><APARTMENT ID="112049269" OBJECTID="175642368" OBJECTGUID="2349a6e1-dec8-42ca-be76-6d5c0368da16" CHANGEID="691535499" NUMBER="23" APARTTYPE="2" OPERTYPEID="10" PREVID="0" NEXTID="0" UPDATEDATE="2025-10-31" STARTDATE="2025-10-31" ENDDATE="2079-06-06" ISACTUAL="1" ISACTIVE="1" /><APARTMENT ID="112049270" OBJECTID="175642369" OBJECTGUID="961fa17a-3eb1-4590-ab31-d674edf11bcd" CHANGEID="691535500" NUMBER="22" APARTTYPE="2" OPERTYPEID="10" PREVID="0" NEXTID="0" UPDATEDATE="2025-10-31" STARTDATE="2025-10-31" ENDDATE="2079-06-06" ISACTUAL="1" ISACTIVE="1" /><APARTMENT ID="112049271" OBJECTID="175642370" OBJECTGUID="610b9de4-7a5d-46ac-a197-ef3d79d30e1e" CHANGEID="691535501" NUMBER="21" APARTTYPE="2" OPERTYPEID="10" PREVID="0" NEXTID="0" UPDATEDATE="2025-10-31" STARTDATE="2025-10-31" ENDDATE="2079-06-06" ISACTUAL="1" ISACTIVE="1" /><APARTMENT ID="112049272" OBJECTID="175642371" OBJECTGUID="3de0329b-40b7-47be-8321-efbf9296a035" CHANGEID="691535502" NUMBER="20" APARTTYPE="2" OPERTYPEID="10" PREVID="0" NEXTID="0" UPDATEDATE="2025-10-31" STARTDATE="2025-10-31" ENDDATE="2079-06-06" ISACTUAL="1" ISACTIVE="1" /><APARTMENT ID="112049273" OBJECTID="175642372" OBJECTGUID="72ff5542-b062-40be-b539-b6530b18ed63" CHANGEID="691535503" NUMBER="19" APARTTYPE="2" OPERTYPEID="10" PREVID="0" NEXTID="0" UPDATEDATE="2025-10-31" STARTDATE="2025-10-31" ENDDATE="2079-06-06" ISACTUAL="1" ISACTIVE="1" /><APARTMENT ID="112049274" OBJECTID="175642373" OBJECTGUID="891429e8-1c34-4e44-81c0-72a52c7ba5e7" CHANGEID="691535504" NUMBER="18" APARTTYPE="2" OPERTYPEID="10" PREVID="0" NEXTID="0" UPDATEDATE="2025-10-31" STARTDATE="2025-10-31" ENDDATE="2079-06-06" ISACTUAL="1" ISACTIVE="1" /><APARTMENT ID="112049275" OBJECTID="175642374" OBJECTGUID="99253acb-2342-4ecf-93f4-2add918c79b5" CHANGEID="691535505" NUMBER="17" APARTTYPE="2" OPERTYPEID="10" PREVID="0" NEXTID="0" UPDATEDATE="2025-10-31" STARTDATE="2025-10-31" ENDDATE="2079-06-06" ISACTUAL="1" ISACTIVE="1" /><APARTMENT ID="112049276" OBJECTID="175642375" OBJECTGUID="592eae79-f870-4f50-ac59-e9d237a6a5a9" CHANGEID="691535506" NUMBER="16" APARTTYPE="2" OPERTYPEID="10" PREVID="0" NEXTID="0" UPDATEDATE="2025-10-31" STARTDATE="2025-10-31" ENDDATE="2079-06-06" ISACTUAL="1" ISACTIVE="1" /><APARTMENT ID="112049277" OBJECTID="175642376" OBJECTGUID="c055cbc0-cfa9-46d5-a2e0-5297e1443eb3" CHANGEID="691535507" NUMBER="15" APARTTYPE="2" OPERTYPEID="10" PREVID="0" NEXTID="0" UPDATEDATE="2025-10-31" STARTDATE="2025-10-31" ENDDATE="2079-06-06" ISACTUAL="1" ISACTIVE="1" /><APARTMENT ID="112049302" OBJECTID="175642439" OBJECTGUID="bbbbfee0-224a-4b89-9615-04492ac6f761" CHANGEID="691535585" NUMBER="80" APARTTYPE="2" OPERTYPEID="10" PREVID="0" NEXTID="0" UPDATEDATE="2025-10-31" STARTDATE="2025-10-31" ENDDATE="2079-06-06" ISACTUAL="1" ISACTIVE="1" /><APARTMENT ID="112049303" OBJECTID="175642440" OBJECTGUID="bed8cdc8-162e-4355-b84a-cc91c87925a7" CHANGEID="691535586" NUMBER="79" APARTTYPE="2" OPERTYPEID="10" PREVID="0" NEXTID="0" UPDATEDATE="2025-10-31" STARTDATE="2025-10-31" ENDDATE="2079-06-06" ISACTUAL="1" ISACTIVE="1" /><APARTMENT ID="112049304" OBJECTID="175642441" OBJECTGUID="5efd252a-b548-4e20-ad03-27dd1e3029d9" CHANGEID="691535587" NUMBER="78" APARTTYPE="2" OPERTYPEID="10" PREVID="0" NEXTID="0" UPDATEDATE="2025-10-31" STARTDATE="2025-10-31" ENDDATE="2079-06-06" ISACTUAL="1" ISACTIVE="1" /><APARTMENT ID="112049305" OBJECTID="175642442" OBJECTGUID="254a6027-af55-4b7e-b364-d6e096b05677" CHANGEID="691535588" NUMBER="77" APARTTYPE="2" OPERTYPEID="10" PREVID="0" NEXTID="0" UPDATEDATE="2025-10-31" STARTDATE="2025-10-31" ENDDATE="2079-06-06" ISACTUAL="1" ISACTIVE="1" /><APARTMENT ID="112049306" OBJECTID="175642443" OBJECTGUID="75d139eb-f950-4b73-9b3b-c64cc29cfbeb" CHANGEID="691535589" NUMBER="76" APARTTYPE="2" OPERTYPEID="10" PREVID="0" NEXTID="0" UPDATEDATE="2025-10-31" STARTDATE="2025-10-31" ENDDATE="2079-06-06" ISACTUAL="1" ISACTIVE="1" /><APARTMENT ID="112049307" OBJECTID="175642444" OBJECTGUID="89574ae8-c30d-4482-a3a9-419952614298" CHANGEID="691535590" NUMBER="75" APARTTYPE="2" OPERTYPEID="10" PREVID="0" NEXTID="0" UPDATEDATE="2025-10-31" STARTDATE="2025-10-31" ENDDATE="2079-06-06" ISACTUAL="1" ISACTIVE="1" /><APARTMENT ID="112049308" OBJECTID="175642445" OBJECTGUID="7b14c01a-60b5-468f-81dd-31bf1d03ef72" CHANGEID="691535591" NUMBER="74" APARTTYPE="2" OPERTYPEID="10" PREVID="0" NEXTID="0" UPDATEDATE="2025-10-31" STARTDATE="2025-10-31" ENDDATE="2079-06-06" ISACTUAL="1" ISACTIVE="1" /><APARTMENT ID="112049309" OBJECTID="175642446" OBJECTGUID="3a313e05-8401-40b1-b7c2-ca6fa7e38d9a" CHANGEID="691535592" NUMBER="73" APARTTYPE="2" OPERTYPEID="10" PREVID="0" NEXTID="0" UPDATEDATE="2025-10-31" STARTDATE="2025-10-31" ENDDATE="2079-06-06" ISACTUAL="1" ISACTIVE="1" /><APARTMENT ID="112049310" OBJECTID="175642447" OBJECTGUID="9f0d9d37-ac7d-4fbf-b965-7e6148622faf" CHANGEID="691535593" NUMBER="72" APARTTYPE="2" OPERTYPEID="10" PREVID="0" NEXTID="0" UPDATEDATE="2025-10-31" STARTDATE="2025-10-31" ENDDATE="2079-06-06" ISACTUAL="1" ISACTIVE="1" /><APARTMENT ID="112049311" OBJECTID="175642448" OBJECTGUID="d492a5da-93bc-41fa-a155-bfd44165c504" CHANGEID="691535594" NUMBER="57" APARTTYPE="2" OPERTYPEID="10" PREVID="0" NEXTID="0" UPDATEDATE="2025-10-31" STARTDATE="2025-10-31" ENDDATE="2079-06-06" ISACTUAL="1" ISACTIVE="1" /><APARTMENT ID="112049312" OBJECTID="175642449" OBJECTGUID="9099876e-c3c2-40ae-bf93-bb8980e23d81" CHANGEID="691535595" NUMBER="56" APARTTYPE="2" OPERTYPEID="10" PREVID="0" NEXTID="0" UPDATEDATE="2025-10-31" STARTDATE="2025-10-31" ENDDATE="2079-06-06" ISACTUAL="1" ISACTIVE="1" /><APARTMENT ID="112049313" OBJECTID="175642450" OBJECTGUID="50678db6-0d68-4139-b177-a20672fcef85" CHANGEID="691535596" NUMBER="55" APARTTYPE="2" OPERTYPEID="10" PREVID="0" NEXTID="0" UPDATEDATE="2025-10-31" STARTDATE="2025-10-31" ENDDATE="2079-06-06" ISACTUAL="1" ISACTIVE="1" /><APARTMENT ID="112049314" OBJECTID="175642451" OBJECTGUID="94925c17-d809-4fd8-91a8-0f3f4ca8c162" CHANGEID="691535597" NUMBER="54" APARTTYPE="2" OPERTYPEID="10" PREVID="0" NEXTID="0" UPDATEDATE="2025-10-31" STARTDATE="2025-10-31" ENDDATE="2079-06-06" ISACTUAL="1" ISACTIVE="1" /><APARTMENT ID="112049315" OBJECTID="175642452" OBJECTGUID="b5d63947-3553-4c93-bfe9-123548bbfa23" CHANGEID="691535598" NUMBER="53" APARTTYPE="2" OPERTYPEID="10" PREVID="0" NEXTID="0" UPDATEDATE="2025-10-31" STARTDATE="2025-10-31" ENDDATE="2079-06-06" ISACTUAL="1" ISACTIVE="1" /><APARTMENT ID="112049316" OBJECTID="175642453" OBJECTGUID="8b6fe3b2-d9a8-414b-918c-e2875b01de6d" CHANGEID="691535599" NUMBER="52" APARTTYPE="2" OPERTYPEID="10" PREVID="0" NEXTID="0" UPDATEDATE="2025-10-31" STARTDATE="2025-10-31" ENDDATE="2079-06-06" ISACTUAL="1" ISACTIVE="1" /><APARTMENT ID="112049317" OBJECTID="175642454" OBJECTGUID="38a28367-80e4-4e0d-b57f-67414267723d" CHANGEID="691535600" NUMBER="51" APARTTYPE="2" OPERTYPEID="10" PREVID="0" NEXTID="0" UPDATEDATE="2025-10-31" STARTDATE="2025-10-31" ENDDATE="2079-06-06" ISACTUAL="1" ISACTIVE="1" /><APARTMENT ID="112049318" OBJECTID="175642455" OBJECTGUID="fd296bdd-9561-4160-96be-1acb4f1f71b9" CHANGEID="691535601" NUMBER="49" APARTTYPE="2" OPERTYPEID="10" PREVID="0" NEXTID="0" UPDATEDATE="2025-10-31" STARTDATE="2025-10-31" ENDDATE="2079-06-06" ISACTUAL="1" ISACTIVE="1" /><APARTMENT ID="112049319" OBJECTID="175642456" OBJECTGUID="1117491c-955e-4812-8c2e-23550def839e" CHANGEID="691535602" NUMBER="48" APARTTYPE="2" OPERTYPEID="10" PREVID="0" NEXTID="0" UPDATEDATE="2025-10-31" STARTDATE="2025-10-31" ENDDATE="2079-06-06" ISACTUAL="1" ISACTIVE="1" /><APARTMENT ID="112049320" OBJECTID="175642457" OBJECTGUID="c2953907-2151-48e5-8e1a-60847618aaa2" CHANGEID="691535603" NUMBER="47" APARTTYPE="2" OPERTYPEID="10" PREVID="0" NEXTID="0" UPDATEDATE="2025-10-31" STARTDATE="2025-10-31" ENDDATE="2079-06-06" ISACTUAL="1" ISACTIVE="1" /><APARTMENT ID="112049321" OBJECTID="175642458" OBJECTGUID="ee6e22dd-20d8-4510-bab7-d6cc0ebae7fa" CHANGEID="691535604" NUMBER="46" APARTTYPE="2" OPERTYPEID="10" PREVID="0" NEXTID="0" UPDATEDATE="2025-10-31" STARTDATE="2025-10-31" ENDDATE="2079-06-06" ISACTUAL="1" ISACTIVE="1" /><APARTMENT ID="112049322" OBJECTID="175642459" OBJECTGUID="c216ba9f-e205-45a2-9e23-2720405886c7" CHANGEID="691535605" NUMBER="4" APARTTYPE="2" OPERTYPEID="10" PREVID="0" NEXTID="0" UPDATEDATE="2025-10-31" STARTDATE="2025-10-31" ENDDATE="2079-06-06" ISACTUAL="1" ISACTIVE="1" /><APARTMENT ID="112049323" OBJECTID="175642460" OBJECTGUID="914529b4-b58b-43ea-abd9-965c94b45f33" CHANGEID="691535606" NUMBER="3" APARTTYPE="2" OPERTYPEID="10" PREVID="0" NEXTID="0" UPDATEDATE="2025-10-31" STARTDATE="2025-10-31" ENDDATE="2079-06-06" ISACTUAL="1" ISACTIVE="1" /><APARTMENT ID="112049324" OBJECTID="175642461" OBJECTGUID="b8bcdd9c-8e98-4cb2-9a70-d48abedba974" CHANGEID="691535607" NUMBER="2" APARTTYPE="2" OPERTYPEID="10" PREVID="0" NEXTID="0" UPDATEDATE="2025-10-31" STARTDATE="2025-10-31" ENDDATE="2079-06-06" ISACTUAL="1" ISACTIVE="1" /><APARTMENT ID="112049325" OBJECTID="175642462" OBJECTGUID="a81b8c95-02d0-4565-b5bb-9ac16c75e1af" CHANGEID="691535608" NUMBER="1" APARTTYPE="2" OPERTYPEID="10" PREVID="0" NEXTID="0" UPDATEDATE="2025-10-31" STARTDATE="2025-10-31" ENDDATE="2079-06-06" ISACTUAL="1" ISACTIVE="1" /><APARTMENT ID="112049326" OBJECTID="175642463" OBJECTGUID="a493fc84-35d2-4e50-92c9-4626710be85a" CHANGEID="691535609" NUMBER="70" APARTTYPE="2" OPERTYPEID="10" PREVID="0" NEXTID="0" UPDATEDATE="2025-10-31" STARTDATE="2025-10-31" ENDDATE="2079-06-06" ISACTUAL="1" ISACTIVE="1" /><APARTMENT ID="112049327" OBJECTID="175642464" OBJECTGUID="ac77edf5-4e87-4de2-838c-f65f8504563a" CHANGEID="691535610" NUMBER="69" APARTTYPE="2" OPERTYPEID="10" PREVID="0" NEXTID="0" UPDATEDATE="2025-10-31" STARTDATE="2025-10-31" ENDDATE="2079-06-06" ISACTUAL="1" ISACTIVE="1" /><APARTMENT ID="112049328" OBJECTID="175642465" OBJECTGUID="7b8f4ab6-1ee2-4fb6-8226-0bcece0a8010" CHANGEID="691535611" NUMBER="68" APARTTYPE="2" OPERTYPEID="10" PREVID="0" NEXTID="0" UPDATEDATE="2025-10-31" STARTDATE="2025-10-31" ENDDATE="2079-06-06" ISACTUAL="1" ISACTIVE="1" /><APARTMENT ID="112049329" OBJECTID="175642466" OBJECTGUID="11f67e4d-ec7e-4193-8f32-b1bb802141f3" CHANGEID="691535612" NUMBER="67" APARTTYPE="2" OPERTYPEID="10" PREVID="0" NEXTID="0" UPDATEDATE="2025-10-31" STARTDATE="2025-10-31" ENDDATE="2079-06-06" ISACTUAL="1" ISACTIVE="1" /><APARTMENT ID="112049330" OBJECTID="175642467" OBJECTGUID="4fc42d72-cc59-4e45-b609-d65997b73efe" CHANGEID="691535613" NUMBER="66" APARTTYPE="2" OPERTYPEID="10" PREVID="0" NEXTID="0" UPDATEDATE="2025-10-31" STARTDATE="2025-10-31" ENDDATE="2079-06-06" ISACTUAL="1" ISACTIVE="1" /><APARTMENT ID="112049331" OBJECTID="175642468" OBJECTGUID="481f2702-4f1c-454a-9616-af27a44a7420" CHANGEID="691535614" NUMBER="65" APARTTYPE="2" OPERTYPEID="10" PREVID="0" NEXTID="0" UPDATEDATE="2025-10-31" STARTDATE="2025-10-31" ENDDATE="2079-06-06" ISACTUAL="1" ISACTIVE="1" /><APARTMENT ID="112049332" OBJECTID="175642469" OBJECTGUID="91b6c60a-9f3e-4ad5-8ac9-f798697ec193" CHANGEID="691535615" NUMBER="64" APARTTYPE="2" OPERTYPEID="10" PREVID="0" NEXTID="0" UPDATEDATE="2025-10-31" STARTDATE="2025-10-31" ENDDATE="2079-06-06" ISACTUAL="1" ISACTIVE="1" /><APARTMENT ID="112049333" OBJECTID="175642470" OBJECTGUID="e3b516a9-141c-42bf-9033-ce1d7a0233a1" CHANGEID="691535616" NUMBER="62" APARTTYPE="2" OPERTYPEID="10" PREVID="0" NEXTID="0" UPDATEDATE="2025-10-31" STARTDATE="2025-10-31" ENDDATE="2079-06-06" ISACTUAL="1" ISACTIVE="1" /><APARTMENT ID="112049334" OBJECTID="175642471" OBJECTGUID="403453df-c82f-42e0-943a-bc5c2e1544c0" CHANGEID="691535617" NUMBER="60" APARTTYPE="2" OPERTYPEID="10" PREVID="0" NEXTID="0" UPDATEDATE="2025-10-31" STARTDATE="2025-10-31" ENDDATE="2079-06-06" ISACTUAL="1" ISACTIVE="1" /><APARTMENT ID="112049335" OBJECTID="175642472" OBJECTGUID="8b943375-ee62-4478-9b30-4a7015865fd7" CHANGEID="691535618" NUMBER="59" APARTTYPE="2" OPERTYPEID="10" PREVID="0" NEXTID="0" UPDATEDATE="2025-10-31" STARTDATE="2025-10-31" ENDDATE="2079-06-06" ISACTUAL="1" ISACTIVE="1" /><APARTMENT ID="112049336" OBJECTID="175642473" OBJECTGUID="e03acb30-fcae-4066-b749-5b7b019c2ded" CHANGEID="691535619" NUMBER="58" APARTTYPE="2" OPERTYPEID="10" PREVID="0" NEXTID="0" UPDATEDATE="2025-10-31" STARTDATE="2025-10-31" ENDDATE="2079-06-06" ISACTUAL="1" ISACTIVE="1" /><APARTMENT ID="112049337" OBJECTID="175642474" OBJECTGUID="af1b1f6a-80a9-4a0e-a2eb-8007833cca12" CHANGEID="691535620" NUMBER="44" APARTTYPE="2" OPERTYPEID="10" PREVID="0" NEXTID="0" UPDATEDATE="2025-10-31" STARTDATE="2025-10-31" ENDDATE="2079-06-06" ISACTUAL="1" ISACTIVE="1" /><APARTMENT ID="112049338" OBJECTID="175642475" OBJECTGUID="9527072d-250b-485d-9d53-0e6af77bfe8e" CHANGEID="691535621" NUMBER="43" APARTTYPE="2" OPERTYPEID="10" PREVID="0" NEXTID="0" UPDATEDATE="2025-10-31" STARTDATE="2025-10-31" ENDDATE="2079-06-06" ISACTUAL="1" ISACTIVE="1" /><APARTMENT ID="112049339" OBJECTID="175642476" OBJECTGUID="1051c02a-2b53-4b2b-8df2-e18ced717a90" CHANGEID="691535622" NUMBER="42" APARTTYPE="2" OPERTYPEID="10" PREVID="0" NEXTID="0" UPDATEDATE="2025-10-31" STARTDATE="2025-10-31" ENDDATE="2079-06-06" ISACTUAL="1" ISACTIVE="1" /><APARTMENT ID="112049340" OBJECTID="175642477" OBJECTGUID="2a1f2850-316b-49be-987f-50e3c3adf5e8" CHANGEID="691535623" NUMBER="41" APARTTYPE="2" OPERTYPEID="10" PREVID="0" NEXTID="0" UPDATEDATE="2025-10-31" STARTDATE="2025-10-31" ENDDATE="2079-06-06" ISACTUAL="1" ISACTIVE="1" /><APARTMENT ID="112049341" OBJECTID="175642478" OBJECTGUID="408ef370-b49c-4223-bcbb-9268d09361e2" CHANGEID="691535624" NUMBER="38" APARTTYPE="2" OPERTYPEID="10" PREVID="0" NEXTID="0" UPDATEDATE="2025-10-31" STARTDATE="2025-10-31" ENDDATE="2079-06-06" ISACTUAL="1" ISACTIVE="1" /><APARTMENT ID="112049342" OBJECTID="175642479" OBJECTGUID="6540dab5-a0c7-430b-abc9-3957b7a65e7b" CHANGEID="691535625" NUMBER="37" APARTTYPE="2" OPERTYPEID="10" PREVID="0" NEXTID="0" UPDATEDATE="2025-10-31" STARTDATE="2025-10-31" ENDDATE="2079-06-06" ISACTUAL="1" ISACTIVE="1" /><APARTMENT ID="112049343" OBJECTID="175642480" OBJECTGUID="f36dfbc5-48be-4393-a947-91d5d3cce37d" CHANGEID="691535626" NUMBER="36" APARTTYPE="2" OPERTYPEID="10" PREVID="0" NEXTID="0" UPDATEDATE="2025-10-31" STARTDATE="2025-10-31" ENDDATE="2079-06-06" ISACTUAL="1" ISACTIVE="1" /><APARTMENT ID="112049344" OBJECTID="175642481" OBJECTGUID="125f9837-572a-4e71-b722-e74f0b97b817" CHANGEID="691535627" NUMBER="35" APARTTYPE="2" OPERTYPEID="10" PREVID="0" NEXTID="0" UPDATEDATE="2025-10-31" STARTDATE="2025-10-31" ENDDATE="2079-06-06" ISACTUAL="1" ISACTIVE="1" /><APARTMENT ID="112049345" OBJECTID="175642482" OBJECTGUID="2aabbf5e-6a07-4f57-97f7-72815e87a660" CHANGEID="691535628" NUMBER="34" APARTTYPE="2" OPERTYPEID="10" PREVID="0" NEXTID="0" UPDATEDATE="2025-10-31" STARTDATE="2025-10-31" ENDDATE="2079-06-06" ISACTUAL="1" ISACTIVE="1" /><APARTMENT ID="112049346" OBJECTID="175642483" OBJECTGUID="57275432-2704-4d75-98b7-9e80de4b6fb0" CHANGEID="691535629" NUMBER="33" APARTTYPE="2" OPERTYPEID="10" PREVID="0" NEXTID="0" UPDATEDATE="2025-10-31" STARTDATE="2025-10-31" ENDDATE="2079-06-06" ISACTUAL="1" ISACTIVE="1" /><APARTMENT ID="112049347" OBJECTID="175642484" OBJECTGUID="d4c096cb-ec9d-4363-a9b0-e0bfb91106d2" CHANGEID="691535630" NUMBER="32" APARTTYPE="2" OPERTYPEID="10" PREVID="0" NEXTID="0" UPDATEDATE="2025-10-31" STARTDATE="2025-10-31" ENDDATE="2079-06-06" ISACTUAL="1" ISACTIVE="1" /><APARTMENT ID="112049348" OBJECTID="175642485" OBJECTGUID="23b85594-6ac7-437c-9b85-950a1f10d202" CHANGEID="691535631" NUMBER="31" APARTTYPE="2" OPERTYPEID="10" PREVID="0" NEXTID="0" UPDATEDATE="2025-10-31" STARTDATE="2025-10-31" ENDDATE="2079-06-06" ISACTUAL="1" ISACTIVE="1" /><APARTMENT ID="112049349" OBJECTID="175642486" OBJECTGUID="fa830fb3-0e5f-4ba2-9ff4-18a411f06aec" CHANGEID="691535632" NUMBER="30" APARTTYPE="2" OPERTYPEID="10" PREVID="0" NEXTID="0" UPDATEDATE="2025-10-31" STARTDATE="2025-10-31" ENDDATE="2079-06-06" ISACTUAL="1" ISACTIVE="1" /><APARTMENT ID="112049350" OBJECTID="175642487" OBJECTGUID="061d577b-0df2-4bf9-bf62-e961d3d2dd6a" CHANGEID="691535633" NUMBER="28" APARTTYPE="2" OPERTYPEID="10" PREVID="0" NEXTID="0" UPDATEDATE="2025-10-31" STARTDATE="2025-10-31" ENDDATE="2079-06-06" ISACTUAL="1" ISACTIVE="1" /><APARTMENT ID="112049351" OBJECTID="175642488" OBJECTGUID="dd002524-6b8f-410f-93f0-4e26d8bdd298" CHANGEID="691535634" NUMBER="27" APARTTYPE="2" OPERTYPEID="10" PREVID="0" NEXTID="0" UPDATEDATE="2025-10-31" STARTDATE="2025-10-31" ENDDATE="2079-06-06" ISACTUAL="1" ISACTIVE="1" /><APARTMENT ID="112049352" OBJECTID="175642489" OBJECTGUID="81e3b12b-311b-4b80-83ff-b1e9dcd0e365" CHANGEID="691535635" NUMBER="26" APARTTYPE="2" OPERTYPEID="10" PREVID="0" NEXTID="0" UPDATEDATE="2025-10-31" STARTDATE="2025-10-31" ENDDATE="2079-06-06" ISACTUAL="1" ISACTIVE="1" /><APARTMENT ID="112049353" OBJECTID="175642490" OBJECTGUID="de8cd87d-4b92-4ed4-93dd-60f50e1517fe" CHANGEID="691535636" NUMBER="25" APARTTYPE="2" OPERTYPEID="10" PREVID="0" NEXTID="0" UPDATEDATE="2025-10-31" STARTDATE="2025-10-31" ENDDATE="2079-06-06" ISACTUAL="1" ISACTIVE="1" /><APARTMENT ID="112049354" OBJECTID="175642491" OBJECTGUID="94e392e2-c92f-4f4b-b6fd-457e155c7e3d" CHANGEID="691535637" NUMBER="24" APARTTYPE="2" OPERTYPEID="10" PREVID="0" NEXTID="0" UPDATEDATE="2025-10-31" STARTDATE="2025-10-31" ENDDATE="2079-06-06" ISACTUAL="1" ISACTIVE="1" /><APARTMENT ID="112049355" OBJECTID="175642492" OBJECTGUID="165287f1-0cdb-412f-a725-190ae0f3f04f" CHANGEID="691535638" NUMBER="23" APARTTYPE="2" OPERTYPEID="10" PREVID="0" NEXTID="0" UPDATEDATE="2025-10-31" STARTDATE="2025-10-31" ENDDATE="2079-06-06" ISACTUAL="1" ISACTIVE="1" /><APARTMENT ID="112049356" OBJECTID="175642493" OBJECTGUID="de293c27-b6dd-434a-bfb5-ddf47e57e037" CHANGEID="691535639" NUMBER="22" APARTTYPE="2" OPERTYPEID="10" PREVID="0" NEXTID="0" UPDATEDATE="2025-10-31" STARTDATE="2025-10-31" ENDDATE="2079-06-06" ISACTUAL="1" ISACTIVE="1" /><APARTMENT ID="112049357" OBJECTID="175642494" OBJECTGUID="acb79ec0-ca4c-4699-aa67-d6fed01c8456" CHANGEID="691535640" NUMBER="20" APARTTYPE="2" OPERTYPEID="10" PREVID="0" NEXTID="0" UPDATEDATE="2025-10-31" STARTDATE="2025-10-31" ENDDATE="2079-06-06" ISACTUAL="1" ISACTIVE="1" /><APARTMENT ID="112049358" OBJECTID="175642495" OBJECTGUID="153e5b8d-8d34-46f5-9902-8540c0ce7468" CHANGEID="691535641" NUMBER="19" APARTTYPE="2" OPERTYPEID="10" PREVID="0" NEXTID="0" UPDATEDATE="2025-10-31" STARTDATE="2025-10-31" ENDDATE="2079-06-06" ISACTUAL="1" ISACTIVE="1" /><APARTMENT ID="112049359" OBJECTID="175642496" OBJECTGUID="d12275bc-8a28-4b74-9a11-5b735ae0df0e" CHANGEID="691535642" NUMBER="17" APARTTYPE="2" OPERTYPEID="10" PREVID="0" NEXTID="0" UPDATEDATE="2025-10-31" STARTDATE="2025-10-31" ENDDATE="2079-06-06" ISACTUAL="1" ISACTIVE="1" /><APARTMENT ID="112049360" OBJECTID="175642497" OBJECTGUID="0fc341db-35c5-4b98-8970-4409cf44c65e" CHANGEID="691535643" NUMBER="16" APARTTYPE="2" OPERTYPEID="10" PREVID="0" NEXTID="0" UPDATEDATE="2025-10-31" STARTDATE="2025-10-31" ENDDATE="2079-06-06" ISACTUAL="1" ISACTIVE="1" /><APARTMENT ID="112049361" OBJECTID="175642498" OBJECTGUID="76b8baef-65e6-496e-861b-08a5e4175850" CHANGEID="691535644" NUMBER="15" APARTTYPE="2" OPERTYPEID="10" PREVID="0" NEXTID="0" UPDATEDATE="2025-10-31" STARTDATE="2025-10-31" ENDDATE="2079-06-06" ISACTUAL="1" ISACTIVE="1" /><APARTMENT ID="112049362" OBJECTID="175642499" OBJECTGUID="586c675f-0beb-4ef8-bd58-32de59cff349" CHANGEID="691535645" NUMBER="13" APARTTYPE="2" OPERTYPEID="10" PREVID="0" NEXTID="0" UPDATEDATE="2025-10-31" STARTDATE="2025-10-31" ENDDATE="2079-06-06" ISACTUAL="1" ISACTIVE="1" /><APARTMENT ID="112049363" OBJECTID="175642500" OBJECTGUID="b6a9ddf9-296b-4761-a897-2e0346f3236c" CHANGEID="691535646" NUMBER="12" APARTTYPE="2" OPERTYPEID="10" PREVID="0" NEXTID="0" UPDATEDATE="2025-10-31" STARTDATE="2025-10-31" ENDDATE="2079-06-06" ISACTUAL="1" ISACTIVE="1" /><APARTMENT ID="112049364" OBJECTID="175642501" OBJECTGUID="dc81b520-f195-4dbb-b07f-fb0fd7e1ffe5" CHANGEID="691535647" NUMBER="11" APARTTYPE="2" OPERTYPEID="10" PREVID="0" NEXTID="0" UPDATEDATE="2025-10-31" STARTDATE="2025-10-31" ENDDATE="2079-06-06" ISACTUAL="1" ISACTIVE="1" /><APARTMENT ID="112049365" OBJECTID="175642502" OBJECTGUID="ba64d632-d8a8-414a-a62f-be6243cf69ce" CHANGEID="691535648" NUMBER="10" APARTTYPE="2" OPERTYPEID="10" PREVID="0" NEXTID="0" UPDATEDATE="2025-10-31" STARTDATE="2025-10-31" ENDDATE="2079-06-06" ISACTUAL="1" ISACTIVE="1" /><APARTMENT ID="112049366" OBJECTID="175642503" OBJECTGUID="ee91ccf1-ed58-449f-bd9d-d517f589f49f" CHANGEID="691535649" NUMBER="9" APARTTYPE="2" OPERTYPEID="10" PREVID="0" NEXTID="0" UPDATEDATE="2025-10-31" STARTDATE="2025-10-31" ENDDATE="2079-06-06" ISACTUAL="1" ISACTIVE="1" /><APARTMENT ID="112049367" OBJECTID="175642504" OBJECTGUID="f597badf-a12e-4086-926f-38745ce51517" CHANGEID="691535650" NUMBER="8" APARTTYPE="2" OPERTYPEID="10" PREVID="0" NEXTID="0" UPDATEDATE="2025-10-31" STARTDATE="2025-10-31" ENDDATE="2079-06-06" ISACTUAL="1" ISACTIVE="1" /><APARTMENT ID="112049368" OBJECTID="175642505" OBJECTGUID="fad5fe2c-f53a-4ece-b5d3-2872b21c2d5f" CHANGEID="691535651" NUMBER="7" APARTTYPE="2" OPERTYPEID="10" PREVID="0" NEXTID="0" UPDATEDATE="2025-10-31" STARTDATE="2025-10-31" ENDDATE="2079-06-06" ISACTUAL="1" ISACTIVE="1" /><APARTMENT ID="112049369" OBJECTID="175642506" OBJECTGUID="06da1822-acd2-4978-a5fc-5514eec03b20" CHANGEID="691535652" NUMBER="6" APARTTYPE="2" OPERTYPEID="10" PREVID="0" NEXTID="0" UPDATEDATE="2025-10-31" STARTDATE="2025-10-31" ENDDATE="2079-06-06" ISACTUAL="1" ISACTIVE="1" /><APARTMENT ID="112049370" OBJECTID="175642507" OBJECTGUID="e24c5c79-21ea-41e9-ab68-a9d2ac717336" CHANGEID="691535653" NUMBER="5" APARTTYPE="2" OPERTYPEID="10" PREVID="0" NEXTID="0" UPDATEDATE="2025-10-31" STARTDATE="2025-10-31" ENDDATE="2079-06-06" ISACTUAL="1" ISACTIVE="1" /><APARTMENT ID="112053572" OBJECTID="44037762" OBJECTGUID="1d15bb77-d056-419d-bef4-32fc6ff500bc" CHANGEID="691568883" NUMBER="1" APARTTYPE="2" OPERTYPEID="55" PREVID="25914598" NEXTID="129434881" UPDATEDATE="2025-11-01" STARTDATE="2025-11-01" ENDDATE="2079-06-06" ISACTUAL="1" ISACTIVE="0" /><APARTMENT ID="112053573" OBJECTID="44038110" OBJECTGUID="95d320f0-b85d-41e4-ad18-c6b5a3635f07" CHANGEID="691568885" NUMBER="2" APARTTYPE="2" OPERTYPEID="55" PREVID="25914766" NEXTID="129434882" UPDATEDATE="2025-11-01" STARTDATE="2025-11-01" ENDDATE="2079-06-06" ISACTUAL="1" ISACTIVE="0" /><APARTMENT ID="25914766" OBJECTID="44038110" OBJECTGUID="95d320f0-b85d-41e4-ad18-c6b5a3635f07" CHANGEID="66421468" NUMBER="2" APARTTYPE="2" OPERTYPEID="10" PREVID="0" NEXTID="112053573" UPDATEDATE="2025-11-01" STARTDATE="2001-05-17" ENDDATE="2025-11-01" ISACTUAL="0" ISACTIVE="0" /><APARTMENT ID="112054889" OBJECTID="175481787" OBJECTGUID="28de2dc9-d1a3-4b18-a86d-f720fd33485a" CHANGEID="691575766" NUMBER="474" APARTTYPE="2" OPERTYPEID="30" PREVID="111999512" NEXTID="0" UPDATEDATE="2025-11-01" STARTDATE="2025-11-01" ENDDATE="2079-06-06" ISACTUAL="1" ISACTIVE="0" /><APARTMENT ID="111999512" OBJECTID="175481787" OBJECTGUID="28de2dc9-d1a3-4b18-a86d-f720fd33485a" CHANGEID="691217372" NUMBER="474" APARTTYPE="2" OPERTYPEID="10" PREVID="0" NEXTID="112054889" UPDATEDATE="2025-11-01" STARTDATE="2025-10-24" ENDDATE="2025-11-01" ISACTUAL="0" ISACTIVE="0" /><APARTMENT ID="112054890" OBJECTID="175481788" OBJECTGUID="4b9e5f00-96de-4f2f-961b-e94849eac9c3" CHANGEID="691575767" NUMBER="473" APARTTYPE="2" OPERTYPEID="30" PREVID="111999513" NEXTID="0" UPDATEDATE="2025-11-01" STARTDATE="2025-11-01" ENDDATE="2079-06-06" ISACTUAL="1" ISACTIVE="0" /><APARTMENT ID="111999513" OBJECTID="175481788" OBJECTGUID="4b9e5f00-96de-4f2f-961b-e94849eac9c3" CHANGEID="691217373" NUMBER="473" APARTTYPE="2" OPERTYPEID="10" PREVID="0" NEXTID="112054890" UPDATEDATE="2025-11-01" STARTDATE="2025-10-24" ENDDATE="2025-11-01" ISACTUAL="0" ISACTIVE="0" /><APARTMENT ID="112054891" OBJECTID="175481789" OBJECTGUID="7fa9e50d-ee48-4816-a079-c577751ad988" CHANGEID="691575768" NUMBER="471" APARTTYPE="2" OPERTYPEID="30" PREVID="111999514" NEXTID="0" UPDATEDATE="2025-11-01" STARTDATE="2025-11-01" ENDDATE="2079-06-06" ISACTUAL="1" ISACTIVE="0" /><APARTMENT ID="111999514" OBJECTID="175481789" OBJECTGUID="7fa9e50d-ee48-4816-a079-c577751ad988" CHANGEID="691217374" NUMBER="471" APARTTYPE="2" OPERTYPEID="10" PREVID="0" NEXTID="112054891" UPDATEDATE="2025-11-01" STARTDATE="2025-10-24" ENDDATE="2025-11-01" ISACTUAL="0" ISACTIVE="0" /><APARTMENT ID="112054892" OBJECTID="175481790" OBJECTGUID="4bb31706-d542-4fb4-9d79-04290c4e7ad2" CHANGEID="691575769" NUMBER="472" APARTTYPE="2" OPERTYPEID="30" PREVID="111999515" NEXTID="0" UPDATEDATE="2025-11-01" STARTDATE="2025-11-01" ENDDATE="2079-06-06" ISACTUAL="1" ISACTIVE="0" /><APARTMENT ID="111999515" OBJECTID="175481790" OBJECTGUID="4bb31706-d542-4fb4-9d79-04290c4e7ad2" CHANGEID="691217375" NUMBER="472" APARTTYPE="2" OPERTYPEID="10" PREVID="0" NEXTID="112054892" UPDATEDATE="2025-11-01" STARTDATE="2025-10-24" ENDDATE="2025-11-01" ISACTUAL="0" ISACTIVE="0" /><APARTMENT ID="112058754" OBJECTID="175668201" OBJECTGUID="6611c98b-642b-46be-9f2c-2930a535fa45" CHANGEID="691594072" NUMBER="3" APARTTYPE="1" OPERTYPEID="10" PREVID="0" NEXTID="0" UPDATEDATE="2025-11-01" STARTDATE="2025-11-01" ENDDATE="2079-06-06" ISACTUAL="1" ISACTIVE="1" /><APARTMENT ID="112058755" OBJECTID="175668202" OBJECTGUID="6e3e99ad-68c6-41c8-bddf-4df9b745cf03" CHANGEID="691594073" NUMBER="1" APARTTYPE="1" OPERTYPEID="10" PREVID="0" NEXTID="0" UPDATEDATE="2025-11-01" STARTDATE="2025-11-01" ENDDATE="2079-06-06" ISACTUAL="1" ISACTIVE="1" /><APARTMENT ID="112058756" OBJECTID="175668203" OBJECTGUID="22f9f068-edfa-437e-bce2-87e3e7747cca" CHANGEID="691594074" NUMBER="1" APARTTYPE="2" OPERTYPEID="10" PREVID="0" NEXTID="0" UPDATEDATE="2025-11-01" STARTDATE="2025-11-01" ENDDATE="2079-06-06" ISACTUAL="1" ISACTIVE="1" /><APARTMENT ID="112058773" OBJECTID="175668240" OBJECTGUID="7a8427bb-377d-44de-97d1-0148e22c64f5" CHANGEID="691594128" NUMBER="5" APARTTYPE="1" OPERTYPEID="10" PREVID="0" NEXTID="0" UPDATEDATE="2025-11-01" STARTDATE="2025-11-01" ENDDATE="2079-06-06" ISACTUAL="1" ISACTIVE="1" /><APARTMENT ID="112058774" OBJECTID="175668241" OBJECTGUID="b81450f9-c018-4bec-83a9-d015f74a8aaa" CHANGEID="691594129" NUMBER="4" APARTTYPE="1" OPERTYPEID="10" PREVID="0" NEXTID="0" UPDATEDATE="2025-11-01" STARTDATE="2025-11-01" ENDDATE="2079-06-06" ISACTUAL="1" ISACTIVE="1" /><APARTMENT ID="112058775" OBJECTID="175668242" OBJECTGUID="df6f5089-77de-41d0-a48d-18a325bea9be" CHANGEID="691594130" NUMBER="3" APARTTYPE="1" OPERTYPEID="10" PREVID="0" NEXTID="0" UPDATEDATE="2025-11-01" STARTDATE="2025-11-01" ENDDATE="2079-06-06" ISACTUAL="1" ISACTIVE="1" /><APARTMENT ID="112058776" OBJECTID="175668243" OBJECTGUID="8599181e-7eff-4f7a-bc8c-b157ade8d076" CHANGEID="691594131" NUMBER="2" APARTTYPE="1" OPERTYPEID="10" PREVID="0" NEXTID="0" UPDATEDATE="2025-11-01" STARTDATE="2025-11-01" ENDDATE="2079-06-06" ISACTUAL="1" ISACTIVE="1" /><APARTMENT ID="112058777" OBJECTID="175668244" OBJECTGUID="5d96a2cb-38ef-4a93-9ea8-437dd5b4ad1a" CHANGEID="691594132" NUMBER="1" APARTTYPE="1" OPERTYPEID="10" PREVID="0" NEXTID="0" UPDATEDATE="2025-11-01" STARTDATE="2025-11-01" ENDDATE="2079-06-06" ISACTUAL="1" ISACTIVE="1" /></APARTMENTS>