﻿<?xml version="1.0" encoding="utf-8"?><HOUSES><HOUSE ID="58012887" OBJECTID="10270201" OBJECTGUID="5da2a418-eb2a-4d74-9437-cffd458d9a20" CHANGEID="16892634" HOUSENUM="35" HOUSETYPE="2" OPERTYPEID="20" PREVID="5369515" NEXTID="129437288" UPDATEDATE="2025-11-01" STARTDATE="2019-12-10" ENDDATE="2025-11-01" ISACTUAL="0" ISACTIVE="0" /><HOUSE ID="63051595" OBJECTID="44068857" OBJECTGUID="a4b93d75-d4e2-4864-844f-1588301d0312" CHANGEID="66465895" HOUSENUM="52А" HOUSETYPE="2" OPERTYPEID="20" PREVID="26324987" NEXTID="129420740" UPDATEDATE="2025-10-30" STARTDATE="2019-08-20" ENDDATE="2025-10-30" ISACTUAL="0" ISACTIVE="0" /><HOUSE ID="63179221" OBJECTID="44037061" OBJECTGUID="a686bf1b-1c31-471c-baa2-6e8e0e4e6cb1" CHANGEID="66420156" HOUSENUM="36" HOUSETYPE="2" OPERTYPEID="20" PREVID="26306751" NEXTID="129434883" UPDATEDATE="2025-11-01" STARTDATE="2014-01-10" ENDDATE="2025-11-01" ISACTUAL="0" ISACTIVE="0" /><HOUSE ID="65254932" OBJECTID="44720885" OBJECTGUID="c3d4cd3e-69d4-4f93-8cbc-fe693f9744a6" CHANGEID="67409297" HOUSENUM="8" HOUSETYPE="2" OPERTYPEID="20" PREVID="26716225" NEXTID="129439836" UPDATEDATE="2025-11-01" STARTDATE="2018-10-31" ENDDATE="2025-11-01" ISACTUAL="0" ISACTIVE="0" /><HOUSE ID="68165517" OBJECTID="77896439" OBJECTGUID="ecf78ca4-4c47-4823-9684-fd4781cd29f4" CHANGEID="115810666" HOUSENUM="9" HOUSETYPE="2" OPERTYPEID="20" PREVID="47056811" NEXTID="129413013" UPDATEDATE="2025-10-30" STARTDATE="2018-07-11" ENDDATE="2025-10-30" ISACTUAL="0" ISACTIVE="0" /><HOUSE ID="68445451" OBJECTID="53847868" OBJECTGUID="f0e7a503-b552-48ab-9b81-f0e5a37cb07b" CHANGEID="80597380" HOUSENUM="24" HOUSETYPE="2" OPERTYPEID="20" PREVID="32158630" NEXTID="129426323" UPDATEDATE="2025-10-31" STARTDATE="2014-01-10" ENDDATE="2025-10-31" ISACTUAL="0" ISACTIVE="0" /><HOUSE ID="68741752" OBJECTID="66971791" OBJECTGUID="f5182f95-3714-4ec6-bd4c-3ce0ff2f491a" CHANGEID="99867051" HOUSENUM="37" ADDNUM1="б" HOUSETYPE="2" ADDTYPE1="1" OPERTYPEID="20" PREVID="40336533" NEXTID="129426329" UPDATEDATE="2025-10-31" STARTDATE="2018-07-11" ENDDATE="2025-10-31" ISACTUAL="0" ISACTIVE="0" /><HOUSE ID="3368459" OBJECTID="7003307" OBJECTGUID="77e4adb5-8479-4a01-abd9-df359baf7074" CHANGEID="12124007" HOUSENUM="12" HOUSETYPE="2" OPERTYPEID="10" PREVID="0" NEXTID="129426009" UPDATEDATE="2025-10-31" STARTDATE="1900-01-01" ENDDATE="2025-10-31" ISACTUAL="0" ISACTIVE="0" /><HOUSE ID="7001016" OBJECTID="12896611" OBJECTGUID="811c42b0-7e31-4d92-ae26-82e060ddaa65" CHANGEID="20752096" HOUSENUM="54" HOUSETYPE="2" OPERTYPEID="10" PREVID="0" NEXTID="129437364" UPDATEDATE="2025-11-01" STARTDATE="1900-01-01" ENDDATE="2025-11-01" ISACTUAL="0" ISACTIVE="0" /><HOUSE ID="8179606" OBJECTID="14629765" OBJECTGUID="8118314b-eb32-42da-be60-86f00719621a" CHANGEID="23377177" HOUSENUM="8" HOUSETYPE="2" OPERTYPEID="10" PREVID="0" NEXTID="129437350" UPDATEDATE="2025-11-01" STARTDATE="1900-01-01" ENDDATE="2025-11-01" ISACTUAL="0" ISACTIVE="0" /><HOUSE ID="9027907" OBJECTID="15923785" OBJECTGUID="68564ea6-1dd3-45ba-a963-3eb1a633257e" CHANGEID="25308538" HOUSENUM="43" HOUSETYPE="2" OPERTYPEID="10" PREVID="0" NEXTID="129426005" UPDATEDATE="2025-10-31" STARTDATE="1900-01-01" ENDDATE="2025-10-31" ISACTUAL="0" ISACTIVE="0" /><HOUSE ID="11760108" OBJECTID="20179595" OBJECTGUID="185f1a96-1046-4717-90c8-8b9fd3ac32a4" CHANGEID="31609631" HOUSENUM="280" ADDNUM1="1" HOUSETYPE="2" ADDTYPE1="1" OPERTYPEID="10" PREVID="0" NEXTID="129437353" UPDATEDATE="2025-11-01" STARTDATE="1900-01-01" ENDDATE="2025-11-01" ISACTUAL="0" ISACTIVE="0" /><HOUSE ID="20175611" OBJECTID="33947018" OBJECTGUID="50951d16-6850-46f8-b3dd-4cee4c15321a" CHANGEID="51705267" HOUSENUM="20" HOUSETYPE="2" OPERTYPEID="10" PREVID="0" NEXTID="129423480" UPDATEDATE="2025-10-30" STARTDATE="1900-01-01" ENDDATE="2025-10-30" ISACTUAL="0" ISACTIVE="0" /><HOUSE ID="23099009" OBJECTID="38658032" OBJECTGUID="116bd8df-7ec3-4b9a-8329-b75f476aa721" CHANGEID="58600465" HOUSENUM="8" HOUSETYPE="2" OPERTYPEID="10" PREVID="0" NEXTID="129423420" UPDATEDATE="2025-10-30" STARTDATE="1900-01-01" ENDDATE="2025-10-30" ISACTUAL="0" ISACTIVE="0" /><HOUSE ID="25342125" OBJECTID="42421899" OBJECTGUID="d0bdc0fa-6b1b-4440-bfe5-21401f249c73" CHANGEID="64087205" HOUSENUM="53" HOUSETYPE="2" OPERTYPEID="10" PREVID="0" NEXTID="129423395" UPDATEDATE="2025-10-30" STARTDATE="1900-01-01" ENDDATE="2025-10-30" ISACTUAL="0" ISACTIVE="0" /><HOUSE ID="25606223" OBJECTID="42865219" OBJECTGUID="a3fa4637-aa2b-4a58-b62d-54b753457a58" CHANGEID="64728130" HOUSENUM="25" HOUSETYPE="2" OPERTYPEID="10" PREVID="0" NEXTID="129437324" UPDATEDATE="2025-11-01" STARTDATE="1900-01-01" ENDDATE="2025-11-01" ISACTUAL="0" ISACTIVE="0" /><HOUSE ID="25900541" OBJECTID="43354546" OBJECTGUID="43bbbc17-b684-40cf-8935-7e437d9e3a1a" CHANGEID="65436290" HOUSENUM="99" HOUSETYPE="2" OPERTYPEID="10" PREVID="0" NEXTID="129423452" UPDATEDATE="2025-10-30" STARTDATE="1900-01-01" ENDDATE="2025-10-30" ISACTUAL="0" ISACTIVE="0" /><HOUSE ID="26722338" OBJECTID="44729599" OBJECTGUID="bcce8b51-efa2-4c0c-b0d2-26905d568996" CHANGEID="67422533" HOUSENUM="4" HOUSETYPE="2" OPERTYPEID="10" PREVID="0" NEXTID="129439823" UPDATEDATE="2025-11-01" STARTDATE="2018-12-25" ENDDATE="2025-11-01" ISACTUAL="0" ISACTIVE="0" /><HOUSE ID="26723202" OBJECTID="44730578" OBJECTGUID="3c2d6cbe-f90b-4883-9af1-404366f00d43" CHANGEID="67424138" HOUSENUM="7" HOUSETYPE="2" OPERTYPEID="10" PREVID="0" NEXTID="129439831" UPDATEDATE="2025-11-01" STARTDATE="2018-12-25" ENDDATE="2025-11-01" ISACTUAL="0" ISACTIVE="0" /><HOUSE ID="26728328" OBJECTID="44739888" OBJECTGUID="87a9f4a5-3d14-40eb-9143-d664164996e1" CHANGEID="67437116" HOUSENUM="13" HOUSETYPE="2" OPERTYPEID="10" PREVID="0" NEXTID="129440223" UPDATEDATE="2025-11-01" STARTDATE="2018-12-25" ENDDATE="2025-11-01" ISACTUAL="0" ISACTIVE="0" /><HOUSE ID="26729452" OBJECTID="44741738" OBJECTGUID="94a25b4d-bab4-4677-b2e4-e8de1fa1b6dd" CHANGEID="67439817" HOUSENUM="21" HOUSETYPE="2" OPERTYPEID="10" PREVID="0" NEXTID="129440538" UPDATEDATE="2025-11-01" STARTDATE="2018-12-25" ENDDATE="2025-11-01" ISACTUAL="0" ISACTIVE="0" /><HOUSE ID="27048741" OBJECTID="45294001" OBJECTGUID="81e6edd7-4fa1-4469-a29b-d285f12ff77c" CHANGEID="68231612" HOUSENUM="8" ADDNUM1="5" HOUSETYPE="2" ADDTYPE1="1" OPERTYPEID="10" PREVID="0" NEXTID="129426008" UPDATEDATE="2025-10-31" STARTDATE="1900-01-01" ENDDATE="2025-10-31" ISACTUAL="0" ISACTIVE="0" /><HOUSE ID="27237583" OBJECTID="45590108" OBJECTGUID="c11d84fc-64b0-4c99-9c4a-2b09ad1e6767" CHANGEID="68668276" HOUSENUM="2" HOUSETYPE="2" OPERTYPEID="10" PREVID="0" NEXTID="129437299" UPDATEDATE="2025-11-01" STARTDATE="1900-01-01" ENDDATE="2025-11-01" ISACTUAL="0" ISACTIVE="0" /><HOUSE ID="32945714" OBJECTID="55156906" OBJECTGUID="5b632165-6e3d-42fd-b699-bb23a8959f8e" CHANGEID="82498367" HOUSENUM="20" HOUSETYPE="2" OPERTYPEID="10" PREVID="0" NEXTID="129429129" UPDATEDATE="2025-10-31" STARTDATE="1900-01-01" ENDDATE="2025-10-31" ISACTUAL="0" ISACTIVE="0" /><HOUSE ID="33670582" OBJECTID="56281049" OBJECTGUID="d6bad622-cd51-4543-8928-f5afa349a472" CHANGEID="84174288" HOUSENUM="26" HOUSETYPE="2" OPERTYPEID="10" PREVID="0" NEXTID="129423670" UPDATEDATE="2025-10-30" STARTDATE="1900-01-01" ENDDATE="2025-10-30" ISACTUAL="0" ISACTIVE="0" /><HOUSE ID="42611363" OBJECTID="70629750" OBJECTGUID="bbc03579-83f4-4137-8381-554616d8c665" CHANGEID="105238078" HOUSENUM="21" HOUSETYPE="2" OPERTYPEID="10" PREVID="0" NEXTID="129423423" UPDATEDATE="2025-10-30" STARTDATE="1900-01-01" ENDDATE="2025-10-30" ISACTUAL="0" ISACTIVE="0" /><HOUSE ID="48347789" OBJECTID="79956871" OBJECTGUID="c4304be5-b98a-4806-863f-5430e6911d37" CHANGEID="118833028" HOUSENUM="38" HOUSETYPE="2" OPERTYPEID="10" PREVID="0" NEXTID="129423650" UPDATEDATE="2025-10-30" STARTDATE="1900-01-01" ENDDATE="2025-10-30" ISACTUAL="0" ISACTIVE="0" /><HOUSE ID="124836373" OBJECTID="160415664" OBJECTGUID="02d5eb02-d51b-4b6d-9481-e2f519d774c1" CHANGEID="539604773" HOUSENUM="300" HOUSETYPE="2" OPERTYPEID="10" PREVID="0" NEXTID="129429522" UPDATEDATE="2025-10-31" STARTDATE="2023-09-20" ENDDATE="2025-10-31" ISACTUAL="0" ISACTIVE="0" /><HOUSE ID="53344988" OBJECTID="22064911" OBJECTGUID="1bba622e-a0d0-4b9e-b538-c525e163da78" CHANGEID="34420476" HOUSENUM="5" HOUSETYPE="2" OPERTYPEID="20" PREVID="12993950" NEXTID="129423406" UPDATEDATE="2025-10-30" STARTDATE="1989-02-01" ENDDATE="2025-10-30" ISACTUAL="0" ISACTIVE="0" /><HOUSE ID="54202672" OBJECTID="14232961" OBJECTGUID="27d80199-b88f-4b8f-a18c-5aef56385f0d" CHANGEID="22768800" HOUSENUM="87" HOUSETYPE="2" OPERTYPEID="20" PREVID="7899337" NEXTID="129426002" UPDATEDATE="2025-10-31" STARTDATE="2019-12-11" ENDDATE="2025-10-31" ISACTUAL="0" ISACTIVE="0" /><HOUSE ID="129413013" OBJECTID="77896439" OBJECTGUID="ecf78ca4-4c47-4823-9684-fd4781cd29f4" CHANGEID="691449191" HOUSENUM="9" HOUSETYPE="2" OPERTYPEID="30" PREVID="68165517" NEXTID="0" UPDATEDATE="2025-10-30" STARTDATE="2025-10-30" ENDDATE="2079-06-06" ISACTUAL="1" ISACTIVE="0" /><HOUSE ID="129413528" OBJECTID="175590823" OBJECTGUID="58db95c9-f66e-4477-ac71-c67d96e12e21" CHANGEID="691452209" HOUSENUM="1А" HOUSETYPE="2" OPERTYPEID="10" PREVID="0" NEXTID="0" UPDATEDATE="2025-10-30" STARTDATE="2025-10-30" ENDDATE="2079-06-06" ISACTUAL="1" ISACTIVE="1" /><HOUSE ID="129413549" OBJECTID="175590861" OBJECTGUID="a87a6c08-c113-4323-8e5e-5a9e980521df" CHANGEID="691452269" HOUSENUM="5" HOUSETYPE="2" OPERTYPEID="10" PREVID="0" NEXTID="0" UPDATEDATE="2025-10-30" STARTDATE="2025-10-30" ENDDATE="2079-06-06" ISACTUAL="1" ISACTIVE="1" /><HOUSE ID="129413939" OBJECTID="175592567" OBJECTGUID="dd45f2b6-18f5-48e3-8b95-c2972587ad78" CHANGEID="691454875" HOUSENUM="294" HOUSETYPE="2" OPERTYPEID="10" PREVID="0" NEXTID="0" UPDATEDATE="2025-10-30" STARTDATE="2025-10-30" ENDDATE="2079-06-06" ISACTUAL="1" ISACTIVE="1" /><HOUSE ID="129416930" OBJECTID="175597015" OBJECTGUID="9386dd92-cf1d-4c04-a4e7-409c7fb9355d" CHANGEID="691463318" HOUSENUM="38Б" HOUSETYPE="2" OPERTYPEID="10" PREVID="0" NEXTID="0" UPDATEDATE="2025-10-30" STARTDATE="2025-10-30" ENDDATE="2079-06-06" ISACTUAL="1" ISACTIVE="1" /><HOUSE ID="129417614" OBJECTID="175598754" OBJECTGUID="01e5558d-18b0-4a89-a928-fbbb241486d1" CHANGEID="691465826" HOUSENUM="10" HOUSETYPE="2" OPERTYPEID="10" PREVID="0" NEXTID="0" UPDATEDATE="2025-10-30" STARTDATE="2025-10-30" ENDDATE="2079-06-06" ISACTUAL="1" ISACTIVE="1" /><HOUSE ID="129417673" OBJECTID="175598976" OBJECTGUID="b751da7b-c2c2-45bc-ba34-f8b9d985d248" CHANGEID="691466147" HOUSENUM="3" ADDNUM1="9" HOUSETYPE="2" ADDTYPE1="1" OPERTYPEID="10" PREVID="0" NEXTID="0" UPDATEDATE="2025-10-30" STARTDATE="2025-10-30" ENDDATE="2079-06-06" ISACTUAL="1" ISACTIVE="1" /><HOUSE ID="129419366" OBJECTID="175602082" OBJECTGUID="8de54366-3073-4875-8359-5bd7a174660c" CHANGEID="691470856" HOUSENUM="1" HOUSETYPE="8" OPERTYPEID="10" PREVID="0" NEXTID="0" UPDATEDATE="2025-10-30" STARTDATE="2025-10-30" ENDDATE="2079-06-06" ISACTUAL="1" ISACTIVE="1" /><HOUSE ID="129420270" OBJECTID="175603798" OBJECTGUID="408ee708-dce9-4e4d-af94-27fbed884616" CHANGEID="691473826" HOUSENUM="3" HOUSETYPE="2" OPERTYPEID="10" PREVID="0" NEXTID="0" UPDATEDATE="2025-10-30" STARTDATE="2025-10-30" ENDDATE="2079-06-06" ISACTUAL="1" ISACTIVE="1" /><HOUSE ID="129420708" OBJECTID="175605666" OBJECTGUID="077233d6-8211-4645-b193-3c3fd53dbb64" CHANGEID="691476496" HOUSENUM="338А" HOUSETYPE="2" OPERTYPEID="10" PREVID="0" NEXTID="0" UPDATEDATE="2025-10-30" STARTDATE="2025-10-30" ENDDATE="2079-06-06" ISACTUAL="1" ISACTIVE="1" /><HOUSE ID="129420740" OBJECTID="44068857" OBJECTGUID="a4b93d75-d4e2-4864-844f-1588301d0312" CHANGEID="691476668" HOUSENUM="52а" HOUSETYPE="2" OPERTYPEID="20" PREVID="63051595" UPDATEDATE="2025-10-30" STARTDATE="2025-10-30" ENDDATE="2079-06-06" ISACTUAL="1" ISACTIVE="1" /><HOUSE ID="129421208" OBJECTID="175606879" OBJECTGUID="fd400d81-ba7b-4b09-b043-fca1fb7d0057" CHANGEID="691478461" HOUSENUM="3" ADDNUM1="1" HOUSETYPE="2" ADDTYPE1="2" OPERTYPEID="10" PREVID="0" NEXTID="0" UPDATEDATE="2025-10-30" STARTDATE="2025-10-30" ENDDATE="2079-06-06" ISACTUAL="1" ISACTIVE="1" /><HOUSE ID="129421663" OBJECTID="175607991" OBJECTGUID="0e615ba9-4d63-4513-aa4c-47184d59a1da" CHANGEID="691480235" HOUSENUM="40" ADDNUM1="2" HOUSETYPE="2" ADDTYPE1="2" OPERTYPEID="10" PREVID="0" NEXTID="0" UPDATEDATE="2025-10-30" STARTDATE="2025-10-30" ENDDATE="2079-06-06" ISACTUAL="1" ISACTIVE="1" /><HOUSE ID="129421664" OBJECTID="175607992" OBJECTGUID="575db3a8-4842-48d2-b7ff-b7182aa09966" CHANGEID="691480236" HOUSENUM="40" ADDNUM1="1" HOUSETYPE="2" ADDTYPE1="2" OPERTYPEID="10" PREVID="0" NEXTID="0" UPDATEDATE="2025-10-30" STARTDATE="2025-10-30" ENDDATE="2079-06-06" ISACTUAL="1" ISACTIVE="1" /><HOUSE ID="129421668" OBJECTID="175607999" OBJECTGUID="611de7e3-7ca5-4820-9e1a-215fcac664a9" CHANGEID="691480249" HOUSENUM="44" HOUSETYPE="2" OPERTYPEID="10" PREVID="0" NEXTID="0" UPDATEDATE="2025-10-30" STARTDATE="2025-10-30" ENDDATE="2079-06-06" ISACTUAL="1" ISACTIVE="1" /><HOUSE ID="129422488" OBJECTID="175609586" OBJECTGUID="b4c69bc4-592e-44a0-97ca-5c4e9e5543b7" CHANGEID="691483129" HOUSENUM="12А" HOUSETYPE="2" OPERTYPEID="10" PREVID="0" NEXTID="0" UPDATEDATE="2025-10-30" STARTDATE="2025-10-30" ENDDATE="2079-06-06" ISACTUAL="1" ISACTIVE="1" /><HOUSE ID="129422999" OBJECTID="175610744" OBJECTGUID="5ee2e4cc-3de4-430c-ab8e-6cf918416d43" CHANGEID="691485271" HOUSENUM="23В" HOUSETYPE="2" OPERTYPEID="10" PREVID="0" NEXTID="0" UPDATEDATE="2025-10-30" STARTDATE="2025-10-30" ENDDATE="2079-06-06" ISACTUAL="1" ISACTIVE="1" /><HOUSE ID="129423028" OBJECTID="175610818" OBJECTGUID="ce3e388d-d547-43c1-8da5-be311c460751" CHANGEID="691485442" HOUSENUM="44" HOUSETYPE="2" OPERTYPEID="10" PREVID="0" NEXTID="0" UPDATEDATE="2025-10-30" STARTDATE="2025-10-30" ENDDATE="2079-06-06" ISACTUAL="1" ISACTIVE="1" /><HOUSE ID="129423398" OBJECTID="26910087" OBJECTGUID="c6f6f956-cced-46ff-84d8-f833c661bbcd" CHANGEID="691486951" HOUSENUM="16" ADDNUM1="1" HOUSETYPE="2" ADDTYPE1="1" OPERTYPEID="30" PREVID="15979678" NEXTID="0" UPDATEDATE="2025-10-30" STARTDATE="2025-10-30" ENDDATE="2079-06-06" ISACTUAL="1" ISACTIVE="0" /><HOUSE ID="15979678" OBJECTID="26910087" OBJECTGUID="c6f6f956-cced-46ff-84d8-f833c661bbcd" CHANGEID="41519779" HOUSENUM="16" ADDNUM1="1" HOUSETYPE="2" ADDTYPE1="1" OPERTYPEID="10" PREVID="0" NEXTID="129423398" UPDATEDATE="2025-10-30" STARTDATE="2015-09-18" ENDDATE="2025-10-30" ISACTUAL="0" ISACTIVE="0" /><HOUSE ID="129423406" OBJECTID="22064911" OBJECTGUID="1bba622e-a0d0-4b9e-b538-c525e163da78" CHANGEID="691486968" HOUSENUM="5" HOUSETYPE="2" OPERTYPEID="30" PREVID="53344988" NEXTID="0" UPDATEDATE="2025-10-30" STARTDATE="2025-10-30" ENDDATE="2079-06-06" ISACTUAL="1" ISACTIVE="0" /><HOUSE ID="129423423" OBJECTID="70629750" OBJECTGUID="bbc03579-83f4-4137-8381-554616d8c665" CHANGEID="691487007" HOUSENUM="21" HOUSETYPE="2" OPERTYPEID="30" PREVID="42611363" NEXTID="0" UPDATEDATE="2025-10-30" STARTDATE="2025-10-30" ENDDATE="2079-06-06" ISACTUAL="1" ISACTIVE="0" /><HOUSE ID="129423441" OBJECTID="22227391" OBJECTGUID="4ce0cb59-87e4-435c-9415-7e48eb180ca5" CHANGEID="691487061" HOUSENUM="70" HOUSETYPE="2" OPERTYPEID="30" PREVID="13099581" NEXTID="0" UPDATEDATE="2025-10-30" STARTDATE="2025-10-30" ENDDATE="2079-06-06" ISACTUAL="1" ISACTIVE="0" /><HOUSE ID="13099581" OBJECTID="22227391" OBJECTGUID="4ce0cb59-87e4-435c-9415-7e48eb180ca5" CHANGEID="34662981" HOUSENUM="70" HOUSETYPE="2" OPERTYPEID="10" PREVID="0" NEXTID="129423441" UPDATEDATE="2025-10-30" STARTDATE="1900-01-01" ENDDATE="2025-10-30" ISACTUAL="0" ISACTIVE="0" /><HOUSE ID="129423445" OBJECTID="61689173" OBJECTGUID="4284de7d-fbcd-4f95-9ad8-ca831fd1c3b6" CHANGEID="691487068" HOUSENUM="35" HOUSETYPE="2" OPERTYPEID="30" PREVID="37049905" NEXTID="0" UPDATEDATE="2025-10-30" STARTDATE="2025-10-30" ENDDATE="2079-06-06" ISACTUAL="1" ISACTIVE="0" /><HOUSE ID="37049905" OBJECTID="61689173" OBJECTGUID="4284de7d-fbcd-4f95-9ad8-ca831fd1c3b6" CHANGEID="92119943" HOUSENUM="35" HOUSETYPE="2" OPERTYPEID="10" PREVID="0" NEXTID="129423445" UPDATEDATE="2025-10-30" STARTDATE="1900-01-01" ENDDATE="2025-10-30" ISACTUAL="0" ISACTIVE="0" /><HOUSE ID="129423395" OBJECTID="42421899" OBJECTGUID="d0bdc0fa-6b1b-4440-bfe5-21401f249c73" CHANGEID="691486943" HOUSENUM="53" HOUSETYPE="2" OPERTYPEID="30" PREVID="25342125" NEXTID="0" UPDATEDATE="2025-10-30" STARTDATE="2025-10-30" ENDDATE="2079-06-06" ISACTUAL="1" ISACTIVE="0" /><HOUSE ID="129423396" OBJECTID="42424349" OBJECTGUID="cfe6bb16-b8e1-4fe0-a579-427e3d92c9b9" CHANGEID="691486944" HOUSENUM="45" HOUSETYPE="2" OPERTYPEID="30" PREVID="25343665" NEXTID="0" UPDATEDATE="2025-10-30" STARTDATE="2025-10-30" ENDDATE="2079-06-06" ISACTUAL="1" ISACTIVE="0" /><HOUSE ID="25343665" OBJECTID="42424349" OBJECTGUID="cfe6bb16-b8e1-4fe0-a579-427e3d92c9b9" CHANGEID="64090790" HOUSENUM="45" HOUSETYPE="2" OPERTYPEID="10" PREVID="0" NEXTID="129423396" UPDATEDATE="2025-10-30" STARTDATE="1900-01-01" ENDDATE="2025-10-30" ISACTUAL="0" ISACTIVE="0" /><HOUSE ID="129423402" OBJECTID="73904748" OBJECTGUID="08de152b-7ab0-48b2-94ad-cee6ee6ad80b" CHANGEID="691486961" HOUSENUM="13" HOUSETYPE="2" OPERTYPEID="30" PREVID="44625988" NEXTID="0" UPDATEDATE="2025-10-30" STARTDATE="2025-10-30" ENDDATE="2079-06-06" ISACTUAL="1" ISACTIVE="0" /><HOUSE ID="44625988" OBJECTID="73904748" OBJECTGUID="08de152b-7ab0-48b2-94ad-cee6ee6ad80b" CHANGEID="110011962" HOUSENUM="13" HOUSETYPE="2" OPERTYPEID="10" PREVID="0" NEXTID="129423402" UPDATEDATE="2025-10-30" STARTDATE="1900-01-01" ENDDATE="2025-10-30" ISACTUAL="0" ISACTIVE="0" /><HOUSE ID="129423410" OBJECTID="66821191" OBJECTGUID="e6d2320d-4bb1-4f80-952d-7eaa3d1adbec" CHANGEID="691486977" HOUSENUM="24" HOUSETYPE="2" OPERTYPEID="30" PREVID="40251576" NEXTID="0" UPDATEDATE="2025-10-30" STARTDATE="2025-10-30" ENDDATE="2079-06-06" ISACTUAL="1" ISACTIVE="0" /><HOUSE ID="40251576" OBJECTID="66821191" OBJECTGUID="e6d2320d-4bb1-4f80-952d-7eaa3d1adbec" CHANGEID="99653788" HOUSENUM="24" HOUSETYPE="2" OPERTYPEID="10" PREVID="0" NEXTID="129423410" UPDATEDATE="2025-10-30" STARTDATE="1900-01-01" ENDDATE="2025-10-30" ISACTUAL="0" ISACTIVE="0" /><HOUSE ID="129423413" OBJECTID="67861965" OBJECTGUID="7e8c5a10-f48e-42b1-a064-9cffe3313807" CHANGEID="691486981" HOUSENUM="107" HOUSETYPE="2" OPERTYPEID="30" PREVID="40888869" NEXTID="0" UPDATEDATE="2025-10-30" STARTDATE="2025-10-30" ENDDATE="2079-06-06" ISACTUAL="1" ISACTIVE="0" /><HOUSE ID="40888869" OBJECTID="67861965" OBJECTGUID="7e8c5a10-f48e-42b1-a064-9cffe3313807" CHANGEID="101167029" HOUSENUM="107" HOUSETYPE="2" OPERTYPEID="10" PREVID="0" NEXTID="129423413" UPDATEDATE="2025-10-30" STARTDATE="1900-01-01" ENDDATE="2025-10-30" ISACTUAL="0" ISACTIVE="0" /><HOUSE ID="129423420" OBJECTID="38658032" OBJECTGUID="116bd8df-7ec3-4b9a-8329-b75f476aa721" CHANGEID="691487000" HOUSENUM="8" HOUSETYPE="2" OPERTYPEID="30" PREVID="23099009" NEXTID="0" UPDATEDATE="2025-10-30" STARTDATE="2025-10-30" ENDDATE="2079-06-06" ISACTUAL="1" ISACTIVE="0" /><HOUSE ID="129423432" OBJECTID="4133011" OBJECTGUID="cc865514-d047-41d0-92c0-043ee9cf13d1" CHANGEID="691487044" HOUSENUM="26" HOUSETYPE="2" OPERTYPEID="30" PREVID="1606028" NEXTID="0" UPDATEDATE="2025-10-30" STARTDATE="2025-10-30" ENDDATE="2079-06-06" ISACTUAL="1" ISACTIVE="0" /><HOUSE ID="1606028" OBJECTID="4133011" OBJECTGUID="cc865514-d047-41d0-92c0-043ee9cf13d1" CHANGEID="7933434" HOUSENUM="26" HOUSETYPE="2" OPERTYPEID="10" PREVID="0" NEXTID="129423432" UPDATEDATE="2025-10-30" STARTDATE="1900-01-01" ENDDATE="2025-10-30" ISACTUAL="0" ISACTIVE="0" /><HOUSE ID="129423438" OBJECTID="7484080" OBJECTGUID="6b247427-03f1-4ec1-ad32-953f1f1ea63e" CHANGEID="691487052" HOUSENUM="8" HOUSETYPE="2" OPERTYPEID="30" PREVID="3660684" NEXTID="0" UPDATEDATE="2025-10-30" STARTDATE="2025-10-30" ENDDATE="2079-06-06" ISACTUAL="1" ISACTIVE="0" /><HOUSE ID="3660684" OBJECTID="7484080" OBJECTGUID="6b247427-03f1-4ec1-ad32-953f1f1ea63e" CHANGEID="12820417" HOUSENUM="8" HOUSETYPE="2" OPERTYPEID="10" PREVID="0" NEXTID="129423438" UPDATEDATE="2025-10-30" STARTDATE="1900-01-01" ENDDATE="2025-10-30" ISACTUAL="0" ISACTIVE="0" /><HOUSE ID="129423462" OBJECTID="43375315" OBJECTGUID="1b14c890-ce1a-4283-ac1b-b3b84b4d7e71" CHANGEID="691487106" HOUSENUM="59" HOUSETYPE="2" OPERTYPEID="30" PREVID="25914040" NEXTID="0" UPDATEDATE="2025-10-30" STARTDATE="2025-10-30" ENDDATE="2079-06-06" ISACTUAL="1" ISACTIVE="0" /><HOUSE ID="25914040" OBJECTID="43375315" OBJECTGUID="1b14c890-ce1a-4283-ac1b-b3b84b4d7e71" CHANGEID="65466519" HOUSENUM="59" HOUSETYPE="2" OPERTYPEID="10" PREVID="0" NEXTID="129423462" UPDATEDATE="2025-10-30" STARTDATE="1900-01-01" ENDDATE="2025-10-30" ISACTUAL="0" ISACTIVE="0" /><HOUSE ID="129423450" OBJECTID="43311866" OBJECTGUID="5c8cd285-068b-49a4-ba03-17c25fd1da0a" CHANGEID="691487078" HOUSENUM="113" HOUSETYPE="2" OPERTYPEID="30" PREVID="25872218" NEXTID="0" UPDATEDATE="2025-10-30" STARTDATE="2025-10-30" ENDDATE="2079-06-06" ISACTUAL="1" ISACTIVE="0" /><HOUSE ID="25872218" OBJECTID="43311866" OBJECTGUID="5c8cd285-068b-49a4-ba03-17c25fd1da0a" CHANGEID="65373471" HOUSENUM="113" HOUSETYPE="2" OPERTYPEID="10" PREVID="0" NEXTID="129423450" UPDATEDATE="2025-10-30" STARTDATE="1900-01-01" ENDDATE="2025-10-30" ISACTUAL="0" ISACTIVE="0" /><HOUSE ID="129423451" OBJECTID="43345361" OBJECTGUID="e0303966-12fd-4061-8242-67ac17ed008c" CHANGEID="691487079" HOUSENUM="104" HOUSETYPE="2" OPERTYPEID="30" PREVID="25893862" NEXTID="0" UPDATEDATE="2025-10-30" STARTDATE="2025-10-30" ENDDATE="2079-06-06" ISACTUAL="1" ISACTIVE="0" /><HOUSE ID="25893862" OBJECTID="43345361" OBJECTGUID="e0303966-12fd-4061-8242-67ac17ed008c" CHANGEID="65422503" HOUSENUM="104" HOUSETYPE="2" OPERTYPEID="10" PREVID="0" NEXTID="129423451" UPDATEDATE="2025-10-30" STARTDATE="1900-01-01" ENDDATE="2025-10-30" ISACTUAL="0" ISACTIVE="0" /><HOUSE ID="129423452" OBJECTID="43354546" OBJECTGUID="43bbbc17-b684-40cf-8935-7e437d9e3a1a" CHANGEID="691487080" HOUSENUM="99" HOUSETYPE="2" OPERTYPEID="30" PREVID="25900541" NEXTID="0" UPDATEDATE="2025-10-30" STARTDATE="2025-10-30" ENDDATE="2079-06-06" ISACTUAL="1" ISACTIVE="0" /><HOUSE ID="129423453" OBJECTID="43375485" OBJECTGUID="ed69f4c6-9e9d-45dc-8a39-b5796ce430ca" CHANGEID="691487081" HOUSENUM="105" HOUSETYPE="2" OPERTYPEID="30" PREVID="25914152" NEXTID="0" UPDATEDATE="2025-10-30" STARTDATE="2025-10-30" ENDDATE="2079-06-06" ISACTUAL="1" ISACTIVE="0" /><HOUSE ID="25914152" OBJECTID="43375485" OBJECTGUID="ed69f4c6-9e9d-45dc-8a39-b5796ce430ca" CHANGEID="65466787" HOUSENUM="105" HOUSETYPE="2" OPERTYPEID="10" PREVID="0" NEXTID="129423453" UPDATEDATE="2025-10-30" STARTDATE="1900-01-01" ENDDATE="2025-10-30" ISACTUAL="0" ISACTIVE="0" /><HOUSE ID="129423454" OBJECTID="43379652" OBJECTGUID="6ad30437-9af6-4569-bd43-d3e4de450922" CHANGEID="691487082" HOUSENUM="103" HOUSETYPE="2" OPERTYPEID="30" PREVID="25917499" NEXTID="0" UPDATEDATE="2025-10-30" STARTDATE="2025-10-30" ENDDATE="2079-06-06" ISACTUAL="1" ISACTIVE="0" /><HOUSE ID="25917499" OBJECTID="43379652" OBJECTGUID="6ad30437-9af6-4569-bd43-d3e4de450922" CHANGEID="65473235" HOUSENUM="103" HOUSETYPE="2" OPERTYPEID="10" PREVID="0" NEXTID="129423454" UPDATEDATE="2025-10-30" STARTDATE="1900-01-01" ENDDATE="2025-10-30" ISACTUAL="0" ISACTIVE="0" /><HOUSE ID="129423457" OBJECTID="43308445" OBJECTGUID="fcc16400-bf28-4924-abcb-0dcf2fcf8a88" CHANGEID="691487097" HOUSENUM="46" HOUSETYPE="2" OPERTYPEID="30" PREVID="25869692" NEXTID="0" UPDATEDATE="2025-10-30" STARTDATE="2025-10-30" ENDDATE="2079-06-06" ISACTUAL="1" ISACTIVE="0" /><HOUSE ID="25869692" OBJECTID="43308445" OBJECTGUID="fcc16400-bf28-4924-abcb-0dcf2fcf8a88" CHANGEID="65368129" HOUSENUM="46" HOUSETYPE="2" OPERTYPEID="10" PREVID="0" NEXTID="129423457" UPDATEDATE="2025-10-30" STARTDATE="1900-01-01" ENDDATE="2025-10-30" ISACTUAL="0" ISACTIVE="0" /><HOUSE ID="129423480" OBJECTID="33947018" OBJECTGUID="50951d16-6850-46f8-b3dd-4cee4c15321a" CHANGEID="691487151" HOUSENUM="20" HOUSETYPE="2" OPERTYPEID="30" PREVID="20175611" NEXTID="0" UPDATEDATE="2025-10-30" STARTDATE="2025-10-30" ENDDATE="2079-06-06" ISACTUAL="1" ISACTIVE="0" /><HOUSE ID="129423650" OBJECTID="79956871" OBJECTGUID="c4304be5-b98a-4806-863f-5430e6911d37" CHANGEID="691487854" HOUSENUM="38" HOUSETYPE="2" OPERTYPEID="30" PREVID="48347789" NEXTID="0" UPDATEDATE="2025-10-30" STARTDATE="2025-10-30" ENDDATE="2079-06-06" ISACTUAL="1" ISACTIVE="0" /><HOUSE ID="129423652" OBJECTID="10645289" OBJECTGUID="5f414ad2-9cb5-40b3-88e1-b9deab04565e" CHANGEID="691487858" HOUSENUM="38" HOUSETYPE="2" OPERTYPEID="30" PREVID="5610350" NEXTID="0" UPDATEDATE="2025-10-30" STARTDATE="2025-10-30" ENDDATE="2079-06-06" ISACTUAL="1" ISACTIVE="0" /><HOUSE ID="5610350" OBJECTID="10645289" OBJECTGUID="5f414ad2-9cb5-40b3-88e1-b9deab04565e" CHANGEID="17446493" HOUSENUM="38" HOUSETYPE="2" OPERTYPEID="10" PREVID="0" NEXTID="129423652" UPDATEDATE="2025-10-30" STARTDATE="1900-01-01" ENDDATE="2025-10-30" ISACTUAL="0" ISACTIVE="0" /><HOUSE ID="129423657" OBJECTID="9074546" OBJECTGUID="fc7140df-cacc-4db4-9579-e2557b40355d" CHANGEID="691487888" HOUSENUM="103" HOUSETYPE="2" OPERTYPEID="30" PREVID="4690936" NEXTID="0" UPDATEDATE="2025-10-30" STARTDATE="2025-10-30" ENDDATE="2079-06-06" ISACTUAL="1" ISACTIVE="0" /><HOUSE ID="4690936" OBJECTID="9074546" OBJECTGUID="fc7140df-cacc-4db4-9579-e2557b40355d" CHANGEID="15191565" HOUSENUM="103" HOUSETYPE="2" OPERTYPEID="10" PREVID="0" NEXTID="129423657" UPDATEDATE="2025-10-30" STARTDATE="1900-01-01" ENDDATE="2025-10-30" ISACTUAL="0" ISACTIVE="0" /><HOUSE ID="129423654" OBJECTID="20934882" OBJECTGUID="c6b1656b-b7f3-4718-973e-d8b27bd715b2" CHANGEID="691487864" HOUSENUM="33" HOUSETYPE="2" OPERTYPEID="30" PREVID="12258380" NEXTID="0" UPDATEDATE="2025-10-30" STARTDATE="2025-10-30" ENDDATE="2079-06-06" ISACTUAL="1" ISACTIVE="0" /><HOUSE ID="12258380" OBJECTID="20934882" OBJECTGUID="c6b1656b-b7f3-4718-973e-d8b27bd715b2" CHANGEID="32732350" HOUSENUM="33" HOUSETYPE="2" OPERTYPEID="10" PREVID="0" NEXTID="129423654" UPDATEDATE="2025-10-30" STARTDATE="1900-01-01" ENDDATE="2025-10-30" ISACTUAL="0" ISACTIVE="0" /><HOUSE ID="129423661" OBJECTID="72653887" OBJECTGUID="b615d86a-c636-46ca-aecd-7ec7cb728ad6" CHANGEID="691487900" HOUSENUM="54" HOUSETYPE="2" OPERTYPEID="30" PREVID="43854312" NEXTID="0" UPDATEDATE="2025-10-30" STARTDATE="2025-10-30" ENDDATE="2079-06-06" ISACTUAL="1" ISACTIVE="0" /><HOUSE ID="43854312" OBJECTID="72653887" OBJECTGUID="b615d86a-c636-46ca-aecd-7ec7cb728ad6" CHANGEID="108191461" HOUSENUM="54" HOUSETYPE="2" OPERTYPEID="10" PREVID="0" NEXTID="129423661" UPDATEDATE="2025-10-30" STARTDATE="1900-01-01" ENDDATE="2025-10-30" ISACTUAL="0" ISACTIVE="0" /><HOUSE ID="129423670" OBJECTID="56281049" OBJECTGUID="d6bad622-cd51-4543-8928-f5afa349a472" CHANGEID="691487923" HOUSENUM="26" HOUSETYPE="2" OPERTYPEID="30" PREVID="33670582" NEXTID="0" UPDATEDATE="2025-10-30" STARTDATE="2025-10-30" ENDDATE="2079-06-06" ISACTUAL="1" ISACTIVE="0" /><HOUSE ID="129423667" OBJECTID="52964985" OBJECTGUID="74ca7ac5-f8b5-4aff-8922-66e610d7b980" CHANGEID="691487909" HOUSENUM="17" HOUSETYPE="2" OPERTYPEID="30" PREVID="31634259" NEXTID="0" UPDATEDATE="2025-10-30" STARTDATE="2025-10-30" ENDDATE="2079-06-06" ISACTUAL="1" ISACTIVE="0" /><HOUSE ID="31634259" OBJECTID="52964985" OBJECTGUID="74ca7ac5-f8b5-4aff-8922-66e610d7b980" CHANGEID="79316333" HOUSENUM="17" HOUSETYPE="2" OPERTYPEID="10" PREVID="0" NEXTID="129423667" UPDATEDATE="2025-10-30" STARTDATE="1900-01-01" ENDDATE="2025-10-30" ISACTUAL="0" ISACTIVE="0" /><HOUSE ID="129425998" OBJECTID="32896600" OBJECTGUID="4eddce18-4f78-4b95-8929-0780b1edf791" CHANGEID="691499470" HOUSENUM="5" HOUSETYPE="2" OPERTYPEID="30" PREVID="19551983" NEXTID="0" UPDATEDATE="2025-10-31" STARTDATE="2025-10-31" ENDDATE="2079-06-06" ISACTUAL="1" ISACTIVE="0" /><HOUSE ID="19551983" OBJECTID="32896600" OBJECTGUID="4eddce18-4f78-4b95-8929-0780b1edf791" CHANGEID="50187602" HOUSENUM="5" HOUSETYPE="2" OPERTYPEID="10" PREVID="0" NEXTID="129425998" UPDATEDATE="2025-10-31" STARTDATE="1900-01-01" ENDDATE="2025-10-31" ISACTUAL="0" ISACTIVE="0" /><HOUSE ID="129426000" OBJECTID="27903590" OBJECTGUID="a040a70f-e5bc-41bd-aee7-addc8148302d" CHANGEID="691499478" HOUSENUM="29" HOUSETYPE="2" OPERTYPEID="30" PREVID="16575488" NEXTID="0" UPDATEDATE="2025-10-31" STARTDATE="2025-10-31" ENDDATE="2079-06-06" ISACTUAL="1" ISACTIVE="0" /><HOUSE ID="16575488" OBJECTID="27903590" OBJECTGUID="a040a70f-e5bc-41bd-aee7-addc8148302d" CHANGEID="42969216" HOUSENUM="29" HOUSETYPE="2" OPERTYPEID="10" PREVID="0" NEXTID="129426000" UPDATEDATE="2025-10-31" STARTDATE="1900-01-01" ENDDATE="2025-10-31" ISACTUAL="0" ISACTIVE="0" /><HOUSE ID="129426002" OBJECTID="14232961" OBJECTGUID="27d80199-b88f-4b8f-a18c-5aef56385f0d" CHANGEID="691499480" HOUSENUM="87" HOUSETYPE="2" OPERTYPEID="30" PREVID="54202672" NEXTID="0" UPDATEDATE="2025-10-31" STARTDATE="2025-10-31" ENDDATE="2079-06-06" ISACTUAL="1" ISACTIVE="0" /><HOUSE ID="129426004" OBJECTID="15128146" OBJECTGUID="923fc3ea-0846-4528-8d1e-0faebfcff24b" CHANGEID="691499482" HOUSENUM="41" ADDNUM1="1" HOUSETYPE="2" ADDTYPE1="1" OPERTYPEID="30" PREVID="8510492" NEXTID="0" UPDATEDATE="2025-10-31" STARTDATE="2025-10-31" ENDDATE="2079-06-06" ISACTUAL="1" ISACTIVE="0" /><HOUSE ID="8510492" OBJECTID="15128146" OBJECTGUID="923fc3ea-0846-4528-8d1e-0faebfcff24b" CHANGEID="24126512" HOUSENUM="41" ADDNUM1="1" HOUSETYPE="2" ADDTYPE1="1" OPERTYPEID="10" PREVID="0" NEXTID="129426004" UPDATEDATE="2025-10-31" STARTDATE="1900-01-01" ENDDATE="2025-10-31" ISACTUAL="0" ISACTIVE="0" /><HOUSE ID="129426005" OBJECTID="15923785" OBJECTGUID="68564ea6-1dd3-45ba-a963-3eb1a633257e" CHANGEID="691499486" HOUSENUM="43" HOUSETYPE="2" OPERTYPEID="30" PREVID="9027907" NEXTID="0" UPDATEDATE="2025-10-31" STARTDATE="2025-10-31" ENDDATE="2079-06-06" ISACTUAL="1" ISACTIVE="0" /><HOUSE ID="129426008" OBJECTID="45294001" OBJECTGUID="81e6edd7-4fa1-4469-a29b-d285f12ff77c" CHANGEID="691499492" HOUSENUM="8" ADDNUM1="5" HOUSETYPE="2" ADDTYPE1="1" OPERTYPEID="30" PREVID="27048741" NEXTID="0" UPDATEDATE="2025-10-31" STARTDATE="2025-10-31" ENDDATE="2079-06-06" ISACTUAL="1" ISACTIVE="0" /><HOUSE ID="129426009" OBJECTID="7003307" OBJECTGUID="77e4adb5-8479-4a01-abd9-df359baf7074" CHANGEID="691499494" HOUSENUM="12" HOUSETYPE="2" OPERTYPEID="30" PREVID="3368459" NEXTID="0" UPDATEDATE="2025-10-31" STARTDATE="2025-10-31" ENDDATE="2079-06-06" ISACTUAL="1" ISACTIVE="0" /><HOUSE ID="129425999" OBJECTID="21210599" OBJECTGUID="1e54597b-0d4a-4a7d-9766-262c9ccfdbc5" CHANGEID="691499475" HOUSENUM="5" HOUSETYPE="2" OPERTYPEID="30" PREVID="12437533" NEXTID="0" UPDATEDATE="2025-10-31" STARTDATE="2025-10-31" ENDDATE="2079-06-06" ISACTUAL="1" ISACTIVE="0" /><HOUSE ID="12437533" OBJECTID="21210599" OBJECTGUID="1e54597b-0d4a-4a7d-9766-262c9ccfdbc5" CHANGEID="33145032" HOUSENUM="5" HOUSETYPE="2" OPERTYPEID="10" PREVID="0" NEXTID="129425999" UPDATEDATE="2025-10-31" STARTDATE="1900-01-01" ENDDATE="2025-10-31" ISACTUAL="0" ISACTIVE="0" /><HOUSE ID="129426007" OBJECTID="15941114" OBJECTGUID="685e12c9-f127-447f-9941-ab4ef2d52a2d" CHANGEID="691499489" HOUSENUM="24" HOUSETYPE="2" OPERTYPEID="30" PREVID="9039368" NEXTID="0" UPDATEDATE="2025-10-31" STARTDATE="2025-10-31" ENDDATE="2079-06-06" ISACTUAL="1" ISACTIVE="0" /><HOUSE ID="9039368" OBJECTID="15941114" OBJECTGUID="685e12c9-f127-447f-9941-ab4ef2d52a2d" CHANGEID="25334602" HOUSENUM="24" HOUSETYPE="2" OPERTYPEID="10" PREVID="0" NEXTID="129426007" UPDATEDATE="2025-10-31" STARTDATE="1900-01-01" ENDDATE="2025-10-31" ISACTUAL="0" ISACTIVE="0" /><HOUSE ID="129426321" OBJECTID="175620359" OBJECTGUID="46ea11af-96c6-4d13-86e5-18cad144529d" CHANGEID="691501388" HOUSENUM="24" HOUSETYPE="2" OPERTYPEID="54" PREVID="112041953" NEXTID="0" UPDATEDATE="2025-10-30" STARTDATE="2025-10-31" ENDDATE="2079-06-06" ISACTUAL="1" ISACTIVE="1" /><HOUSE ID="129426322" OBJECTID="175620360" OBJECTGUID="fa3e19f1-d349-4074-aa68-f235716a7df2" CHANGEID="691501390" HOUSENUM="24а" HOUSETYPE="2" OPERTYPEID="54" PREVID="112041954" NEXTID="0" UPDATEDATE="2025-10-30" STARTDATE="2025-10-31" ENDDATE="2079-06-06" ISACTUAL="1" ISACTIVE="1" /><HOUSE ID="129426323" OBJECTID="53847868" OBJECTGUID="f0e7a503-b552-48ab-9b81-f0e5a37cb07b" CHANGEID="691501391" HOUSENUM="24" HOUSETYPE="2" OPERTYPEID="55" PREVID="68445451" UPDATEDATE="2025-10-31" STARTDATE="2025-10-31" ENDDATE="2079-06-06" ISACTUAL="1" ISACTIVE="0" /><HOUSE ID="129426329" OBJECTID="66971791" OBJECTGUID="f5182f95-3714-4ec6-bd4c-3ce0ff2f491a" CHANGEID="691501402" HOUSENUM="37б" HOUSETYPE="2" OPERTYPEID="20" PREVID="68741752" UPDATEDATE="2025-10-31" STARTDATE="2025-10-31" ENDDATE="2079-06-06" ISACTUAL="1" ISACTIVE="1" /><HOUSE ID="129427849" OBJECTID="175625500" OBJECTGUID="70d181f6-cea2-4a00-acb6-62259629ce17" CHANGEID="691509955" HOUSENUM="18" HOUSETYPE="7" OPERTYPEID="10" PREVID="0" NEXTID="0" UPDATEDATE="2025-10-31" STARTDATE="2025-10-31" ENDDATE="2079-06-06" ISACTUAL="1" ISACTIVE="1" /><HOUSE ID="129427878" OBJECTID="175625564" OBJECTGUID="7fd38b64-e2c1-4731-935d-a0cc25b9bf98" CHANGEID="691510061" HOUSENUM="11" HOUSETYPE="7" OPERTYPEID="10" PREVID="0" NEXTID="0" UPDATEDATE="2025-10-31" STARTDATE="2025-10-31" ENDDATE="2079-06-06" ISACTUAL="1" ISACTIVE="1" /><HOUSE ID="129427884" OBJECTID="175625577" OBJECTGUID="57f45b85-d325-4c69-8f48-1bb5dadd4357" CHANGEID="691510089" HOUSENUM="3" HOUSETYPE="7" OPERTYPEID="10" PREVID="0" NEXTID="0" UPDATEDATE="2025-10-31" STARTDATE="2025-10-31" ENDDATE="2079-06-06" ISACTUAL="1" ISACTIVE="1" /><HOUSE ID="129429118" OBJECTID="175629413" OBJECTGUID="2353adbc-d547-4744-a4ec-5b581f5ea4d8" CHANGEID="691515846" HOUSENUM="17А" HOUSETYPE="2" OPERTYPEID="10" PREVID="0" NEXTID="0" UPDATEDATE="2025-10-31" STARTDATE="2025-10-31" ENDDATE="2079-06-06" ISACTUAL="1" ISACTIVE="1" /><HOUSE ID="129429129" OBJECTID="55156906" OBJECTGUID="5b632165-6e3d-42fd-b699-bb23a8959f8e" CHANGEID="691515911" HOUSENUM="20" HOUSETYPE="2" OPERTYPEID="30" PREVID="32945714" NEXTID="0" UPDATEDATE="2025-10-31" STARTDATE="2025-10-31" ENDDATE="2079-06-06" ISACTUAL="1" ISACTIVE="0" /><HOUSE ID="129429522" OBJECTID="160415664" OBJECTGUID="02d5eb02-d51b-4b6d-9481-e2f519d774c1" CHANGEID="691517727" HOUSENUM="344" HOUSETYPE="2" OPERTYPEID="50" PREVID="124836373" UPDATEDATE="2025-10-31" STARTDATE="2025-10-31" ENDDATE="2079-06-06" ISACTUAL="1" ISACTIVE="1" /><HOUSE ID="129429585" OBJECTID="175630977" OBJECTGUID="bfe2101e-1ad6-4086-bee8-64cd56296de2" CHANGEID="691518097" HOUSENUM="55" HOUSETYPE="2" OPERTYPEID="10" PREVID="0" NEXTID="0" UPDATEDATE="2025-10-31" STARTDATE="2025-10-31" ENDDATE="2079-06-06" ISACTUAL="1" ISACTIVE="1" /><HOUSE ID="129429594" OBJECTID="175630993" OBJECTGUID="4580bcf1-950b-41d4-96dc-a1e30ffbf70a" CHANGEID="691518172" HOUSENUM="22" HOUSETYPE="7" OPERTYPEID="10" PREVID="0" NEXTID="0" UPDATEDATE="2025-10-31" STARTDATE="2025-10-31" ENDDATE="2079-06-06" ISACTUAL="1" ISACTIVE="1" /><HOUSE ID="129429595" OBJECTID="175630994" OBJECTGUID="4cbdef71-0928-47ab-bc14-fa1cc8597286" CHANGEID="691518173" HOUSENUM="6" HOUSETYPE="7" OPERTYPEID="10" PREVID="0" NEXTID="0" UPDATEDATE="2025-10-31" STARTDATE="2025-10-31" ENDDATE="2079-06-06" ISACTUAL="1" ISACTIVE="1" /><HOUSE ID="129429914" OBJECTID="22670992" OBJECTGUID="4aab756a-41a8-43f1-8f18-ba8ebb3c2e0c" CHANGEID="691519876" HOUSENUM="3в" HOUSETYPE="2" OPERTYPEID="60" PREVID="56668613" UPDATEDATE="2025-10-31" STARTDATE="2025-10-31" ENDDATE="2079-06-06" ISACTUAL="1" ISACTIVE="0" /><HOUSE ID="56668613" OBJECTID="22670992" OBJECTGUID="4aab756a-41a8-43f1-8f18-ba8ebb3c2e0c" CHANGEID="35318048" HOUSENUM="3в" HOUSETYPE="2" OPERTYPEID="20" PREVID="13381285" NEXTID="129429914" UPDATEDATE="2025-10-31" STARTDATE="2018-07-10" ENDDATE="2025-10-31" ISACTUAL="0" ISACTIVE="0" /><HOUSE ID="129429915" OBJECTID="175632071" OBJECTGUID="a709d3c7-785d-4826-9411-2bcf0c24df3e" CHANGEID="691519877" HOUSENUM="3в/2" HOUSETYPE="2" OPERTYPEID="61" PREVID="129429914" NEXTID="0" UPDATEDATE="2025-10-31" STARTDATE="2025-10-31" ENDDATE="2079-06-06" ISACTUAL="1" ISACTIVE="1" /><HOUSE ID="129429916" OBJECTID="175632072" OBJECTGUID="f0f0d48e-76b0-42fb-abd6-7fd535bcb3a6" CHANGEID="691519878" HOUSENUM="3в/1" HOUSETYPE="2" OPERTYPEID="61" PREVID="129429914" NEXTID="0" UPDATEDATE="2025-10-31" STARTDATE="2025-10-31" ENDDATE="2079-06-06" ISACTUAL="1" ISACTIVE="1" /><HOUSE ID="129429927" OBJECTID="175632109" OBJECTGUID="6bebcbbc-3349-4821-8bd2-d8f8341d6b20" CHANGEID="691519940" HOUSENUM="834" HOUSETYPE="2" OPERTYPEID="10" PREVID="0" NEXTID="0" UPDATEDATE="2025-10-31" STARTDATE="2025-10-31" ENDDATE="2079-06-06" ISACTUAL="1" ISACTIVE="1" /><HOUSE ID="129429940" OBJECTID="175632199" OBJECTGUID="f9d7a229-6854-4859-b9a4-1aa499199fc3" CHANGEID="691520062" HOUSENUM="169" HOUSETYPE="2" OPERTYPEID="10" PREVID="0" NEXTID="0" UPDATEDATE="2025-10-31" STARTDATE="2025-10-31" ENDDATE="2079-06-06" ISACTUAL="1" ISACTIVE="1" /><HOUSE ID="129430018" OBJECTID="175632632" OBJECTGUID="1f0681b2-6d28-4dc0-a2d5-4152e911359a" CHANGEID="691520768" HOUSENUM="15" HOUSETYPE="2" OPERTYPEID="10" PREVID="0" NEXTID="0" UPDATEDATE="2025-10-31" STARTDATE="2025-10-31" ENDDATE="2079-06-06" ISACTUAL="1" ISACTIVE="1" /><HOUSE ID="129430253" OBJECTID="175633943" OBJECTGUID="3ac230e6-917f-4b7b-b603-4ee99d9efef6" CHANGEID="691522829" HOUSENUM="7" HOUSETYPE="7" OPERTYPEID="10" PREVID="0" NEXTID="0" UPDATEDATE="2025-10-31" STARTDATE="2025-10-31" ENDDATE="2079-06-06" ISACTUAL="1" ISACTIVE="1" /><HOUSE ID="129430510" OBJECTID="175634833" OBJECTGUID="d49b654d-55ac-4319-8198-36392143556b" CHANGEID="691524102" HOUSENUM="44" HOUSETYPE="2" OPERTYPEID="10" PREVID="0" NEXTID="0" UPDATEDATE="2025-10-31" STARTDATE="2025-10-31" ENDDATE="2079-06-06" ISACTUAL="1" ISACTIVE="1" /><HOUSE ID="129430518" OBJECTID="175634859" OBJECTGUID="5c70d627-3a72-4cd8-8741-bd9ca5e768ac" CHANGEID="691524165" HOUSENUM="37" HOUSETYPE="2" OPERTYPEID="10" PREVID="0" NEXTID="0" UPDATEDATE="2025-10-31" STARTDATE="2025-10-31" ENDDATE="2079-06-06" ISACTUAL="1" ISACTIVE="1" /><HOUSE ID="129430530" OBJECTID="175634887" OBJECTGUID="a3b27fd0-d61b-4785-8b61-b1073751e65b" CHANGEID="691524236" HOUSENUM="19" HOUSETYPE="2" OPERTYPEID="10" PREVID="0" NEXTID="0" UPDATEDATE="2025-10-31" STARTDATE="2025-10-31" ENDDATE="2079-06-06" ISACTUAL="1" ISACTIVE="1" /><HOUSE ID="129430543" OBJECTID="175634943" OBJECTGUID="8d153fc5-2dcd-41eb-95dd-9ff6bd013883" CHANGEID="691524326" HOUSENUM="2" HOUSETYPE="2" OPERTYPEID="10" PREVID="0" NEXTID="0" UPDATEDATE="2025-10-31" STARTDATE="2025-10-31" ENDDATE="2079-06-06" ISACTUAL="1" ISACTIVE="1" /><HOUSE ID="129431006" OBJECTID="175636290" OBJECTGUID="7dd5c834-c388-4024-8f90-4033f2898f93" CHANGEID="691526733" HOUSENUM="3" HOUSETYPE="2" OPERTYPEID="10" PREVID="0" NEXTID="0" UPDATEDATE="2025-10-31" STARTDATE="2025-10-31" ENDDATE="2079-06-06" ISACTUAL="1" ISACTIVE="1" /><HOUSE ID="129434374" OBJECTID="175650306" OBJECTGUID="b790a857-7534-4855-8146-628fe04fd43a" CHANGEID="691565096" HOUSENUM="34" ADDNUM1="1" HOUSETYPE="2" ADDTYPE1="2" OPERTYPEID="10" PREVID="0" NEXTID="0" UPDATEDATE="2025-11-01" STARTDATE="2025-11-01" ENDDATE="2079-06-06" ISACTUAL="1" ISACTIVE="1" /><HOUSE ID="129434881" OBJECTID="175653117" OBJECTGUID="5c2c4a65-43d5-4c23-bdf8-1616e266126a" CHANGEID="691568884" HOUSENUM="36/1" HOUSETYPE="2" OPERTYPEID="54" PREVID="112053572" NEXTID="0" UPDATEDATE="2025-11-01" STARTDATE="2025-11-01" ENDDATE="2079-06-06" ISACTUAL="1" ISACTIVE="1" /><HOUSE ID="129434882" OBJECTID="175653118" OBJECTGUID="d5319e59-5782-4b92-a6e9-05387294e354" CHANGEID="691568886" HOUSENUM="36/2" HOUSETYPE="2" OPERTYPEID="54" PREVID="112053573" NEXTID="0" UPDATEDATE="2025-11-01" STARTDATE="2025-11-01" ENDDATE="2079-06-06" ISACTUAL="1" ISACTIVE="1" /><HOUSE ID="129434883" OBJECTID="44037061" OBJECTGUID="a686bf1b-1c31-471c-baa2-6e8e0e4e6cb1" CHANGEID="691568887" HOUSENUM="36" HOUSETYPE="2" OPERTYPEID="55" PREVID="63179221" UPDATEDATE="2025-11-01" STARTDATE="2025-11-01" ENDDATE="2079-06-06" ISACTUAL="1" ISACTIVE="0" /><HOUSE ID="129435577" OBJECTID="175655060" OBJECTGUID="7ad454b9-2ca4-4d06-bf79-1a114d895eb8" CHANGEID="691572014" HOUSENUM="2" HOUSETYPE="5" OPERTYPEID="10" PREVID="0" NEXTID="0" UPDATEDATE="2025-11-01" STARTDATE="2025-11-01" ENDDATE="2079-06-06" ISACTUAL="1" ISACTIVE="1" /><HOUSE ID="129436337" OBJECTID="175657435" OBJECTGUID="68d2494d-ca42-4e33-ab22-ce11b04be843" CHANGEID="691575847" HOUSENUM="36" HOUSETYPE="2" OPERTYPEID="10" PREVID="0" NEXTID="0" UPDATEDATE="2025-11-01" STARTDATE="2025-11-01" ENDDATE="2079-06-06" ISACTUAL="1" ISACTIVE="1" /><HOUSE ID="129436396" OBJECTID="175657610" OBJECTGUID="70a7b473-ff45-4bb9-82d5-a91aaed42706" CHANGEID="691576191" HOUSENUM="4А" HOUSETYPE="2" OPERTYPEID="10" PREVID="0" NEXTID="0" UPDATEDATE="2025-11-01" STARTDATE="2025-11-01" ENDDATE="2079-06-06" ISACTUAL="1" ISACTIVE="1" /><HOUSE ID="129436412" OBJECTID="175657642" OBJECTGUID="9eb6b92a-c858-4517-b57a-e5b8dbd29db8" CHANGEID="691576253" HOUSENUM="5б" HOUSETYPE="2" OPERTYPEID="10" PREVID="0" NEXTID="0" UPDATEDATE="2025-11-01" STARTDATE="2025-11-01" ENDDATE="2079-06-06" ISACTUAL="1" ISACTIVE="1" /><HOUSE ID="129437283" OBJECTID="52865724" OBJECTGUID="f4456f24-5a12-4f43-940a-fdfe74ae3f40" CHANGEID="691580543" HOUSENUM="12" HOUSETYPE="2" OPERTYPEID="30" PREVID="31577321" NEXTID="0" UPDATEDATE="2025-11-01" STARTDATE="2025-11-01" ENDDATE="2079-06-06" ISACTUAL="1" ISACTIVE="0" /><HOUSE ID="31577321" OBJECTID="52865724" OBJECTGUID="f4456f24-5a12-4f43-940a-fdfe74ae3f40" CHANGEID="79174145" HOUSENUM="12" HOUSETYPE="2" OPERTYPEID="10" PREVID="0" NEXTID="129437283" UPDATEDATE="2025-11-01" STARTDATE="1900-01-01" ENDDATE="2025-11-01" ISACTUAL="0" ISACTIVE="0" /><HOUSE ID="129437288" OBJECTID="10270201" OBJECTGUID="5da2a418-eb2a-4d74-9437-cffd458d9a20" CHANGEID="691580561" HOUSENUM="35" HOUSETYPE="2" OPERTYPEID="30" PREVID="58012887" NEXTID="0" UPDATEDATE="2025-11-01" STARTDATE="2025-11-01" ENDDATE="2079-06-06" ISACTUAL="1" ISACTIVE="0" /><HOUSE ID="129437292" OBJECTID="38856959" OBJECTGUID="430b7195-dd88-438b-979f-3d9705ba19af" CHANGEID="691580588" HOUSENUM="25" HOUSETYPE="2" OPERTYPEID="30" PREVID="23226424" NEXTID="0" UPDATEDATE="2025-11-01" STARTDATE="2025-11-01" ENDDATE="2079-06-06" ISACTUAL="1" ISACTIVE="0" /><HOUSE ID="23226424" OBJECTID="38856959" OBJECTGUID="430b7195-dd88-438b-979f-3d9705ba19af" CHANGEID="58895688" HOUSENUM="25" HOUSETYPE="2" OPERTYPEID="10" PREVID="0" NEXTID="129437292" UPDATEDATE="2025-11-01" STARTDATE="1900-01-01" ENDDATE="2025-11-01" ISACTUAL="0" ISACTIVE="0" /><HOUSE ID="129437296" OBJECTID="55375948" OBJECTGUID="cd8dcac5-df20-4a38-afb1-ba6e7247261b" CHANGEID="691580661" HOUSENUM="6" HOUSETYPE="2" OPERTYPEID="30" PREVID="33090468" NEXTID="0" UPDATEDATE="2025-11-01" STARTDATE="2025-11-01" ENDDATE="2079-06-06" ISACTUAL="1" ISACTIVE="0" /><HOUSE ID="33090468" OBJECTID="55375948" OBJECTGUID="cd8dcac5-df20-4a38-afb1-ba6e7247261b" CHANGEID="82826848" HOUSENUM="6" HOUSETYPE="2" OPERTYPEID="10" PREVID="0" NEXTID="129437296" UPDATEDATE="2025-11-01" STARTDATE="1900-01-01" ENDDATE="2025-11-01" ISACTUAL="0" ISACTIVE="0" /><HOUSE ID="129437299" OBJECTID="45590108" OBJECTGUID="c11d84fc-64b0-4c99-9c4a-2b09ad1e6767" CHANGEID="691580681" HOUSENUM="2" HOUSETYPE="2" OPERTYPEID="30" PREVID="27237583" NEXTID="0" UPDATEDATE="2025-11-01" STARTDATE="2025-11-01" ENDDATE="2079-06-06" ISACTUAL="1" ISACTIVE="0" /><HOUSE ID="129437319" OBJECTID="45467759" OBJECTGUID="f8ebdcfb-a165-48ef-b8ac-cd9d098191aa" CHANGEID="691580793" HOUSENUM="16" HOUSETYPE="2" OPERTYPEID="30" PREVID="27162211" NEXTID="0" UPDATEDATE="2025-11-01" STARTDATE="2025-11-01" ENDDATE="2079-06-06" ISACTUAL="1" ISACTIVE="0" /><HOUSE ID="27162211" OBJECTID="45467759" OBJECTGUID="f8ebdcfb-a165-48ef-b8ac-cd9d098191aa" CHANGEID="68490121" HOUSENUM="16" HOUSETYPE="2" OPERTYPEID="10" PREVID="0" NEXTID="129437319" UPDATEDATE="2025-11-01" STARTDATE="1900-01-01" ENDDATE="2025-11-01" ISACTUAL="0" ISACTIVE="0" /><HOUSE ID="129437324" OBJECTID="42865219" OBJECTGUID="a3fa4637-aa2b-4a58-b62d-54b753457a58" CHANGEID="691580809" HOUSENUM="25" HOUSETYPE="2" OPERTYPEID="30" PREVID="25606223" NEXTID="0" UPDATEDATE="2025-11-01" STARTDATE="2025-11-01" ENDDATE="2079-06-06" ISACTUAL="1" ISACTIVE="0" /><HOUSE ID="129437350" OBJECTID="14629765" OBJECTGUID="8118314b-eb32-42da-be60-86f00719621a" CHANGEID="691580849" HOUSENUM="8" HOUSETYPE="2" OPERTYPEID="30" PREVID="8179606" NEXTID="0" UPDATEDATE="2025-11-01" STARTDATE="2025-11-01" ENDDATE="2079-06-06" ISACTUAL="1" ISACTIVE="0" /><HOUSE ID="129437353" OBJECTID="20179595" OBJECTGUID="185f1a96-1046-4717-90c8-8b9fd3ac32a4" CHANGEID="691580855" HOUSENUM="280" ADDNUM1="1" HOUSETYPE="2" ADDTYPE1="1" OPERTYPEID="30" PREVID="11760108" NEXTID="0" UPDATEDATE="2025-11-01" STARTDATE="2025-11-01" ENDDATE="2079-06-06" ISACTUAL="1" ISACTIVE="0" /><HOUSE ID="129437356" OBJECTID="34116166" OBJECTGUID="83ec1040-7735-4a34-8039-0f3a6b01882d" CHANGEID="691580863" HOUSENUM="80" HOUSETYPE="2" OPERTYPEID="30" PREVID="20289780" NEXTID="0" UPDATEDATE="2025-11-01" STARTDATE="2025-11-01" ENDDATE="2079-06-06" ISACTUAL="1" ISACTIVE="0" /><HOUSE ID="20289780" OBJECTID="34116166" OBJECTGUID="83ec1040-7735-4a34-8039-0f3a6b01882d" CHANGEID="51960735" HOUSENUM="80" HOUSETYPE="2" OPERTYPEID="10" PREVID="0" NEXTID="129437356" UPDATEDATE="2025-11-01" STARTDATE="1900-01-01" ENDDATE="2025-11-01" ISACTUAL="0" ISACTIVE="0" /><HOUSE ID="129437364" OBJECTID="12896611" OBJECTGUID="811c42b0-7e31-4d92-ae26-82e060ddaa65" CHANGEID="691580875" HOUSENUM="54" HOUSETYPE="2" OPERTYPEID="30" PREVID="7001016" NEXTID="0" UPDATEDATE="2025-11-01" STARTDATE="2025-11-01" ENDDATE="2079-06-06" ISACTUAL="1" ISACTIVE="0" /><HOUSE ID="129437610" OBJECTID="4081619" OBJECTGUID="69f06677-0bee-485e-9f82-6849c1e8a00a" CHANGEID="691582341" HOUSENUM="3" HOUSETYPE="2" OPERTYPEID="30" PREVID="1576048" NEXTID="0" UPDATEDATE="2025-11-01" STARTDATE="2025-11-01" ENDDATE="2079-06-06" ISACTUAL="1" ISACTIVE="0" /><HOUSE ID="1576048" OBJECTID="4081619" OBJECTGUID="69f06677-0bee-485e-9f82-6849c1e8a00a" CHANGEID="7858774" HOUSENUM="3" HOUSETYPE="2" OPERTYPEID="10" PREVID="0" NEXTID="129437610" UPDATEDATE="2025-11-01" STARTDATE="1900-01-01" ENDDATE="2025-11-01" ISACTUAL="0" ISACTIVE="0" /><HOUSE ID="129437611" OBJECTID="57296655" OBJECTGUID="b30cd922-dbce-49d7-946f-138ce8296623" CHANGEID="691582343" HOUSENUM="25" HOUSETYPE="2" OPERTYPEID="30" PREVID="34300094" NEXTID="0" UPDATEDATE="2025-11-01" STARTDATE="2025-11-01" ENDDATE="2079-06-06" ISACTUAL="1" ISACTIVE="0" /><HOUSE ID="34300094" OBJECTID="57296655" OBJECTGUID="b30cd922-dbce-49d7-946f-138ce8296623" CHANGEID="85673497" HOUSENUM="25" HOUSETYPE="2" OPERTYPEID="10" PREVID="0" NEXTID="129437611" UPDATEDATE="2025-11-01" STARTDATE="1900-01-01" ENDDATE="2025-11-01" ISACTUAL="0" ISACTIVE="0" /><HOUSE ID="129437628" OBJECTID="175661506" OBJECTGUID="3d2c9b9e-ff6f-4724-ac36-7adee34bcbfd" CHANGEID="691582481" HOUSENUM="29" HOUSETYPE="2" OPERTYPEID="10" PREVID="0" NEXTID="0" UPDATEDATE="2025-11-01" STARTDATE="2025-11-01" ENDDATE="2079-06-06" ISACTUAL="1" ISACTIVE="1" /><HOUSE ID="129439815" OBJECTID="44734435" OBJECTGUID="2a864deb-4bf2-4e7a-bd2c-90ccce9bad9f" CHANGEID="691592823" HOUSENUM="581" HOUSETYPE="2" OPERTYPEID="30" PREVID="26725202" NEXTID="0" UPDATEDATE="2025-11-01" STARTDATE="2025-11-01" ENDDATE="2079-06-06" ISACTUAL="1" ISACTIVE="0" /><HOUSE ID="26725202" OBJECTID="44734435" OBJECTGUID="2a864deb-4bf2-4e7a-bd2c-90ccce9bad9f" CHANGEID="67429454" HOUSENUM="581" HOUSETYPE="2" OPERTYPEID="10" PREVID="0" NEXTID="129439815" UPDATEDATE="2025-11-01" STARTDATE="2018-12-25" ENDDATE="2025-11-01" ISACTUAL="0" ISACTIVE="0" /><HOUSE ID="26724443" OBJECTID="44733012" OBJECTGUID="3e3f65ad-4b9b-4838-818a-7385f217ba65" CHANGEID="67427511" HOUSENUM="3" HOUSETYPE="2" OPERTYPEID="10" PREVID="0" NEXTID="129439819" UPDATEDATE="2025-11-01" STARTDATE="2018-12-25" ENDDATE="2025-11-01" ISACTUAL="0" ISACTIVE="0" /><HOUSE ID="129439819" OBJECTID="44733012" OBJECTGUID="3e3f65ad-4b9b-4838-818a-7385f217ba65" CHANGEID="691592871" HOUSENUM="3" HOUSETYPE="7" OPERTYPEID="20" PREVID="26724443" UPDATEDATE="2025-11-01" STARTDATE="2025-11-01" ENDDATE="2079-06-06" ISACTUAL="1" ISACTIVE="1" /><HOUSE ID="129439823" OBJECTID="44729599" OBJECTGUID="bcce8b51-efa2-4c0c-b0d2-26905d568996" CHANGEID="691592877" HOUSENUM="4" HOUSETYPE="7" OPERTYPEID="20" PREVID="26722338" UPDATEDATE="2025-11-01" STARTDATE="2025-11-01" ENDDATE="2079-06-06" ISACTUAL="1" ISACTIVE="1" /><HOUSE ID="26725123" OBJECTID="44734270" OBJECTGUID="c3c64a35-63fa-4ebe-a439-80b1ed95b403" CHANGEID="67429238" HOUSENUM="5" HOUSETYPE="2" OPERTYPEID="10" PREVID="0" NEXTID="129439825" UPDATEDATE="2025-11-01" STARTDATE="2018-12-25" ENDDATE="2025-11-01" ISACTUAL="0" ISACTIVE="0" /><HOUSE ID="129439825" OBJECTID="44734270" OBJECTGUID="c3c64a35-63fa-4ebe-a439-80b1ed95b403" CHANGEID="691592883" HOUSENUM="5" HOUSETYPE="7" OPERTYPEID="20" PREVID="26725123" UPDATEDATE="2025-11-01" STARTDATE="2025-11-01" ENDDATE="2079-06-06" ISACTUAL="1" ISACTIVE="1" /><HOUSE ID="26724181" OBJECTID="44732526" OBJECTGUID="d7b8dca1-f635-40b1-abcd-7076c5d685be" CHANGEID="67426871" HOUSENUM="6" HOUSETYPE="2" OPERTYPEID="10" PREVID="0" NEXTID="129439828" UPDATEDATE="2025-11-01" STARTDATE="2018-12-25" ENDDATE="2025-11-01" ISACTUAL="0" ISACTIVE="0" /><HOUSE ID="129439828" OBJECTID="44732526" OBJECTGUID="d7b8dca1-f635-40b1-abcd-7076c5d685be" CHANGEID="691592888" HOUSENUM="6" HOUSETYPE="7" OPERTYPEID="20" PREVID="26724181" UPDATEDATE="2025-11-01" STARTDATE="2025-11-01" ENDDATE="2079-06-06" ISACTUAL="1" ISACTIVE="1" /><HOUSE ID="129439831" OBJECTID="44730578" OBJECTGUID="3c2d6cbe-f90b-4883-9af1-404366f00d43" CHANGEID="691592894" HOUSENUM="7" HOUSETYPE="7" OPERTYPEID="20" PREVID="26723202" UPDATEDATE="2025-11-01" STARTDATE="2025-11-01" ENDDATE="2079-06-06" ISACTUAL="1" ISACTIVE="1" /><HOUSE ID="129439836" OBJECTID="44720885" OBJECTGUID="c3d4cd3e-69d4-4f93-8cbc-fe693f9744a6" CHANGEID="691592920" HOUSENUM="8" HOUSETYPE="7" OPERTYPEID="20" PREVID="65254932" UPDATEDATE="2025-11-01" STARTDATE="2025-11-01" ENDDATE="2079-06-06" ISACTUAL="1" ISACTIVE="1" /><HOUSE ID="129439841" OBJECTID="175667349" OBJECTGUID="b7a8945f-b260-4ae6-b42b-ddfa5e2d29d4" CHANGEID="691592930" HOUSENUM="9" HOUSETYPE="8" OPERTYPEID="10" PREVID="0" NEXTID="0" UPDATEDATE="2025-11-01" STARTDATE="2025-11-01" ENDDATE="2079-06-06" ISACTUAL="1" ISACTIVE="1" /><HOUSE ID="129439852" OBJECTID="175667380" OBJECTGUID="923c3b2c-93d7-442f-bcd9-f59ff09b24fc" CHANGEID="691592977" HOUSENUM="12" HOUSETYPE="8" OPERTYPEID="10" PREVID="0" NEXTID="0" UPDATEDATE="2025-11-01" STARTDATE="2025-11-01" ENDDATE="2079-06-06" ISACTUAL="1" ISACTIVE="1" /><HOUSE ID="129439847" OBJECTID="175667361" OBJECTGUID="f9d0147a-1e6c-405c-a5de-55835f58397c" CHANGEID="691592946" HOUSENUM="10" ADDNUM1="1" HOUSETYPE="8" ADDTYPE1="1" OPERTYPEID="10" PREVID="0" NEXTID="0" UPDATEDATE="2025-11-01" STARTDATE="2025-11-01" ENDDATE="2079-06-06" ISACTUAL="1" ISACTIVE="1" /><HOUSE ID="129439848" OBJECTID="175667362" OBJECTGUID="306979ad-8c61-42bf-be91-5b63464651ab" CHANGEID="691592947" HOUSENUM="10" HOUSETYPE="8" OPERTYPEID="10" PREVID="0" NEXTID="0" UPDATEDATE="2025-11-01" STARTDATE="2025-11-01" ENDDATE="2079-06-06" ISACTUAL="1" ISACTIVE="1" /><HOUSE ID="26728949" OBJECTID="44740944" OBJECTGUID="3d097ac8-230f-480f-ad6e-e3932fc059a6" CHANGEID="67438612" HOUSENUM="11" HOUSETYPE="2" OPERTYPEID="10" PREVID="0" NEXTID="129439849" UPDATEDATE="2025-11-01" STARTDATE="2018-12-25" ENDDATE="2025-11-01" ISACTUAL="0" ISACTIVE="0" /><HOUSE ID="129439849" OBJECTID="44740944" OBJECTGUID="3d097ac8-230f-480f-ad6e-e3932fc059a6" CHANGEID="691592959" HOUSENUM="11" HOUSETYPE="7" OPERTYPEID="20" PREVID="26728949" UPDATEDATE="2025-11-01" STARTDATE="2025-11-01" ENDDATE="2079-06-06" ISACTUAL="1" ISACTIVE="1" /><HOUSE ID="129440228" OBJECTID="175668235" OBJECTGUID="743e367e-bc61-4a37-9339-5a531a698628" CHANGEID="691594119" HOUSENUM="15" HOUSETYPE="8" OPERTYPEID="10" PREVID="0" NEXTID="0" UPDATEDATE="2025-11-01" STARTDATE="2025-11-01" ENDDATE="2079-06-06" ISACTUAL="1" ISACTIVE="1" /><HOUSE ID="129440223" OBJECTID="44739888" OBJECTGUID="87a9f4a5-3d14-40eb-9143-d664164996e1" CHANGEID="691594064" HOUSENUM="13" HOUSETYPE="7" OPERTYPEID="20" PREVID="26728328" UPDATEDATE="2025-11-01" STARTDATE="2025-11-01" ENDDATE="2079-06-06" ISACTUAL="1" ISACTIVE="1" /><HOUSE ID="129440531" OBJECTID="175668827" OBJECTGUID="dcd8d8ba-180c-4112-b21c-fd000f2d982a" CHANGEID="691595004" HOUSENUM="18" HOUSETYPE="7" OPERTYPEID="10" PREVID="0" NEXTID="0" UPDATEDATE="2025-11-01" STARTDATE="2025-11-01" ENDDATE="2079-06-06" ISACTUAL="1" ISACTIVE="1" /><HOUSE ID="129440535" OBJECTID="175668836" OBJECTGUID="5111a204-4da4-490c-9891-d22c807f1a98" CHANGEID="691595020" HOUSENUM="20" HOUSETYPE="7" OPERTYPEID="10" PREVID="0" NEXTID="0" UPDATEDATE="2025-11-01" STARTDATE="2025-11-01" ENDDATE="2079-06-06" ISACTUAL="1" ISACTIVE="1" /><HOUSE ID="129440538" OBJECTID="44741738" OBJECTGUID="94a25b4d-bab4-4677-b2e4-e8de1fa1b6dd" CHANGEID="691595024" HOUSENUM="21" HOUSETYPE="7" OPERTYPEID="20" PREVID="26729452" UPDATEDATE="2025-11-01" STARTDATE="2025-11-01" ENDDATE="2079-06-06" ISACTUAL="1" ISACTIVE="1" /><HOUSE ID="129440543" OBJECTID="175668845" OBJECTGUID="15ef405e-89dc-4d64-a2ec-82d2e8f38bdb" CHANGEID="691595033" HOUSENUM="25" HOUSETYPE="2" OPERTYPEID="10" PREVID="0" NEXTID="0" UPDATEDATE="2025-11-01" STARTDATE="2025-11-01" ENDDATE="2079-06-06" ISACTUAL="1" ISACTIVE="1" /><HOUSE ID="26730069" OBJECTID="44743183" OBJECTGUID="91d82863-0ccb-4f53-8282-fc746cc83b4a" CHANGEID="67441734" HOUSENUM="25" HOUSETYPE="2" OPERTYPEID="10" PREVID="0" NEXTID="129440548" UPDATEDATE="2025-11-01" STARTDATE="2018-12-25" ENDDATE="2025-11-01" ISACTUAL="0" ISACTIVE="0" /><HOUSE ID="129440548" OBJECTID="44743183" OBJECTGUID="91d82863-0ccb-4f53-8282-fc746cc83b4a" CHANGEID="691595062" HOUSENUM="25" HOUSETYPE="7" OPERTYPEID="20" PREVID="26730069" UPDATEDATE="2025-11-01" STARTDATE="2025-11-01" ENDDATE="2079-06-06" ISACTUAL="1" ISACTIVE="1" /><HOUSE ID="129440540" OBJECTID="175668840" OBJECTGUID="ad9eb14f-c9b7-41a9-80cd-faa99d0f784c" CHANGEID="691595027" HOUSENUM="22" HOUSETYPE="7" OPERTYPEID="10" PREVID="0" NEXTID="0" UPDATEDATE="2025-11-01" STARTDATE="2025-11-01" ENDDATE="2079-06-06" ISACTUAL="1" ISACTIVE="1" /><HOUSE ID="26722895" OBJECTID="44730242" OBJECTGUID="e257eff6-4d46-454e-a2a8-34954c072b75" CHANGEID="67423610" HOUSENUM="23" HOUSETYPE="2" OPERTYPEID="10" PREVID="0" NEXTID="129440542" UPDATEDATE="2025-11-01" STARTDATE="2018-12-25" ENDDATE="2025-11-01" ISACTUAL="0" ISACTIVE="0" /><HOUSE ID="129440542" OBJECTID="44730242" OBJECTGUID="e257eff6-4d46-454e-a2a8-34954c072b75" CHANGEID="691595032" HOUSENUM="23" HOUSETYPE="7" OPERTYPEID="20" PREVID="26722895" UPDATEDATE="2025-11-01" STARTDATE="2025-11-01" ENDDATE="2079-06-06" ISACTUAL="1" ISACTIVE="1" /><HOUSE ID="129440545" OBJECTID="175668848" OBJECTGUID="e5037741-3665-4199-a11f-7387712dce52" CHANGEID="691595036" HOUSENUM="24" HOUSETYPE="7" OPERTYPEID="10" PREVID="0" NEXTID="0" UPDATEDATE="2025-11-01" STARTDATE="2025-11-01" ENDDATE="2079-06-06" ISACTUAL="1" ISACTIVE="1" /><HOUSE ID="129440546" OBJECTID="175668871" OBJECTGUID="87cf0a86-d9bc-4f84-a503-aa82a927ee28" CHANGEID="691595059" HOUSENUM="19" HOUSETYPE="2" OPERTYPEID="10" PREVID="0" NEXTID="0" UPDATEDATE="2025-11-01" STARTDATE="2025-11-01" ENDDATE="2079-06-06" ISACTUAL="1" ISACTIVE="1" /></HOUSES>