﻿<?xml version="1.0" encoding="utf-8"?><HOUSES><HOUSE ID="54539367" OBJECTID="33274470" OBJECTGUID="2c980d9c-02f7-45ba-afa2-33cfa2075de1" CHANGEID="50738275" HOUSENUM="25" HOUSETYPE="3" OPERTYPEID="20" PREVID="19788949" NEXTID="129436092" UPDATEDATE="2025-11-01" STARTDATE="2014-01-04" ENDDATE="2025-11-01" ISACTUAL="0" ISACTIVE="0" /><HOUSE ID="54578990" OBJECTID="33337193" OBJECTGUID="2d269a66-5cc8-4335-930d-d19b2fbf2c92" CHANGEID="50827009" HOUSENUM="23" HOUSETYPE="3" OPERTYPEID="20" PREVID="19824862" NEXTID="129436080" UPDATEDATE="2025-11-01" STARTDATE="2014-01-04" ENDDATE="2025-11-01" ISACTUAL="0" ISACTIVE="0" /><HOUSE ID="54764624" OBJECTID="33277125" OBJECTGUID="2fc5ae34-fb83-40a5-8826-3de9da4864d7" CHANGEID="50742047" HOUSENUM="66" HOUSETYPE="3" OPERTYPEID="20" PREVID="19790450" NEXTID="129436820" UPDATEDATE="2025-11-01" STARTDATE="2014-01-04" ENDDATE="2025-11-01" ISACTUAL="0" ISACTIVE="0" /><HOUSE ID="55184562" OBJECTID="82176667" OBJECTGUID="35b3bdc7-9459-4133-9f4b-783e05a7627d" CHANGEID="122103490" HOUSENUM="2" HOUSETYPE="3" OPERTYPEID="20" PREVID="49740648" NEXTID="129417486" UPDATEDATE="2025-10-30" STARTDATE="2014-01-04" ENDDATE="2025-10-30" ISACTUAL="0" ISACTIVE="0" /><HOUSE ID="55224012" OBJECTID="82196235" OBJECTGUID="36425726-0398-46f2-a92f-d9413c454c7b" CHANGEID="122132005" HOUSENUM="33" HOUSETYPE="3" OPERTYPEID="20" PREVID="49752519" NEXTID="129417619" UPDATEDATE="2025-10-30" STARTDATE="2014-01-04" ENDDATE="2025-10-30" ISACTUAL="0" ISACTIVE="0" /><HOUSE ID="55334524" OBJECTID="33315419" OBJECTGUID="37cfe3d2-bad8-4217-9462-911c7dc8594d" CHANGEID="50795700" HOUSENUM="5" HOUSETYPE="3" OPERTYPEID="20" PREVID="19812447" NEXTID="129436015" UPDATEDATE="2025-11-01" STARTDATE="2014-01-04" ENDDATE="2025-11-01" ISACTUAL="0" ISACTIVE="0" /><HOUSE ID="55365646" OBJECTID="33312457" OBJECTGUID="3840a3e6-6760-4b88-a1c8-8da269660657" CHANGEID="50791502" HOUSENUM="71" HOUSETYPE="3" OPERTYPEID="20" PREVID="19810673" NEXTID="129437576" UPDATEDATE="2025-11-01" STARTDATE="2014-01-04" ENDDATE="2025-11-01" ISACTUAL="0" ISACTIVE="0" /><HOUSE ID="56703590" OBJECTID="45502356" OBJECTGUID="4b28e827-a11a-4759-85d6-3f1e65ad2959" CHANGEID="68542570" HOUSENUM="26" HOUSETYPE="1" OPERTYPEID="20" PREVID="27183886" NEXTID="129422391" UPDATEDATE="2025-10-30" STARTDATE="2013-01-01" ENDDATE="2025-10-30" ISACTUAL="0" ISACTIVE="0" /><HOUSE ID="56862625" OBJECTID="33276393" OBJECTGUID="4d63b813-4e8e-46ab-894c-3cedf91bd052" CHANGEID="50740822" HOUSENUM="19" HOUSETYPE="3" OPERTYPEID="20" PREVID="19789935" NEXTID="129436047" UPDATEDATE="2025-11-01" STARTDATE="2014-01-04" ENDDATE="2025-11-01" ISACTUAL="0" ISACTIVE="0" /><HOUSE ID="56896009" OBJECTID="82192590" OBJECTGUID="4de01a81-98ca-40c9-8232-b71c28a85a3b" CHANGEID="122125999" HOUSENUM="4" HOUSETYPE="3" OPERTYPEID="20" PREVID="49749702" NEXTID="129417496" UPDATEDATE="2025-10-30" STARTDATE="2014-01-04" ENDDATE="2025-10-30" ISACTUAL="0" ISACTIVE="0" /><HOUSE ID="57135345" OBJECTID="33265099" OBJECTGUID="513d1568-9a4f-4589-908d-1524f8ebe6d0" CHANGEID="50724417" HOUSENUM="21" HOUSETYPE="3" OPERTYPEID="20" PREVID="19783470" NEXTID="129436060" UPDATEDATE="2025-11-01" STARTDATE="2014-01-04" ENDDATE="2025-11-01" ISACTUAL="0" ISACTIVE="0" /><HOUSE ID="58137554" OBJECTID="33306248" OBJECTGUID="5f5ea91d-8053-4dd7-aa57-6c617ea9b5a0" CHANGEID="50782968" HOUSENUM="12" HOUSETYPE="3" OPERTYPEID="20" PREVID="19807226" NEXTID="129436029" UPDATEDATE="2025-11-01" STARTDATE="2014-01-04" ENDDATE="2025-11-01" ISACTUAL="0" ISACTIVE="0" /><HOUSE ID="58228768" OBJECTID="82175106" OBJECTGUID="60aa2119-3727-4097-afd9-6bed2da170c7" CHANGEID="122100758" HOUSENUM="24" HOUSETYPE="3" OPERTYPEID="20" PREVID="49739709" NEXTID="129417552" UPDATEDATE="2025-10-30" STARTDATE="2014-01-04" ENDDATE="2025-10-30" ISACTUAL="0" ISACTIVE="0" /><HOUSE ID="58238297" OBJECTID="82397883" OBJECTGUID="60c95b9a-d912-4695-85a5-2d165cdbb063" CHANGEID="122427433" HOUSENUM="13" HOUSETYPE="3" OPERTYPEID="20" PREVID="49873176" NEXTID="129417527" UPDATEDATE="2025-10-30" STARTDATE="2017-12-20" ENDDATE="2025-10-30" ISACTUAL="0" ISACTIVE="0" /><HOUSE ID="58307270" OBJECTID="33326197" OBJECTGUID="61c54067-b433-4b73-9b03-aa4b20b8ca0e" CHANGEID="50811394" HOUSENUM="26" HOUSETYPE="3" OPERTYPEID="20" PREVID="19819187" NEXTID="129436097" UPDATEDATE="2025-11-01" STARTDATE="2014-01-04" ENDDATE="2025-11-01" ISACTUAL="0" ISACTIVE="0" /><HOUSE ID="58440150" OBJECTID="33338990" OBJECTGUID="63a4d1df-520a-49f3-ba1d-dac557a7132b" CHANGEID="50830123" HOUSENUM="63" HOUSETYPE="3" OPERTYPEID="20" PREVID="19825616" NEXTID="129436813" UPDATEDATE="2025-11-01" STARTDATE="2014-01-04" ENDDATE="2025-11-01" ISACTUAL="0" ISACTIVE="0" /><HOUSE ID="58527256" OBJECTID="33263629" OBJECTGUID="64df0ee8-b572-496c-982a-149ad8747ae2" CHANGEID="50722384" HOUSENUM="47" HOUSETYPE="3" OPERTYPEID="20" PREVID="19782557" NEXTID="129436512" UPDATEDATE="2025-11-01" STARTDATE="2014-01-04" ENDDATE="2025-11-01" ISACTUAL="0" ISACTIVE="0" /><HOUSE ID="58643054" OBJECTID="82408350" OBJECTGUID="6680670a-d489-437f-9076-4733d26216e1" CHANGEID="122442881" HOUSENUM="32" HOUSETYPE="3" OPERTYPEID="20" PREVID="49877170" NEXTID="129417611" UPDATEDATE="2025-10-30" STARTDATE="2014-01-04" ENDDATE="2025-10-30" ISACTUAL="0" ISACTIVE="0" /><HOUSE ID="58771762" OBJECTID="33268873" OBJECTGUID="6852610e-089d-422a-9e1a-2b1a6abcb3d3" CHANGEID="50729686" HOUSENUM="56" HOUSETYPE="3" OPERTYPEID="20" PREVID="19785547" NEXTID="129436791" UPDATEDATE="2025-11-01" STARTDATE="2014-01-04" ENDDATE="2025-11-01" ISACTUAL="0" ISACTIVE="0" /><HOUSE ID="58870571" OBJECTID="82168177" OBJECTGUID="69b87928-f1a2-48a8-b614-5ffb73aa9a38" CHANGEID="122089744" HOUSENUM="9" HOUSETYPE="3" OPERTYPEID="20" PREVID="49734562" NEXTID="129417516" UPDATEDATE="2025-10-30" STARTDATE="2014-01-04" ENDDATE="2025-10-30" ISACTUAL="0" ISACTIVE="0" /><HOUSE ID="59139937" OBJECTID="33294731" OBJECTGUID="6d850e3e-f985-4175-b0e0-43fc23582dab" CHANGEID="50770951" HOUSENUM="30" HOUSETYPE="3" OPERTYPEID="20" PREVID="19800080" NEXTID="129436131" UPDATEDATE="2025-11-01" STARTDATE="2014-01-04" ENDDATE="2025-11-01" ISACTUAL="0" ISACTIVE="0" /><HOUSE ID="59208934" OBJECTID="82187159" OBJECTGUID="6e7ea327-3b2d-410d-a4df-99fa39eef22c" CHANGEID="122118205" HOUSENUM="27" HOUSETYPE="3" OPERTYPEID="20" PREVID="49745930" NEXTID="129417566" UPDATEDATE="2025-10-30" STARTDATE="2014-01-04" ENDDATE="2025-10-30" ISACTUAL="0" ISACTIVE="0" /><HOUSE ID="59420018" OBJECTID="33343890" OBJECTGUID="717c7054-8eb9-4df6-ab46-eb4b249387b2" CHANGEID="50835345" HOUSENUM="36" HOUSETYPE="3" OPERTYPEID="20" PREVID="19827854" NEXTID="129436203" UPDATEDATE="2025-11-01" STARTDATE="2014-01-04" ENDDATE="2025-11-01" ISACTUAL="0" ISACTIVE="0" /><HOUSE ID="59443019" OBJECTID="33308899" OBJECTGUID="71ccf932-0846-4e77-b145-7607215c9d09" CHANGEID="50786602" HOUSENUM="6" HOUSETYPE="3" OPERTYPEID="20" PREVID="19808656" NEXTID="129436016" UPDATEDATE="2025-11-01" STARTDATE="2014-01-04" ENDDATE="2025-11-01" ISACTUAL="0" ISACTIVE="0" /><HOUSE ID="59710122" OBJECTID="33268600" OBJECTGUID="7592cd86-452e-404d-a2a4-29bd0a2d75a1" CHANGEID="50728980" HOUSENUM="59" HOUSETYPE="3" OPERTYPEID="20" PREVID="19785417" NEXTID="129436800" UPDATEDATE="2025-11-01" STARTDATE="2014-01-04" ENDDATE="2025-11-01" ISACTUAL="0" ISACTIVE="0" /><HOUSE ID="59721743" OBJECTID="82194955" OBJECTGUID="75ba0803-7fa2-4bd8-a558-cad615d6c0d0" CHANGEID="122130821" HOUSENUM="28" HOUSETYPE="3" OPERTYPEID="20" PREVID="49751618" NEXTID="129417588" UPDATEDATE="2025-10-30" STARTDATE="2014-01-04" ENDDATE="2025-10-30" ISACTUAL="0" ISACTIVE="0" /><HOUSE ID="60172442" OBJECTID="82191587" OBJECTGUID="7c15b9ec-4fdb-4f8b-95d5-af7c3eecedae" CHANGEID="122125002" HOUSENUM="30" HOUSETYPE="3" OPERTYPEID="20" PREVID="49749088" NEXTID="129417602" UPDATEDATE="2025-10-30" STARTDATE="2014-01-04" ENDDATE="2025-10-30" ISACTUAL="0" ISACTIVE="0" /><HOUSE ID="60212129" OBJECTID="45564919" OBJECTGUID="7ca53c8c-b3b2-4060-b605-fcf690ce59c2" CHANGEID="68632857" HOUSENUM="48" HOUSETYPE="1" OPERTYPEID="20" PREVID="27222302" NEXTID="129422392" UPDATEDATE="2025-10-30" STARTDATE="2013-01-01" ENDDATE="2025-10-30" ISACTUAL="0" ISACTIVE="0" /><HOUSE ID="60396271" OBJECTID="33266224" OBJECTGUID="7f435886-b054-44e5-a3d4-202d2bc15473" CHANGEID="50727111" HOUSENUM="67" HOUSETYPE="3" OPERTYPEID="20" PREVID="19784149" NEXTID="129436821" UPDATEDATE="2025-11-01" STARTDATE="2014-01-04" ENDDATE="2025-11-01" ISACTUAL="0" ISACTIVE="0" /><HOUSE ID="60873476" OBJECTID="44903231" OBJECTGUID="85ff3966-3b10-4c42-ab6d-f1d23e1bfbb6" CHANGEID="67675886" HOUSENUM="40" HOUSETYPE="3" OPERTYPEID="20" PREVID="26825555" NEXTID="129431059" UPDATEDATE="2025-10-31" STARTDATE="2014-01-04" ENDDATE="2025-10-31" ISACTUAL="0" ISACTIVE="0" /><HOUSE ID="60975715" OBJECTID="33332059" OBJECTGUID="876e46ab-84e3-4ff9-9b4d-c144b954b24f" CHANGEID="50819460" HOUSENUM="7" HOUSETYPE="3" OPERTYPEID="20" PREVID="19822224" NEXTID="129436017" UPDATEDATE="2025-11-01" STARTDATE="2014-01-04" ENDDATE="2025-11-01" ISACTUAL="0" ISACTIVE="0" /><HOUSE ID="61078194" OBJECTID="33344046" OBJECTGUID="88e0422e-4c06-494f-ba4e-ef9d40448c35" CHANGEID="50835684" HOUSENUM="55" HOUSETYPE="3" OPERTYPEID="20" PREVID="19827957" NEXTID="129436790" UPDATEDATE="2025-11-01" STARTDATE="2014-01-04" ENDDATE="2025-11-01" ISACTUAL="0" ISACTIVE="0" /><HOUSE ID="61126626" OBJECTID="33288048" OBJECTGUID="898fcb4e-fd0b-40a8-9338-4227f0bc74f6" CHANGEID="50763364" HOUSENUM="29" HOUSETYPE="3" OPERTYPEID="20" PREVID="19796510" NEXTID="129436117" UPDATEDATE="2025-11-01" STARTDATE="2014-01-04" ENDDATE="2025-11-01" ISACTUAL="0" ISACTIVE="0" /><HOUSE ID="61874052" OBJECTID="33761295" OBJECTGUID="941f900e-6607-42f0-959c-a323be52ad4c" CHANGEID="51436874" HOUSENUM="48-а" HOUSETYPE="1" OPERTYPEID="20" PREVID="20066037" NEXTID="129434285" UPDATEDATE="2025-11-01" STARTDATE="2013-01-01" ENDDATE="2025-11-01" ISACTUAL="0" ISACTIVE="0" /><HOUSE ID="62160518" OBJECTID="35376243" OBJECTGUID="98286212-5836-4e55-b278-9aca90450189" CHANGEID="53764695" HOUSENUM="31" HOUSETYPE="3" OPERTYPEID="20" PREVID="21023198" NEXTID="129423037" UPDATEDATE="2025-10-30" STARTDATE="2014-01-04" ENDDATE="2025-10-30" ISACTUAL="0" ISACTIVE="0" /><HOUSE ID="62458200" OBJECTID="8411066" OBJECTGUID="9c587984-a500-4a94-8539-5be80a35bf10" CHANGEID="14204254" HOUSENUM="39" HOUSETYPE="1" OPERTYPEID="20" PREVID="4261952" NEXTID="129431073" UPDATEDATE="2025-10-31" STARTDATE="2014-01-04" ENDDATE="2025-10-31" ISACTUAL="0" ISACTIVE="0" /><HOUSE ID="62545052" OBJECTID="82400797" OBJECTGUID="9d943271-a79a-4218-a727-3c0854613595" CHANGEID="122431437" HOUSENUM="19" HOUSETYPE="3" OPERTYPEID="20" PREVID="49874623" NEXTID="129417537" UPDATEDATE="2025-10-30" STARTDATE="2014-01-04" ENDDATE="2025-10-30" ISACTUAL="0" ISACTIVE="0" /><HOUSE ID="62670915" OBJECTID="33332818" OBJECTGUID="9f59dcb7-58c3-4978-b3e4-c5f4529c0ce9" CHANGEID="50821586" HOUSENUM="10" HOUSETYPE="3" OPERTYPEID="20" PREVID="19822598" NEXTID="129436027" UPDATEDATE="2025-11-01" STARTDATE="2014-01-04" ENDDATE="2025-11-01" ISACTUAL="0" ISACTIVE="0" /><HOUSE ID="62740620" OBJECTID="33311396" OBJECTGUID="a0512e24-e1fc-4ac5-b83d-831d2a4c74c3" CHANGEID="50791009" HOUSENUM="8" HOUSETYPE="3" OPERTYPEID="20" PREVID="19810037" NEXTID="129436020" UPDATEDATE="2025-11-01" STARTDATE="2014-01-04" ENDDATE="2025-11-01" ISACTUAL="0" ISACTIVE="0" /><HOUSE ID="62760375" OBJECTID="33344191" OBJECTGUID="a09d2e36-3af9-4623-8f32-f256bac0faa6" CHANGEID="50835824" HOUSENUM="27" HOUSETYPE="3" OPERTYPEID="20" PREVID="19828103" NEXTID="129436106" UPDATEDATE="2025-11-01" STARTDATE="2014-01-04" ENDDATE="2025-11-01" ISACTUAL="0" ISACTIVE="0" /><HOUSE ID="63085298" OBJECTID="33257032" OBJECTGUID="a530cac6-2768-4974-b08f-03588e70125c" CHANGEID="50713926" HOUSENUM="4" HOUSETYPE="3" OPERTYPEID="20" PREVID="19779127" NEXTID="129436013" UPDATEDATE="2025-11-01" STARTDATE="2014-01-04" ENDDATE="2025-11-01" ISACTUAL="0" ISACTIVE="0" /><HOUSE ID="63189480" OBJECTID="46877909" OBJECTGUID="a6ae7010-38bb-4b7c-a069-4be15ff994b0" CHANGEID="70543170" HOUSENUM="14" HOUSETYPE="1" OPERTYPEID="20" PREVID="28032704" NEXTID="129426699" UPDATEDATE="2025-10-31" STARTDATE="2014-10-06" ENDDATE="2025-10-31" ISACTUAL="0" ISACTIVE="0" /><HOUSE ID="64226931" OBJECTID="82168419" OBJECTGUID="b553fa66-776e-4288-b692-618306920399" CHANGEID="122091236" HOUSENUM="25" HOUSETYPE="3" OPERTYPEID="20" PREVID="49734852" NEXTID="129417557" UPDATEDATE="2025-10-30" STARTDATE="2014-01-04" ENDDATE="2025-10-30" ISACTUAL="0" ISACTIVE="0" /><HOUSE ID="64484557" OBJECTID="82196867" OBJECTGUID="b8f4ab16-5387-4502-92ae-da8154e5dbc8" CHANGEID="122133470" HOUSENUM="20" HOUSETYPE="3" OPERTYPEID="20" PREVID="49752829" NEXTID="129417539" UPDATEDATE="2025-10-30" STARTDATE="2014-01-04" ENDDATE="2025-10-30" ISACTUAL="0" ISACTIVE="0" /><HOUSE ID="64647383" OBJECTID="33300808" OBJECTGUID="bb44d241-2080-4158-a54a-4b1101aa61d7" CHANGEID="50776310" HOUSENUM="52" HOUSETYPE="3" OPERTYPEID="20" PREVID="19803936" NEXTID="129436783" UPDATEDATE="2025-11-01" STARTDATE="2014-01-04" ENDDATE="2025-11-01" ISACTUAL="0" ISACTIVE="0" /><HOUSE ID="64752019" OBJECTID="82175622" OBJECTGUID="bcbcfdef-9bef-4b86-a8c9-710da32c14fd" CHANGEID="122102053" HOUSENUM="21" HOUSETYPE="3" OPERTYPEID="20" PREVID="49740267" NEXTID="129417541" UPDATEDATE="2025-10-30" STARTDATE="2014-01-04" ENDDATE="2025-10-30" ISACTUAL="0" ISACTIVE="0" /><HOUSE ID="64893474" OBJECTID="33261734" OBJECTGUID="bebc10a7-853f-4500-a6ef-0edfb4b37726" CHANGEID="50720267" HOUSENUM="58" HOUSETYPE="3" OPERTYPEID="20" PREVID="19781384" NEXTID="129436796" UPDATEDATE="2025-11-01" STARTDATE="2014-01-04" ENDDATE="2025-11-01" ISACTUAL="0" ISACTIVE="0" /><HOUSE ID="64944935" OBJECTID="33256086" OBJECTGUID="bf76027d-1aaf-4d34-9413-02ddd5719e75" CHANGEID="50711937" HOUSENUM="54" HOUSETYPE="3" OPERTYPEID="20" PREVID="19778684" NEXTID="129436787" UPDATEDATE="2025-11-01" STARTDATE="2014-01-04" ENDDATE="2025-11-01" ISACTUAL="0" ISACTIVE="0" /><HOUSE ID="64965100" OBJECTID="33270581" OBJECTGUID="bfc04dbb-d7c0-4a69-9d03-2cb51d8b66ff" CHANGEID="50736199" HOUSENUM="15" HOUSETYPE="3" OPERTYPEID="20" PREVID="19786645" NEXTID="129436038" UPDATEDATE="2025-11-01" STARTDATE="2014-01-04" ENDDATE="2025-11-01" ISACTUAL="0" ISACTIVE="0" /><HOUSE ID="65045328" OBJECTID="33327966" OBJECTGUID="c0dfd71c-8c66-4635-9df7-ae8273c53a63" CHANGEID="50814790" HOUSENUM="9" HOUSETYPE="3" OPERTYPEID="20" PREVID="19820363" NEXTID="129436023" UPDATEDATE="2025-11-01" STARTDATE="2014-01-04" ENDDATE="2025-11-01" ISACTUAL="0" ISACTIVE="0" /><HOUSE ID="65051411" OBJECTID="33264312" OBJECTGUID="c0f5c223-1ea1-435b-93c0-14f8fbe2f1b6" CHANGEID="50723348" HOUSENUM="13" HOUSETYPE="3" OPERTYPEID="20" PREVID="19782999" NEXTID="129436032" UPDATEDATE="2025-11-01" STARTDATE="2014-01-04" ENDDATE="2025-11-01" ISACTUAL="0" ISACTIVE="0" /><HOUSE ID="65128374" OBJECTID="33344226" OBJECTGUID="c20a49e5-0084-431e-846f-f7ac6354a5fd" CHANGEID="50835913" HOUSENUM="53" HOUSETYPE="3" OPERTYPEID="20" PREVID="19828142" NEXTID="129436785" UPDATEDATE="2025-11-01" STARTDATE="2014-01-04" ENDDATE="2025-11-01" ISACTUAL="0" ISACTIVE="0" /><HOUSE ID="65155420" OBJECTID="33275221" OBJECTGUID="c27104d9-719d-4d67-8fda-37db85930108" CHANGEID="50739711" HOUSENUM="14" HOUSETYPE="3" OPERTYPEID="20" PREVID="19789381" NEXTID="129436035" UPDATEDATE="2025-11-01" STARTDATE="2014-01-04" ENDDATE="2025-11-01" ISACTUAL="0" ISACTIVE="0" /><HOUSE ID="65239986" OBJECTID="33299400" OBJECTGUID="c39d92b1-3b3c-47bf-aea7-44cefda1dcc4" CHANGEID="50773433" HOUSENUM="16" HOUSETYPE="3" OPERTYPEID="20" PREVID="19803112" NEXTID="129436039" UPDATEDATE="2025-11-01" STARTDATE="2014-01-04" ENDDATE="2025-11-01" ISACTUAL="0" ISACTIVE="0" /><HOUSE ID="65500409" OBJECTID="82178641" OBJECTGUID="c74c25db-e1db-40e1-a5f9-86a6a8d52871" CHANGEID="122107348" HOUSENUM="29" HOUSETYPE="3" OPERTYPEID="20" PREVID="49742041" NEXTID="129417601" UPDATEDATE="2025-10-30" STARTDATE="2014-01-04" ENDDATE="2025-10-30" ISACTUAL="0" ISACTIVE="0" /><HOUSE ID="65650369" OBJECTID="33307494" OBJECTGUID="c96575f9-0b52-4509-a79e-6ef8a2c3cbea" CHANGEID="50784832" HOUSENUM="24" HOUSETYPE="3" OPERTYPEID="20" PREVID="19807929" NEXTID="129436085" UPDATEDATE="2025-11-01" STARTDATE="2014-01-04" ENDDATE="2025-11-01" ISACTUAL="0" ISACTIVE="0" /><HOUSE ID="65903139" OBJECTID="33328977" OBJECTGUID="ccfc4e38-00b9-42d3-9183-b059b816d31c" CHANGEID="50815413" HOUSENUM="72" HOUSETYPE="3" OPERTYPEID="20" PREVID="19820854" NEXTID="129437578" UPDATEDATE="2025-11-01" STARTDATE="2014-01-04" ENDDATE="2025-11-01" ISACTUAL="0" ISACTIVE="0" /><HOUSE ID="66104713" OBJECTID="82198193" OBJECTGUID="cfdb398d-90ae-46f1-b434-f5d4a3c530c3" CHANGEID="122135549" HOUSENUM="5" HOUSETYPE="3" OPERTYPEID="20" PREVID="49753333" NEXTID="129417497" UPDATEDATE="2025-10-30" STARTDATE="2014-01-04" ENDDATE="2025-10-30" ISACTUAL="0" ISACTIVE="0" /><HOUSE ID="66467567" OBJECTID="82190880" OBJECTGUID="d4f79d49-1536-4b56-909a-a964b9b5465d" CHANGEID="122123993" HOUSENUM="6" HOUSETYPE="3" OPERTYPEID="20" PREVID="49748907" NEXTID="129417498" UPDATEDATE="2025-10-30" STARTDATE="2018-02-16" ENDDATE="2025-10-30" ISACTUAL="0" ISACTIVE="0" /><HOUSE ID="67134139" OBJECTID="33329266" OBJECTGUID="de62600d-3cda-45dc-8064-b51422ca3e59" CHANGEID="50816059" HOUSENUM="69" HOUSETYPE="3" OPERTYPEID="20" PREVID="19820982" NEXTID="129437572" UPDATEDATE="2025-11-01" STARTDATE="2014-01-04" ENDDATE="2025-11-01" ISACTUAL="0" ISACTIVE="0" /><HOUSE ID="67478045" OBJECTID="33321886" OBJECTGUID="e33fa7f0-5cc1-4e13-acdf-a366ab6ba051" CHANGEID="50805063" HOUSENUM="41" HOUSETYPE="3" OPERTYPEID="20" PREVID="19816489" NEXTID="129436485" UPDATEDATE="2025-11-01" STARTDATE="2014-01-04" ENDDATE="2025-11-01" ISACTUAL="0" ISACTIVE="0" /><HOUSE ID="67688105" OBJECTID="66169530" OBJECTGUID="e636a429-9c5a-4341-9c60-b3046744097b" CHANGEID="98686808" HOUSENUM="17" HOUSETYPE="1" OPERTYPEID="20" PREVID="39843168" NEXTID="129432177" UPDATEDATE="2025-10-31" STARTDATE="2013-01-01" ENDDATE="2025-10-31" ISACTUAL="0" ISACTIVE="0" /><HOUSE ID="68184305" OBJECTID="33325677" OBJECTGUID="ed3c6232-7396-47f2-a990-aa44ef25bafd" CHANGEID="50810841" HOUSENUM="32" HOUSETYPE="3" OPERTYPEID="20" PREVID="19818829" NEXTID="129436140" UPDATEDATE="2025-11-01" STARTDATE="2014-01-04" ENDDATE="2025-11-01" ISACTUAL="0" ISACTIVE="0" /><HOUSE ID="68333408" OBJECTID="33340010" OBJECTGUID="ef5296fb-bea5-41a0-b56f-e0b01f9825ab" CHANGEID="50830940" HOUSENUM="62" HOUSETYPE="3" OPERTYPEID="20" PREVID="19826109" NEXTID="129436810" UPDATEDATE="2025-11-01" STARTDATE="2014-01-04" ENDDATE="2025-11-01" ISACTUAL="0" ISACTIVE="0" /><HOUSE ID="68726439" OBJECTID="33256764" OBJECTGUID="f4e22430-cfa0-49dc-8592-0345ba638215" CHANGEID="50712375" HOUSENUM="17" HOUSETYPE="3" OPERTYPEID="20" PREVID="19778968" NEXTID="129436041" UPDATEDATE="2025-11-01" STARTDATE="2014-01-04" ENDDATE="2025-11-01" ISACTUAL="0" ISACTIVE="0" /><HOUSE ID="69011014" OBJECTID="82177334" OBJECTGUID="f8e6e9db-5752-4324-9c10-79a126196b01" CHANGEID="122104105" HOUSENUM="7" HOUSETYPE="3" OPERTYPEID="20" PREVID="49741139" NEXTID="129417500" UPDATEDATE="2025-10-30" STARTDATE="2014-01-04" ENDDATE="2025-10-30" ISACTUAL="0" ISACTIVE="0" /><HOUSE ID="69159859" OBJECTID="33303591" OBJECTGUID="fafe0fd6-cb2e-405a-9642-58987c8896ba" CHANGEID="50779092" HOUSENUM="33" HOUSETYPE="3" OPERTYPEID="20" PREVID="19805666" NEXTID="129436147" UPDATEDATE="2025-11-01" STARTDATE="2014-01-04" ENDDATE="2025-11-01" ISACTUAL="0" ISACTIVE="0" /><HOUSE ID="1507739" OBJECTID="3965224" OBJECTGUID="69561862-d6c4-4eee-beb9-c703adb69996" CHANGEID="7689400" HOUSENUM="1" HOUSETYPE="3" OPERTYPEID="10" PREVID="0" NEXTID="129434288" UPDATEDATE="2025-11-01" STARTDATE="2002-08-05" ENDDATE="2025-11-01" ISACTUAL="0" ISACTIVE="0" /><HOUSE ID="63386583" OBJECTID="33344302" OBJECTGUID="a975b23a-10f7-4626-b842-f94fad011867" CHANGEID="50836336" HOUSENUM="61" HOUSETYPE="3" OPERTYPEID="20" PREVID="19828214" NEXTID="129436806" UPDATEDATE="2025-11-01" STARTDATE="2014-01-04" ENDDATE="2025-11-01" ISACTUAL="0" ISACTIVE="0" /><HOUSE ID="55518074" OBJECTID="82195807" OBJECTGUID="3a68ef4b-45d0-4a83-a8a1-cd4a28b967e3" CHANGEID="122131711" HOUSENUM="15" HOUSETYPE="3" OPERTYPEID="20" PREVID="49752264" NEXTID="129417532" UPDATEDATE="2025-10-30" STARTDATE="2014-01-04" ENDDATE="2025-10-30" ISACTUAL="0" ISACTIVE="0" /><HOUSE ID="9914573" OBJECTID="17312431" OBJECTGUID="7c20ea26-3a4f-4730-b818-cb3b14c5387c" CHANGEID="27359114" HOUSENUM="76" HOUSETYPE="2" OPERTYPEID="10" PREVID="0" NEXTID="129423342" UPDATEDATE="2025-10-30" STARTDATE="1900-01-01" ENDDATE="2025-10-30" ISACTUAL="0" ISACTIVE="0" /><HOUSE ID="55602486" OBJECTID="33343955" OBJECTGUID="3b966df4-a588-4063-b330-ee70f82b3205" CHANGEID="50835433" HOUSENUM="40" HOUSETYPE="3" OPERTYPEID="20" PREVID="19827895" NEXTID="129436479" UPDATEDATE="2025-11-01" STARTDATE="2014-01-04" ENDDATE="2025-11-01" ISACTUAL="0" ISACTIVE="0" /><HOUSE ID="19829959" OBJECTID="33347514" OBJECTGUID="6b42d11e-18e7-47b0-9767-626fc4acf805" CHANGEID="50840516" HOUSENUM="9А" HOUSETYPE="3" OPERTYPEID="10" PREVID="0" NEXTID="129437597" UPDATEDATE="2025-11-01" STARTDATE="2015-10-29" ENDDATE="2025-11-01" ISACTUAL="0" ISACTIVE="0" /><HOUSE ID="28367000" OBJECTID="47445814" OBJECTGUID="1f7dfca4-f576-43b6-b5e5-8ee8780f6463" CHANGEID="71360451" HOUSENUM="1" HOUSETYPE="2" OPERTYPEID="20" PREVID="28366932" NEXTID="129421116" UPDATEDATE="2025-10-30" STARTDATE="2018-02-01" ENDDATE="2025-10-30" ISACTUAL="0" ISACTIVE="0" /><HOUSE ID="63872900" OBJECTID="33341580" OBJECTGUID="b05276e2-df4a-40cb-a19a-e60ca7c3cc6e" CHANGEID="50832486" HOUSENUM="39" HOUSETYPE="3" OPERTYPEID="20" PREVID="19826997" NEXTID="129436477" UPDATEDATE="2025-11-01" STARTDATE="2014-01-04" ENDDATE="2025-11-01" ISACTUAL="0" ISACTIVE="0" /><HOUSE ID="31316390" OBJECTID="52403258" OBJECTGUID="8eabaf4c-6816-4454-970d-e553f776d4b7" CHANGEID="78514997" HOUSENUM="16" HOUSETYPE="2" OPERTYPEID="10" PREVID="0" NEXTID="129422998" UPDATEDATE="2025-10-30" STARTDATE="1900-01-01" ENDDATE="2025-10-30" ISACTUAL="0" ISACTIVE="0" /><HOUSE ID="34584061" OBJECTID="57770931" OBJECTGUID="87e31057-3513-40fc-8cf4-e80e1856d06f" CHANGEID="86363294" HOUSENUM="2" HOUSETYPE="2" OPERTYPEID="10" PREVID="0" NEXTID="129423020" UPDATEDATE="2025-10-30" STARTDATE="1900-01-01" ENDDATE="2025-10-30" ISACTUAL="0" ISACTIVE="0" /><HOUSE ID="48288592" OBJECTID="79859718" OBJECTGUID="7a2aff05-1f21-4a33-9efe-af059e3a4447" CHANGEID="118692740" HOUSENUM="26" HOUSETYPE="3" OPERTYPEID="10" PREVID="0" NEXTID="129427274" UPDATEDATE="2025-10-31" STARTDATE="2014-01-04" ENDDATE="2025-10-31" ISACTUAL="0" ISACTIVE="0" /><HOUSE ID="48293830" OBJECTID="79870524" OBJECTGUID="7bec3b0a-5e70-49e4-b220-fc344068a0d4" CHANGEID="118707326" HOUSENUM="28" HOUSETYPE="3" OPERTYPEID="10" PREVID="0" NEXTID="129427310" UPDATEDATE="2025-10-31" STARTDATE="2014-01-04" ENDDATE="2025-10-31" ISACTUAL="0" ISACTIVE="0" /><HOUSE ID="48293412" OBJECTID="79869829" OBJECTGUID="774e752a-d7fb-4704-bcaa-f6b74f8604a5" CHANGEID="118706323" HOUSENUM="32" HOUSETYPE="3" OPERTYPEID="10" PREVID="0" NEXTID="129427809" UPDATEDATE="2025-10-31" STARTDATE="2014-01-04" ENDDATE="2025-10-31" ISACTUAL="0" ISACTIVE="0" /><HOUSE ID="48292591" OBJECTID="79868080" OBJECTGUID="a48b0678-6988-4810-b002-f469072f004f" CHANGEID="118703976" HOUSENUM="35" HOUSETYPE="3" OPERTYPEID="10" PREVID="0" NEXTID="129427817" UPDATEDATE="2025-10-31" STARTDATE="2014-01-04" ENDDATE="2025-10-31" ISACTUAL="0" ISACTIVE="0" /><HOUSE ID="48290090" OBJECTID="79862644" OBJECTGUID="43de8740-d780-4ed6-861b-cb8401cc41de" CHANGEID="118696651" HOUSENUM="36" HOUSETYPE="3" OPERTYPEID="10" PREVID="0" NEXTID="129427837" UPDATEDATE="2025-10-31" STARTDATE="2014-01-04" ENDDATE="2025-10-31" ISACTUAL="0" ISACTIVE="0" /><HOUSE ID="48341844" OBJECTID="79947754" OBJECTGUID="114204e7-94d8-4b5a-af10-2ef2ae7c5987" CHANGEID="118819679" HOUSENUM="22" HOUSETYPE="3" OPERTYPEID="10" PREVID="0" NEXTID="129427261" UPDATEDATE="2025-10-31" STARTDATE="2014-01-04" ENDDATE="2025-10-31" ISACTUAL="0" ISACTIVE="0" /><HOUSE ID="48347489" OBJECTID="79956504" OBJECTGUID="804436f7-c9f8-4910-bb67-42509b659649" CHANGEID="118832618" HOUSENUM="30" HOUSETYPE="3" OPERTYPEID="10" PREVID="0" NEXTID="129427313" UPDATEDATE="2025-10-31" STARTDATE="2014-01-04" ENDDATE="2025-10-31" ISACTUAL="0" ISACTIVE="0" /><HOUSE ID="51406979" OBJECTID="33338113" OBJECTGUID="0060fc88-fe36-4ba9-9710-d71d8f3c6288" CHANGEID="50828621" HOUSENUM="38" HOUSETYPE="3" OPERTYPEID="20" PREVID="19825259" NEXTID="129436215" UPDATEDATE="2025-11-01" STARTDATE="2014-01-04" ENDDATE="2025-11-01" ISACTUAL="0" ISACTIVE="0" /><HOUSE ID="51555345" OBJECTID="33315607" OBJECTGUID="02754f08-435f-42db-aa60-9735901a6343" CHANGEID="50796832" HOUSENUM="2" HOUSETYPE="3" OPERTYPEID="20" PREVID="19812695" NEXTID="129436011" UPDATEDATE="2025-11-01" STARTDATE="2014-01-04" ENDDATE="2025-11-01" ISACTUAL="0" ISACTIVE="0" /><HOUSE ID="51998428" OBJECTID="29127931" OBJECTGUID="08b30507-6152-4290-8154-97dd7c3b1eab" CHANGEID="44732226" HOUSENUM="142" HOUSETYPE="1" OPERTYPEID="20" PREVID="17277225" NEXTID="129422390" UPDATEDATE="2025-10-30" STARTDATE="2013-01-01" ENDDATE="2025-10-30" ISACTUAL="0" ISACTIVE="0" /><HOUSE ID="52050905" OBJECTID="33268084" OBJECTGUID="0972572c-5a9a-4b09-af6b-226fc2321299" CHANGEID="50728476" HOUSENUM="45" HOUSETYPE="3" OPERTYPEID="20" PREVID="19785073" NEXTID="129436511" UPDATEDATE="2025-11-01" STARTDATE="2014-01-04" ENDDATE="2025-11-01" ISACTUAL="0" ISACTIVE="0" /><HOUSE ID="52184433" OBJECTID="82410629" OBJECTGUID="0b50e450-6912-409d-83f2-47914792dea1" CHANGEID="122444000" HOUSENUM="22" HOUSETYPE="3" OPERTYPEID="20" PREVID="49878347" NEXTID="129417543" UPDATEDATE="2025-10-30" STARTDATE="2014-01-04" ENDDATE="2025-10-30" ISACTUAL="0" ISACTIVE="0" /><HOUSE ID="52374319" OBJECTID="33332588" OBJECTGUID="0e0068fe-0635-4bee-91ce-c2dbcb0851a4" CHANGEID="50820203" HOUSENUM="3" HOUSETYPE="3" OPERTYPEID="20" PREVID="19822450" NEXTID="129436012" UPDATEDATE="2025-11-01" STARTDATE="2014-01-04" ENDDATE="2025-11-01" ISACTUAL="0" ISACTIVE="0" /><HOUSE ID="52578829" OBJECTID="82189583" OBJECTGUID="10eb3fae-b6b2-478f-a080-a4a0cdcf786f" CHANGEID="122122547" HOUSENUM="18" HOUSETYPE="3" OPERTYPEID="20" PREVID="49747789" NEXTID="129417535" UPDATEDATE="2025-10-30" STARTDATE="2014-01-04" ENDDATE="2025-10-30" ISACTUAL="0" ISACTIVE="0" /><HOUSE ID="52700229" OBJECTID="33330493" OBJECTGUID="12a0130c-6bd2-4b19-8202-b877670c5572" CHANGEID="50817666" HOUSENUM="22" HOUSETYPE="3" OPERTYPEID="20" PREVID="19821503" NEXTID="129436067" UPDATEDATE="2025-11-01" STARTDATE="2014-01-04" ENDDATE="2025-11-01" ISACTUAL="0" ISACTIVE="0" /><HOUSE ID="52809107" OBJECTID="33331639" OBJECTGUID="1427a959-0cb1-462d-a4b5-bcc2fa4965ee" CHANGEID="50819261" HOUSENUM="51" HOUSETYPE="3" OPERTYPEID="20" PREVID="19822074" NEXTID="129436513" UPDATEDATE="2025-11-01" STARTDATE="2014-01-04" ENDDATE="2025-11-01" ISACTUAL="0" ISACTIVE="0" /><HOUSE ID="52896347" OBJECTID="46772387" OBJECTGUID="156608ab-7e96-4657-8c4b-7973c890f2c6" CHANGEID="70389441" HOUSENUM="42" HOUSETYPE="2" OPERTYPEID="20" PREVID="27968956" NEXTID="129436809" UPDATEDATE="2025-11-01" STARTDATE="2014-01-04" ENDDATE="2025-11-01" ISACTUAL="0" ISACTIVE="0" /><HOUSE ID="52903542" OBJECTID="33304756" OBJECTGUID="15801e2e-c4e1-4f94-8208-6587361c017c" CHANGEID="50780425" HOUSENUM="34" HOUSETYPE="3" OPERTYPEID="20" PREVID="19806467" NEXTID="129436169" UPDATEDATE="2025-11-01" STARTDATE="2014-01-04" ENDDATE="2025-11-01" ISACTUAL="0" ISACTIVE="0" /><HOUSE ID="53118432" OBJECTID="8426637" OBJECTGUID="1886f3bc-cfa0-4332-9b39-8162b7a92d29" CHANGEID="14227631" HOUSENUM="56" HOUSETYPE="3" OPERTYPEID="20" PREVID="4272121" NEXTID="129431351" UPDATEDATE="2025-10-31" STARTDATE="2014-01-04" ENDDATE="2025-10-31" ISACTUAL="0" ISACTIVE="0" /><HOUSE ID="53136711" OBJECTID="8468886" OBJECTGUID="18ca25d1-0743-43a8-ad77-1474fca5898c" CHANGEID="14293339" HOUSENUM="30" HOUSETYPE="1" OPERTYPEID="20" PREVID="4301706" NEXTID="129431070" UPDATEDATE="2025-10-31" STARTDATE="2014-01-04" ENDDATE="2025-10-31" ISACTUAL="0" ISACTIVE="0" /><HOUSE ID="53512092" OBJECTID="82191291" OBJECTGUID="1e18bc28-079d-46f3-a05c-ac90a34e2a18" CHANGEID="122124229" HOUSENUM="1" HOUSETYPE="3" OPERTYPEID="20" PREVID="49748936" NEXTID="129417484" UPDATEDATE="2025-10-30" STARTDATE="2014-01-04" ENDDATE="2025-10-30" ISACTUAL="0" ISACTIVE="0" /><HOUSE ID="53552456" OBJECTID="33259225" OBJECTGUID="1ea8fd4f-b859-4716-9707-07ede7effd9d" CHANGEID="50715800" HOUSENUM="43" HOUSETYPE="3" OPERTYPEID="20" PREVID="19780232" NEXTID="129436487" UPDATEDATE="2025-11-01" STARTDATE="2014-01-04" ENDDATE="2025-11-01" ISACTUAL="0" ISACTIVE="0" /><HOUSE ID="53790241" OBJECTID="33307967" OBJECTGUID="2207ce82-331a-4b40-812a-75e67b34e895" CHANGEID="50785451" HOUSENUM="65" HOUSETYPE="3" OPERTYPEID="20" PREVID="19808211" NEXTID="129436818" UPDATEDATE="2025-11-01" STARTDATE="2014-01-04" ENDDATE="2025-11-01" ISACTUAL="0" ISACTIVE="0" /><HOUSE ID="53899809" OBJECTID="33255540" OBJECTGUID="2390f479-96d0-44a3-9c31-010578f82971" CHANGEID="50710956" HOUSENUM="57" HOUSETYPE="3" OPERTYPEID="20" PREVID="19778397" NEXTID="129436795" UPDATEDATE="2025-11-01" STARTDATE="2014-01-04" ENDDATE="2025-11-01" ISACTUAL="0" ISACTIVE="0" /><HOUSE ID="54327745" OBJECTID="33269290" OBJECTGUID="2997f792-b5a9-4989-95f1-2b8b5420ee14" CHANGEID="50730582" HOUSENUM="37" HOUSETYPE="3" OPERTYPEID="20" PREVID="19785844" NEXTID="129436209" UPDATEDATE="2025-11-01" STARTDATE="2014-01-04" ENDDATE="2025-11-01" ISACTUAL="0" ISACTIVE="0" /><HOUSE ID="127055250" OBJECTID="66626286" OBJECTGUID="eb0054ec-e424-4d6a-a35f-e17c23cee8f7" CHANGEID="605523537" HOUSENUM="2" HOUSETYPE="2" OPERTYPEID="20" PREVID="40124972" NEXTID="129422492" UPDATEDATE="2025-10-30" STARTDATE="2024-10-25" ENDDATE="2025-10-30" ISACTUAL="0" ISACTIVE="0" /><HOUSE ID="128846330" OBJECTID="51378911" OBJECTGUID="a3c87173-bb5b-4c8f-beea-04452f75a095" CHANGEID="656733922" HOUSENUM="32" HOUSETYPE="2" OPERTYPEID="20" PREVID="62985847" NEXTID="129422395" UPDATEDATE="2025-10-30" STARTDATE="2025-08-07" ENDDATE="2025-10-30" ISACTUAL="0" ISACTIVE="0" /><HOUSE ID="129413870" OBJECTID="175592395" OBJECTGUID="861317a9-5bd2-492a-aeb8-acbd27bde98e" CHANGEID="691454564" HOUSENUM="15в" HOUSETYPE="2" OPERTYPEID="10" PREVID="0" NEXTID="0" UPDATEDATE="2025-10-30" STARTDATE="2025-10-30" ENDDATE="2079-06-06" ISACTUAL="1" ISACTIVE="1" /><HOUSE ID="129417478" OBJECTID="175598147" OBJECTGUID="afde531d-4bd2-446a-b09a-36a4b5e6c3a5" CHANGEID="691464806" HOUSENUM="15г" HOUSETYPE="2" OPERTYPEID="10" PREVID="0" NEXTID="0" UPDATEDATE="2025-10-30" STARTDATE="2025-10-30" ENDDATE="2079-06-06" ISACTUAL="1" ISACTIVE="1" /><HOUSE ID="129417486" OBJECTID="82176667" OBJECTGUID="35b3bdc7-9459-4133-9f4b-783e05a7627d" CHANGEID="691464903" HOUSENUM="2" HOUSETYPE="2" OPERTYPEID="20" PREVID="55184562" UPDATEDATE="2025-10-30" STARTDATE="2025-10-30" ENDDATE="2079-06-06" ISACTUAL="1" ISACTIVE="1" /><HOUSE ID="61635575" OBJECTID="82190308" OBJECTGUID="90c43afd-fb50-44d7-9348-a74409c2a0b2" CHANGEID="122123140" HOUSENUM="3" HOUSETYPE="3" OPERTYPEID="20" PREVID="49748281" NEXTID="129417487" UPDATEDATE="2025-10-30" STARTDATE="2014-01-04" ENDDATE="2025-10-30" ISACTUAL="0" ISACTIVE="0" /><HOUSE ID="129417487" OBJECTID="82190308" OBJECTGUID="90c43afd-fb50-44d7-9348-a74409c2a0b2" CHANGEID="691464907" HOUSENUM="3" HOUSETYPE="2" OPERTYPEID="20" PREVID="61635575" UPDATEDATE="2025-10-30" STARTDATE="2025-10-30" ENDDATE="2079-06-06" ISACTUAL="1" ISACTIVE="1" /><HOUSE ID="129417498" OBJECTID="82190880" OBJECTGUID="d4f79d49-1536-4b56-909a-a964b9b5465d" CHANGEID="691464999" HOUSENUM="6" HOUSETYPE="2" OPERTYPEID="20" PREVID="66467567" UPDATEDATE="2025-10-30" STARTDATE="2025-10-30" ENDDATE="2079-06-06" ISACTUAL="1" ISACTIVE="1" /><HOUSE ID="129417500" OBJECTID="82177334" OBJECTGUID="f8e6e9db-5752-4324-9c10-79a126196b01" CHANGEID="691465010" HOUSENUM="7" HOUSETYPE="2" OPERTYPEID="20" PREVID="69011014" UPDATEDATE="2025-10-30" STARTDATE="2025-10-30" ENDDATE="2079-06-06" ISACTUAL="1" ISACTIVE="1" /><HOUSE ID="63765205" OBJECTID="82176227" OBJECTGUID="aecfc8e2-a2b4-459a-8e2a-76a1c450b7c2" CHANGEID="122102708" HOUSENUM="8" HOUSETYPE="3" OPERTYPEID="20" PREVID="49740361" NEXTID="129417503" UPDATEDATE="2025-10-30" STARTDATE="2014-01-04" ENDDATE="2025-10-30" ISACTUAL="0" ISACTIVE="0" /><HOUSE ID="129417503" OBJECTID="82176227" OBJECTGUID="aecfc8e2-a2b4-459a-8e2a-76a1c450b7c2" CHANGEID="691465018" HOUSENUM="8" HOUSETYPE="2" OPERTYPEID="20" PREVID="63765205" UPDATEDATE="2025-10-30" STARTDATE="2025-10-30" ENDDATE="2079-06-06" ISACTUAL="1" ISACTIVE="1" /><HOUSE ID="129417516" OBJECTID="82168177" OBJECTGUID="69b87928-f1a2-48a8-b614-5ffb73aa9a38" CHANGEID="691465053" HOUSENUM="9" HOUSETYPE="2" OPERTYPEID="20" PREVID="58870571" UPDATEDATE="2025-10-30" STARTDATE="2025-10-30" ENDDATE="2079-06-06" ISACTUAL="1" ISACTIVE="1" /><HOUSE ID="59307454" OBJECTID="82186103" OBJECTGUID="6fe4e04b-2916-4f82-84b5-924a2fa57d61" CHANGEID="122117257" HOUSENUM="11" HOUSETYPE="3" OPERTYPEID="20" PREVID="49745617" NEXTID="129417521" UPDATEDATE="2025-10-30" STARTDATE="2017-12-20" ENDDATE="2025-10-30" ISACTUAL="0" ISACTIVE="0" /><HOUSE ID="129417521" OBJECTID="82186103" OBJECTGUID="6fe4e04b-2916-4f82-84b5-924a2fa57d61" CHANGEID="691465069" HOUSENUM="11" HOUSETYPE="2" OPERTYPEID="20" PREVID="59307454" UPDATEDATE="2025-10-30" STARTDATE="2025-10-30" ENDDATE="2079-06-06" ISACTUAL="1" ISACTIVE="1" /><HOUSE ID="129417527" OBJECTID="82397883" OBJECTGUID="60c95b9a-d912-4695-85a5-2d165cdbb063" CHANGEID="691465104" HOUSENUM="13" HOUSETYPE="2" OPERTYPEID="20" PREVID="58238297" UPDATEDATE="2025-10-30" STARTDATE="2025-10-30" ENDDATE="2079-06-06" ISACTUAL="1" ISACTIVE="1" /><HOUSE ID="129417484" OBJECTID="82191291" OBJECTGUID="1e18bc28-079d-46f3-a05c-ac90a34e2a18" CHANGEID="691464887" HOUSENUM="1" HOUSETYPE="2" OPERTYPEID="20" PREVID="53512092" UPDATEDATE="2025-10-30" STARTDATE="2025-10-30" ENDDATE="2079-06-06" ISACTUAL="1" ISACTIVE="1" /><HOUSE ID="129417496" OBJECTID="82192590" OBJECTGUID="4de01a81-98ca-40c9-8232-b71c28a85a3b" CHANGEID="691464991" HOUSENUM="4" HOUSETYPE="2" OPERTYPEID="20" PREVID="56896009" UPDATEDATE="2025-10-30" STARTDATE="2025-10-30" ENDDATE="2079-06-06" ISACTUAL="1" ISACTIVE="1" /><HOUSE ID="129417497" OBJECTID="82198193" OBJECTGUID="cfdb398d-90ae-46f1-b434-f5d4a3c530c3" CHANGEID="691464996" HOUSENUM="5" HOUSETYPE="2" OPERTYPEID="20" PREVID="66104713" UPDATEDATE="2025-10-30" STARTDATE="2025-10-30" ENDDATE="2079-06-06" ISACTUAL="1" ISACTIVE="1" /><HOUSE ID="51445416" OBJECTID="82180126" OBJECTGUID="00e91069-cc77-4fc4-8f58-898a5069dbdd" CHANGEID="122108816" HOUSENUM="10" HOUSETYPE="3" OPERTYPEID="20" PREVID="49742910" NEXTID="129417518" UPDATEDATE="2025-10-30" STARTDATE="2014-01-04" ENDDATE="2025-10-30" ISACTUAL="0" ISACTIVE="0" /><HOUSE ID="129417518" OBJECTID="82180126" OBJECTGUID="00e91069-cc77-4fc4-8f58-898a5069dbdd" CHANGEID="691465064" HOUSENUM="10" HOUSETYPE="2" OPERTYPEID="20" PREVID="51445416" UPDATEDATE="2025-10-30" STARTDATE="2025-10-30" ENDDATE="2079-06-06" ISACTUAL="1" ISACTIVE="1" /><HOUSE ID="52539103" OBJECTID="82167222" OBJECTGUID="10562d31-d4b0-4f70-88a0-56ad9d3f3376" CHANGEID="122088247" HOUSENUM="12" HOUSETYPE="3" OPERTYPEID="20" PREVID="49734153" NEXTID="129417526" UPDATEDATE="2025-10-30" STARTDATE="2014-01-04" ENDDATE="2025-10-30" ISACTUAL="0" ISACTIVE="0" /><HOUSE ID="129417526" OBJECTID="82167222" OBJECTGUID="10562d31-d4b0-4f70-88a0-56ad9d3f3376" CHANGEID="691465095" HOUSENUM="12" HOUSETYPE="2" OPERTYPEID="20" PREVID="52539103" UPDATEDATE="2025-10-30" STARTDATE="2025-10-30" ENDDATE="2079-06-06" ISACTUAL="1" ISACTIVE="1" /><HOUSE ID="129417532" OBJECTID="82195807" OBJECTGUID="3a68ef4b-45d0-4a83-a8a1-cd4a28b967e3" CHANGEID="691465121" HOUSENUM="15" HOUSETYPE="2" OPERTYPEID="20" PREVID="55518074" UPDATEDATE="2025-10-30" STARTDATE="2025-10-30" ENDDATE="2079-06-06" ISACTUAL="1" ISACTIVE="1" /><HOUSE ID="129417535" OBJECTID="82189583" OBJECTGUID="10eb3fae-b6b2-478f-a080-a4a0cdcf786f" CHANGEID="691465147" HOUSENUM="18" HOUSETYPE="2" OPERTYPEID="20" PREVID="52578829" UPDATEDATE="2025-10-30" STARTDATE="2025-10-30" ENDDATE="2079-06-06" ISACTUAL="1" ISACTIVE="1" /><HOUSE ID="129417537" OBJECTID="82400797" OBJECTGUID="9d943271-a79a-4218-a727-3c0854613595" CHANGEID="691465161" HOUSENUM="19" HOUSETYPE="2" OPERTYPEID="20" PREVID="62545052" UPDATEDATE="2025-10-30" STARTDATE="2025-10-30" ENDDATE="2079-06-06" ISACTUAL="1" ISACTIVE="1" /><HOUSE ID="129417541" OBJECTID="82175622" OBJECTGUID="bcbcfdef-9bef-4b86-a8c9-710da32c14fd" CHANGEID="691465191" HOUSENUM="21" HOUSETYPE="2" OPERTYPEID="20" PREVID="64752019" UPDATEDATE="2025-10-30" STARTDATE="2025-10-30" ENDDATE="2079-06-06" ISACTUAL="1" ISACTIVE="1" /><HOUSE ID="66173569" OBJECTID="82187687" OBJECTGUID="d0d2318f-5c54-497b-a9d9-9a8f78c178a0" CHANGEID="122120380" HOUSENUM="23" HOUSETYPE="3" OPERTYPEID="20" PREVID="49746529" NEXTID="129417546" UPDATEDATE="2025-10-30" STARTDATE="2014-01-04" ENDDATE="2025-10-30" ISACTUAL="0" ISACTIVE="0" /><HOUSE ID="129417546" OBJECTID="82187687" OBJECTGUID="d0d2318f-5c54-497b-a9d9-9a8f78c178a0" CHANGEID="691465223" HOUSENUM="23" HOUSETYPE="2" OPERTYPEID="20" PREVID="66173569" UPDATEDATE="2025-10-30" STARTDATE="2025-10-30" ENDDATE="2079-06-06" ISACTUAL="1" ISACTIVE="1" /><HOUSE ID="129417557" OBJECTID="82168419" OBJECTGUID="b553fa66-776e-4288-b692-618306920399" CHANGEID="691465266" HOUSENUM="25" HOUSETYPE="2" OPERTYPEID="20" PREVID="64226931" UPDATEDATE="2025-10-30" STARTDATE="2025-10-30" ENDDATE="2079-06-06" ISACTUAL="1" ISACTIVE="1" /><HOUSE ID="57666631" OBJECTID="82397386" OBJECTGUID="58bf3f5b-9a1d-485a-8fb8-0b98c96ff1b1" CHANGEID="122426268" HOUSENUM="14" HOUSETYPE="3" OPERTYPEID="20" PREVID="49872391" NEXTID="129417530" UPDATEDATE="2025-10-30" STARTDATE="2014-01-04" ENDDATE="2025-10-30" ISACTUAL="0" ISACTIVE="0" /><HOUSE ID="129417530" OBJECTID="82397386" OBJECTGUID="58bf3f5b-9a1d-485a-8fb8-0b98c96ff1b1" CHANGEID="691465111" HOUSENUM="14" HOUSETYPE="2" OPERTYPEID="20" PREVID="57666631" UPDATEDATE="2025-10-30" STARTDATE="2025-10-30" ENDDATE="2079-06-06" ISACTUAL="1" ISACTIVE="1" /><HOUSE ID="129417539" OBJECTID="82196867" OBJECTGUID="b8f4ab16-5387-4502-92ae-da8154e5dbc8" CHANGEID="691465181" HOUSENUM="20" HOUSETYPE="2" OPERTYPEID="20" PREVID="64484557" UPDATEDATE="2025-10-30" STARTDATE="2025-10-30" ENDDATE="2079-06-06" ISACTUAL="1" ISACTIVE="1" /><HOUSE ID="129417543" OBJECTID="82410629" OBJECTGUID="0b50e450-6912-409d-83f2-47914792dea1" CHANGEID="691465208" HOUSENUM="22" HOUSETYPE="2" OPERTYPEID="20" PREVID="52184433" UPDATEDATE="2025-10-30" STARTDATE="2025-10-30" ENDDATE="2079-06-06" ISACTUAL="1" ISACTIVE="1" /><HOUSE ID="129417552" OBJECTID="82175106" OBJECTGUID="60aa2119-3727-4097-afd9-6bed2da170c7" CHANGEID="691465246" HOUSENUM="24" HOUSETYPE="2" OPERTYPEID="20" PREVID="58228768" UPDATEDATE="2025-10-30" STARTDATE="2025-10-30" ENDDATE="2079-06-06" ISACTUAL="1" ISACTIVE="1" /><HOUSE ID="63795213" OBJECTID="82192274" OBJECTGUID="af3b60b8-6f4f-4cd3-9da7-b57055893385" CHANGEID="122125810" HOUSENUM="26" HOUSETYPE="3" OPERTYPEID="20" PREVID="49749551" NEXTID="129417560" UPDATEDATE="2025-10-30" STARTDATE="2014-01-04" ENDDATE="2025-10-30" ISACTUAL="0" ISACTIVE="0" /><HOUSE ID="129417560" OBJECTID="82192274" OBJECTGUID="af3b60b8-6f4f-4cd3-9da7-b57055893385" CHANGEID="691465312" HOUSENUM="26" HOUSETYPE="2" OPERTYPEID="20" PREVID="63795213" UPDATEDATE="2025-10-30" STARTDATE="2025-10-30" ENDDATE="2079-06-06" ISACTUAL="1" ISACTIVE="1" /><HOUSE ID="129417566" OBJECTID="82187159" OBJECTGUID="6e7ea327-3b2d-410d-a4df-99fa39eef22c" CHANGEID="691465353" HOUSENUM="27" HOUSETYPE="2" OPERTYPEID="20" PREVID="59208934" UPDATEDATE="2025-10-30" STARTDATE="2025-10-30" ENDDATE="2079-06-06" ISACTUAL="1" ISACTIVE="1" /><HOUSE ID="129417588" OBJECTID="82194955" OBJECTGUID="75ba0803-7fa2-4bd8-a558-cad615d6c0d0" CHANGEID="691465399" HOUSENUM="28" HOUSETYPE="2" OPERTYPEID="20" PREVID="59721743" UPDATEDATE="2025-10-30" STARTDATE="2025-10-30" ENDDATE="2079-06-06" ISACTUAL="1" ISACTIVE="1" /><HOUSE ID="129417601" OBJECTID="82178641" OBJECTGUID="c74c25db-e1db-40e1-a5f9-86a6a8d52871" CHANGEID="691465438" HOUSENUM="29" HOUSETYPE="2" OPERTYPEID="20" PREVID="65500409" UPDATEDATE="2025-10-30" STARTDATE="2025-10-30" ENDDATE="2079-06-06" ISACTUAL="1" ISACTIVE="1" /><HOUSE ID="129417602" OBJECTID="82191587" OBJECTGUID="7c15b9ec-4fdb-4f8b-95d5-af7c3eecedae" CHANGEID="691465501" HOUSENUM="30" HOUSETYPE="2" OPERTYPEID="20" PREVID="60172442" UPDATEDATE="2025-10-30" STARTDATE="2025-10-30" ENDDATE="2079-06-06" ISACTUAL="1" ISACTIVE="1" /><HOUSE ID="62112990" OBJECTID="82167406" OBJECTGUID="977c2e3c-0a5a-4956-b257-5dfd897da963" CHANGEID="122088626" HOUSENUM="31" HOUSETYPE="3" OPERTYPEID="20" PREVID="49734231" NEXTID="129417605" UPDATEDATE="2025-10-30" STARTDATE="2014-01-04" ENDDATE="2025-10-30" ISACTUAL="0" ISACTIVE="0" /><HOUSE ID="129417605" OBJECTID="82167406" OBJECTGUID="977c2e3c-0a5a-4956-b257-5dfd897da963" CHANGEID="691465758" HOUSENUM="31" HOUSETYPE="2" OPERTYPEID="20" PREVID="62112990" UPDATEDATE="2025-10-30" STARTDATE="2025-10-30" ENDDATE="2079-06-06" ISACTUAL="1" ISACTIVE="1" /><HOUSE ID="129417611" OBJECTID="82408350" OBJECTGUID="6680670a-d489-437f-9076-4733d26216e1" CHANGEID="691465800" HOUSENUM="32" HOUSETYPE="2" OPERTYPEID="20" PREVID="58643054" UPDATEDATE="2025-10-30" STARTDATE="2025-10-30" ENDDATE="2079-06-06" ISACTUAL="1" ISACTIVE="1" /><HOUSE ID="129417619" OBJECTID="82196235" OBJECTGUID="36425726-0398-46f2-a92f-d9413c454c7b" CHANGEID="691465867" HOUSENUM="33" HOUSETYPE="2" OPERTYPEID="20" PREVID="55224012" UPDATEDATE="2025-10-30" STARTDATE="2025-10-30" ENDDATE="2079-06-06" ISACTUAL="1" ISACTIVE="1" /><HOUSE ID="129418464" OBJECTID="175600120" OBJECTGUID="034f5174-9e95-4930-885c-4a37b5746282" CHANGEID="691467671" HOUSENUM="17б" HOUSETYPE="2" OPERTYPEID="10" PREVID="0" NEXTID="0" UPDATEDATE="2025-10-30" STARTDATE="2025-10-30" ENDDATE="2079-06-06" ISACTUAL="1" ISACTIVE="1" /><HOUSE ID="129418479" OBJECTID="175600162" OBJECTGUID="7ba965fb-7294-410e-82f0-994a4d58b716" CHANGEID="691467715" HOUSENUM="3" HOUSETYPE="2" OPERTYPEID="10" PREVID="0" NEXTID="0" UPDATEDATE="2025-10-30" STARTDATE="2025-10-30" ENDDATE="2079-06-06" ISACTUAL="1" ISACTIVE="1" /><HOUSE ID="129418480" OBJECTID="175600163" OBJECTGUID="39a85abf-1ec3-481a-b93c-3301b8b49660" CHANGEID="691467716" HOUSENUM="3а" HOUSETYPE="2" OPERTYPEID="10" PREVID="0" NEXTID="0" UPDATEDATE="2025-10-30" STARTDATE="2025-10-30" ENDDATE="2079-06-06" ISACTUAL="1" ISACTIVE="1" /><HOUSE ID="129418476" OBJECTID="175600154" OBJECTGUID="9315ddd6-0bf7-4df2-9f5b-12bb458de899" CHANGEID="691467706" HOUSENUM="8" HOUSETYPE="2" OPERTYPEID="10" PREVID="0" NEXTID="0" UPDATEDATE="2025-10-30" STARTDATE="2025-10-30" ENDDATE="2079-06-06" ISACTUAL="1" ISACTIVE="1" /><HOUSE ID="129418510" OBJECTID="175600233" OBJECTGUID="0f7aa3ab-70e6-48b0-aec8-cde4f5e60849" CHANGEID="691467815" HOUSENUM="29" HOUSETYPE="2" OPERTYPEID="10" PREVID="0" NEXTID="0" UPDATEDATE="2025-10-30" STARTDATE="2025-10-30" ENDDATE="2079-06-06" ISACTUAL="1" ISACTIVE="1" /><HOUSE ID="129419789" OBJECTID="175602785" OBJECTGUID="8e03c80b-d6bb-4773-adf2-3fe2bc766799" CHANGEID="691472182" HOUSENUM="59" HOUSETYPE="8" OPERTYPEID="10" PREVID="0" NEXTID="0" UPDATEDATE="2025-10-30" STARTDATE="2025-10-30" ENDDATE="2079-06-06" ISACTUAL="1" ISACTIVE="1" /><HOUSE ID="129419800" OBJECTID="175602800" OBJECTGUID="6b2cdaa5-03c8-4ba9-9b36-28c972f1b598" CHANGEID="691472204" HOUSENUM="60" HOUSETYPE="8" OPERTYPEID="10" PREVID="0" NEXTID="0" UPDATEDATE="2025-10-30" STARTDATE="2025-10-30" ENDDATE="2079-06-06" ISACTUAL="1" ISACTIVE="1" /><HOUSE ID="129421116" OBJECTID="47445814" OBJECTGUID="1f7dfca4-f576-43b6-b5e5-8ee8780f6463" CHANGEID="691477835" HOUSENUM="1" HOUSETYPE="2" OPERTYPEID="30" PREVID="28367000" NEXTID="0" UPDATEDATE="2025-10-30" STARTDATE="2025-10-30" ENDDATE="2079-06-06" ISACTUAL="1" ISACTIVE="0" /><HOUSE ID="129421206" OBJECTID="175606872" OBJECTGUID="a47769eb-5539-4c8f-adaf-76fb945103af" CHANGEID="691478450" HOUSENUM="34А" HOUSETYPE="2" OPERTYPEID="10" PREVID="0" NEXTID="0" UPDATEDATE="2025-10-30" STARTDATE="2025-10-30" ENDDATE="2079-06-06" ISACTUAL="1" ISACTIVE="1" /><HOUSE ID="129421649" OBJECTID="47456210" OBJECTGUID="ce5acac9-d761-4997-8120-e6fb297f9cc2" CHANGEID="691480135" HOUSENUM="9" HOUSETYPE="2" OPERTYPEID="30" PREVID="28374214" NEXTID="0" UPDATEDATE="2025-10-30" STARTDATE="2025-10-30" ENDDATE="2079-06-06" ISACTUAL="1" ISACTIVE="0" /><HOUSE ID="28374214" OBJECTID="47456210" OBJECTGUID="ce5acac9-d761-4997-8120-e6fb297f9cc2" CHANGEID="71376468" HOUSENUM="9" HOUSETYPE="2" OPERTYPEID="20" PREVID="28374164" NEXTID="129421649" UPDATEDATE="2025-10-30" STARTDATE="2018-02-01" ENDDATE="2025-10-30" ISACTUAL="0" ISACTIVE="0" /><HOUSE ID="129422384" OBJECTID="29072149" OBJECTGUID="e58a9713-b8e1-4413-96cd-568a6eba7476" CHANGEID="691482494" HOUSENUM="4" HOUSETYPE="2" OPERTYPEID="30" PREVID="17247486" NEXTID="0" UPDATEDATE="2025-10-30" STARTDATE="2025-10-30" ENDDATE="2079-06-06" ISACTUAL="1" ISACTIVE="0" /><HOUSE ID="17247486" OBJECTID="29072149" OBJECTGUID="e58a9713-b8e1-4413-96cd-568a6eba7476" CHANGEID="44653514" HOUSENUM="4" HOUSETYPE="2" OPERTYPEID="20" PREVID="17247464" NEXTID="129422384" UPDATEDATE="2025-10-30" STARTDATE="2018-02-19" ENDDATE="2025-10-30" ISACTUAL="0" ISACTIVE="0" /><HOUSE ID="129422386" OBJECTID="29160861" OBJECTGUID="eb342966-8e15-4897-9d9a-2b681ca4e65f" CHANGEID="691482502" HOUSENUM="59" HOUSETYPE="1" OPERTYPEID="30" PREVID="68040909" NEXTID="0" UPDATEDATE="2025-10-30" STARTDATE="2025-10-30" ENDDATE="2079-06-06" ISACTUAL="1" ISACTIVE="0" /><HOUSE ID="68040909" OBJECTID="29160861" OBJECTGUID="eb342966-8e15-4897-9d9a-2b681ca4e65f" CHANGEID="44777818" HOUSENUM="59" HOUSETYPE="1" OPERTYPEID="20" PREVID="17294124" NEXTID="129422386" UPDATEDATE="2025-10-30" STARTDATE="2013-01-01" ENDDATE="2025-10-30" ISACTUAL="0" ISACTIVE="0" /><HOUSE ID="129422391" OBJECTID="45502356" OBJECTGUID="4b28e827-a11a-4759-85d6-3f1e65ad2959" CHANGEID="691482510" HOUSENUM="26" HOUSETYPE="1" OPERTYPEID="30" PREVID="56703590" NEXTID="0" UPDATEDATE="2025-10-30" STARTDATE="2025-10-30" ENDDATE="2079-06-06" ISACTUAL="1" ISACTIVE="0" /><HOUSE ID="129422395" OBJECTID="51378911" OBJECTGUID="a3c87173-bb5b-4c8f-beea-04452f75a095" CHANGEID="691482541" HOUSENUM="32" HOUSETYPE="2" OPERTYPEID="30" PREVID="128846330" NEXTID="0" UPDATEDATE="2025-10-30" STARTDATE="2025-10-30" ENDDATE="2079-06-06" ISACTUAL="1" ISACTIVE="0" /><HOUSE ID="129422398" OBJECTID="67572902" OBJECTGUID="a1fe2a12-e5a9-4dbf-aa55-d1a2397d38da" CHANGEID="691482547" HOUSENUM="156" HOUSETYPE="2" OPERTYPEID="30" PREVID="40705564" NEXTID="0" UPDATEDATE="2025-10-30" STARTDATE="2025-10-30" ENDDATE="2079-06-06" ISACTUAL="1" ISACTIVE="0" /><HOUSE ID="40705564" OBJECTID="67572902" OBJECTGUID="a1fe2a12-e5a9-4dbf-aa55-d1a2397d38da" CHANGEID="100742883" HOUSENUM="156" HOUSETYPE="2" OPERTYPEID="20" PREVID="40705450" NEXTID="129422398" UPDATEDATE="2025-10-30" STARTDATE="2018-02-16" ENDDATE="2025-10-30" ISACTUAL="0" ISACTIVE="0" /><HOUSE ID="129422381" OBJECTID="47443557" OBJECTGUID="de497b33-3669-4d74-b806-4dce1f1fbe97" CHANGEID="691482458" HOUSENUM="3" HOUSETYPE="2" OPERTYPEID="30" PREVID="28365926" NEXTID="0" UPDATEDATE="2025-10-30" STARTDATE="2025-10-30" ENDDATE="2079-06-06" ISACTUAL="1" ISACTIVE="0" /><HOUSE ID="28365926" OBJECTID="47443557" OBJECTGUID="de497b33-3669-4d74-b806-4dce1f1fbe97" CHANGEID="71358141" HOUSENUM="3" HOUSETYPE="2" OPERTYPEID="20" PREVID="28365793" NEXTID="129422381" UPDATEDATE="2025-10-30" STARTDATE="2018-02-01" ENDDATE="2025-10-30" ISACTUAL="0" ISACTIVE="0" /><HOUSE ID="129422390" OBJECTID="29127931" OBJECTGUID="08b30507-6152-4290-8154-97dd7c3b1eab" CHANGEID="691482507" HOUSENUM="142" HOUSETYPE="1" OPERTYPEID="30" PREVID="51998428" NEXTID="0" UPDATEDATE="2025-10-30" STARTDATE="2025-10-30" ENDDATE="2079-06-06" ISACTUAL="1" ISACTIVE="0" /><HOUSE ID="129422392" OBJECTID="45564919" OBJECTGUID="7ca53c8c-b3b2-4060-b605-fcf690ce59c2" CHANGEID="691482515" HOUSENUM="48" HOUSETYPE="1" OPERTYPEID="30" PREVID="60212129" NEXTID="0" UPDATEDATE="2025-10-30" STARTDATE="2025-10-30" ENDDATE="2079-06-06" ISACTUAL="1" ISACTIVE="0" /><HOUSE ID="129422483" OBJECTID="175609580" OBJECTGUID="e3a7d770-9b5d-4af0-a18a-aec0ed0737d9" CHANGEID="691483117" HOUSENUM="8" HOUSETYPE="2" OPERTYPEID="10" PREVID="0" NEXTID="0" UPDATEDATE="2025-10-30" STARTDATE="2025-10-30" ENDDATE="2079-06-06" ISACTUAL="1" ISACTIVE="1" /><HOUSE ID="129422492" OBJECTID="66626286" OBJECTGUID="eb0054ec-e424-4d6a-a35f-e17c23cee8f7" CHANGEID="691483136" HOUSENUM="2" HOUSETYPE="2" OPERTYPEID="30" PREVID="127055250" NEXTID="0" UPDATEDATE="2025-10-30" STARTDATE="2025-10-30" ENDDATE="2079-06-06" ISACTUAL="1" ISACTIVE="0" /><HOUSE ID="129422998" OBJECTID="52403258" OBJECTGUID="8eabaf4c-6816-4454-970d-e553f776d4b7" CHANGEID="691485263" HOUSENUM="16" HOUSETYPE="2" OPERTYPEID="30" PREVID="31316390" NEXTID="0" UPDATEDATE="2025-10-30" STARTDATE="2025-10-30" ENDDATE="2079-06-06" ISACTUAL="1" ISACTIVE="0" /><HOUSE ID="129423020" OBJECTID="57770931" OBJECTGUID="87e31057-3513-40fc-8cf4-e80e1856d06f" CHANGEID="691485385" HOUSENUM="2" HOUSETYPE="2" OPERTYPEID="30" PREVID="34584061" NEXTID="0" UPDATEDATE="2025-10-30" STARTDATE="2025-10-30" ENDDATE="2079-06-06" ISACTUAL="1" ISACTIVE="0" /><HOUSE ID="129423037" OBJECTID="35376243" OBJECTGUID="98286212-5836-4e55-b278-9aca90450189" CHANGEID="691485496" HOUSENUM="31" HOUSETYPE="2" OPERTYPEID="20" PREVID="62160518" UPDATEDATE="2025-10-30" STARTDATE="2025-10-30" ENDDATE="2079-06-06" ISACTUAL="1" ISACTIVE="1" /><HOUSE ID="129423341" OBJECTID="17305579" OBJECTGUID="ee3c14af-afac-4c57-ad9f-7f66ba11a837" CHANGEID="691486565" HOUSENUM="66" HOUSETYPE="2" OPERTYPEID="30" PREVID="9909781" NEXTID="0" UPDATEDATE="2025-10-30" STARTDATE="2025-10-30" ENDDATE="2079-06-06" ISACTUAL="1" ISACTIVE="0" /><HOUSE ID="9909781" OBJECTID="17305579" OBJECTGUID="ee3c14af-afac-4c57-ad9f-7f66ba11a837" CHANGEID="27348686" HOUSENUM="66" HOUSETYPE="2" OPERTYPEID="10" PREVID="0" NEXTID="129423341" UPDATEDATE="2025-10-30" STARTDATE="1900-01-01" ENDDATE="2025-10-30" ISACTUAL="0" ISACTIVE="0" /><HOUSE ID="129423342" OBJECTID="17312431" OBJECTGUID="7c20ea26-3a4f-4730-b818-cb3b14c5387c" CHANGEID="691486566" HOUSENUM="76" HOUSETYPE="2" OPERTYPEID="30" PREVID="9914573" NEXTID="0" UPDATEDATE="2025-10-30" STARTDATE="2025-10-30" ENDDATE="2079-06-06" ISACTUAL="1" ISACTIVE="0" /><HOUSE ID="129423389" OBJECTID="175611503" OBJECTGUID="a4282a3c-8f3b-4e50-a3bd-c57d6fb37b87" CHANGEID="691486863" HOUSENUM="10" HOUSETYPE="2" OPERTYPEID="10" PREVID="0" NEXTID="0" UPDATEDATE="2025-10-30" STARTDATE="2025-10-30" ENDDATE="2079-06-06" ISACTUAL="1" ISACTIVE="1" /><HOUSE ID="62138081" OBJECTID="30259708" OBJECTGUID="97d4ca4c-9a02-4808-a2c8-ea02b9a20944" CHANGEID="46356296" HOUSENUM="19" HOUSETYPE="3" OPERTYPEID="20" PREVID="17936517" NEXTID="129423468" UPDATEDATE="2025-10-30" STARTDATE="2014-01-04" ENDDATE="2025-10-30" ISACTUAL="0" ISACTIVE="0" /><HOUSE ID="129423468" OBJECTID="30259708" OBJECTGUID="97d4ca4c-9a02-4808-a2c8-ea02b9a20944" CHANGEID="691487118" HOUSENUM="19/1" HOUSETYPE="2" OPERTYPEID="20" PREVID="62138081" UPDATEDATE="2025-10-30" STARTDATE="2025-10-30" ENDDATE="2079-06-06" ISACTUAL="1" ISACTIVE="1" /><HOUSE ID="129423477" OBJECTID="175611650" OBJECTGUID="0eaaaada-a9b3-40a3-a702-064258875bc4" CHANGEID="691487141" HOUSENUM="19/2" HOUSETYPE="2" OPERTYPEID="10" PREVID="0" NEXTID="0" UPDATEDATE="2025-10-30" STARTDATE="2025-10-30" ENDDATE="2079-06-06" ISACTUAL="1" ISACTIVE="1" /><HOUSE ID="129426699" OBJECTID="46877909" OBJECTGUID="a6ae7010-38bb-4b7c-a069-4be15ff994b0" CHANGEID="691504188" HOUSENUM="14" HOUSETYPE="2" OPERTYPEID="20" PREVID="63189480" UPDATEDATE="2025-10-31" STARTDATE="2025-10-31" ENDDATE="2079-06-06" ISACTUAL="1" ISACTIVE="1" /><HOUSE ID="129427232" OBJECTID="175623780" OBJECTGUID="c1db7cb0-f252-4b53-b405-c3a730a101ac" CHANGEID="691507072" HOUSENUM="8" HOUSETYPE="2" OPERTYPEID="10" PREVID="0" NEXTID="0" UPDATEDATE="2025-10-31" STARTDATE="2025-10-31" ENDDATE="2079-06-06" ISACTUAL="1" ISACTIVE="1" /><HOUSE ID="129427222" OBJECTID="175623755" OBJECTGUID="bcc95ace-0cdf-4a33-81fc-7b2a00643a56" CHANGEID="691507013" HOUSENUM="30" HOUSETYPE="2" OPERTYPEID="10" PREVID="0" NEXTID="0" UPDATEDATE="2025-10-31" STARTDATE="2025-10-31" ENDDATE="2079-06-06" ISACTUAL="1" ISACTIVE="1" /><HOUSE ID="129427261" OBJECTID="79947754" OBJECTGUID="114204e7-94d8-4b5a-af10-2ef2ae7c5987" CHANGEID="691507257" HOUSENUM="22" HOUSETYPE="2" OPERTYPEID="20" PREVID="48341844" UPDATEDATE="2025-10-31" STARTDATE="2025-10-31" ENDDATE="2079-06-06" ISACTUAL="1" ISACTIVE="1" /><HOUSE ID="129427274" OBJECTID="79859718" OBJECTGUID="7a2aff05-1f21-4a33-9efe-af059e3a4447" CHANGEID="691507324" HOUSENUM="26" HOUSETYPE="2" OPERTYPEID="20" PREVID="48288592" UPDATEDATE="2025-10-31" STARTDATE="2025-10-31" ENDDATE="2079-06-06" ISACTUAL="1" ISACTIVE="1" /><HOUSE ID="129427310" OBJECTID="79870524" OBJECTGUID="7bec3b0a-5e70-49e4-b220-fc344068a0d4" CHANGEID="691507486" HOUSENUM="28" HOUSETYPE="2" OPERTYPEID="20" PREVID="48293830" UPDATEDATE="2025-10-31" STARTDATE="2025-10-31" ENDDATE="2079-06-06" ISACTUAL="1" ISACTIVE="1" /><HOUSE ID="129427305" OBJECTID="175624054" OBJECTGUID="d6032dd3-0469-4710-961f-758845f52f56" CHANGEID="691507440" HOUSENUM="7" HOUSETYPE="2" OPERTYPEID="10" PREVID="0" NEXTID="0" UPDATEDATE="2025-10-31" STARTDATE="2025-10-31" ENDDATE="2079-06-06" ISACTUAL="1" ISACTIVE="1" /><HOUSE ID="48288174" OBJECTID="79859152" OBJECTGUID="52af0a6a-e692-411b-a027-a77b7ec67d52" CHANGEID="118691863" HOUSENUM="29" HOUSETYPE="3" OPERTYPEID="10" PREVID="0" NEXTID="129427311" UPDATEDATE="2025-10-31" STARTDATE="2014-01-04" ENDDATE="2025-10-31" ISACTUAL="0" ISACTIVE="0" /><HOUSE ID="129427311" OBJECTID="79859152" OBJECTGUID="52af0a6a-e692-411b-a027-a77b7ec67d52" CHANGEID="691507487" HOUSENUM="29" HOUSETYPE="2" OPERTYPEID="20" PREVID="48288174" UPDATEDATE="2025-10-31" STARTDATE="2025-10-31" ENDDATE="2079-06-06" ISACTUAL="1" ISACTIVE="1" /><HOUSE ID="129427313" OBJECTID="79956504" OBJECTGUID="804436f7-c9f8-4910-bb67-42509b659649" CHANGEID="691507499" HOUSENUM="30" HOUSETYPE="2" OPERTYPEID="20" PREVID="48347489" UPDATEDATE="2025-10-31" STARTDATE="2025-10-31" ENDDATE="2079-06-06" ISACTUAL="1" ISACTIVE="1" /><HOUSE ID="48341189" OBJECTID="79946950" OBJECTGUID="9a11ab1e-5071-44d6-9dd6-2ebf3d11ee4a" CHANGEID="118818375" HOUSENUM="33" HOUSETYPE="3" OPERTYPEID="10" PREVID="0" NEXTID="129427811" UPDATEDATE="2025-10-31" STARTDATE="2014-01-04" ENDDATE="2025-10-31" ISACTUAL="0" ISACTIVE="0" /><HOUSE ID="129427811" OBJECTID="79946950" OBJECTGUID="9a11ab1e-5071-44d6-9dd6-2ebf3d11ee4a" CHANGEID="691509750" HOUSENUM="33" HOUSETYPE="2" OPERTYPEID="20" PREVID="48341189" UPDATEDATE="2025-10-31" STARTDATE="2025-10-31" ENDDATE="2079-06-06" ISACTUAL="1" ISACTIVE="1" /><HOUSE ID="129427817" OBJECTID="79868080" OBJECTGUID="a48b0678-6988-4810-b002-f469072f004f" CHANGEID="691509766" HOUSENUM="35" HOUSETYPE="2" OPERTYPEID="20" PREVID="48292591" UPDATEDATE="2025-10-31" STARTDATE="2025-10-31" ENDDATE="2079-06-06" ISACTUAL="1" ISACTIVE="1" /><HOUSE ID="129427809" OBJECTID="79869829" OBJECTGUID="774e752a-d7fb-4704-bcaa-f6b74f8604a5" CHANGEID="691509747" HOUSENUM="32" HOUSETYPE="2" OPERTYPEID="20" PREVID="48293412" UPDATEDATE="2025-10-31" STARTDATE="2025-10-31" ENDDATE="2079-06-06" ISACTUAL="1" ISACTIVE="1" /><HOUSE ID="129427837" OBJECTID="79862644" OBJECTGUID="43de8740-d780-4ed6-861b-cb8401cc41de" CHANGEID="691509884" HOUSENUM="36" HOUSETYPE="2" OPERTYPEID="20" PREVID="48290090" UPDATEDATE="2025-10-31" STARTDATE="2025-10-31" ENDDATE="2079-06-06" ISACTUAL="1" ISACTIVE="1" /><HOUSE ID="129429014" OBJECTID="175628956" OBJECTGUID="5a636ef2-bbbc-4de2-8839-2444dbdfd4b8" CHANGEID="691515168" HOUSENUM="29б" HOUSETYPE="2" OPERTYPEID="10" PREVID="0" NEXTID="0" UPDATEDATE="2025-10-31" STARTDATE="2025-10-31" ENDDATE="2079-06-06" ISACTUAL="1" ISACTIVE="1" /><HOUSE ID="129431009" OBJECTID="175636300" OBJECTGUID="13534738-50f2-45a7-b9c0-d58ea831c24d" CHANGEID="691526761" HOUSENUM="49" HOUSETYPE="2" OPERTYPEID="10" PREVID="0" NEXTID="0" UPDATEDATE="2025-10-31" STARTDATE="2025-10-31" ENDDATE="2079-06-06" ISACTUAL="1" ISACTIVE="1" /><HOUSE ID="129431008" OBJECTID="175636293" OBJECTGUID="1c0ee5dd-b899-4b81-a32d-8f89652db354" CHANGEID="691526744" HOUSENUM="17" HOUSETYPE="2" OPERTYPEID="10" PREVID="0" NEXTID="0" UPDATEDATE="2025-10-31" STARTDATE="2025-10-31" ENDDATE="2079-06-06" ISACTUAL="1" ISACTIVE="1" /><HOUSE ID="67059244" OBJECTID="44876508" OBJECTGUID="dd559614-31dc-4d63-afe3-6ba51e842bb2" CHANGEID="67635413" HOUSENUM="21" HOUSETYPE="3" OPERTYPEID="20" PREVID="26808815" NEXTID="129431028" UPDATEDATE="2025-10-31" STARTDATE="2014-01-04" ENDDATE="2025-10-31" ISACTUAL="0" ISACTIVE="0" /><HOUSE ID="129431028" OBJECTID="44876508" OBJECTGUID="dd559614-31dc-4d63-afe3-6ba51e842bb2" CHANGEID="691526919" HOUSENUM="21" HOUSETYPE="2" OPERTYPEID="20" PREVID="67059244" UPDATEDATE="2025-10-31" STARTDATE="2025-10-31" ENDDATE="2079-06-06" ISACTUAL="1" ISACTIVE="1" /><HOUSE ID="129431070" OBJECTID="8468886" OBJECTGUID="18ca25d1-0743-43a8-ad77-1474fca5898c" CHANGEID="691527117" HOUSENUM="30" HOUSETYPE="2" OPERTYPEID="20" PREVID="53136711" UPDATEDATE="2025-10-31" STARTDATE="2025-10-31" ENDDATE="2079-06-06" ISACTUAL="1" ISACTIVE="1" /><HOUSE ID="129431059" OBJECTID="44903231" OBJECTGUID="85ff3966-3b10-4c42-ab6d-f1d23e1bfbb6" CHANGEID="691527064" HOUSENUM="40" HOUSETYPE="2" OPERTYPEID="20" PREVID="60873476" UPDATEDATE="2025-10-31" STARTDATE="2025-10-31" ENDDATE="2079-06-06" ISACTUAL="1" ISACTIVE="1" /><HOUSE ID="129431073" OBJECTID="8411066" OBJECTGUID="9c587984-a500-4a94-8539-5be80a35bf10" CHANGEID="691527129" HOUSENUM="39" HOUSETYPE="2" OPERTYPEID="20" PREVID="62458200" UPDATEDATE="2025-10-31" STARTDATE="2025-10-31" ENDDATE="2079-06-06" ISACTUAL="1" ISACTIVE="1" /><HOUSE ID="129431351" OBJECTID="8426637" OBJECTGUID="1886f3bc-cfa0-4332-9b39-8162b7a92d29" CHANGEID="691528129" HOUSENUM="56" HOUSETYPE="2" OPERTYPEID="20" PREVID="53118432" UPDATEDATE="2025-10-31" STARTDATE="2025-10-31" ENDDATE="2079-06-06" ISACTUAL="1" ISACTIVE="1" /><HOUSE ID="55952312" OBJECTID="66269256" OBJECTGUID="408af352-78c2-4c50-be9a-823504afc101" CHANGEID="98836877" HOUSENUM="13" HOUSETYPE="1" OPERTYPEID="20" PREVID="39906906" NEXTID="129432149" UPDATEDATE="2025-10-31" STARTDATE="2013-01-01" ENDDATE="2025-10-31" ISACTUAL="0" ISACTIVE="0" /><HOUSE ID="129432149" OBJECTID="66269256" OBJECTGUID="408af352-78c2-4c50-be9a-823504afc101" CHANGEID="691532658" HOUSENUM="13" HOUSETYPE="2" OPERTYPEID="20" PREVID="55952312" UPDATEDATE="2025-10-31" STARTDATE="2025-10-31" ENDDATE="2079-06-06" ISACTUAL="1" ISACTIVE="1" /><HOUSE ID="129432177" OBJECTID="66169530" OBJECTGUID="e636a429-9c5a-4341-9c60-b3046744097b" CHANGEID="691532936" HOUSENUM="17" HOUSETYPE="2" OPERTYPEID="20" PREVID="67688105" UPDATEDATE="2025-10-31" STARTDATE="2025-10-31" ENDDATE="2079-06-06" ISACTUAL="1" ISACTIVE="1" /><HOUSE ID="63969130" OBJECTID="66177370" OBJECTGUID="b1b24ec6-6d7c-47a9-95dd-e36dc54fd0ff" CHANGEID="98697975" HOUSENUM="19" HOUSETYPE="1" OPERTYPEID="20" PREVID="39847262" NEXTID="129432372" UPDATEDATE="2025-10-31" STARTDATE="2013-01-01" ENDDATE="2025-10-31" ISACTUAL="0" ISACTIVE="0" /><HOUSE ID="129432372" OBJECTID="66177370" OBJECTGUID="b1b24ec6-6d7c-47a9-95dd-e36dc54fd0ff" CHANGEID="691534064" HOUSENUM="19" HOUSETYPE="2" OPERTYPEID="20" PREVID="63969130" UPDATEDATE="2025-10-31" STARTDATE="2025-10-31" ENDDATE="2079-06-06" ISACTUAL="1" ISACTIVE="1" /><HOUSE ID="129432410" OBJECTID="175641594" OBJECTGUID="7050daee-b495-477c-855a-8d98b6eecebe" CHANGEID="691534603" HOUSENUM="18" HOUSETYPE="2" OPERTYPEID="10" PREVID="0" NEXTID="0" UPDATEDATE="2025-10-31" STARTDATE="2025-10-31" ENDDATE="2079-06-06" ISACTUAL="1" ISACTIVE="1" /><HOUSE ID="129434285" OBJECTID="33761295" OBJECTGUID="941f900e-6607-42f0-959c-a323be52ad4c" CHANGEID="691563973" HOUSENUM="48а" HOUSETYPE="2" OPERTYPEID="20" PREVID="61874052" UPDATEDATE="2025-11-01" STARTDATE="2025-11-01" ENDDATE="2079-06-06" ISACTUAL="1" ISACTIVE="1" /><HOUSE ID="129434288" OBJECTID="3965224" OBJECTGUID="69561862-d6c4-4eee-beb9-c703adb69996" CHANGEID="691564087" HOUSENUM="1" HOUSETYPE="3" OPERTYPEID="30" PREVID="1507739" NEXTID="0" UPDATEDATE="2025-11-01" STARTDATE="2025-11-01" ENDDATE="2079-06-06" ISACTUAL="1" ISACTIVE="0" /><HOUSE ID="129434289" OBJECTID="175649646" OBJECTGUID="7350f859-012b-4ed1-8798-1325a629b9fe" CHANGEID="691564089" HOUSENUM="7а" HOUSETYPE="2" OPERTYPEID="10" PREVID="0" NEXTID="0" UPDATEDATE="2025-11-01" STARTDATE="2025-11-01" ENDDATE="2079-06-06" ISACTUAL="1" ISACTIVE="1" /><HOUSE ID="129434362" OBJECTID="175650241" OBJECTGUID="beb1cc6c-c072-42c2-84d7-328a6863a061" CHANGEID="691564994" HOUSENUM="1" HOUSETYPE="2" OPERTYPEID="10" PREVID="0" NEXTID="0" UPDATEDATE="2025-11-01" STARTDATE="2025-11-01" ENDDATE="2079-06-06" ISACTUAL="1" ISACTIVE="1" /><HOUSE ID="129436011" OBJECTID="33315607" OBJECTGUID="02754f08-435f-42db-aa60-9735901a6343" CHANGEID="691574468" HOUSENUM="2" HOUSETYPE="2" OPERTYPEID="20" PREVID="51555345" UPDATEDATE="2025-11-01" STARTDATE="2025-11-01" ENDDATE="2079-06-06" ISACTUAL="1" ISACTIVE="1" /><HOUSE ID="129436012" OBJECTID="33332588" OBJECTGUID="0e0068fe-0635-4bee-91ce-c2dbcb0851a4" CHANGEID="691574472" HOUSENUM="3" HOUSETYPE="2" OPERTYPEID="20" PREVID="52374319" UPDATEDATE="2025-11-01" STARTDATE="2025-11-01" ENDDATE="2079-06-06" ISACTUAL="1" ISACTIVE="1" /><HOUSE ID="129436013" OBJECTID="33257032" OBJECTGUID="a530cac6-2768-4974-b08f-03588e70125c" CHANGEID="691574476" HOUSENUM="4" HOUSETYPE="2" OPERTYPEID="20" PREVID="63085298" UPDATEDATE="2025-11-01" STARTDATE="2025-11-01" ENDDATE="2079-06-06" ISACTUAL="1" ISACTIVE="1" /><HOUSE ID="129436015" OBJECTID="33315419" OBJECTGUID="37cfe3d2-bad8-4217-9462-911c7dc8594d" CHANGEID="691574483" HOUSENUM="5" HOUSETYPE="2" OPERTYPEID="20" PREVID="55334524" UPDATEDATE="2025-11-01" STARTDATE="2025-11-01" ENDDATE="2079-06-06" ISACTUAL="1" ISACTIVE="1" /><HOUSE ID="129436016" OBJECTID="33308899" OBJECTGUID="71ccf932-0846-4e77-b145-7607215c9d09" CHANGEID="691574489" HOUSENUM="6" HOUSETYPE="2" OPERTYPEID="20" PREVID="59443019" UPDATEDATE="2025-11-01" STARTDATE="2025-11-01" ENDDATE="2079-06-06" ISACTUAL="1" ISACTIVE="1" /><HOUSE ID="129436017" OBJECTID="33332059" OBJECTGUID="876e46ab-84e3-4ff9-9b4d-c144b954b24f" CHANGEID="691574505" HOUSENUM="7" HOUSETYPE="2" OPERTYPEID="20" PREVID="60975715" UPDATEDATE="2025-11-01" STARTDATE="2025-11-01" ENDDATE="2079-06-06" ISACTUAL="1" ISACTIVE="1" /><HOUSE ID="129436027" OBJECTID="33332818" OBJECTGUID="9f59dcb7-58c3-4978-b3e4-c5f4529c0ce9" CHANGEID="691574541" HOUSENUM="10" HOUSETYPE="2" OPERTYPEID="20" PREVID="62670915" UPDATEDATE="2025-11-01" STARTDATE="2025-11-01" ENDDATE="2079-06-06" ISACTUAL="1" ISACTIVE="1" /><HOUSE ID="55910379" OBJECTID="33304357" OBJECTGUID="3ff103e8-b378-4124-a6e2-608ff35db9c6" CHANGEID="50780206" HOUSENUM="11" HOUSETYPE="3" OPERTYPEID="20" PREVID="19806200" NEXTID="129436028" UPDATEDATE="2025-11-01" STARTDATE="2014-01-04" ENDDATE="2025-11-01" ISACTUAL="0" ISACTIVE="0" /><HOUSE ID="129436028" OBJECTID="33304357" OBJECTGUID="3ff103e8-b378-4124-a6e2-608ff35db9c6" CHANGEID="691574546" HOUSENUM="11" HOUSETYPE="2" OPERTYPEID="20" PREVID="55910379" UPDATEDATE="2025-11-01" STARTDATE="2025-11-01" ENDDATE="2079-06-06" ISACTUAL="1" ISACTIVE="1" /><HOUSE ID="129436029" OBJECTID="33306248" OBJECTGUID="5f5ea91d-8053-4dd7-aa57-6c617ea9b5a0" CHANGEID="691574550" HOUSENUM="12" HOUSETYPE="2" OPERTYPEID="20" PREVID="58137554" UPDATEDATE="2025-11-01" STARTDATE="2025-11-01" ENDDATE="2079-06-06" ISACTUAL="1" ISACTIVE="1" /><HOUSE ID="129436032" OBJECTID="33264312" OBJECTGUID="c0f5c223-1ea1-435b-93c0-14f8fbe2f1b6" CHANGEID="691574572" HOUSENUM="13" HOUSETYPE="2" OPERTYPEID="20" PREVID="65051411" UPDATEDATE="2025-11-01" STARTDATE="2025-11-01" ENDDATE="2079-06-06" ISACTUAL="1" ISACTIVE="1" /><HOUSE ID="129436038" OBJECTID="33270581" OBJECTGUID="bfc04dbb-d7c0-4a69-9d03-2cb51d8b66ff" CHANGEID="691574588" HOUSENUM="15" HOUSETYPE="2" OPERTYPEID="20" PREVID="64965100" UPDATEDATE="2025-11-01" STARTDATE="2025-11-01" ENDDATE="2079-06-06" ISACTUAL="1" ISACTIVE="1" /><HOUSE ID="129436039" OBJECTID="33299400" OBJECTGUID="c39d92b1-3b3c-47bf-aea7-44cefda1dcc4" CHANGEID="691574598" HOUSENUM="16" HOUSETYPE="2" OPERTYPEID="20" PREVID="65239986" UPDATEDATE="2025-11-01" STARTDATE="2025-11-01" ENDDATE="2079-06-06" ISACTUAL="1" ISACTIVE="1" /><HOUSE ID="129436041" OBJECTID="33256764" OBJECTGUID="f4e22430-cfa0-49dc-8592-0345ba638215" CHANGEID="691574604" HOUSENUM="17" HOUSETYPE="2" OPERTYPEID="20" PREVID="68726439" UPDATEDATE="2025-11-01" STARTDATE="2025-11-01" ENDDATE="2079-06-06" ISACTUAL="1" ISACTIVE="1" /><HOUSE ID="129436085" OBJECTID="33307494" OBJECTGUID="c96575f9-0b52-4509-a79e-6ef8a2c3cbea" CHANGEID="691574713" HOUSENUM="24" HOUSETYPE="2" OPERTYPEID="20" PREVID="65650369" UPDATEDATE="2025-11-01" STARTDATE="2025-11-01" ENDDATE="2079-06-06" ISACTUAL="1" ISACTIVE="1" /><HOUSE ID="129436020" OBJECTID="33311396" OBJECTGUID="a0512e24-e1fc-4ac5-b83d-831d2a4c74c3" CHANGEID="691574508" HOUSENUM="8" HOUSETYPE="2" OPERTYPEID="20" PREVID="62740620" UPDATEDATE="2025-11-01" STARTDATE="2025-11-01" ENDDATE="2079-06-06" ISACTUAL="1" ISACTIVE="1" /><HOUSE ID="129436023" OBJECTID="33327966" OBJECTGUID="c0dfd71c-8c66-4635-9df7-ae8273c53a63" CHANGEID="691574514" HOUSENUM="9" HOUSETYPE="2" OPERTYPEID="20" PREVID="65045328" UPDATEDATE="2025-11-01" STARTDATE="2025-11-01" ENDDATE="2079-06-06" ISACTUAL="1" ISACTIVE="1" /><HOUSE ID="129436035" OBJECTID="33275221" OBJECTGUID="c27104d9-719d-4d67-8fda-37db85930108" CHANGEID="691574579" HOUSENUM="14" HOUSETYPE="2" OPERTYPEID="20" PREVID="65155420" UPDATEDATE="2025-11-01" STARTDATE="2025-11-01" ENDDATE="2079-06-06" ISACTUAL="1" ISACTIVE="1" /><HOUSE ID="57044102" OBJECTID="33335975" OBJECTGUID="4ff7626e-aab9-41f4-aed5-ced72d4a2b91" CHANGEID="50825771" HOUSENUM="18" HOUSETYPE="3" OPERTYPEID="20" PREVID="19824473" NEXTID="129436042" UPDATEDATE="2025-11-01" STARTDATE="2017-12-20" ENDDATE="2025-11-01" ISACTUAL="0" ISACTIVE="0" /><HOUSE ID="129436042" OBJECTID="33335975" OBJECTGUID="4ff7626e-aab9-41f4-aed5-ced72d4a2b91" CHANGEID="691574611" HOUSENUM="18" HOUSETYPE="2" OPERTYPEID="20" PREVID="57044102" UPDATEDATE="2025-11-01" STARTDATE="2025-11-01" ENDDATE="2079-06-06" ISACTUAL="1" ISACTIVE="1" /><HOUSE ID="129436047" OBJECTID="33276393" OBJECTGUID="4d63b813-4e8e-46ab-894c-3cedf91bd052" CHANGEID="691574623" HOUSENUM="19" HOUSETYPE="2" OPERTYPEID="20" PREVID="56862625" UPDATEDATE="2025-11-01" STARTDATE="2025-11-01" ENDDATE="2079-06-06" ISACTUAL="1" ISACTIVE="1" /><HOUSE ID="64282227" OBJECTID="33331188" OBJECTGUID="b6197ab2-f205-4260-bdd8-bba46fb880da" CHANGEID="50818564" HOUSENUM="20" HOUSETYPE="3" OPERTYPEID="20" PREVID="19821832" NEXTID="129436051" UPDATEDATE="2025-11-01" STARTDATE="2014-01-04" ENDDATE="2025-11-01" ISACTUAL="0" ISACTIVE="0" /><HOUSE ID="129436051" OBJECTID="33331188" OBJECTGUID="b6197ab2-f205-4260-bdd8-bba46fb880da" CHANGEID="691574635" HOUSENUM="20" HOUSETYPE="2" OPERTYPEID="20" PREVID="64282227" UPDATEDATE="2025-11-01" STARTDATE="2025-11-01" ENDDATE="2079-06-06" ISACTUAL="1" ISACTIVE="1" /><HOUSE ID="129436060" OBJECTID="33265099" OBJECTGUID="513d1568-9a4f-4589-908d-1524f8ebe6d0" CHANGEID="691574649" HOUSENUM="21" HOUSETYPE="2" OPERTYPEID="20" PREVID="57135345" UPDATEDATE="2025-11-01" STARTDATE="2025-11-01" ENDDATE="2079-06-06" ISACTUAL="1" ISACTIVE="1" /><HOUSE ID="129436067" OBJECTID="33330493" OBJECTGUID="12a0130c-6bd2-4b19-8202-b877670c5572" CHANGEID="691574674" HOUSENUM="22" HOUSETYPE="2" OPERTYPEID="20" PREVID="52700229" UPDATEDATE="2025-11-01" STARTDATE="2025-11-01" ENDDATE="2079-06-06" ISACTUAL="1" ISACTIVE="1" /><HOUSE ID="129436080" OBJECTID="33337193" OBJECTGUID="2d269a66-5cc8-4335-930d-d19b2fbf2c92" CHANGEID="691574702" HOUSENUM="23" HOUSETYPE="2" OPERTYPEID="20" PREVID="54578990" UPDATEDATE="2025-11-01" STARTDATE="2025-11-01" ENDDATE="2079-06-06" ISACTUAL="1" ISACTIVE="1" /><HOUSE ID="129436092" OBJECTID="33274470" OBJECTGUID="2c980d9c-02f7-45ba-afa2-33cfa2075de1" CHANGEID="691574856" HOUSENUM="25" HOUSETYPE="2" OPERTYPEID="20" PREVID="54539367" UPDATEDATE="2025-11-01" STARTDATE="2025-11-01" ENDDATE="2079-06-06" ISACTUAL="1" ISACTIVE="1" /><HOUSE ID="129436097" OBJECTID="33326197" OBJECTGUID="61c54067-b433-4b73-9b03-aa4b20b8ca0e" CHANGEID="691574878" HOUSENUM="26" HOUSETYPE="2" OPERTYPEID="20" PREVID="58307270" UPDATEDATE="2025-11-01" STARTDATE="2025-11-01" ENDDATE="2079-06-06" ISACTUAL="1" ISACTIVE="1" /><HOUSE ID="64945906" OBJECTID="33334033" OBJECTGUID="bf76b403-b95f-4d5c-a9cb-c61e5bea77d8" CHANGEID="50822272" HOUSENUM="28" HOUSETYPE="3" OPERTYPEID="20" PREVID="19823317" NEXTID="129436112" UPDATEDATE="2025-11-01" STARTDATE="2014-01-04" ENDDATE="2025-11-01" ISACTUAL="0" ISACTIVE="0" /><HOUSE ID="129436112" OBJECTID="33334033" OBJECTGUID="bf76b403-b95f-4d5c-a9cb-c61e5bea77d8" CHANGEID="691574929" HOUSENUM="28" HOUSETYPE="2" OPERTYPEID="20" PREVID="64945906" UPDATEDATE="2025-11-01" STARTDATE="2025-11-01" ENDDATE="2079-06-06" ISACTUAL="1" ISACTIVE="1" /><HOUSE ID="129436147" OBJECTID="33303591" OBJECTGUID="fafe0fd6-cb2e-405a-9642-58987c8896ba" CHANGEID="691575043" HOUSENUM="33" HOUSETYPE="2" OPERTYPEID="20" PREVID="69159859" UPDATEDATE="2025-11-01" STARTDATE="2025-11-01" ENDDATE="2079-06-06" ISACTUAL="1" ISACTIVE="1" /><HOUSE ID="61203829" OBJECTID="34081640" OBJECTGUID="8aa4ff1a-3503-4e6f-a13f-3414abbad275" CHANGEID="51910028" HOUSENUM="48-б" HOUSETYPE="1" OPERTYPEID="20" PREVID="20267949" NEXTID="129436196" UPDATEDATE="2025-11-01" STARTDATE="2013-01-01" ENDDATE="2025-11-01" ISACTUAL="0" ISACTIVE="0" /><HOUSE ID="129436196" OBJECTID="34081640" OBJECTGUID="8aa4ff1a-3503-4e6f-a13f-3414abbad275" CHANGEID="691575222" HOUSENUM="48б" HOUSETYPE="2" OPERTYPEID="20" PREVID="61203829" UPDATEDATE="2025-11-01" STARTDATE="2025-11-01" ENDDATE="2079-06-06" ISACTUAL="1" ISACTIVE="1" /><HOUSE ID="129436106" OBJECTID="33344191" OBJECTGUID="a09d2e36-3af9-4623-8f32-f256bac0faa6" CHANGEID="691574894" HOUSENUM="27" HOUSETYPE="2" OPERTYPEID="20" PREVID="62760375" UPDATEDATE="2025-11-01" STARTDATE="2025-11-01" ENDDATE="2079-06-06" ISACTUAL="1" ISACTIVE="1" /><HOUSE ID="129436117" OBJECTID="33288048" OBJECTGUID="898fcb4e-fd0b-40a8-9338-4227f0bc74f6" CHANGEID="691574950" HOUSENUM="29" HOUSETYPE="2" OPERTYPEID="20" PREVID="61126626" UPDATEDATE="2025-11-01" STARTDATE="2025-11-01" ENDDATE="2079-06-06" ISACTUAL="1" ISACTIVE="1" /><HOUSE ID="129436131" OBJECTID="33294731" OBJECTGUID="6d850e3e-f985-4175-b0e0-43fc23582dab" CHANGEID="691574993" HOUSENUM="30" HOUSETYPE="2" OPERTYPEID="20" PREVID="59139937" UPDATEDATE="2025-11-01" STARTDATE="2025-11-01" ENDDATE="2079-06-06" ISACTUAL="1" ISACTIVE="1" /><HOUSE ID="129436140" OBJECTID="33325677" OBJECTGUID="ed3c6232-7396-47f2-a990-aa44ef25bafd" CHANGEID="691575019" HOUSENUM="32" HOUSETYPE="2" OPERTYPEID="20" PREVID="68184305" UPDATEDATE="2025-11-01" STARTDATE="2025-11-01" ENDDATE="2079-06-06" ISACTUAL="1" ISACTIVE="1" /><HOUSE ID="129436169" OBJECTID="33304756" OBJECTGUID="15801e2e-c4e1-4f94-8208-6587361c017c" CHANGEID="691575139" HOUSENUM="34" HOUSETYPE="2" OPERTYPEID="20" PREVID="52903542" UPDATEDATE="2025-11-01" STARTDATE="2025-11-01" ENDDATE="2079-06-06" ISACTUAL="1" ISACTIVE="1" /><HOUSE ID="68200688" OBJECTID="33280064" OBJECTGUID="ed7366b7-8f35-435e-8bf2-41ef0c4bad89" CHANGEID="50751445" HOUSENUM="35" HOUSETYPE="3" OPERTYPEID="20" PREVID="19792362" NEXTID="129436199" UPDATEDATE="2025-11-01" STARTDATE="2014-01-04" ENDDATE="2025-11-01" ISACTUAL="0" ISACTIVE="0" /><HOUSE ID="129436199" OBJECTID="33280064" OBJECTGUID="ed7366b7-8f35-435e-8bf2-41ef0c4bad89" CHANGEID="691575229" HOUSENUM="35" HOUSETYPE="2" OPERTYPEID="20" PREVID="68200688" UPDATEDATE="2025-11-01" STARTDATE="2025-11-01" ENDDATE="2079-06-06" ISACTUAL="1" ISACTIVE="1" /><HOUSE ID="20012386" OBJECTID="33667756" OBJECTGUID="2e3ee75e-b285-443b-9c17-5a121d0a30f0" CHANGEID="51300413" HOUSENUM="10-а" HOUSETYPE="2" OPERTYPEID="20" PREVID="20011990" NEXTID="129436201" UPDATEDATE="2025-11-01" STARTDATE="2018-01-31" ENDDATE="2025-11-01" ISACTUAL="0" ISACTIVE="0" /><HOUSE ID="129436201" OBJECTID="33667756" OBJECTGUID="2e3ee75e-b285-443b-9c17-5a121d0a30f0" CHANGEID="691575237" HOUSENUM="10а" HOUSETYPE="2" OPERTYPEID="20" PREVID="20012386" UPDATEDATE="2025-11-01" STARTDATE="2025-11-01" ENDDATE="2079-06-06" ISACTUAL="1" ISACTIVE="1" /><HOUSE ID="129436203" OBJECTID="33343890" OBJECTGUID="717c7054-8eb9-4df6-ab46-eb4b249387b2" CHANGEID="691575241" HOUSENUM="36" HOUSETYPE="2" OPERTYPEID="20" PREVID="59420018" UPDATEDATE="2025-11-01" STARTDATE="2025-11-01" ENDDATE="2079-06-06" ISACTUAL="1" ISACTIVE="1" /><HOUSE ID="129436209" OBJECTID="33269290" OBJECTGUID="2997f792-b5a9-4989-95f1-2b8b5420ee14" CHANGEID="691575269" HOUSENUM="37" HOUSETYPE="2" OPERTYPEID="20" PREVID="54327745" UPDATEDATE="2025-11-01" STARTDATE="2025-11-01" ENDDATE="2079-06-06" ISACTUAL="1" ISACTIVE="1" /><HOUSE ID="129436215" OBJECTID="33338113" OBJECTGUID="0060fc88-fe36-4ba9-9710-d71d8f3c6288" CHANGEID="691575295" HOUSENUM="38" HOUSETYPE="2" OPERTYPEID="20" PREVID="51406979" UPDATEDATE="2025-11-01" STARTDATE="2025-11-01" ENDDATE="2079-06-06" ISACTUAL="1" ISACTIVE="1" /><HOUSE ID="129436294" OBJECTID="175657348" OBJECTGUID="f469b2d5-eaba-47ef-9cc3-2c4512d87637" CHANGEID="691575668" HOUSENUM="21" HOUSETYPE="2" OPERTYPEID="10" PREVID="0" NEXTID="0" UPDATEDATE="2025-11-01" STARTDATE="2025-11-01" ENDDATE="2079-06-06" ISACTUAL="1" ISACTIVE="1" /><HOUSE ID="69464082" OBJECTID="82193364" OBJECTGUID="ff4c5568-acec-4e8f-90c1-c3d288d7ee8a" CHANGEID="122127150" HOUSENUM="17" HOUSETYPE="3" OPERTYPEID="20" PREVID="49749941" NEXTID="129436341" UPDATEDATE="2025-11-01" STARTDATE="2014-01-04" ENDDATE="2025-11-01" ISACTUAL="0" ISACTIVE="0" /><HOUSE ID="129436341" OBJECTID="82193364" OBJECTGUID="ff4c5568-acec-4e8f-90c1-c3d288d7ee8a" CHANGEID="691575883" HOUSENUM="17" HOUSETYPE="2" OPERTYPEID="20" PREVID="69464082" UPDATEDATE="2025-11-01" STARTDATE="2025-11-01" ENDDATE="2079-06-06" ISACTUAL="1" ISACTIVE="1" /><HOUSE ID="129436393" OBJECTID="175657608" OBJECTGUID="c64750c1-7fc6-4a70-9afc-f1486e299fbf" CHANGEID="691576184" HOUSENUM="10" HOUSETYPE="2" OPERTYPEID="10" PREVID="0" NEXTID="0" UPDATEDATE="2025-11-01" STARTDATE="2025-11-01" ENDDATE="2079-06-06" ISACTUAL="1" ISACTIVE="1" /><HOUSE ID="129436420" OBJECTID="175657663" OBJECTGUID="11a69923-f3b1-41b1-9148-bfd2d6e040c3" CHANGEID="691576284" HOUSENUM="75" HOUSETYPE="2" OPERTYPEID="10" PREVID="0" NEXTID="0" UPDATEDATE="2025-11-01" STARTDATE="2025-11-01" ENDDATE="2079-06-06" ISACTUAL="1" ISACTIVE="1" /><HOUSE ID="129436477" OBJECTID="33341580" OBJECTGUID="b05276e2-df4a-40cb-a19a-e60ca7c3cc6e" CHANGEID="691576472" HOUSENUM="39" HOUSETYPE="2" OPERTYPEID="20" PREVID="63872900" UPDATEDATE="2025-11-01" STARTDATE="2025-11-01" ENDDATE="2079-06-06" ISACTUAL="1" ISACTIVE="1" /><HOUSE ID="129436479" OBJECTID="33343955" OBJECTGUID="3b966df4-a588-4063-b330-ee70f82b3205" CHANGEID="691576501" HOUSENUM="40" HOUSETYPE="2" OPERTYPEID="20" PREVID="55602486" UPDATEDATE="2025-11-01" STARTDATE="2025-11-01" ENDDATE="2079-06-06" ISACTUAL="1" ISACTIVE="1" /><HOUSE ID="129436485" OBJECTID="33321886" OBJECTGUID="e33fa7f0-5cc1-4e13-acdf-a366ab6ba051" CHANGEID="691576510" HOUSENUM="41" HOUSETYPE="2" OPERTYPEID="20" PREVID="67478045" UPDATEDATE="2025-11-01" STARTDATE="2025-11-01" ENDDATE="2079-06-06" ISACTUAL="1" ISACTIVE="1" /><HOUSE ID="129436487" OBJECTID="33259225" OBJECTGUID="1ea8fd4f-b859-4716-9707-07ede7effd9d" CHANGEID="691576541" HOUSENUM="43" HOUSETYPE="2" OPERTYPEID="20" PREVID="53552456" UPDATEDATE="2025-11-01" STARTDATE="2025-11-01" ENDDATE="2079-06-06" ISACTUAL="1" ISACTIVE="1" /><HOUSE ID="56189994" OBJECTID="33335580" OBJECTGUID="43e506c8-0e11-4462-8291-cd7b5a9e9e4d" CHANGEID="50824554" HOUSENUM="44" HOUSETYPE="3" OPERTYPEID="20" PREVID="19824029" NEXTID="129436510" UPDATEDATE="2025-11-01" STARTDATE="2014-01-04" ENDDATE="2025-11-01" ISACTUAL="0" ISACTIVE="0" /><HOUSE ID="129436510" OBJECTID="33335580" OBJECTGUID="43e506c8-0e11-4462-8291-cd7b5a9e9e4d" CHANGEID="691576785" HOUSENUM="44" HOUSETYPE="2" OPERTYPEID="20" PREVID="56189994" UPDATEDATE="2025-11-01" STARTDATE="2025-11-01" ENDDATE="2079-06-06" ISACTUAL="1" ISACTIVE="1" /><HOUSE ID="129436511" OBJECTID="33268084" OBJECTGUID="0972572c-5a9a-4b09-af6b-226fc2321299" CHANGEID="691576804" HOUSENUM="45" HOUSETYPE="2" OPERTYPEID="20" PREVID="52050905" UPDATEDATE="2025-11-01" STARTDATE="2025-11-01" ENDDATE="2079-06-06" ISACTUAL="1" ISACTIVE="1" /><HOUSE ID="129436513" OBJECTID="33331639" OBJECTGUID="1427a959-0cb1-462d-a4b5-bcc2fa4965ee" CHANGEID="691576822" HOUSENUM="51" HOUSETYPE="2" OPERTYPEID="20" PREVID="52809107" UPDATEDATE="2025-11-01" STARTDATE="2025-11-01" ENDDATE="2079-06-06" ISACTUAL="1" ISACTIVE="1" /><HOUSE ID="129436512" OBJECTID="33263629" OBJECTGUID="64df0ee8-b572-496c-982a-149ad8747ae2" CHANGEID="691576814" HOUSENUM="47" HOUSETYPE="2" OPERTYPEID="20" PREVID="58527256" UPDATEDATE="2025-11-01" STARTDATE="2025-11-01" ENDDATE="2079-06-06" ISACTUAL="1" ISACTIVE="1" /><HOUSE ID="129436783" OBJECTID="33300808" OBJECTGUID="bb44d241-2080-4158-a54a-4b1101aa61d7" CHANGEID="691578094" HOUSENUM="52" HOUSETYPE="2" OPERTYPEID="20" PREVID="64647383" UPDATEDATE="2025-11-01" STARTDATE="2025-11-01" ENDDATE="2079-06-06" ISACTUAL="1" ISACTIVE="1" /><HOUSE ID="129436785" OBJECTID="33344226" OBJECTGUID="c20a49e5-0084-431e-846f-f7ac6354a5fd" CHANGEID="691578104" HOUSENUM="53" HOUSETYPE="2" OPERTYPEID="20" PREVID="65128374" UPDATEDATE="2025-11-01" STARTDATE="2025-11-01" ENDDATE="2079-06-06" ISACTUAL="1" ISACTIVE="1" /><HOUSE ID="129436787" OBJECTID="33256086" OBJECTGUID="bf76027d-1aaf-4d34-9413-02ddd5719e75" CHANGEID="691578125" HOUSENUM="54" HOUSETYPE="2" OPERTYPEID="20" PREVID="64944935" UPDATEDATE="2025-11-01" STARTDATE="2025-11-01" ENDDATE="2079-06-06" ISACTUAL="1" ISACTIVE="1" /><HOUSE ID="129436790" OBJECTID="33344046" OBJECTGUID="88e0422e-4c06-494f-ba4e-ef9d40448c35" CHANGEID="691578136" HOUSENUM="55" HOUSETYPE="2" OPERTYPEID="20" PREVID="61078194" UPDATEDATE="2025-11-01" STARTDATE="2025-11-01" ENDDATE="2079-06-06" ISACTUAL="1" ISACTIVE="1" /><HOUSE ID="129436791" OBJECTID="33268873" OBJECTGUID="6852610e-089d-422a-9e1a-2b1a6abcb3d3" CHANGEID="691578152" HOUSENUM="56" HOUSETYPE="2" OPERTYPEID="20" PREVID="58771762" UPDATEDATE="2025-11-01" STARTDATE="2025-11-01" ENDDATE="2079-06-06" ISACTUAL="1" ISACTIVE="1" /><HOUSE ID="129436795" OBJECTID="33255540" OBJECTGUID="2390f479-96d0-44a3-9c31-010578f82971" CHANGEID="691578177" HOUSENUM="57" HOUSETYPE="2" OPERTYPEID="20" PREVID="53899809" UPDATEDATE="2025-11-01" STARTDATE="2025-11-01" ENDDATE="2079-06-06" ISACTUAL="1" ISACTIVE="1" /><HOUSE ID="129436796" OBJECTID="33261734" OBJECTGUID="bebc10a7-853f-4500-a6ef-0edfb4b37726" CHANGEID="691578185" HOUSENUM="58" HOUSETYPE="2" OPERTYPEID="20" PREVID="64893474" UPDATEDATE="2025-11-01" STARTDATE="2025-11-01" ENDDATE="2079-06-06" ISACTUAL="1" ISACTIVE="1" /><HOUSE ID="129436800" OBJECTID="33268600" OBJECTGUID="7592cd86-452e-404d-a2a4-29bd0a2d75a1" CHANGEID="691578198" HOUSENUM="59" HOUSETYPE="2" OPERTYPEID="20" PREVID="59710122" UPDATEDATE="2025-11-01" STARTDATE="2025-11-01" ENDDATE="2079-06-06" ISACTUAL="1" ISACTIVE="1" /><HOUSE ID="56912762" OBJECTID="33311029" OBJECTGUID="4e1c0223-b89c-4b93-97f9-7c2d86e54128" CHANGEID="50789208" HOUSENUM="60" HOUSETYPE="3" OPERTYPEID="20" PREVID="19809817" NEXTID="129436804" UPDATEDATE="2025-11-01" STARTDATE="2014-01-04" ENDDATE="2025-11-01" ISACTUAL="0" ISACTIVE="0" /><HOUSE ID="129436804" OBJECTID="33311029" OBJECTGUID="4e1c0223-b89c-4b93-97f9-7c2d86e54128" CHANGEID="691578220" HOUSENUM="60" HOUSETYPE="2" OPERTYPEID="20" PREVID="56912762" UPDATEDATE="2025-11-01" STARTDATE="2025-11-01" ENDDATE="2079-06-06" ISACTUAL="1" ISACTIVE="1" /><HOUSE ID="129436806" OBJECTID="33344302" OBJECTGUID="a975b23a-10f7-4626-b842-f94fad011867" CHANGEID="691578229" HOUSENUM="61" HOUSETYPE="2" OPERTYPEID="20" PREVID="63386583" UPDATEDATE="2025-11-01" STARTDATE="2025-11-01" ENDDATE="2079-06-06" ISACTUAL="1" ISACTIVE="1" /><HOUSE ID="129436809" OBJECTID="46772387" OBJECTGUID="156608ab-7e96-4657-8c4b-7973c890f2c6" CHANGEID="691578248" HOUSENUM="42" HOUSETYPE="2" OPERTYPEID="30" PREVID="52896347" NEXTID="0" UPDATEDATE="2025-11-01" STARTDATE="2025-11-01" ENDDATE="2079-06-06" ISACTUAL="1" ISACTIVE="0" /><HOUSE ID="53875409" OBJECTID="33309917" OBJECTGUID="233d7158-0bee-4e10-a5fc-78ac02b8cefe" CHANGEID="50788602" HOUSENUM="64" HOUSETYPE="3" OPERTYPEID="20" PREVID="19809284" NEXTID="129436815" UPDATEDATE="2025-11-01" STARTDATE="2014-01-04" ENDDATE="2025-11-01" ISACTUAL="0" ISACTIVE="0" /><HOUSE ID="129436815" OBJECTID="33309917" OBJECTGUID="233d7158-0bee-4e10-a5fc-78ac02b8cefe" CHANGEID="691578290" HOUSENUM="64" HOUSETYPE="2" OPERTYPEID="20" PREVID="53875409" UPDATEDATE="2025-11-01" STARTDATE="2025-11-01" ENDDATE="2079-06-06" ISACTUAL="1" ISACTIVE="1" /><HOUSE ID="129436821" OBJECTID="33266224" OBJECTGUID="7f435886-b054-44e5-a3d4-202d2bc15473" CHANGEID="691578351" HOUSENUM="67" HOUSETYPE="2" OPERTYPEID="20" PREVID="60396271" UPDATEDATE="2025-11-01" STARTDATE="2025-11-01" ENDDATE="2079-06-06" ISACTUAL="1" ISACTIVE="1" /><HOUSE ID="56030202" OBJECTID="33306763" OBJECTGUID="41a46285-a82e-48a0-9341-6d8a572504fb" CHANGEID="50783919" HOUSENUM="68" HOUSETYPE="3" OPERTYPEID="20" PREVID="19807476" NEXTID="129436823" UPDATEDATE="2025-11-01" STARTDATE="2014-01-04" ENDDATE="2025-11-01" ISACTUAL="0" ISACTIVE="0" /><HOUSE ID="129436823" OBJECTID="33306763" OBJECTGUID="41a46285-a82e-48a0-9341-6d8a572504fb" CHANGEID="691578359" HOUSENUM="68" HOUSETYPE="2" OPERTYPEID="20" PREVID="56030202" UPDATEDATE="2025-11-01" STARTDATE="2025-11-01" ENDDATE="2079-06-06" ISACTUAL="1" ISACTIVE="1" /><HOUSE ID="129436810" OBJECTID="33340010" OBJECTGUID="ef5296fb-bea5-41a0-b56f-e0b01f9825ab" CHANGEID="691578251" HOUSENUM="62" HOUSETYPE="2" OPERTYPEID="20" PREVID="68333408" UPDATEDATE="2025-11-01" STARTDATE="2025-11-01" ENDDATE="2079-06-06" ISACTUAL="1" ISACTIVE="1" /><HOUSE ID="129436813" OBJECTID="33338990" OBJECTGUID="63a4d1df-520a-49f3-ba1d-dac557a7132b" CHANGEID="691578281" HOUSENUM="63" HOUSETYPE="2" OPERTYPEID="20" PREVID="58440150" UPDATEDATE="2025-11-01" STARTDATE="2025-11-01" ENDDATE="2079-06-06" ISACTUAL="1" ISACTIVE="1" /><HOUSE ID="129436818" OBJECTID="33307967" OBJECTGUID="2207ce82-331a-4b40-812a-75e67b34e895" CHANGEID="691578322" HOUSENUM="65" HOUSETYPE="2" OPERTYPEID="20" PREVID="53790241" UPDATEDATE="2025-11-01" STARTDATE="2025-11-01" ENDDATE="2079-06-06" ISACTUAL="1" ISACTIVE="1" /><HOUSE ID="129436820" OBJECTID="33277125" OBJECTGUID="2fc5ae34-fb83-40a5-8826-3de9da4864d7" CHANGEID="691578332" HOUSENUM="66" HOUSETYPE="2" OPERTYPEID="20" PREVID="54764624" UPDATEDATE="2025-11-01" STARTDATE="2025-11-01" ENDDATE="2079-06-06" ISACTUAL="1" ISACTIVE="1" /><HOUSE ID="129437572" OBJECTID="33329266" OBJECTGUID="de62600d-3cda-45dc-8064-b51422ca3e59" CHANGEID="691582144" HOUSENUM="69" HOUSETYPE="2" OPERTYPEID="20" PREVID="67134139" UPDATEDATE="2025-11-01" STARTDATE="2025-11-01" ENDDATE="2079-06-06" ISACTUAL="1" ISACTIVE="1" /><HOUSE ID="129437576" OBJECTID="33312457" OBJECTGUID="3840a3e6-6760-4b88-a1c8-8da269660657" CHANGEID="691582150" HOUSENUM="71" HOUSETYPE="2" OPERTYPEID="20" PREVID="55365646" UPDATEDATE="2025-11-01" STARTDATE="2025-11-01" ENDDATE="2079-06-06" ISACTUAL="1" ISACTIVE="1" /><HOUSE ID="67817652" OBJECTID="33302230" OBJECTGUID="e80cab8a-96cb-4955-9f00-4bc168804a50" CHANGEID="50777282" HOUSENUM="73" HOUSETYPE="3" OPERTYPEID="20" PREVID="19804694" NEXTID="129437581" UPDATEDATE="2025-11-01" STARTDATE="2014-01-04" ENDDATE="2025-11-01" ISACTUAL="0" ISACTIVE="0" /><HOUSE ID="129437581" OBJECTID="33302230" OBJECTGUID="e80cab8a-96cb-4955-9f00-4bc168804a50" CHANGEID="691582155" HOUSENUM="73" HOUSETYPE="2" OPERTYPEID="20" PREVID="67817652" UPDATEDATE="2025-11-01" STARTDATE="2025-11-01" ENDDATE="2079-06-06" ISACTUAL="1" ISACTIVE="1" /><HOUSE ID="19829526" OBJECTID="33346702" OBJECTGUID="c6c27c24-f18c-43ab-9dce-e26f8d2fd4b2" CHANGEID="50839382" HOUSENUM="79" HOUSETYPE="3" OPERTYPEID="10" PREVID="0" NEXTID="129437590" UPDATEDATE="2025-11-01" STARTDATE="1900-01-01" ENDDATE="2025-11-01" ISACTUAL="0" ISACTIVE="0" /><HOUSE ID="129437590" OBJECTID="33346702" OBJECTGUID="c6c27c24-f18c-43ab-9dce-e26f8d2fd4b2" CHANGEID="691582273" HOUSENUM="79" HOUSETYPE="2" OPERTYPEID="20" PREVID="19829526" UPDATEDATE="2025-11-01" STARTDATE="2025-11-01" ENDDATE="2079-06-06" ISACTUAL="1" ISACTIVE="1" /><HOUSE ID="129437594" OBJECTID="175661389" OBJECTGUID="e733763a-27be-4bd3-a006-fefc79aeae2b" CHANGEID="691582280" HOUSENUM="35" HOUSETYPE="2" OPERTYPEID="10" PREVID="0" NEXTID="0" UPDATEDATE="2025-11-01" STARTDATE="2025-11-01" ENDDATE="2079-06-06" ISACTUAL="1" ISACTIVE="1" /><HOUSE ID="129437597" OBJECTID="33347514" OBJECTGUID="6b42d11e-18e7-47b0-9767-626fc4acf805" CHANGEID="691582317" HOUSENUM="9А" HOUSETYPE="2" OPERTYPEID="20" PREVID="19829959" UPDATEDATE="2025-11-01" STARTDATE="2025-11-01" ENDDATE="2079-06-06" ISACTUAL="1" ISACTIVE="1" /><HOUSE ID="129437578" OBJECTID="33328977" OBJECTGUID="ccfc4e38-00b9-42d3-9183-b059b816d31c" CHANGEID="691582152" HOUSENUM="72" HOUSETYPE="2" OPERTYPEID="20" PREVID="65903139" UPDATEDATE="2025-11-01" STARTDATE="2025-11-01" ENDDATE="2079-06-06" ISACTUAL="1" ISACTIVE="1" /><HOUSE ID="19828665" OBJECTID="33344925" OBJECTGUID="b0b52e59-bdfe-4469-86c7-4158337ce26e" CHANGEID="50836976" HOUSENUM="80" HOUSETYPE="3" OPERTYPEID="10" PREVID="0" NEXTID="129437591" UPDATEDATE="2025-11-01" STARTDATE="1900-01-01" ENDDATE="2025-11-01" ISACTUAL="0" ISACTIVE="0" /><HOUSE ID="129437591" OBJECTID="33344925" OBJECTGUID="b0b52e59-bdfe-4469-86c7-4158337ce26e" CHANGEID="691582276" HOUSENUM="80" HOUSETYPE="2" OPERTYPEID="20" PREVID="19828665" UPDATEDATE="2025-11-01" STARTDATE="2025-11-01" ENDDATE="2079-06-06" ISACTUAL="1" ISACTIVE="1" /><HOUSE ID="19828952" OBJECTID="33345506" OBJECTGUID="b4fa358f-d365-4d2a-a540-acfe37d9b861" CHANGEID="50837789" HOUSENUM="81" HOUSETYPE="3" OPERTYPEID="10" PREVID="0" NEXTID="129437595" UPDATEDATE="2025-11-01" STARTDATE="1900-01-01" ENDDATE="2025-11-01" ISACTUAL="0" ISACTIVE="0" /><HOUSE ID="129437595" OBJECTID="33345506" OBJECTGUID="b4fa358f-d365-4d2a-a540-acfe37d9b861" CHANGEID="691582281" HOUSENUM="81" HOUSETYPE="2" OPERTYPEID="20" PREVID="19828952" UPDATEDATE="2025-11-01" STARTDATE="2025-11-01" ENDDATE="2079-06-06" ISACTUAL="1" ISACTIVE="1" /><HOUSE ID="19829259" OBJECTID="33346320" OBJECTGUID="d3b8e1fd-4419-4002-ac70-d824618164d3" CHANGEID="50838816" HOUSENUM="98" HOUSETYPE="3" OPERTYPEID="10" PREVID="0" NEXTID="129437596" UPDATEDATE="2025-11-01" STARTDATE="1900-01-01" ENDDATE="2025-11-01" ISACTUAL="0" ISACTIVE="0" /><HOUSE ID="129437596" OBJECTID="33346320" OBJECTGUID="d3b8e1fd-4419-4002-ac70-d824618164d3" CHANGEID="691582286" HOUSENUM="98" HOUSETYPE="2" OPERTYPEID="20" PREVID="19829259" UPDATEDATE="2025-11-01" STARTDATE="2025-11-01" ENDDATE="2079-06-06" ISACTUAL="1" ISACTIVE="1" /><HOUSE ID="129437737" OBJECTID="96575955" OBJECTGUID="0598fd8c-cbce-4b56-85cb-0a0399d7565b" CHANGEID="691582859" HOUSENUM="5" HOUSETYPE="2" OPERTYPEID="30" PREVID="69635011" NEXTID="0" UPDATEDATE="2025-11-01" STARTDATE="2025-11-01" ENDDATE="2079-06-06" ISACTUAL="1" ISACTIVE="0" /><HOUSE ID="69635011" OBJECTID="96575955" OBJECTGUID="0598fd8c-cbce-4b56-85cb-0a0399d7565b" CHANGEID="148793578" HOUSENUM="5" HOUSETYPE="2" OPERTYPEID="10" PREVID="0" NEXTID="129437737" UPDATEDATE="2025-11-01" STARTDATE="2020-04-30" ENDDATE="2025-11-01" ISACTUAL="0" ISACTIVE="0" /></HOUSES>