﻿<?xml version="1.0" encoding="utf-8"?><HOUSES><HOUSE ID="59848260" OBJECTID="2056729" OBJECTGUID="7785aba7-cbf4-4cb8-8785-8b48b6b7bedd" CHANGEID="4936412" HOUSENUM="12" HOUSETYPE="2" OPERTYPEID="20" PREVID="372498" NEXTID="129417501" UPDATEDATE="2025-10-30" STARTDATE="2019-07-09" ENDDATE="2025-10-30" ISACTUAL="0" ISACTIVE="0" /><HOUSE ID="60887281" OBJECTID="55395717" OBJECTGUID="862ff927-2e6a-496c-86bd-ccfafd5c310a" CHANGEID="82859195" HOUSENUM="18" HOUSETYPE="2" OPERTYPEID="20" PREVID="33105631" NEXTID="129426025" UPDATEDATE="2025-10-31" STARTDATE="2016-09-09" ENDDATE="2025-10-31" ISACTUAL="0" ISACTIVE="0" /><HOUSE ID="62945686" OBJECTID="23192325" OBJECTGUID="a33770e1-58f7-450c-a233-2ad20cf14a55" CHANGEID="36074424" HOUSENUM="43" HOUSETYPE="2" OPERTYPEID="20" PREVID="13690578" NEXTID="129430246" UPDATEDATE="2025-10-31" STARTDATE="2016-09-09" ENDDATE="2025-10-31" ISACTUAL="0" ISACTIVE="0" /><HOUSE ID="67131824" OBJECTID="45748782" OBJECTGUID="de5e89a5-7cae-4b0a-a8fa-5b4853909b4e" CHANGEID="68890063" HOUSENUM="8" HOUSETYPE="2" OPERTYPEID="20" PREVID="27324695" NEXTID="129412965" UPDATEDATE="2025-10-30" STARTDATE="2018-03-30" ENDDATE="2025-10-30" ISACTUAL="0" ISACTIVE="0" /><HOUSE ID="69747377" OBJECTID="97023365" OBJECTGUID="7616b7a8-7fed-4981-80c4-d61d82d09f6f" CHANGEID="151621349" HOUSENUM="9" HOUSETYPE="2" OPERTYPEID="10" PREVID="0" NEXTID="129412896" UPDATEDATE="2025-10-30" STARTDATE="2020-06-05" ENDDATE="2025-10-30" ISACTUAL="0" ISACTIVE="0" /><HOUSE ID="29753869" OBJECTID="49748346" OBJECTGUID="8bf91c7f-5a8f-4cea-b02c-535f786ba25c" CHANGEID="74699285" HOUSENUM="13" HOUSETYPE="2" OPERTYPEID="10" PREVID="0" NEXTID="129422952" UPDATEDATE="2025-10-30" STARTDATE="1900-01-01" ENDDATE="2025-10-30" ISACTUAL="0" ISACTIVE="0" /><HOUSE ID="129412896" OBJECTID="97023365" OBJECTGUID="7616b7a8-7fed-4981-80c4-d61d82d09f6f" CHANGEID="691448492" HOUSENUM="11" HOUSETYPE="2" OPERTYPEID="20" PREVID="69747377" UPDATEDATE="2025-10-30" STARTDATE="2025-10-30" ENDDATE="2079-06-06" ISACTUAL="1" ISACTIVE="1" /><HOUSE ID="129412965" OBJECTID="45748782" OBJECTGUID="de5e89a5-7cae-4b0a-a8fa-5b4853909b4e" CHANGEID="691448928" HOUSENUM="8" HOUSETYPE="2" OPERTYPEID="30" PREVID="67131824" NEXTID="0" UPDATEDATE="2025-10-30" STARTDATE="2025-10-30" ENDDATE="2079-06-06" ISACTUAL="1" ISACTIVE="0" /><HOUSE ID="129412963" OBJECTID="175589107" OBJECTGUID="fd3b42fa-deda-4642-a831-c3d9b4073b8c" CHANGEID="691448912" HOUSENUM="1" HOUSETYPE="2" OPERTYPEID="10" PREVID="0" NEXTID="0" UPDATEDATE="2025-10-30" STARTDATE="2025-10-30" ENDDATE="2079-06-06" ISACTUAL="1" ISACTIVE="1" /><HOUSE ID="129413348" OBJECTID="175589961" OBJECTGUID="bc432b4f-8de4-4c20-adb5-6a377395dc83" CHANGEID="691450856" HOUSENUM="20/2" HOUSETYPE="2" OPERTYPEID="10" PREVID="0" NEXTID="0" UPDATEDATE="2025-10-30" STARTDATE="2025-10-30" ENDDATE="2079-06-06" ISACTUAL="1" ISACTIVE="1" /><HOUSE ID="129413346" OBJECTID="175589948" OBJECTGUID="b184d1f4-1152-4127-a93e-b16bf12bb932" CHANGEID="691450837" HOUSENUM="24б" HOUSETYPE="2" OPERTYPEID="10" PREVID="0" NEXTID="0" UPDATEDATE="2025-10-30" STARTDATE="2025-10-30" ENDDATE="2079-06-06" ISACTUAL="1" ISACTIVE="1" /><HOUSE ID="129415805" OBJECTID="175596301" OBJECTGUID="394e6d97-af08-4778-8764-b38eb91d50ff" CHANGEID="691461202" HOUSENUM="34" HOUSETYPE="2" OPERTYPEID="10" PREVID="0" NEXTID="0" UPDATEDATE="2025-10-30" STARTDATE="2025-10-30" ENDDATE="2079-06-06" ISACTUAL="1" ISACTIVE="1" /><HOUSE ID="129415806" OBJECTID="175596302" OBJECTGUID="31165507-f386-40df-9011-3be9debb5391" CHANGEID="691461203" HOUSENUM="26" HOUSETYPE="2" OPERTYPEID="10" PREVID="0" NEXTID="0" UPDATEDATE="2025-10-30" STARTDATE="2025-10-30" ENDDATE="2079-06-06" ISACTUAL="1" ISACTIVE="1" /><HOUSE ID="129416427" OBJECTID="175596470" OBJECTGUID="d067f161-8622-446d-936e-45f8f0b3e304" CHANGEID="691462034" HOUSENUM="50" HOUSETYPE="2" OPERTYPEID="10" PREVID="0" NEXTID="0" UPDATEDATE="2025-10-30" STARTDATE="2025-10-30" ENDDATE="2079-06-06" ISACTUAL="1" ISACTIVE="1" /><HOUSE ID="129417501" OBJECTID="2056729" OBJECTGUID="7785aba7-cbf4-4cb8-8785-8b48b6b7bedd" CHANGEID="691465011" HOUSENUM="12" HOUSETYPE="2" OPERTYPEID="40" PREVID="59848260" UPDATEDATE="2025-10-30" STARTDATE="2025-10-30" ENDDATE="2079-06-06" ISACTUAL="1" ISACTIVE="1" /><HOUSE ID="55322220" OBJECTID="4220368" OBJECTGUID="37a3a04d-db04-491e-8bd5-a7d2b7e0b26a" CHANGEID="8052531" HOUSENUM="8" HOUSETYPE="2" OPERTYPEID="20" PREVID="1649064" NEXTID="129417502" UPDATEDATE="2025-10-30" STARTDATE="2019-07-09" ENDDATE="2025-10-30" ISACTUAL="0" ISACTIVE="0" /><HOUSE ID="129417502" OBJECTID="4220368" OBJECTGUID="37a3a04d-db04-491e-8bd5-a7d2b7e0b26a" CHANGEID="691465012" HOUSENUM="8" HOUSETYPE="2" OPERTYPEID="42" PREVID="55322220" NEXTID="129417501" UPDATEDATE="2025-10-30" STARTDATE="2025-10-30" ENDDATE="2079-06-06" ISACTUAL="1" ISACTIVE="0" /><HOUSE ID="129418645" OBJECTID="175600708" OBJECTGUID="54148a63-bf22-4d76-ad3e-6229440b52dd" CHANGEID="691468567" HOUSENUM="26" HOUSETYPE="2" OPERTYPEID="10" PREVID="0" NEXTID="0" UPDATEDATE="2025-10-30" STARTDATE="2025-10-30" ENDDATE="2079-06-06" ISACTUAL="1" ISACTIVE="1" /><HOUSE ID="129420550" OBJECTID="175604712" OBJECTGUID="fe819e8b-d53d-4e36-a9a2-3836cd29b29b" CHANGEID="691475148" HOUSENUM="41А/1" HOUSETYPE="4" OPERTYPEID="10" PREVID="0" NEXTID="0" UPDATEDATE="2025-10-30" STARTDATE="2025-10-30" ENDDATE="2079-06-06" ISACTUAL="1" ISACTIVE="1" /><HOUSE ID="129420551" OBJECTID="175604717" OBJECTGUID="135736bd-71c7-4d8f-82c4-3b70ce0bec18" CHANGEID="691475154" HOUSENUM="41А/2" HOUSETYPE="5" OPERTYPEID="10" PREVID="0" NEXTID="0" UPDATEDATE="2025-10-30" STARTDATE="2025-10-30" ENDDATE="2079-06-06" ISACTUAL="1" ISACTIVE="1" /><HOUSE ID="129420552" OBJECTID="175604729" OBJECTGUID="12f76bf4-daae-4a40-a73f-1768709c7dfd" CHANGEID="691475168" HOUSENUM="41А/4" HOUSETYPE="5" OPERTYPEID="10" PREVID="0" NEXTID="0" UPDATEDATE="2025-10-30" STARTDATE="2025-10-30" ENDDATE="2079-06-06" ISACTUAL="1" ISACTIVE="1" /><HOUSE ID="129420553" OBJECTID="175604731" OBJECTGUID="f043aff2-3e47-448d-a9e1-ce8d6843d84f" CHANGEID="691475170" HOUSENUM="41А/4А" HOUSETYPE="4" OPERTYPEID="10" PREVID="0" NEXTID="0" UPDATEDATE="2025-10-30" STARTDATE="2025-10-30" ENDDATE="2079-06-06" ISACTUAL="1" ISACTIVE="1" /><HOUSE ID="129420554" OBJECTID="175604734" OBJECTGUID="9de5940d-7bd9-4c24-9d41-e517777ed16d" CHANGEID="691475174" HOUSENUM="41А/4" HOUSETYPE="4" OPERTYPEID="10" PREVID="0" NEXTID="0" UPDATEDATE="2025-10-30" STARTDATE="2025-10-30" ENDDATE="2079-06-06" ISACTUAL="1" ISACTIVE="1" /><HOUSE ID="129422374" OBJECTID="175609215" OBJECTGUID="2992339b-ab0e-45ac-9f99-eeb222308b67" CHANGEID="691482409" HOUSENUM="62/4" HOUSETYPE="7" OPERTYPEID="10" PREVID="0" NEXTID="0" UPDATEDATE="2025-10-30" STARTDATE="2025-10-30" ENDDATE="2079-06-06" ISACTUAL="1" ISACTIVE="1" /><HOUSE ID="129422460" OBJECTID="175609471" OBJECTGUID="9a6e1c65-d2f3-44da-adcd-002fd35d9693" CHANGEID="691482930" HOUSENUM="16А" HOUSETYPE="2" OPERTYPEID="10" PREVID="0" NEXTID="0" UPDATEDATE="2025-10-30" STARTDATE="2025-10-30" ENDDATE="2079-06-06" ISACTUAL="1" ISACTIVE="1" /><HOUSE ID="129422935" OBJECTID="175610624" OBJECTGUID="0da8941e-ca00-462d-9a62-f1e71eeaa442" CHANGEID="691485029" HOUSENUM="22" HOUSETYPE="2" OPERTYPEID="10" PREVID="0" NEXTID="0" UPDATEDATE="2025-10-30" STARTDATE="2025-10-30" ENDDATE="2079-06-06" ISACTUAL="1" ISACTIVE="1" /><HOUSE ID="129422950" OBJECTID="175610653" OBJECTGUID="fb5dbfce-52f4-4321-a34a-cd747efcf506" CHANGEID="691485076" HOUSENUM="13/1" HOUSETYPE="2" OPERTYPEID="54" PREVID="112037843" NEXTID="0" UPDATEDATE="2025-10-30" STARTDATE="2025-10-30" ENDDATE="2079-06-06" ISACTUAL="1" ISACTIVE="1" /><HOUSE ID="129422951" OBJECTID="175610654" OBJECTGUID="e6104300-ec61-41dd-b467-53f12f98da7d" CHANGEID="691485078" HOUSENUM="13/2" HOUSETYPE="2" OPERTYPEID="54" PREVID="112037844" NEXTID="0" UPDATEDATE="2025-10-30" STARTDATE="2025-10-30" ENDDATE="2079-06-06" ISACTUAL="1" ISACTIVE="1" /><HOUSE ID="129422952" OBJECTID="49748346" OBJECTGUID="8bf91c7f-5a8f-4cea-b02c-535f786ba25c" CHANGEID="691485079" HOUSENUM="13" HOUSETYPE="2" OPERTYPEID="55" PREVID="29753869" UPDATEDATE="2025-10-30" STARTDATE="2025-10-30" ENDDATE="2079-06-06" ISACTUAL="1" ISACTIVE="0" /><HOUSE ID="129423293" OBJECTID="175611275" OBJECTGUID="dbe5f02b-cede-4ce1-9aa6-3d719f177d20" CHANGEID="691486397" HOUSENUM="1Г" HOUSETYPE="2" OPERTYPEID="10" PREVID="0" NEXTID="0" UPDATEDATE="2025-10-30" STARTDATE="2025-10-30" ENDDATE="2079-06-06" ISACTUAL="1" ISACTIVE="1" /><HOUSE ID="129423323" OBJECTID="175611350" OBJECTGUID="1cc70e01-ef16-4d61-bb88-14dffa9156e1" CHANGEID="691486510" HOUSENUM="2/1" HOUSETYPE="2" OPERTYPEID="54" PREVID="112037932" NEXTID="0" UPDATEDATE="2025-10-30" STARTDATE="2025-10-30" ENDDATE="2079-06-06" ISACTUAL="1" ISACTIVE="1" /><HOUSE ID="129423324" OBJECTID="175611351" OBJECTGUID="bc1069b1-d371-4b85-b7d2-127f15f616f1" CHANGEID="691486512" HOUSENUM="2/2" HOUSETYPE="2" OPERTYPEID="54" PREVID="112037933" NEXTID="0" UPDATEDATE="2025-10-30" STARTDATE="2025-10-30" ENDDATE="2079-06-06" ISACTUAL="1" ISACTIVE="1" /><HOUSE ID="129423325" OBJECTID="16954644" OBJECTGUID="055c2fe3-fd1a-42a3-924d-ef87b7a06223" CHANGEID="691486513" HOUSENUM="2" HOUSETYPE="2" OPERTYPEID="55" PREVID="51760842" UPDATEDATE="2025-10-30" STARTDATE="2025-10-30" ENDDATE="2079-06-06" ISACTUAL="1" ISACTIVE="0" /><HOUSE ID="51760842" OBJECTID="16954644" OBJECTGUID="055c2fe3-fd1a-42a3-924d-ef87b7a06223" CHANGEID="26833019" HOUSENUM="2" HOUSETYPE="2" OPERTYPEID="20" PREVID="9686839" NEXTID="129423325" UPDATEDATE="2025-10-30" STARTDATE="2018-03-30" ENDDATE="2025-10-30" ISACTUAL="0" ISACTIVE="0" /><HOUSE ID="129423345" OBJECTID="175611379" OBJECTGUID="98571a85-5d59-42cc-98d4-2dc1480ec79c" CHANGEID="691486575" HOUSENUM="1Г" ADDNUM1="1" HOUSETYPE="2" ADDTYPE1="2" OPERTYPEID="10" PREVID="0" NEXTID="0" UPDATEDATE="2025-10-30" STARTDATE="2025-10-30" ENDDATE="2079-06-06" ISACTUAL="1" ISACTIVE="1" /><HOUSE ID="129426024" OBJECTID="175619203" OBJECTGUID="57059c0d-a5a1-4df7-9ece-9281e4956162" CHANGEID="691499526" HOUSENUM="11" HOUSETYPE="2" OPERTYPEID="10" PREVID="0" NEXTID="0" UPDATEDATE="2025-10-31" STARTDATE="2025-10-31" ENDDATE="2079-06-06" ISACTUAL="1" ISACTIVE="1" /><HOUSE ID="129426025" OBJECTID="55395717" OBJECTGUID="862ff927-2e6a-496c-86bd-ccfafd5c310a" CHANGEID="691499527" HOUSENUM="18/52" HOUSETYPE="2" OPERTYPEID="40" PREVID="60887281" UPDATEDATE="2025-10-31" STARTDATE="2025-10-31" ENDDATE="2079-06-06" ISACTUAL="1" ISACTIVE="1" /><HOUSE ID="55984094" OBJECTID="55375961" OBJECTGUID="40fdda4c-28c6-4287-94dd-99f7cdb82e41" CHANGEID="82827047" HOUSENUM="18/32" HOUSETYPE="2" OPERTYPEID="20" PREVID="33090458" NEXTID="129426026" UPDATEDATE="2025-10-31" STARTDATE="2016-09-09" ENDDATE="2025-10-31" ISACTUAL="0" ISACTIVE="0" /><HOUSE ID="129426026" OBJECTID="55375961" OBJECTGUID="40fdda4c-28c6-4287-94dd-99f7cdb82e41" CHANGEID="691499528" HOUSENUM="18/32" HOUSETYPE="2" OPERTYPEID="42" PREVID="55984094" NEXTID="129426025" UPDATEDATE="2025-10-31" STARTDATE="2025-10-31" ENDDATE="2079-06-06" ISACTUAL="1" ISACTIVE="0" /><HOUSE ID="129426330" OBJECTID="175620370" OBJECTGUID="f70f3094-06fe-44b2-b376-8077e07dd1e4" CHANGEID="691501403" HOUSENUM="1Г" ADDNUM1="2" HOUSETYPE="2" ADDTYPE1="2" OPERTYPEID="10" PREVID="0" NEXTID="0" UPDATEDATE="2025-10-31" STARTDATE="2025-10-31" ENDDATE="2079-06-06" ISACTUAL="1" ISACTIVE="1" /><HOUSE ID="129428983" OBJECTID="175628798" OBJECTGUID="9b3ade19-3036-4374-9c0e-74a8c0f491da" CHANGEID="691514923" HOUSENUM="1" ADDNUM1="1" HOUSETYPE="2" ADDTYPE1="2" OPERTYPEID="10" PREVID="0" NEXTID="0" UPDATEDATE="2025-10-31" STARTDATE="2025-10-31" ENDDATE="2079-06-06" ISACTUAL="1" ISACTIVE="1" /><HOUSE ID="129430246" OBJECTID="23192325" OBJECTGUID="a33770e1-58f7-450c-a233-2ad20cf14a55" CHANGEID="691522796" HOUSENUM="43" HOUSETYPE="2" OPERTYPEID="30" PREVID="62945686" NEXTID="0" UPDATEDATE="2025-10-31" STARTDATE="2025-10-31" ENDDATE="2079-06-06" ISACTUAL="1" ISACTIVE="0" /><HOUSE ID="129434278" OBJECTID="175648919" OBJECTGUID="2f6f32d6-3043-4466-a563-2202e313a22b" CHANGEID="691563347" HOUSENUM="22" HOUSETYPE="2" OPERTYPEID="10" PREVID="0" NEXTID="0" UPDATEDATE="2025-11-01" STARTDATE="2025-11-01" ENDDATE="2079-06-06" ISACTUAL="1" ISACTIVE="1" /><HOUSE ID="129434279" OBJECTID="175648920" OBJECTGUID="632ff919-be07-4be6-89f8-17a5f6987380" CHANGEID="691563349" HOUSENUM="17" HOUSETYPE="2" OPERTYPEID="10" PREVID="0" NEXTID="0" UPDATEDATE="2025-11-01" STARTDATE="2025-11-01" ENDDATE="2079-06-06" ISACTUAL="1" ISACTIVE="1" /><HOUSE ID="129434282" OBJECTID="175648925" OBJECTGUID="d2d5e085-bb43-4642-bcf9-737cebb477ab" CHANGEID="691563355" HOUSENUM="4К" HOUSETYPE="2" OPERTYPEID="10" PREVID="0" NEXTID="0" UPDATEDATE="2025-11-01" STARTDATE="2025-11-01" ENDDATE="2079-06-06" ISACTUAL="1" ISACTIVE="1" /><HOUSE ID="129434280" OBJECTID="175648921" OBJECTGUID="56d2a05e-e6d4-4014-84a3-9d2dff3c4f93" CHANGEID="691563350" HOUSENUM="24" HOUSETYPE="2" OPERTYPEID="10" PREVID="0" NEXTID="0" UPDATEDATE="2025-11-01" STARTDATE="2025-11-01" ENDDATE="2079-06-06" ISACTUAL="1" ISACTIVE="1" /><HOUSE ID="129435240" OBJECTID="175654027" OBJECTGUID="08f438fe-be2b-47bf-a67c-23c177a1be0f" CHANGEID="691570250" HOUSENUM="17" HOUSETYPE="2" OPERTYPEID="10" PREVID="0" NEXTID="0" UPDATEDATE="2025-11-01" STARTDATE="2025-11-01" ENDDATE="2079-06-06" ISACTUAL="1" ISACTIVE="1" /><HOUSE ID="129435971" OBJECTID="175656566" OBJECTGUID="7902919a-fa54-45d3-9005-a00b9072dd82" CHANGEID="691574210" HOUSENUM="3" HOUSETYPE="2" OPERTYPEID="10" PREVID="0" NEXTID="0" UPDATEDATE="2025-11-01" STARTDATE="2025-11-01" ENDDATE="2079-06-06" ISACTUAL="1" ISACTIVE="1" /><HOUSE ID="129436789" OBJECTID="175658770" OBJECTGUID="97908229-0054-4317-ba5b-cf31df664335" CHANGEID="691578131" HOUSENUM="4/57" HOUSETYPE="7" OPERTYPEID="10" PREVID="0" NEXTID="0" UPDATEDATE="2025-11-01" STARTDATE="2025-11-01" ENDDATE="2079-06-06" ISACTUAL="1" ISACTIVE="1" /><HOUSE ID="129437215" OBJECTID="175660183" OBJECTGUID="b62e1468-12e8-4b4c-95c8-674134bc27ae" CHANGEID="691580306" HOUSENUM="8/2" HOUSETYPE="2" OPERTYPEID="10" PREVID="0" NEXTID="0" UPDATEDATE="2025-11-01" STARTDATE="2025-11-01" ENDDATE="2079-06-06" ISACTUAL="1" ISACTIVE="1" /><HOUSE ID="129437264" OBJECTID="175660333" OBJECTGUID="82f80248-7de6-4d49-8a7e-35bd4511e5c5" CHANGEID="691580482" HOUSENUM="10/26" HOUSETYPE="7" OPERTYPEID="10" PREVID="0" NEXTID="0" UPDATEDATE="2025-11-01" STARTDATE="2025-11-01" ENDDATE="2079-06-06" ISACTUAL="1" ISACTIVE="1" /><HOUSE ID="129437294" OBJECTID="175660475" OBJECTGUID="c44fa4be-2bc5-41ce-b561-dc586d0a59bb" CHANGEID="691580645" HOUSENUM="3П/14" HOUSETYPE="7" OPERTYPEID="10" PREVID="0" NEXTID="0" UPDATEDATE="2025-11-01" STARTDATE="2025-11-01" ENDDATE="2079-06-06" ISACTUAL="1" ISACTIVE="1" /><HOUSE ID="129437301" OBJECTID="175660517" OBJECTGUID="f650fdd3-f43b-4fce-ba83-2c56a25af19f" CHANGEID="691580703" HOUSENUM="1/9" HOUSETYPE="7" OPERTYPEID="10" PREVID="0" NEXTID="0" UPDATEDATE="2025-11-01" STARTDATE="2025-11-01" ENDDATE="2079-06-06" ISACTUAL="1" ISACTIVE="1" /><HOUSE ID="129439010" OBJECTID="175664391" OBJECTGUID="95c87390-5315-4252-b8ce-1a360c2afc30" CHANGEID="691588506" HOUSENUM="10а" HOUSETYPE="2" OPERTYPEID="10" PREVID="0" NEXTID="0" UPDATEDATE="2025-11-01" STARTDATE="2025-11-01" ENDDATE="2079-06-06" ISACTUAL="1" ISACTIVE="1" /><HOUSE ID="129439012" OBJECTID="175664504" OBJECTGUID="d55d583b-3dbb-4524-9cbf-1e640d672ad4" CHANGEID="691588644" HOUSENUM="9А" HOUSETYPE="2" OPERTYPEID="10" PREVID="0" NEXTID="0" UPDATEDATE="2025-11-01" STARTDATE="2025-11-01" ENDDATE="2079-06-06" ISACTUAL="1" ISACTIVE="1" /><HOUSE ID="129439014" OBJECTID="175664562" OBJECTGUID="f7f20599-0704-4b97-838a-3cbae9f31f92" CHANGEID="691588705" HOUSENUM="2Б" HOUSETYPE="2" OPERTYPEID="10" PREVID="0" NEXTID="0" UPDATEDATE="2025-11-01" STARTDATE="2025-11-01" ENDDATE="2079-06-06" ISACTUAL="1" ISACTIVE="1" /><HOUSE ID="129439405" OBJECTID="175665828" OBJECTGUID="9f867528-4249-4f21-91fb-c14c0b7f3b2d" CHANGEID="691590530" HOUSENUM="16а" HOUSETYPE="2" OPERTYPEID="10" PREVID="0" NEXTID="0" UPDATEDATE="2025-11-01" STARTDATE="2025-11-01" ENDDATE="2079-06-06" ISACTUAL="1" ISACTIVE="1" /><HOUSE ID="129439427" OBJECTID="175665878" OBJECTGUID="e4a7d145-1b4b-40a1-97dc-f041a218b214" CHANGEID="691590669" HOUSENUM="13А" HOUSETYPE="2" OPERTYPEID="10" PREVID="0" NEXTID="0" UPDATEDATE="2025-11-01" STARTDATE="2025-11-01" ENDDATE="2079-06-06" ISACTUAL="1" ISACTIVE="1" /><HOUSE ID="129439429" OBJECTID="175665881" OBJECTGUID="570ba6af-f7d9-4584-807f-feb786872676" CHANGEID="691590673" HOUSENUM="3" HOUSETYPE="2" OPERTYPEID="10" PREVID="0" NEXTID="0" UPDATEDATE="2025-11-01" STARTDATE="2025-11-01" ENDDATE="2079-06-06" ISACTUAL="1" ISACTIVE="1" /><HOUSE ID="129439432" OBJECTID="175665885" OBJECTGUID="92b429f6-d825-48ab-8c2a-59e3e965f1d1" CHANGEID="691590677" HOUSENUM="4" HOUSETYPE="2" OPERTYPEID="10" PREVID="0" NEXTID="0" UPDATEDATE="2025-11-01" STARTDATE="2025-11-01" ENDDATE="2079-06-06" ISACTUAL="1" ISACTIVE="1" /><HOUSE ID="129439450" OBJECTID="175665954" OBJECTGUID="fdcf221a-21d5-49e3-b5df-6893881c9838" CHANGEID="691590754" HOUSENUM="23/2" HOUSETYPE="2" OPERTYPEID="10" PREVID="0" NEXTID="0" UPDATEDATE="2025-11-01" STARTDATE="2025-11-01" ENDDATE="2079-06-06" ISACTUAL="1" ISACTIVE="1" /></HOUSES>