﻿<?xml version="1.0" encoding="utf-8"?><ADDRESSOBJECTS><OBJECT ID="52212658" OBJECTID="175606099" OBJECTGUID="e1288f18-6aeb-42cb-9581-06b520c52812" CHANGEID="691477063" NAME="Тулпар" TYPENAME="тер." LEVEL="7" OPERTYPEID="10" PREVID="0" NEXTID="0" UPDATEDATE="2025-10-30" STARTDATE="2025-10-30" ENDDATE="2079-06-06" ISACTUAL="1" ISACTIVE="1" /><OBJECT ID="52212659" OBJECTID="175606177" OBJECTGUID="90c5695b-fb62-4b8d-8ec5-f7e0fad25236" CHANGEID="691477281" NAME="Животноводческая ферма №2" TYPENAME="тер." LEVEL="7" OPERTYPEID="10" PREVID="0" NEXTID="0" UPDATEDATE="2025-10-30" STARTDATE="2025-10-30" ENDDATE="2079-06-06" ISACTUAL="1" ISACTIVE="1" /><OBJECT ID="52212804" OBJECTID="175629826" OBJECTGUID="6922c545-1357-41c0-a26a-5c0ff1e115cb" CHANGEID="691516607" NAME="Медок" TYPENAME="тер." LEVEL="7" OPERTYPEID="10" PREVID="0" NEXTID="0" UPDATEDATE="2025-10-31" STARTDATE="2025-10-31" ENDDATE="2079-06-06" ISACTUAL="1" ISACTIVE="1" /><OBJECT ID="52212832" OBJECTID="175636069" OBJECTGUID="51e3a95d-6dad-4022-98c4-64c25163253b" CHANGEID="691526253" NAME="Новая" TYPENAME="тер." LEVEL="7" OPERTYPEID="10" PREVID="0" NEXTID="0" UPDATEDATE="2025-10-31" STARTDATE="2025-10-31" ENDDATE="2079-06-06" ISACTUAL="1" ISACTIVE="1" /><OBJECT ID="52212883" OBJECTID="175651806" OBJECTGUID="fd92e3af-140b-49d6-ac85-ea8244205eba" CHANGEID="691566869" NAME="Старогусевская" TYPENAME="тер." LEVEL="7" OPERTYPEID="10" PREVID="0" NEXTID="0" UPDATEDATE="2025-11-01" STARTDATE="2025-11-01" ENDDATE="2079-06-06" ISACTUAL="1" ISACTIVE="1" /><OBJECT ID="52212884" OBJECTID="175651807" OBJECTGUID="730c650a-c441-43cd-ad23-98f55bab3789" CHANGEID="691566870" NAME="Камаевская" TYPENAME="тер." LEVEL="7" OPERTYPEID="10" PREVID="0" NEXTID="0" UPDATEDATE="2025-11-01" STARTDATE="2025-11-01" ENDDATE="2079-06-06" ISACTUAL="1" ISACTIVE="1" /><OBJECT ID="52212916" OBJECTID="175652729" OBJECTGUID="6739a57a-efc2-4e4d-ba01-9dea7eb46fca" CHANGEID="691568181" NAME="Тулпар" TYPENAME="тер." LEVEL="7" OPERTYPEID="10" PREVID="0" NEXTID="0" UPDATEDATE="2025-11-01" STARTDATE="2025-11-01" ENDDATE="2079-06-06" ISACTUAL="1" ISACTIVE="1" /><OBJECT ID="52212972" OBJECTID="175654414" OBJECTGUID="d3af23b1-23a5-46f8-844e-2bcfb6448e0c" CHANGEID="691570843" NAME="Дружная" TYPENAME="ул." LEVEL="8" OPERTYPEID="10" PREVID="0" NEXTID="0" UPDATEDATE="2025-11-01" STARTDATE="2025-11-01" ENDDATE="2079-06-06" ISACTUAL="1" ISACTIVE="1" /><OBJECT ID="52212974" OBJECTID="175654617" OBJECTGUID="1b9d497f-00fe-474b-b576-94896230a6e0" CHANGEID="691571305" NAME="Сиреневое" TYPENAME="тер. СНТ" LEVEL="7" OPERTYPEID="10" PREVID="0" NEXTID="0" UPDATEDATE="2025-11-01" STARTDATE="2025-11-01" ENDDATE="2079-06-06" ISACTUAL="1" ISACTIVE="1" /></ADDRESSOBJECTS>