﻿<?xml version="1.0" encoding="utf-8"?><APARTMENTS><APARTMENT ID="112031680" OBJECTID="28909191" OBJECTGUID="8856b5b5-066c-47d8-a384-ae4919be3e4a" CHANGEID="691442821" NUMBER="6" APARTTYPE="1" OPERTYPEID="20" PREVID="16599814" UPDATEDATE="2025-10-30" STARTDATE="2025-10-30" ENDDATE="2079-06-06" ISACTUAL="1" ISACTIVE="1" /><APARTMENT ID="16599814" OBJECTID="28909191" OBJECTGUID="8856b5b5-066c-47d8-a384-ae4919be3e4a" CHANGEID="44420804" NUMBER="6" APARTTYPE="2" OPERTYPEID="10" PREVID="0" NEXTID="112031680" UPDATEDATE="2025-10-30" STARTDATE="2018-11-26" ENDDATE="2025-10-30" ISACTUAL="0" ISACTIVE="0" /><APARTMENT ID="112049500" OBJECTID="175643215" OBJECTGUID="b9dda155-fd17-444b-a07f-98be3f3a448b" CHANGEID="691536539" NUMBER="188" APARTTYPE="2" OPERTYPEID="10" PREVID="0" NEXTID="0" UPDATEDATE="2025-11-01" STARTDATE="2025-11-01" ENDDATE="2079-06-06" ISACTUAL="1" ISACTIVE="1" /><APARTMENT ID="112049501" OBJECTID="175643216" OBJECTGUID="9a4aad9d-fe31-4a41-8574-b797100c9dd9" CHANGEID="691536540" NUMBER="187" APARTTYPE="2" OPERTYPEID="10" PREVID="0" NEXTID="0" UPDATEDATE="2025-11-01" STARTDATE="2025-11-01" ENDDATE="2079-06-06" ISACTUAL="1" ISACTIVE="1" /><APARTMENT ID="112049502" OBJECTID="175643217" OBJECTGUID="56faa118-ad34-469e-aad3-18b39e2390c8" CHANGEID="691536541" NUMBER="186" APARTTYPE="2" OPERTYPEID="10" PREVID="0" NEXTID="0" UPDATEDATE="2025-11-01" STARTDATE="2025-11-01" ENDDATE="2079-06-06" ISACTUAL="1" ISACTIVE="1" /><APARTMENT ID="112049503" OBJECTID="175643218" OBJECTGUID="d8df3000-ec90-4f65-a2e6-f13134177e01" CHANGEID="691536542" NUMBER="185" APARTTYPE="2" OPERTYPEID="10" PREVID="0" NEXTID="0" UPDATEDATE="2025-11-01" STARTDATE="2025-11-01" ENDDATE="2079-06-06" ISACTUAL="1" ISACTIVE="1" /><APARTMENT ID="112049504" OBJECTID="175643219" OBJECTGUID="d841c7ac-809e-4269-9c6d-ea43180bce9b" CHANGEID="691536543" NUMBER="184" APARTTYPE="2" OPERTYPEID="10" PREVID="0" NEXTID="0" UPDATEDATE="2025-11-01" STARTDATE="2025-11-01" ENDDATE="2079-06-06" ISACTUAL="1" ISACTIVE="1" /><APARTMENT ID="112049505" OBJECTID="175643220" OBJECTGUID="16dc9ff0-78b1-4da4-a085-6f2841f22aa2" CHANGEID="691536544" NUMBER="183" APARTTYPE="2" OPERTYPEID="10" PREVID="0" NEXTID="0" UPDATEDATE="2025-11-01" STARTDATE="2025-11-01" ENDDATE="2079-06-06" ISACTUAL="1" ISACTIVE="1" /><APARTMENT ID="112049506" OBJECTID="175643221" OBJECTGUID="db93f967-2f20-48a2-a5db-fe714eebff5c" CHANGEID="691536545" NUMBER="182" APARTTYPE="2" OPERTYPEID="10" PREVID="0" NEXTID="0" UPDATEDATE="2025-11-01" STARTDATE="2025-11-01" ENDDATE="2079-06-06" ISACTUAL="1" ISACTIVE="1" /><APARTMENT ID="112049507" OBJECTID="175643222" OBJECTGUID="cd620f3a-3881-4b69-a280-df7cd92c9bb5" CHANGEID="691536546" NUMBER="181" APARTTYPE="2" OPERTYPEID="10" PREVID="0" NEXTID="0" UPDATEDATE="2025-11-01" STARTDATE="2025-11-01" ENDDATE="2079-06-06" ISACTUAL="1" ISACTIVE="1" /><APARTMENT ID="112049508" OBJECTID="175643223" OBJECTGUID="e4626ef4-15f3-4315-be0d-fa65be9ea0ba" CHANGEID="691536547" NUMBER="180" APARTTYPE="2" OPERTYPEID="10" PREVID="0" NEXTID="0" UPDATEDATE="2025-11-01" STARTDATE="2025-11-01" ENDDATE="2079-06-06" ISACTUAL="1" ISACTIVE="1" /><APARTMENT ID="112049509" OBJECTID="175643224" OBJECTGUID="1a70d87d-f969-48b1-96d2-dc2e7faad90a" CHANGEID="691536548" NUMBER="179" APARTTYPE="2" OPERTYPEID="10" PREVID="0" NEXTID="0" UPDATEDATE="2025-11-01" STARTDATE="2025-11-01" ENDDATE="2079-06-06" ISACTUAL="1" ISACTIVE="1" /><APARTMENT ID="112049510" OBJECTID="175643225" OBJECTGUID="130002df-1f67-4e75-9710-754794330d54" CHANGEID="691536549" NUMBER="178" APARTTYPE="2" OPERTYPEID="10" PREVID="0" NEXTID="0" UPDATEDATE="2025-11-01" STARTDATE="2025-11-01" ENDDATE="2079-06-06" ISACTUAL="1" ISACTIVE="1" /><APARTMENT ID="112049511" OBJECTID="175643226" OBJECTGUID="82909410-9a70-4827-a180-8693716d35b3" CHANGEID="691536550" NUMBER="177" APARTTYPE="2" OPERTYPEID="10" PREVID="0" NEXTID="0" UPDATEDATE="2025-11-01" STARTDATE="2025-11-01" ENDDATE="2079-06-06" ISACTUAL="1" ISACTIVE="1" /><APARTMENT ID="112049512" OBJECTID="175643227" OBJECTGUID="5ed0d9ad-a185-4fb8-a2d9-40a5041d029e" CHANGEID="691536551" NUMBER="176" APARTTYPE="2" OPERTYPEID="10" PREVID="0" NEXTID="0" UPDATEDATE="2025-11-01" STARTDATE="2025-11-01" ENDDATE="2079-06-06" ISACTUAL="1" ISACTIVE="1" /><APARTMENT ID="112049513" OBJECTID="175643228" OBJECTGUID="4d596dab-fcd3-4671-85d1-cffc20d874eb" CHANGEID="691536552" NUMBER="175" APARTTYPE="2" OPERTYPEID="10" PREVID="0" NEXTID="0" UPDATEDATE="2025-11-01" STARTDATE="2025-11-01" ENDDATE="2079-06-06" ISACTUAL="1" ISACTIVE="1" /><APARTMENT ID="112049514" OBJECTID="175643229" OBJECTGUID="21f3f63e-c9da-4fc6-b12f-847022344457" CHANGEID="691536553" NUMBER="137" APARTTYPE="2" OPERTYPEID="10" PREVID="0" NEXTID="0" UPDATEDATE="2025-11-01" STARTDATE="2025-11-01" ENDDATE="2079-06-06" ISACTUAL="1" ISACTIVE="1" /><APARTMENT ID="112049515" OBJECTID="175643230" OBJECTGUID="eea373b1-0848-4613-95af-a18c93047e19" CHANGEID="691536554" NUMBER="136" APARTTYPE="2" OPERTYPEID="10" PREVID="0" NEXTID="0" UPDATEDATE="2025-11-01" STARTDATE="2025-11-01" ENDDATE="2079-06-06" ISACTUAL="1" ISACTIVE="1" /><APARTMENT ID="112049516" OBJECTID="175643231" OBJECTGUID="8e65fbe3-6d10-4f14-baba-207f54fd70d0" CHANGEID="691536555" NUMBER="135" APARTTYPE="2" OPERTYPEID="10" PREVID="0" NEXTID="0" UPDATEDATE="2025-11-01" STARTDATE="2025-11-01" ENDDATE="2079-06-06" ISACTUAL="1" ISACTIVE="1" /><APARTMENT ID="112049517" OBJECTID="175643232" OBJECTGUID="d0e1f8ee-8e9d-48ad-a066-9a76c89fa4ba" CHANGEID="691536556" NUMBER="134" APARTTYPE="2" OPERTYPEID="10" PREVID="0" NEXTID="0" UPDATEDATE="2025-11-01" STARTDATE="2025-11-01" ENDDATE="2079-06-06" ISACTUAL="1" ISACTIVE="1" /><APARTMENT ID="112049518" OBJECTID="175643233" OBJECTGUID="a471bb8c-b7f7-4371-9181-5b777102be4a" CHANGEID="691536557" NUMBER="133" APARTTYPE="2" OPERTYPEID="10" PREVID="0" NEXTID="0" UPDATEDATE="2025-11-01" STARTDATE="2025-11-01" ENDDATE="2079-06-06" ISACTUAL="1" ISACTIVE="1" /><APARTMENT ID="112049519" OBJECTID="175643234" OBJECTGUID="aace51fd-4d7a-4c81-b9f8-16d8be42cdd5" CHANGEID="691536558" NUMBER="132" APARTTYPE="2" OPERTYPEID="10" PREVID="0" NEXTID="0" UPDATEDATE="2025-11-01" STARTDATE="2025-11-01" ENDDATE="2079-06-06" ISACTUAL="1" ISACTIVE="1" /><APARTMENT ID="112049520" OBJECTID="175643235" OBJECTGUID="3d02c3cc-a2a8-4d18-a10a-4bb064adddf9" CHANGEID="691536559" NUMBER="131" APARTTYPE="2" OPERTYPEID="10" PREVID="0" NEXTID="0" UPDATEDATE="2025-11-01" STARTDATE="2025-11-01" ENDDATE="2079-06-06" ISACTUAL="1" ISACTIVE="1" /><APARTMENT ID="112049521" OBJECTID="175643236" OBJECTGUID="ec74cff5-c23e-4127-a95b-402971b647f1" CHANGEID="691536560" NUMBER="130" APARTTYPE="2" OPERTYPEID="10" PREVID="0" NEXTID="0" UPDATEDATE="2025-11-01" STARTDATE="2025-11-01" ENDDATE="2079-06-06" ISACTUAL="1" ISACTIVE="1" /><APARTMENT ID="112049522" OBJECTID="175643237" OBJECTGUID="6c07c99b-88e8-44a0-b09c-f065998917be" CHANGEID="691536561" NUMBER="129" APARTTYPE="2" OPERTYPEID="10" PREVID="0" NEXTID="0" UPDATEDATE="2025-11-01" STARTDATE="2025-11-01" ENDDATE="2079-06-06" ISACTUAL="1" ISACTIVE="1" /><APARTMENT ID="112049523" OBJECTID="175643238" OBJECTGUID="c3f01f2d-78d7-41e0-a202-cbf0c82fb13c" CHANGEID="691536562" NUMBER="90" APARTTYPE="2" OPERTYPEID="10" PREVID="0" NEXTID="0" UPDATEDATE="2025-11-01" STARTDATE="2025-11-01" ENDDATE="2079-06-06" ISACTUAL="1" ISACTIVE="1" /><APARTMENT ID="112049524" OBJECTID="175643239" OBJECTGUID="5d5f106e-640c-4c56-ba97-af82ee1612a3" CHANGEID="691536563" NUMBER="89" APARTTYPE="2" OPERTYPEID="10" PREVID="0" NEXTID="0" UPDATEDATE="2025-11-01" STARTDATE="2025-11-01" ENDDATE="2079-06-06" ISACTUAL="1" ISACTIVE="1" /><APARTMENT ID="112049525" OBJECTID="175643240" OBJECTGUID="eac2c467-2322-48a2-bf4a-e01c14f969f1" CHANGEID="691536564" NUMBER="88" APARTTYPE="2" OPERTYPEID="10" PREVID="0" NEXTID="0" UPDATEDATE="2025-11-01" STARTDATE="2025-11-01" ENDDATE="2079-06-06" ISACTUAL="1" ISACTIVE="1" /><APARTMENT ID="112049526" OBJECTID="175643241" OBJECTGUID="da0795e3-7629-4606-a96d-6be7f9642629" CHANGEID="691536565" NUMBER="87" APARTTYPE="2" OPERTYPEID="10" PREVID="0" NEXTID="0" UPDATEDATE="2025-11-01" STARTDATE="2025-11-01" ENDDATE="2079-06-06" ISACTUAL="1" ISACTIVE="1" /><APARTMENT ID="112049527" OBJECTID="175643242" OBJECTGUID="f7f5089c-3f78-44d8-be8a-af6a1f82632d" CHANGEID="691536566" NUMBER="86" APARTTYPE="2" OPERTYPEID="10" PREVID="0" NEXTID="0" UPDATEDATE="2025-11-01" STARTDATE="2025-11-01" ENDDATE="2079-06-06" ISACTUAL="1" ISACTIVE="1" /><APARTMENT ID="112049528" OBJECTID="175643243" OBJECTGUID="75c063e2-f65e-48f6-8e0a-a453cb8c83ca" CHANGEID="691536567" NUMBER="85" APARTTYPE="2" OPERTYPEID="10" PREVID="0" NEXTID="0" UPDATEDATE="2025-11-01" STARTDATE="2025-11-01" ENDDATE="2079-06-06" ISACTUAL="1" ISACTIVE="1" /><APARTMENT ID="112049529" OBJECTID="175643244" OBJECTGUID="956eff0b-3661-45d6-9225-340b91b0e9d9" CHANGEID="691536568" NUMBER="84" APARTTYPE="2" OPERTYPEID="10" PREVID="0" NEXTID="0" UPDATEDATE="2025-11-01" STARTDATE="2025-11-01" ENDDATE="2079-06-06" ISACTUAL="1" ISACTIVE="1" /><APARTMENT ID="112049530" OBJECTID="175643245" OBJECTGUID="bc4269d9-f2ca-43c2-a0ca-d458d89090c8" CHANGEID="691536569" NUMBER="83" APARTTYPE="2" OPERTYPEID="10" PREVID="0" NEXTID="0" UPDATEDATE="2025-11-01" STARTDATE="2025-11-01" ENDDATE="2079-06-06" ISACTUAL="1" ISACTIVE="1" /><APARTMENT ID="112049531" OBJECTID="175643246" OBJECTGUID="9254766a-1d0e-4ffa-861c-f74952a9514d" CHANGEID="691536570" NUMBER="82" APARTTYPE="2" OPERTYPEID="10" PREVID="0" NEXTID="0" UPDATEDATE="2025-11-01" STARTDATE="2025-11-01" ENDDATE="2079-06-06" ISACTUAL="1" ISACTIVE="1" /><APARTMENT ID="112049532" OBJECTID="175643247" OBJECTGUID="674752e4-287c-4efb-b831-654e2d6fc321" CHANGEID="691536571" NUMBER="81" APARTTYPE="2" OPERTYPEID="10" PREVID="0" NEXTID="0" UPDATEDATE="2025-11-01" STARTDATE="2025-11-01" ENDDATE="2079-06-06" ISACTUAL="1" ISACTIVE="1" /><APARTMENT ID="112049533" OBJECTID="175643248" OBJECTGUID="a7dcf829-0c28-42b4-b328-16a51e7db1ca" CHANGEID="691536572" NUMBER="47" APARTTYPE="2" OPERTYPEID="10" PREVID="0" NEXTID="0" UPDATEDATE="2025-11-01" STARTDATE="2025-11-01" ENDDATE="2079-06-06" ISACTUAL="1" ISACTIVE="1" /><APARTMENT ID="112049534" OBJECTID="175643249" OBJECTGUID="55c04d47-5b9c-4060-8a71-0c73bed04d95" CHANGEID="691536573" NUMBER="46" APARTTYPE="2" OPERTYPEID="10" PREVID="0" NEXTID="0" UPDATEDATE="2025-11-01" STARTDATE="2025-11-01" ENDDATE="2079-06-06" ISACTUAL="1" ISACTIVE="1" /><APARTMENT ID="112049535" OBJECTID="175643250" OBJECTGUID="e5c03c79-c2c6-41ba-a7fa-047bed27ad4a" CHANGEID="691536574" NUMBER="45" APARTTYPE="2" OPERTYPEID="10" PREVID="0" NEXTID="0" UPDATEDATE="2025-11-01" STARTDATE="2025-11-01" ENDDATE="2079-06-06" ISACTUAL="1" ISACTIVE="1" /><APARTMENT ID="112049536" OBJECTID="175643251" OBJECTGUID="c6c5fe93-3758-4ebb-a2e0-f60cb38d1d98" CHANGEID="691536575" NUMBER="44" APARTTYPE="2" OPERTYPEID="10" PREVID="0" NEXTID="0" UPDATEDATE="2025-11-01" STARTDATE="2025-11-01" ENDDATE="2079-06-06" ISACTUAL="1" ISACTIVE="1" /><APARTMENT ID="112049537" OBJECTID="175643252" OBJECTGUID="556ff645-c219-4679-a0ca-9abd785e90f1" CHANGEID="691536576" NUMBER="43" APARTTYPE="2" OPERTYPEID="10" PREVID="0" NEXTID="0" UPDATEDATE="2025-11-01" STARTDATE="2025-11-01" ENDDATE="2079-06-06" ISACTUAL="1" ISACTIVE="1" /><APARTMENT ID="112049538" OBJECTID="175643253" OBJECTGUID="959ff071-2aa9-4b6b-a688-9118f3ab7df6" CHANGEID="691536577" NUMBER="42" APARTTYPE="2" OPERTYPEID="10" PREVID="0" NEXTID="0" UPDATEDATE="2025-11-01" STARTDATE="2025-11-01" ENDDATE="2079-06-06" ISACTUAL="1" ISACTIVE="1" /><APARTMENT ID="112049539" OBJECTID="175643254" OBJECTGUID="1ed2815f-2ab6-4440-887b-3bac6f8bbaa6" CHANGEID="691536578" NUMBER="41" APARTTYPE="2" OPERTYPEID="10" PREVID="0" NEXTID="0" UPDATEDATE="2025-11-01" STARTDATE="2025-11-01" ENDDATE="2079-06-06" ISACTUAL="1" ISACTIVE="1" /><APARTMENT ID="112049540" OBJECTID="175643255" OBJECTGUID="230c64b6-54a4-47e2-a888-6cae6c6aa1f1" CHANGEID="691536579" NUMBER="40" APARTTYPE="2" OPERTYPEID="10" PREVID="0" NEXTID="0" UPDATEDATE="2025-11-01" STARTDATE="2025-11-01" ENDDATE="2079-06-06" ISACTUAL="1" ISACTIVE="1" /><APARTMENT ID="112049541" OBJECTID="175643256" OBJECTGUID="86444a8a-0038-4936-abe1-d059065eb01f" CHANGEID="691536580" NUMBER="39" APARTTYPE="2" OPERTYPEID="10" PREVID="0" NEXTID="0" UPDATEDATE="2025-11-01" STARTDATE="2025-11-01" ENDDATE="2079-06-06" ISACTUAL="1" ISACTIVE="1" /><APARTMENT ID="112049542" OBJECTID="175643257" OBJECTGUID="8da505ef-df51-4106-ad10-cdc4e492b358" CHANGEID="691536581" NUMBER="38" APARTTYPE="2" OPERTYPEID="10" PREVID="0" NEXTID="0" UPDATEDATE="2025-11-01" STARTDATE="2025-11-01" ENDDATE="2079-06-06" ISACTUAL="1" ISACTIVE="1" /><APARTMENT ID="112049543" OBJECTID="175643258" OBJECTGUID="bcab9739-eac9-4c7f-baf6-6c1307c7dceb" CHANGEID="691536582" NUMBER="37" APARTTYPE="2" OPERTYPEID="10" PREVID="0" NEXTID="0" UPDATEDATE="2025-11-01" STARTDATE="2025-11-01" ENDDATE="2079-06-06" ISACTUAL="1" ISACTIVE="1" /><APARTMENT ID="112049544" OBJECTID="175643259" OBJECTGUID="d5127d6f-f46e-4ed7-ade2-b99fcc15e830" CHANGEID="691536583" NUMBER="36" APARTTYPE="2" OPERTYPEID="10" PREVID="0" NEXTID="0" UPDATEDATE="2025-11-01" STARTDATE="2025-11-01" ENDDATE="2079-06-06" ISACTUAL="1" ISACTIVE="1" /><APARTMENT ID="112049545" OBJECTID="175643260" OBJECTGUID="6029fcec-aeb9-4df4-8694-659595e20099" CHANGEID="691536584" NUMBER="35" APARTTYPE="2" OPERTYPEID="10" PREVID="0" NEXTID="0" UPDATEDATE="2025-11-01" STARTDATE="2025-11-01" ENDDATE="2079-06-06" ISACTUAL="1" ISACTIVE="1" /><APARTMENT ID="112049546" OBJECTID="175643261" OBJECTGUID="8789171a-0ddd-4d4f-b5f1-4ec8a6c7aa93" CHANGEID="691536585" NUMBER="34" APARTTYPE="2" OPERTYPEID="10" PREVID="0" NEXTID="0" UPDATEDATE="2025-11-01" STARTDATE="2025-11-01" ENDDATE="2079-06-06" ISACTUAL="1" ISACTIVE="1" /><APARTMENT ID="112049547" OBJECTID="175643262" OBJECTGUID="8fa1dd78-fa15-44b4-9bad-56ae77317bd6" CHANGEID="691536586" NUMBER="33" APARTTYPE="2" OPERTYPEID="10" PREVID="0" NEXTID="0" UPDATEDATE="2025-11-01" STARTDATE="2025-11-01" ENDDATE="2079-06-06" ISACTUAL="1" ISACTIVE="1" /><APARTMENT ID="112049548" OBJECTID="175643263" OBJECTGUID="7e32c401-5d93-4787-ba2e-a358c647dc8f" CHANGEID="691536587" NUMBER="11" APARTTYPE="2" OPERTYPEID="10" PREVID="0" NEXTID="0" UPDATEDATE="2025-11-01" STARTDATE="2025-11-01" ENDDATE="2079-06-06" ISACTUAL="1" ISACTIVE="1" /><APARTMENT ID="112049549" OBJECTID="175643264" OBJECTGUID="fcf6d2e4-fb00-4ab0-966e-cfb62fae1750" CHANGEID="691536588" NUMBER="10" APARTTYPE="2" OPERTYPEID="10" PREVID="0" NEXTID="0" UPDATEDATE="2025-11-01" STARTDATE="2025-11-01" ENDDATE="2079-06-06" ISACTUAL="1" ISACTIVE="1" /><APARTMENT ID="112049550" OBJECTID="175643265" OBJECTGUID="261ae3ca-feed-4e3c-baca-38ca00700e74" CHANGEID="691536589" NUMBER="9" APARTTYPE="2" OPERTYPEID="10" PREVID="0" NEXTID="0" UPDATEDATE="2025-11-01" STARTDATE="2025-11-01" ENDDATE="2079-06-06" ISACTUAL="1" ISACTIVE="1" /><APARTMENT ID="112049551" OBJECTID="175643266" OBJECTGUID="c38448f0-e0c7-476e-a034-39fcfe9a63d3" CHANGEID="691536590" NUMBER="8" APARTTYPE="2" OPERTYPEID="10" PREVID="0" NEXTID="0" UPDATEDATE="2025-11-01" STARTDATE="2025-11-01" ENDDATE="2079-06-06" ISACTUAL="1" ISACTIVE="1" /><APARTMENT ID="112049552" OBJECTID="175643267" OBJECTGUID="dbc82099-6f79-4ef4-ab37-ca4e236887fe" CHANGEID="691536591" NUMBER="7" APARTTYPE="2" OPERTYPEID="10" PREVID="0" NEXTID="0" UPDATEDATE="2025-11-01" STARTDATE="2025-11-01" ENDDATE="2079-06-06" ISACTUAL="1" ISACTIVE="1" /><APARTMENT ID="112049553" OBJECTID="175643268" OBJECTGUID="5a425c7d-904b-4aea-935d-eeba3d91bfa6" CHANGEID="691536592" NUMBER="6" APARTTYPE="2" OPERTYPEID="10" PREVID="0" NEXTID="0" UPDATEDATE="2025-11-01" STARTDATE="2025-11-01" ENDDATE="2079-06-06" ISACTUAL="1" ISACTIVE="1" /><APARTMENT ID="112049554" OBJECTID="175643269" OBJECTGUID="fefe9e11-3cc5-46f2-a1f0-00d1a7be5115" CHANGEID="691536593" NUMBER="5" APARTTYPE="2" OPERTYPEID="10" PREVID="0" NEXTID="0" UPDATEDATE="2025-11-01" STARTDATE="2025-11-01" ENDDATE="2079-06-06" ISACTUAL="1" ISACTIVE="1" /><APARTMENT ID="112049555" OBJECTID="175643270" OBJECTGUID="bbfa4d73-4f7c-49c5-99be-d32a97b6ca98" CHANGEID="691536594" NUMBER="4" APARTTYPE="2" OPERTYPEID="10" PREVID="0" NEXTID="0" UPDATEDATE="2025-11-01" STARTDATE="2025-11-01" ENDDATE="2079-06-06" ISACTUAL="1" ISACTIVE="1" /><APARTMENT ID="112049556" OBJECTID="175643271" OBJECTGUID="d698ce64-ba44-4710-a191-281bc306d658" CHANGEID="691536595" NUMBER="3" APARTTYPE="2" OPERTYPEID="10" PREVID="0" NEXTID="0" UPDATEDATE="2025-11-01" STARTDATE="2025-11-01" ENDDATE="2079-06-06" ISACTUAL="1" ISACTIVE="1" /><APARTMENT ID="112049557" OBJECTID="175643272" OBJECTGUID="34462835-a751-4c82-8041-e79c981945b4" CHANGEID="691536596" NUMBER="2" APARTTYPE="2" OPERTYPEID="10" PREVID="0" NEXTID="0" UPDATEDATE="2025-11-01" STARTDATE="2025-11-01" ENDDATE="2079-06-06" ISACTUAL="1" ISACTIVE="1" /><APARTMENT ID="112049558" OBJECTID="175643273" OBJECTGUID="526fe5d7-8e19-48bf-a1d9-065bccfb4ea8" CHANGEID="691536597" NUMBER="1" APARTTYPE="2" OPERTYPEID="10" PREVID="0" NEXTID="0" UPDATEDATE="2025-11-01" STARTDATE="2025-11-01" ENDDATE="2079-06-06" ISACTUAL="1" ISACTIVE="1" /><APARTMENT ID="112049559" OBJECTID="175643274" OBJECTGUID="9ea6d713-9400-47a5-8abe-7560b35d143c" CHANGEID="691536598" NUMBER="174" APARTTYPE="2" OPERTYPEID="10" PREVID="0" NEXTID="0" UPDATEDATE="2025-11-01" STARTDATE="2025-11-01" ENDDATE="2079-06-06" ISACTUAL="1" ISACTIVE="1" /><APARTMENT ID="112049560" OBJECTID="175643275" OBJECTGUID="53865489-a176-45e2-aa42-b48f59132112" CHANGEID="691536599" NUMBER="173" APARTTYPE="2" OPERTYPEID="10" PREVID="0" NEXTID="0" UPDATEDATE="2025-11-01" STARTDATE="2025-11-01" ENDDATE="2079-06-06" ISACTUAL="1" ISACTIVE="1" /><APARTMENT ID="112049561" OBJECTID="175643276" OBJECTGUID="1d51e699-7d5d-4f12-b37e-281afa40afa0" CHANGEID="691536600" NUMBER="172" APARTTYPE="2" OPERTYPEID="10" PREVID="0" NEXTID="0" UPDATEDATE="2025-11-01" STARTDATE="2025-11-01" ENDDATE="2079-06-06" ISACTUAL="1" ISACTIVE="1" /><APARTMENT ID="112049562" OBJECTID="175643277" OBJECTGUID="cc08781c-e281-4e08-bff8-60c185c40513" CHANGEID="691536601" NUMBER="171" APARTTYPE="2" OPERTYPEID="10" PREVID="0" NEXTID="0" UPDATEDATE="2025-11-01" STARTDATE="2025-11-01" ENDDATE="2079-06-06" ISACTUAL="1" ISACTIVE="1" /><APARTMENT ID="112049563" OBJECTID="175643278" OBJECTGUID="0972f85b-ecca-4c17-93c7-8f17df0056c7" CHANGEID="691536602" NUMBER="170" APARTTYPE="2" OPERTYPEID="10" PREVID="0" NEXTID="0" UPDATEDATE="2025-11-01" STARTDATE="2025-11-01" ENDDATE="2079-06-06" ISACTUAL="1" ISACTIVE="1" /><APARTMENT ID="112049564" OBJECTID="175643279" OBJECTGUID="7e1c6cb7-bedc-4719-a7f4-6cdbb56b8bc1" CHANGEID="691536603" NUMBER="169" APARTTYPE="2" OPERTYPEID="10" PREVID="0" NEXTID="0" UPDATEDATE="2025-11-01" STARTDATE="2025-11-01" ENDDATE="2079-06-06" ISACTUAL="1" ISACTIVE="1" /><APARTMENT ID="112049565" OBJECTID="175643280" OBJECTGUID="3f0b3300-b712-4089-8d75-08ad5efd9d74" CHANGEID="691536604" NUMBER="168" APARTTYPE="2" OPERTYPEID="10" PREVID="0" NEXTID="0" UPDATEDATE="2025-11-01" STARTDATE="2025-11-01" ENDDATE="2079-06-06" ISACTUAL="1" ISACTIVE="1" /><APARTMENT ID="112049566" OBJECTID="175643281" OBJECTGUID="4f06f0f9-8339-4304-b554-d281c15a6c0b" CHANGEID="691536605" NUMBER="167" APARTTYPE="2" OPERTYPEID="10" PREVID="0" NEXTID="0" UPDATEDATE="2025-11-01" STARTDATE="2025-11-01" ENDDATE="2079-06-06" ISACTUAL="1" ISACTIVE="1" /><APARTMENT ID="112049567" OBJECTID="175643282" OBJECTGUID="342f9f96-0349-48d9-b092-a9f99ef250b0" CHANGEID="691536606" NUMBER="166" APARTTYPE="2" OPERTYPEID="10" PREVID="0" NEXTID="0" UPDATEDATE="2025-11-01" STARTDATE="2025-11-01" ENDDATE="2079-06-06" ISACTUAL="1" ISACTIVE="1" /><APARTMENT ID="112049568" OBJECTID="175643283" OBJECTGUID="fd8a7b0b-131f-4fa2-8dc0-fddb336d41a2" CHANGEID="691536607" NUMBER="165" APARTTYPE="2" OPERTYPEID="10" PREVID="0" NEXTID="0" UPDATEDATE="2025-11-01" STARTDATE="2025-11-01" ENDDATE="2079-06-06" ISACTUAL="1" ISACTIVE="1" /><APARTMENT ID="112049569" OBJECTID="175643284" OBJECTGUID="8e61ac36-210a-4b4e-a163-399da1bf3872" CHANGEID="691536608" NUMBER="164" APARTTYPE="2" OPERTYPEID="10" PREVID="0" NEXTID="0" UPDATEDATE="2025-11-01" STARTDATE="2025-11-01" ENDDATE="2079-06-06" ISACTUAL="1" ISACTIVE="1" /><APARTMENT ID="112049570" OBJECTID="175643285" OBJECTGUID="c3e80135-ccfb-43ea-a548-ab7fd9bef038" CHANGEID="691536609" NUMBER="163" APARTTYPE="2" OPERTYPEID="10" PREVID="0" NEXTID="0" UPDATEDATE="2025-11-01" STARTDATE="2025-11-01" ENDDATE="2079-06-06" ISACTUAL="1" ISACTIVE="1" /><APARTMENT ID="112049571" OBJECTID="175643286" OBJECTGUID="c6b347e1-699f-42a7-bd85-57212613bea7" CHANGEID="691536610" NUMBER="162" APARTTYPE="2" OPERTYPEID="10" PREVID="0" NEXTID="0" UPDATEDATE="2025-11-01" STARTDATE="2025-11-01" ENDDATE="2079-06-06" ISACTUAL="1" ISACTIVE="1" /><APARTMENT ID="112049572" OBJECTID="175643287" OBJECTGUID="6ceb766c-848e-4ad7-8adf-a88df80b59e9" CHANGEID="691536611" NUMBER="161" APARTTYPE="2" OPERTYPEID="10" PREVID="0" NEXTID="0" UPDATEDATE="2025-11-01" STARTDATE="2025-11-01" ENDDATE="2079-06-06" ISACTUAL="1" ISACTIVE="1" /><APARTMENT ID="112049573" OBJECTID="175643288" OBJECTGUID="51edef72-8f2a-4cde-8820-72e55b84c888" CHANGEID="691536612" NUMBER="160" APARTTYPE="2" OPERTYPEID="10" PREVID="0" NEXTID="0" UPDATEDATE="2025-11-01" STARTDATE="2025-11-01" ENDDATE="2079-06-06" ISACTUAL="1" ISACTIVE="1" /><APARTMENT ID="112049574" OBJECTID="175643289" OBJECTGUID="8731dfef-842d-49fd-b438-2b9f733898a1" CHANGEID="691536613" NUMBER="159" APARTTYPE="2" OPERTYPEID="10" PREVID="0" NEXTID="0" UPDATEDATE="2025-11-01" STARTDATE="2025-11-01" ENDDATE="2079-06-06" ISACTUAL="1" ISACTIVE="1" /><APARTMENT ID="112049575" OBJECTID="175643290" OBJECTGUID="58a8d67e-57f6-46b9-983f-561c169c79be" CHANGEID="691536614" NUMBER="158" APARTTYPE="2" OPERTYPEID="10" PREVID="0" NEXTID="0" UPDATEDATE="2025-11-01" STARTDATE="2025-11-01" ENDDATE="2079-06-06" ISACTUAL="1" ISACTIVE="1" /><APARTMENT ID="112049576" OBJECTID="175643291" OBJECTGUID="e5283582-c393-4913-b9c2-531b1911e0c9" CHANGEID="691536615" NUMBER="157" APARTTYPE="2" OPERTYPEID="10" PREVID="0" NEXTID="0" UPDATEDATE="2025-11-01" STARTDATE="2025-11-01" ENDDATE="2079-06-06" ISACTUAL="1" ISACTIVE="1" /><APARTMENT ID="112049577" OBJECTID="175643292" OBJECTGUID="5cab95a0-5b6a-4ffb-8334-6ae24245b9d8" CHANGEID="691536616" NUMBER="156" APARTTYPE="2" OPERTYPEID="10" PREVID="0" NEXTID="0" UPDATEDATE="2025-11-01" STARTDATE="2025-11-01" ENDDATE="2079-06-06" ISACTUAL="1" ISACTIVE="1" /><APARTMENT ID="112049578" OBJECTID="175643293" OBJECTGUID="24822c2e-3038-4fa1-8c98-6904003bd8b2" CHANGEID="691536617" NUMBER="155" APARTTYPE="2" OPERTYPEID="10" PREVID="0" NEXTID="0" UPDATEDATE="2025-11-01" STARTDATE="2025-11-01" ENDDATE="2079-06-06" ISACTUAL="1" ISACTIVE="1" /><APARTMENT ID="112049579" OBJECTID="175643294" OBJECTGUID="46abb30f-8e63-4fe2-993b-efa4b382c4bd" CHANGEID="691536618" NUMBER="154" APARTTYPE="2" OPERTYPEID="10" PREVID="0" NEXTID="0" UPDATEDATE="2025-11-01" STARTDATE="2025-11-01" ENDDATE="2079-06-06" ISACTUAL="1" ISACTIVE="1" /><APARTMENT ID="112049580" OBJECTID="175643295" OBJECTGUID="f18fc5ce-cc08-432f-bcaf-9930b199cb08" CHANGEID="691536619" NUMBER="153" APARTTYPE="2" OPERTYPEID="10" PREVID="0" NEXTID="0" UPDATEDATE="2025-11-01" STARTDATE="2025-11-01" ENDDATE="2079-06-06" ISACTUAL="1" ISACTIVE="1" /><APARTMENT ID="112049581" OBJECTID="175643296" OBJECTGUID="84863ee7-08bd-45d9-9ffb-19dc8a169b58" CHANGEID="691536620" NUMBER="152" APARTTYPE="2" OPERTYPEID="10" PREVID="0" NEXTID="0" UPDATEDATE="2025-11-01" STARTDATE="2025-11-01" ENDDATE="2079-06-06" ISACTUAL="1" ISACTIVE="1" /><APARTMENT ID="112049582" OBJECTID="175643297" OBJECTGUID="75b883fa-4748-4fd0-8158-5a5841e7a9b3" CHANGEID="691536621" NUMBER="151" APARTTYPE="2" OPERTYPEID="10" PREVID="0" NEXTID="0" UPDATEDATE="2025-11-01" STARTDATE="2025-11-01" ENDDATE="2079-06-06" ISACTUAL="1" ISACTIVE="1" /><APARTMENT ID="112049583" OBJECTID="175643298" OBJECTGUID="4374c56e-52e8-4c16-9e2e-89af59028788" CHANGEID="691536622" NUMBER="150" APARTTYPE="2" OPERTYPEID="10" PREVID="0" NEXTID="0" UPDATEDATE="2025-11-01" STARTDATE="2025-11-01" ENDDATE="2079-06-06" ISACTUAL="1" ISACTIVE="1" /><APARTMENT ID="112049584" OBJECTID="175643299" OBJECTGUID="0cde202b-0465-4904-8d08-97b2e911cde5" CHANGEID="691536623" NUMBER="149" APARTTYPE="2" OPERTYPEID="10" PREVID="0" NEXTID="0" UPDATEDATE="2025-11-01" STARTDATE="2025-11-01" ENDDATE="2079-06-06" ISACTUAL="1" ISACTIVE="1" /><APARTMENT ID="112049585" OBJECTID="175643300" OBJECTGUID="31cf2210-500f-4b55-8414-aff841024a74" CHANGEID="691536624" NUMBER="148" APARTTYPE="2" OPERTYPEID="10" PREVID="0" NEXTID="0" UPDATEDATE="2025-11-01" STARTDATE="2025-11-01" ENDDATE="2079-06-06" ISACTUAL="1" ISACTIVE="1" /><APARTMENT ID="112049586" OBJECTID="175643301" OBJECTGUID="3635a9ed-64fd-4f54-b566-326b608ec616" CHANGEID="691536625" NUMBER="147" APARTTYPE="2" OPERTYPEID="10" PREVID="0" NEXTID="0" UPDATEDATE="2025-11-01" STARTDATE="2025-11-01" ENDDATE="2079-06-06" ISACTUAL="1" ISACTIVE="1" /><APARTMENT ID="112049587" OBJECTID="175643302" OBJECTGUID="684235cc-3b5a-459d-a159-16f7ee2fab9e" CHANGEID="691536626" NUMBER="146" APARTTYPE="2" OPERTYPEID="10" PREVID="0" NEXTID="0" UPDATEDATE="2025-11-01" STARTDATE="2025-11-01" ENDDATE="2079-06-06" ISACTUAL="1" ISACTIVE="1" /><APARTMENT ID="112049588" OBJECTID="175643303" OBJECTGUID="b67638ef-dac0-4e59-91d4-3aa749f24f30" CHANGEID="691536627" NUMBER="145" APARTTYPE="2" OPERTYPEID="10" PREVID="0" NEXTID="0" UPDATEDATE="2025-11-01" STARTDATE="2025-11-01" ENDDATE="2079-06-06" ISACTUAL="1" ISACTIVE="1" /><APARTMENT ID="112049589" OBJECTID="175643304" OBJECTGUID="d1a64308-40d9-4c4d-b93a-fbd270718be7" CHANGEID="691536628" NUMBER="144" APARTTYPE="2" OPERTYPEID="10" PREVID="0" NEXTID="0" UPDATEDATE="2025-11-01" STARTDATE="2025-11-01" ENDDATE="2079-06-06" ISACTUAL="1" ISACTIVE="1" /><APARTMENT ID="112049590" OBJECTID="175643305" OBJECTGUID="d38ad004-f08f-4006-a5b6-a760f18d42ce" CHANGEID="691536629" NUMBER="143" APARTTYPE="2" OPERTYPEID="10" PREVID="0" NEXTID="0" UPDATEDATE="2025-11-01" STARTDATE="2025-11-01" ENDDATE="2079-06-06" ISACTUAL="1" ISACTIVE="1" /><APARTMENT ID="112049591" OBJECTID="175643306" OBJECTGUID="c1f7edd8-e3e2-46d0-9da7-e2ecb5879a8e" CHANGEID="691536630" NUMBER="142" APARTTYPE="2" OPERTYPEID="10" PREVID="0" NEXTID="0" UPDATEDATE="2025-11-01" STARTDATE="2025-11-01" ENDDATE="2079-06-06" ISACTUAL="1" ISACTIVE="1" /><APARTMENT ID="112049592" OBJECTID="175643307" OBJECTGUID="5aca8e97-9833-4b31-9395-794dcc037e17" CHANGEID="691536631" NUMBER="141" APARTTYPE="2" OPERTYPEID="10" PREVID="0" NEXTID="0" UPDATEDATE="2025-11-01" STARTDATE="2025-11-01" ENDDATE="2079-06-06" ISACTUAL="1" ISACTIVE="1" /><APARTMENT ID="112049593" OBJECTID="175643308" OBJECTGUID="11b7d703-cd8c-4050-81d4-09646f3a09fd" CHANGEID="691536632" NUMBER="140" APARTTYPE="2" OPERTYPEID="10" PREVID="0" NEXTID="0" UPDATEDATE="2025-11-01" STARTDATE="2025-11-01" ENDDATE="2079-06-06" ISACTUAL="1" ISACTIVE="1" /><APARTMENT ID="112049594" OBJECTID="175643309" OBJECTGUID="d691bb03-8eb3-4165-af50-971023909b19" CHANGEID="691536633" NUMBER="139" APARTTYPE="2" OPERTYPEID="10" PREVID="0" NEXTID="0" UPDATEDATE="2025-11-01" STARTDATE="2025-11-01" ENDDATE="2079-06-06" ISACTUAL="1" ISACTIVE="1" /><APARTMENT ID="112049595" OBJECTID="175643310" OBJECTGUID="22952b77-8cc7-480e-8d30-a54a0b55bc52" CHANGEID="691536634" NUMBER="138" APARTTYPE="2" OPERTYPEID="10" PREVID="0" NEXTID="0" UPDATEDATE="2025-11-01" STARTDATE="2025-11-01" ENDDATE="2079-06-06" ISACTUAL="1" ISACTIVE="1" /><APARTMENT ID="112049596" OBJECTID="175643311" OBJECTGUID="bd963933-a018-4d90-a6df-1cb9a7a46ca4" CHANGEID="691536635" NUMBER="128" APARTTYPE="2" OPERTYPEID="10" PREVID="0" NEXTID="0" UPDATEDATE="2025-11-01" STARTDATE="2025-11-01" ENDDATE="2079-06-06" ISACTUAL="1" ISACTIVE="1" /><APARTMENT ID="112049597" OBJECTID="175643312" OBJECTGUID="906613ed-3b1e-46ff-9fc1-a2dad4af485d" CHANGEID="691536636" NUMBER="127" APARTTYPE="2" OPERTYPEID="10" PREVID="0" NEXTID="0" UPDATEDATE="2025-11-01" STARTDATE="2025-11-01" ENDDATE="2079-06-06" ISACTUAL="1" ISACTIVE="1" /><APARTMENT ID="112049598" OBJECTID="175643313" OBJECTGUID="2c0b7c42-ef62-4fb0-a56e-b6aa7ef74f88" CHANGEID="691536637" NUMBER="126" APARTTYPE="2" OPERTYPEID="10" PREVID="0" NEXTID="0" UPDATEDATE="2025-11-01" STARTDATE="2025-11-01" ENDDATE="2079-06-06" ISACTUAL="1" ISACTIVE="1" /><APARTMENT ID="112049599" OBJECTID="175643314" OBJECTGUID="bac06f4d-925c-4757-b26b-84102e2e0c86" CHANGEID="691536638" NUMBER="125" APARTTYPE="2" OPERTYPEID="10" PREVID="0" NEXTID="0" UPDATEDATE="2025-11-01" STARTDATE="2025-11-01" ENDDATE="2079-06-06" ISACTUAL="1" ISACTIVE="1" /><APARTMENT ID="112049600" OBJECTID="175643315" OBJECTGUID="4c69d3d3-cb75-464a-ba99-aaaabb6efc69" CHANGEID="691536639" NUMBER="124" APARTTYPE="2" OPERTYPEID="10" PREVID="0" NEXTID="0" UPDATEDATE="2025-11-01" STARTDATE="2025-11-01" ENDDATE="2079-06-06" ISACTUAL="1" ISACTIVE="1" /><APARTMENT ID="112049601" OBJECTID="175643316" OBJECTGUID="402e7c4c-a1dd-4c56-9360-712a169ea813" CHANGEID="691536640" NUMBER="123" APARTTYPE="2" OPERTYPEID="10" PREVID="0" NEXTID="0" UPDATEDATE="2025-11-01" STARTDATE="2025-11-01" ENDDATE="2079-06-06" ISACTUAL="1" ISACTIVE="1" /><APARTMENT ID="112049602" OBJECTID="175643317" OBJECTGUID="51b18f45-71a3-4b2a-91b3-1a40f1068283" CHANGEID="691536641" NUMBER="122" APARTTYPE="2" OPERTYPEID="10" PREVID="0" NEXTID="0" UPDATEDATE="2025-11-01" STARTDATE="2025-11-01" ENDDATE="2079-06-06" ISACTUAL="1" ISACTIVE="1" /><APARTMENT ID="112049603" OBJECTID="175643318" OBJECTGUID="74dc8501-2bc7-410e-9204-1080168f5a14" CHANGEID="691536642" NUMBER="121" APARTTYPE="2" OPERTYPEID="10" PREVID="0" NEXTID="0" UPDATEDATE="2025-11-01" STARTDATE="2025-11-01" ENDDATE="2079-06-06" ISACTUAL="1" ISACTIVE="1" /><APARTMENT ID="112049604" OBJECTID="175643319" OBJECTGUID="459300b7-74a1-4925-a661-e1dcf29092f3" CHANGEID="691536643" NUMBER="120" APARTTYPE="2" OPERTYPEID="10" PREVID="0" NEXTID="0" UPDATEDATE="2025-11-01" STARTDATE="2025-11-01" ENDDATE="2079-06-06" ISACTUAL="1" ISACTIVE="1" /><APARTMENT ID="112049605" OBJECTID="175643320" OBJECTGUID="4cc84aaf-8804-4f12-9860-4868095332f6" CHANGEID="691536644" NUMBER="119" APARTTYPE="2" OPERTYPEID="10" PREVID="0" NEXTID="0" UPDATEDATE="2025-11-01" STARTDATE="2025-11-01" ENDDATE="2079-06-06" ISACTUAL="1" ISACTIVE="1" /><APARTMENT ID="112049606" OBJECTID="175643321" OBJECTGUID="901df4ef-2573-4a74-84f3-0f62732c332f" CHANGEID="691536645" NUMBER="118" APARTTYPE="2" OPERTYPEID="10" PREVID="0" NEXTID="0" UPDATEDATE="2025-11-01" STARTDATE="2025-11-01" ENDDATE="2079-06-06" ISACTUAL="1" ISACTIVE="1" /><APARTMENT ID="112049607" OBJECTID="175643322" OBJECTGUID="86d44248-5977-4e8f-8a19-78088ce22ba7" CHANGEID="691536646" NUMBER="117" APARTTYPE="2" OPERTYPEID="10" PREVID="0" NEXTID="0" UPDATEDATE="2025-11-01" STARTDATE="2025-11-01" ENDDATE="2079-06-06" ISACTUAL="1" ISACTIVE="1" /><APARTMENT ID="112049608" OBJECTID="175643323" OBJECTGUID="05c18d82-6b9f-4719-8126-a4c20bc2332e" CHANGEID="691536647" NUMBER="116" APARTTYPE="2" OPERTYPEID="10" PREVID="0" NEXTID="0" UPDATEDATE="2025-11-01" STARTDATE="2025-11-01" ENDDATE="2079-06-06" ISACTUAL="1" ISACTIVE="1" /><APARTMENT ID="112049609" OBJECTID="175643324" OBJECTGUID="294defe1-0a7e-4ad0-b80a-d58d58b30402" CHANGEID="691536648" NUMBER="115" APARTTYPE="2" OPERTYPEID="10" PREVID="0" NEXTID="0" UPDATEDATE="2025-11-01" STARTDATE="2025-11-01" ENDDATE="2079-06-06" ISACTUAL="1" ISACTIVE="1" /><APARTMENT ID="112049610" OBJECTID="175643325" OBJECTGUID="eb9abca3-6457-4911-b6c7-e9bd698e4ee4" CHANGEID="691536649" NUMBER="114" APARTTYPE="2" OPERTYPEID="10" PREVID="0" NEXTID="0" UPDATEDATE="2025-11-01" STARTDATE="2025-11-01" ENDDATE="2079-06-06" ISACTUAL="1" ISACTIVE="1" /><APARTMENT ID="112049611" OBJECTID="175643326" OBJECTGUID="07de01db-8216-4b3a-afbf-ce4dcbb53672" CHANGEID="691536650" NUMBER="113" APARTTYPE="2" OPERTYPEID="10" PREVID="0" NEXTID="0" UPDATEDATE="2025-11-01" STARTDATE="2025-11-01" ENDDATE="2079-06-06" ISACTUAL="1" ISACTIVE="1" /><APARTMENT ID="112049612" OBJECTID="175643327" OBJECTGUID="b8104bda-7a76-4dfb-a7c9-430d6ac4d6f1" CHANGEID="691536651" NUMBER="112" APARTTYPE="2" OPERTYPEID="10" PREVID="0" NEXTID="0" UPDATEDATE="2025-11-01" STARTDATE="2025-11-01" ENDDATE="2079-06-06" ISACTUAL="1" ISACTIVE="1" /><APARTMENT ID="112049613" OBJECTID="175643328" OBJECTGUID="1cfb9006-c6dc-4141-bccf-a07cdf2749d6" CHANGEID="691536652" NUMBER="111" APARTTYPE="2" OPERTYPEID="10" PREVID="0" NEXTID="0" UPDATEDATE="2025-11-01" STARTDATE="2025-11-01" ENDDATE="2079-06-06" ISACTUAL="1" ISACTIVE="1" /><APARTMENT ID="112049614" OBJECTID="175643329" OBJECTGUID="78892bab-19b7-4d82-b7b2-9e6d57570ce5" CHANGEID="691536653" NUMBER="110" APARTTYPE="2" OPERTYPEID="10" PREVID="0" NEXTID="0" UPDATEDATE="2025-11-01" STARTDATE="2025-11-01" ENDDATE="2079-06-06" ISACTUAL="1" ISACTIVE="1" /><APARTMENT ID="112049615" OBJECTID="175643330" OBJECTGUID="1827d776-b3ce-40a4-b9bc-d1d98cf008ac" CHANGEID="691536654" NUMBER="109" APARTTYPE="2" OPERTYPEID="10" PREVID="0" NEXTID="0" UPDATEDATE="2025-11-01" STARTDATE="2025-11-01" ENDDATE="2079-06-06" ISACTUAL="1" ISACTIVE="1" /><APARTMENT ID="112049616" OBJECTID="175643331" OBJECTGUID="4f1e3144-e1af-4363-9876-13a74b95e481" CHANGEID="691536655" NUMBER="108" APARTTYPE="2" OPERTYPEID="10" PREVID="0" NEXTID="0" UPDATEDATE="2025-11-01" STARTDATE="2025-11-01" ENDDATE="2079-06-06" ISACTUAL="1" ISACTIVE="1" /><APARTMENT ID="112049617" OBJECTID="175643332" OBJECTGUID="94d3a033-0b82-44a6-9e3e-ac44933cf536" CHANGEID="691536656" NUMBER="107" APARTTYPE="2" OPERTYPEID="10" PREVID="0" NEXTID="0" UPDATEDATE="2025-11-01" STARTDATE="2025-11-01" ENDDATE="2079-06-06" ISACTUAL="1" ISACTIVE="1" /><APARTMENT ID="112049618" OBJECTID="175643333" OBJECTGUID="2bd29cef-554a-453e-8d84-d1829245e6d9" CHANGEID="691536657" NUMBER="106" APARTTYPE="2" OPERTYPEID="10" PREVID="0" NEXTID="0" UPDATEDATE="2025-11-01" STARTDATE="2025-11-01" ENDDATE="2079-06-06" ISACTUAL="1" ISACTIVE="1" /><APARTMENT ID="112049619" OBJECTID="175643334" OBJECTGUID="5a1aa989-db5f-49bf-a378-4837799934de" CHANGEID="691536658" NUMBER="105" APARTTYPE="2" OPERTYPEID="10" PREVID="0" NEXTID="0" UPDATEDATE="2025-11-01" STARTDATE="2025-11-01" ENDDATE="2079-06-06" ISACTUAL="1" ISACTIVE="1" /><APARTMENT ID="112049620" OBJECTID="175643335" OBJECTGUID="b5b9294b-4308-430a-a938-ab195e22ce3d" CHANGEID="691536659" NUMBER="104" APARTTYPE="2" OPERTYPEID="10" PREVID="0" NEXTID="0" UPDATEDATE="2025-11-01" STARTDATE="2025-11-01" ENDDATE="2079-06-06" ISACTUAL="1" ISACTIVE="1" /><APARTMENT ID="112049621" OBJECTID="175643336" OBJECTGUID="b728b71e-a2d7-4d73-a701-fc88adb0ce90" CHANGEID="691536660" NUMBER="103" APARTTYPE="2" OPERTYPEID="10" PREVID="0" NEXTID="0" UPDATEDATE="2025-11-01" STARTDATE="2025-11-01" ENDDATE="2079-06-06" ISACTUAL="1" ISACTIVE="1" /><APARTMENT ID="112049622" OBJECTID="175643337" OBJECTGUID="187a0077-156d-452b-ab43-0ded9af34607" CHANGEID="691536661" NUMBER="102" APARTTYPE="2" OPERTYPEID="10" PREVID="0" NEXTID="0" UPDATEDATE="2025-11-01" STARTDATE="2025-11-01" ENDDATE="2079-06-06" ISACTUAL="1" ISACTIVE="1" /><APARTMENT ID="112049623" OBJECTID="175643338" OBJECTGUID="8909838a-6c66-4bf7-b19c-4513b0404e4c" CHANGEID="691536662" NUMBER="101" APARTTYPE="2" OPERTYPEID="10" PREVID="0" NEXTID="0" UPDATEDATE="2025-11-01" STARTDATE="2025-11-01" ENDDATE="2079-06-06" ISACTUAL="1" ISACTIVE="1" /><APARTMENT ID="112049624" OBJECTID="175643339" OBJECTGUID="8cf6a5d5-d811-402b-a3a2-7343320182a8" CHANGEID="691536663" NUMBER="100" APARTTYPE="2" OPERTYPEID="10" PREVID="0" NEXTID="0" UPDATEDATE="2025-11-01" STARTDATE="2025-11-01" ENDDATE="2079-06-06" ISACTUAL="1" ISACTIVE="1" /><APARTMENT ID="112049625" OBJECTID="175643340" OBJECTGUID="578fb51a-c658-4fa0-8935-4fe64f112495" CHANGEID="691536664" NUMBER="99" APARTTYPE="2" OPERTYPEID="10" PREVID="0" NEXTID="0" UPDATEDATE="2025-11-01" STARTDATE="2025-11-01" ENDDATE="2079-06-06" ISACTUAL="1" ISACTIVE="1" /><APARTMENT ID="112049626" OBJECTID="175643341" OBJECTGUID="16ab3c2a-81d7-4999-93bf-45272da2f3aa" CHANGEID="691536665" NUMBER="98" APARTTYPE="2" OPERTYPEID="10" PREVID="0" NEXTID="0" UPDATEDATE="2025-11-01" STARTDATE="2025-11-01" ENDDATE="2079-06-06" ISACTUAL="1" ISACTIVE="1" /><APARTMENT ID="112049627" OBJECTID="175643342" OBJECTGUID="1c1773d2-5e17-46fd-b500-b9fa83f121bb" CHANGEID="691536666" NUMBER="97" APARTTYPE="2" OPERTYPEID="10" PREVID="0" NEXTID="0" UPDATEDATE="2025-11-01" STARTDATE="2025-11-01" ENDDATE="2079-06-06" ISACTUAL="1" ISACTIVE="1" /><APARTMENT ID="112049628" OBJECTID="175643343" OBJECTGUID="535caefd-d79a-429d-949b-5c97f61850b4" CHANGEID="691536667" NUMBER="96" APARTTYPE="2" OPERTYPEID="10" PREVID="0" NEXTID="0" UPDATEDATE="2025-11-01" STARTDATE="2025-11-01" ENDDATE="2079-06-06" ISACTUAL="1" ISACTIVE="1" /><APARTMENT ID="112049629" OBJECTID="175643344" OBJECTGUID="5e627cd9-d0dc-468c-a93b-79c456fd3a8a" CHANGEID="691536668" NUMBER="95" APARTTYPE="2" OPERTYPEID="10" PREVID="0" NEXTID="0" UPDATEDATE="2025-11-01" STARTDATE="2025-11-01" ENDDATE="2079-06-06" ISACTUAL="1" ISACTIVE="1" /><APARTMENT ID="112049630" OBJECTID="175643345" OBJECTGUID="2fd64ebc-e8b9-4a10-bde2-9c6e2e924f7c" CHANGEID="691536669" NUMBER="94" APARTTYPE="2" OPERTYPEID="10" PREVID="0" NEXTID="0" UPDATEDATE="2025-11-01" STARTDATE="2025-11-01" ENDDATE="2079-06-06" ISACTUAL="1" ISACTIVE="1" /><APARTMENT ID="112049631" OBJECTID="175643346" OBJECTGUID="0fd5aacc-f77e-472d-99af-435ada48dd39" CHANGEID="691536670" NUMBER="93" APARTTYPE="2" OPERTYPEID="10" PREVID="0" NEXTID="0" UPDATEDATE="2025-11-01" STARTDATE="2025-11-01" ENDDATE="2079-06-06" ISACTUAL="1" ISACTIVE="1" /><APARTMENT ID="112049632" OBJECTID="175643347" OBJECTGUID="be7558b6-6d6d-4bf1-bc59-473978a8b7d9" CHANGEID="691536671" NUMBER="92" APARTTYPE="2" OPERTYPEID="10" PREVID="0" NEXTID="0" UPDATEDATE="2025-11-01" STARTDATE="2025-11-01" ENDDATE="2079-06-06" ISACTUAL="1" ISACTIVE="1" /><APARTMENT ID="112049633" OBJECTID="175643348" OBJECTGUID="36f2e35f-1fd7-4694-be81-c9236c9eece6" CHANGEID="691536672" NUMBER="91" APARTTYPE="2" OPERTYPEID="10" PREVID="0" NEXTID="0" UPDATEDATE="2025-11-01" STARTDATE="2025-11-01" ENDDATE="2079-06-06" ISACTUAL="1" ISACTIVE="1" /><APARTMENT ID="112049634" OBJECTID="175643349" OBJECTGUID="a5e6100a-7e80-4a43-9d6d-e936410e150e" CHANGEID="691536673" NUMBER="80" APARTTYPE="2" OPERTYPEID="10" PREVID="0" NEXTID="0" UPDATEDATE="2025-11-01" STARTDATE="2025-11-01" ENDDATE="2079-06-06" ISACTUAL="1" ISACTIVE="1" /><APARTMENT ID="112049635" OBJECTID="175643350" OBJECTGUID="94787bf1-03c6-4f77-a0f4-350f7e1f6263" CHANGEID="691536674" NUMBER="79" APARTTYPE="2" OPERTYPEID="10" PREVID="0" NEXTID="0" UPDATEDATE="2025-11-01" STARTDATE="2025-11-01" ENDDATE="2079-06-06" ISACTUAL="1" ISACTIVE="1" /><APARTMENT ID="112049636" OBJECTID="175643351" OBJECTGUID="f43fbfb8-a23c-4636-af93-fc71a36e3076" CHANGEID="691536675" NUMBER="78" APARTTYPE="2" OPERTYPEID="10" PREVID="0" NEXTID="0" UPDATEDATE="2025-11-01" STARTDATE="2025-11-01" ENDDATE="2079-06-06" ISACTUAL="1" ISACTIVE="1" /><APARTMENT ID="112049637" OBJECTID="175643352" OBJECTGUID="8c438a62-a5ea-45df-bdfe-58bfd46eeeb1" CHANGEID="691536676" NUMBER="77" APARTTYPE="2" OPERTYPEID="10" PREVID="0" NEXTID="0" UPDATEDATE="2025-11-01" STARTDATE="2025-11-01" ENDDATE="2079-06-06" ISACTUAL="1" ISACTIVE="1" /><APARTMENT ID="112049638" OBJECTID="175643353" OBJECTGUID="33fd3bb9-6b55-4aa7-8544-94b29c8b0fea" CHANGEID="691536677" NUMBER="76" APARTTYPE="2" OPERTYPEID="10" PREVID="0" NEXTID="0" UPDATEDATE="2025-11-01" STARTDATE="2025-11-01" ENDDATE="2079-06-06" ISACTUAL="1" ISACTIVE="1" /><APARTMENT ID="112049639" OBJECTID="175643354" OBJECTGUID="159a1fd2-973e-49f7-a2ef-cf376fdc4ee7" CHANGEID="691536678" NUMBER="75" APARTTYPE="2" OPERTYPEID="10" PREVID="0" NEXTID="0" UPDATEDATE="2025-11-01" STARTDATE="2025-11-01" ENDDATE="2079-06-06" ISACTUAL="1" ISACTIVE="1" /><APARTMENT ID="112049640" OBJECTID="175643355" OBJECTGUID="89f8e58e-3bee-4ca3-8a9c-2127927a5785" CHANGEID="691536679" NUMBER="74" APARTTYPE="2" OPERTYPEID="10" PREVID="0" NEXTID="0" UPDATEDATE="2025-11-01" STARTDATE="2025-11-01" ENDDATE="2079-06-06" ISACTUAL="1" ISACTIVE="1" /><APARTMENT ID="112049641" OBJECTID="175643356" OBJECTGUID="78b28c2b-b44a-41b0-976e-14a91724c839" CHANGEID="691536680" NUMBER="73" APARTTYPE="2" OPERTYPEID="10" PREVID="0" NEXTID="0" UPDATEDATE="2025-11-01" STARTDATE="2025-11-01" ENDDATE="2079-06-06" ISACTUAL="1" ISACTIVE="1" /><APARTMENT ID="112049642" OBJECTID="175643357" OBJECTGUID="9849628d-1a39-4745-88f0-cdc2f17ba0ce" CHANGEID="691536681" NUMBER="72" APARTTYPE="2" OPERTYPEID="10" PREVID="0" NEXTID="0" UPDATEDATE="2025-11-01" STARTDATE="2025-11-01" ENDDATE="2079-06-06" ISACTUAL="1" ISACTIVE="1" /><APARTMENT ID="112049643" OBJECTID="175643358" OBJECTGUID="b05dab12-9be6-4ef9-9644-5b9e963c8a8e" CHANGEID="691536682" NUMBER="71" APARTTYPE="2" OPERTYPEID="10" PREVID="0" NEXTID="0" UPDATEDATE="2025-11-01" STARTDATE="2025-11-01" ENDDATE="2079-06-06" ISACTUAL="1" ISACTIVE="1" /><APARTMENT ID="112049644" OBJECTID="175643359" OBJECTGUID="a2f9ffa3-20b4-43d4-befb-7f2070b2872c" CHANGEID="691536683" NUMBER="70" APARTTYPE="2" OPERTYPEID="10" PREVID="0" NEXTID="0" UPDATEDATE="2025-11-01" STARTDATE="2025-11-01" ENDDATE="2079-06-06" ISACTUAL="1" ISACTIVE="1" /><APARTMENT ID="112049645" OBJECTID="175643360" OBJECTGUID="02d5aa92-3662-44fd-8bd0-01d22025490c" CHANGEID="691536684" NUMBER="69" APARTTYPE="2" OPERTYPEID="10" PREVID="0" NEXTID="0" UPDATEDATE="2025-11-01" STARTDATE="2025-11-01" ENDDATE="2079-06-06" ISACTUAL="1" ISACTIVE="1" /><APARTMENT ID="112049646" OBJECTID="175643361" OBJECTGUID="a5561e13-4e31-454a-bb34-666ee5435abf" CHANGEID="691536685" NUMBER="68" APARTTYPE="2" OPERTYPEID="10" PREVID="0" NEXTID="0" UPDATEDATE="2025-11-01" STARTDATE="2025-11-01" ENDDATE="2079-06-06" ISACTUAL="1" ISACTIVE="1" /><APARTMENT ID="112049647" OBJECTID="175643362" OBJECTGUID="e7972450-af5f-43db-8c88-adcf7351d483" CHANGEID="691536686" NUMBER="67" APARTTYPE="2" OPERTYPEID="10" PREVID="0" NEXTID="0" UPDATEDATE="2025-11-01" STARTDATE="2025-11-01" ENDDATE="2079-06-06" ISACTUAL="1" ISACTIVE="1" /><APARTMENT ID="112049648" OBJECTID="175643363" OBJECTGUID="2e1e6a03-e6b4-4c3f-93a7-c62ad2729e94" CHANGEID="691536687" NUMBER="66" APARTTYPE="2" OPERTYPEID="10" PREVID="0" NEXTID="0" UPDATEDATE="2025-11-01" STARTDATE="2025-11-01" ENDDATE="2079-06-06" ISACTUAL="1" ISACTIVE="1" /><APARTMENT ID="112049649" OBJECTID="175643364" OBJECTGUID="00a73483-d2bf-40df-8171-38fe9da8f290" CHANGEID="691536688" NUMBER="65" APARTTYPE="2" OPERTYPEID="10" PREVID="0" NEXTID="0" UPDATEDATE="2025-11-01" STARTDATE="2025-11-01" ENDDATE="2079-06-06" ISACTUAL="1" ISACTIVE="1" /><APARTMENT ID="112049650" OBJECTID="175643365" OBJECTGUID="d185b548-f3be-4bc9-902f-b56888356113" CHANGEID="691536689" NUMBER="64" APARTTYPE="2" OPERTYPEID="10" PREVID="0" NEXTID="0" UPDATEDATE="2025-11-01" STARTDATE="2025-11-01" ENDDATE="2079-06-06" ISACTUAL="1" ISACTIVE="1" /><APARTMENT ID="112049651" OBJECTID="175643366" OBJECTGUID="c64258da-a643-48e5-a063-2d098171c192" CHANGEID="691536690" NUMBER="63" APARTTYPE="2" OPERTYPEID="10" PREVID="0" NEXTID="0" UPDATEDATE="2025-11-01" STARTDATE="2025-11-01" ENDDATE="2079-06-06" ISACTUAL="1" ISACTIVE="1" /><APARTMENT ID="112049652" OBJECTID="175643367" OBJECTGUID="ae251bad-d955-46d9-9343-dba199fc48b2" CHANGEID="691536691" NUMBER="62" APARTTYPE="2" OPERTYPEID="10" PREVID="0" NEXTID="0" UPDATEDATE="2025-11-01" STARTDATE="2025-11-01" ENDDATE="2079-06-06" ISACTUAL="1" ISACTIVE="1" /><APARTMENT ID="112049653" OBJECTID="175643368" OBJECTGUID="b6bb9bbd-fdc1-4502-8a98-7e6959575d84" CHANGEID="691536692" NUMBER="61" APARTTYPE="2" OPERTYPEID="10" PREVID="0" NEXTID="0" UPDATEDATE="2025-11-01" STARTDATE="2025-11-01" ENDDATE="2079-06-06" ISACTUAL="1" ISACTIVE="1" /><APARTMENT ID="112049654" OBJECTID="175643369" OBJECTGUID="d4545f80-2225-44b5-89f4-2dd2a26db324" CHANGEID="691536693" NUMBER="60" APARTTYPE="2" OPERTYPEID="10" PREVID="0" NEXTID="0" UPDATEDATE="2025-11-01" STARTDATE="2025-11-01" ENDDATE="2079-06-06" ISACTUAL="1" ISACTIVE="1" /><APARTMENT ID="112049655" OBJECTID="175643370" OBJECTGUID="8fdfaec4-8e4e-4b90-a863-4b90811dbd82" CHANGEID="691536694" NUMBER="59" APARTTYPE="2" OPERTYPEID="10" PREVID="0" NEXTID="0" UPDATEDATE="2025-11-01" STARTDATE="2025-11-01" ENDDATE="2079-06-06" ISACTUAL="1" ISACTIVE="1" /><APARTMENT ID="112049656" OBJECTID="175643371" OBJECTGUID="386b9eb5-178e-4548-9534-9ece5d38b7dc" CHANGEID="691536695" NUMBER="58" APARTTYPE="2" OPERTYPEID="10" PREVID="0" NEXTID="0" UPDATEDATE="2025-11-01" STARTDATE="2025-11-01" ENDDATE="2079-06-06" ISACTUAL="1" ISACTIVE="1" /><APARTMENT ID="112049657" OBJECTID="175643372" OBJECTGUID="8ca9f338-ba8c-4ef3-88be-e6dca314a37c" CHANGEID="691536696" NUMBER="57" APARTTYPE="2" OPERTYPEID="10" PREVID="0" NEXTID="0" UPDATEDATE="2025-11-01" STARTDATE="2025-11-01" ENDDATE="2079-06-06" ISACTUAL="1" ISACTIVE="1" /><APARTMENT ID="112049658" OBJECTID="175643373" OBJECTGUID="27bf5730-89d6-45c5-b81b-e763cac9e04a" CHANGEID="691536697" NUMBER="56" APARTTYPE="2" OPERTYPEID="10" PREVID="0" NEXTID="0" UPDATEDATE="2025-11-01" STARTDATE="2025-11-01" ENDDATE="2079-06-06" ISACTUAL="1" ISACTIVE="1" /><APARTMENT ID="112049659" OBJECTID="175643374" OBJECTGUID="f8ee356c-b34d-4593-a9ad-3edc629501ca" CHANGEID="691536698" NUMBER="55" APARTTYPE="2" OPERTYPEID="10" PREVID="0" NEXTID="0" UPDATEDATE="2025-11-01" STARTDATE="2025-11-01" ENDDATE="2079-06-06" ISACTUAL="1" ISACTIVE="1" /><APARTMENT ID="112049660" OBJECTID="175643375" OBJECTGUID="21dcfe66-00e4-472b-b642-b4964e156026" CHANGEID="691536699" NUMBER="54" APARTTYPE="2" OPERTYPEID="10" PREVID="0" NEXTID="0" UPDATEDATE="2025-11-01" STARTDATE="2025-11-01" ENDDATE="2079-06-06" ISACTUAL="1" ISACTIVE="1" /><APARTMENT ID="112049661" OBJECTID="175643376" OBJECTGUID="4af6b6d3-633d-4434-8856-974ca847bebb" CHANGEID="691536700" NUMBER="53" APARTTYPE="2" OPERTYPEID="10" PREVID="0" NEXTID="0" UPDATEDATE="2025-11-01" STARTDATE="2025-11-01" ENDDATE="2079-06-06" ISACTUAL="1" ISACTIVE="1" /><APARTMENT ID="112049662" OBJECTID="175643377" OBJECTGUID="3347ca83-c02e-4950-b678-11d4581250e0" CHANGEID="691536701" NUMBER="52" APARTTYPE="2" OPERTYPEID="10" PREVID="0" NEXTID="0" UPDATEDATE="2025-11-01" STARTDATE="2025-11-01" ENDDATE="2079-06-06" ISACTUAL="1" ISACTIVE="1" /><APARTMENT ID="112049663" OBJECTID="175643378" OBJECTGUID="ecbc6114-d25b-4171-bc40-477656797126" CHANGEID="691536702" NUMBER="51" APARTTYPE="2" OPERTYPEID="10" PREVID="0" NEXTID="0" UPDATEDATE="2025-11-01" STARTDATE="2025-11-01" ENDDATE="2079-06-06" ISACTUAL="1" ISACTIVE="1" /><APARTMENT ID="112049664" OBJECTID="175643379" OBJECTGUID="100ac5d3-5433-4720-bf9a-461ad0d3ba68" CHANGEID="691536703" NUMBER="50" APARTTYPE="2" OPERTYPEID="10" PREVID="0" NEXTID="0" UPDATEDATE="2025-11-01" STARTDATE="2025-11-01" ENDDATE="2079-06-06" ISACTUAL="1" ISACTIVE="1" /><APARTMENT ID="112049665" OBJECTID="175643380" OBJECTGUID="3f6646f2-be27-4f7c-b5c4-554d06b46107" CHANGEID="691536704" NUMBER="49" APARTTYPE="2" OPERTYPEID="10" PREVID="0" NEXTID="0" UPDATEDATE="2025-11-01" STARTDATE="2025-11-01" ENDDATE="2079-06-06" ISACTUAL="1" ISACTIVE="1" /><APARTMENT ID="112049666" OBJECTID="175643381" OBJECTGUID="764b6362-9d98-4103-b971-89ed4579fcf7" CHANGEID="691536705" NUMBER="48" APARTTYPE="2" OPERTYPEID="10" PREVID="0" NEXTID="0" UPDATEDATE="2025-11-01" STARTDATE="2025-11-01" ENDDATE="2079-06-06" ISACTUAL="1" ISACTIVE="1" /><APARTMENT ID="112049667" OBJECTID="175643382" OBJECTGUID="13168ea8-1c68-43e1-a939-5d64fa1f1f9c" CHANGEID="691536706" NUMBER="32" APARTTYPE="2" OPERTYPEID="10" PREVID="0" NEXTID="0" UPDATEDATE="2025-11-01" STARTDATE="2025-11-01" ENDDATE="2079-06-06" ISACTUAL="1" ISACTIVE="1" /><APARTMENT ID="112049668" OBJECTID="175643383" OBJECTGUID="7e24ff5f-7daa-4d3e-9dd4-af7d759451c4" CHANGEID="691536707" NUMBER="31" APARTTYPE="2" OPERTYPEID="10" PREVID="0" NEXTID="0" UPDATEDATE="2025-11-01" STARTDATE="2025-11-01" ENDDATE="2079-06-06" ISACTUAL="1" ISACTIVE="1" /><APARTMENT ID="112049669" OBJECTID="175643384" OBJECTGUID="bffa00b1-f44a-4f4f-b934-cd5a93ec5b8d" CHANGEID="691536708" NUMBER="30" APARTTYPE="2" OPERTYPEID="10" PREVID="0" NEXTID="0" UPDATEDATE="2025-11-01" STARTDATE="2025-11-01" ENDDATE="2079-06-06" ISACTUAL="1" ISACTIVE="1" /><APARTMENT ID="112049670" OBJECTID="175643385" OBJECTGUID="4bd673ef-1944-4d99-8383-f2b178e3ce22" CHANGEID="691536709" NUMBER="29" APARTTYPE="2" OPERTYPEID="10" PREVID="0" NEXTID="0" UPDATEDATE="2025-11-01" STARTDATE="2025-11-01" ENDDATE="2079-06-06" ISACTUAL="1" ISACTIVE="1" /><APARTMENT ID="112049671" OBJECTID="175643386" OBJECTGUID="f4b70458-1359-4c68-a1c8-fcb3d589b211" CHANGEID="691536710" NUMBER="28" APARTTYPE="2" OPERTYPEID="10" PREVID="0" NEXTID="0" UPDATEDATE="2025-11-01" STARTDATE="2025-11-01" ENDDATE="2079-06-06" ISACTUAL="1" ISACTIVE="1" /><APARTMENT ID="112049672" OBJECTID="175643387" OBJECTGUID="10293605-93cd-4386-9a2e-273a0611548b" CHANGEID="691536711" NUMBER="27" APARTTYPE="2" OPERTYPEID="10" PREVID="0" NEXTID="0" UPDATEDATE="2025-11-01" STARTDATE="2025-11-01" ENDDATE="2079-06-06" ISACTUAL="1" ISACTIVE="1" /><APARTMENT ID="112049673" OBJECTID="175643388" OBJECTGUID="f558d193-488e-4a1e-9680-9429ac9c01d5" CHANGEID="691536712" NUMBER="26" APARTTYPE="2" OPERTYPEID="10" PREVID="0" NEXTID="0" UPDATEDATE="2025-11-01" STARTDATE="2025-11-01" ENDDATE="2079-06-06" ISACTUAL="1" ISACTIVE="1" /><APARTMENT ID="112049674" OBJECTID="175643389" OBJECTGUID="8aabc808-af18-4d01-bd2d-9083fea0760e" CHANGEID="691536713" NUMBER="25" APARTTYPE="2" OPERTYPEID="10" PREVID="0" NEXTID="0" UPDATEDATE="2025-11-01" STARTDATE="2025-11-01" ENDDATE="2079-06-06" ISACTUAL="1" ISACTIVE="1" /><APARTMENT ID="112049675" OBJECTID="175643390" OBJECTGUID="ada0c8b1-5dc9-4136-8319-0a785121791f" CHANGEID="691536714" NUMBER="24" APARTTYPE="2" OPERTYPEID="10" PREVID="0" NEXTID="0" UPDATEDATE="2025-11-01" STARTDATE="2025-11-01" ENDDATE="2079-06-06" ISACTUAL="1" ISACTIVE="1" /><APARTMENT ID="112049676" OBJECTID="175643391" OBJECTGUID="37142ae5-1f4c-488a-8f89-8e8020afe1f0" CHANGEID="691536715" NUMBER="23" APARTTYPE="2" OPERTYPEID="10" PREVID="0" NEXTID="0" UPDATEDATE="2025-11-01" STARTDATE="2025-11-01" ENDDATE="2079-06-06" ISACTUAL="1" ISACTIVE="1" /><APARTMENT ID="112049677" OBJECTID="175643392" OBJECTGUID="a97bef57-8498-4485-9557-7606fd934efd" CHANGEID="691536716" NUMBER="22" APARTTYPE="2" OPERTYPEID="10" PREVID="0" NEXTID="0" UPDATEDATE="2025-11-01" STARTDATE="2025-11-01" ENDDATE="2079-06-06" ISACTUAL="1" ISACTIVE="1" /><APARTMENT ID="112049678" OBJECTID="175643393" OBJECTGUID="b223d662-84cb-4ada-a4ce-3bd2db6059f3" CHANGEID="691536717" NUMBER="21" APARTTYPE="2" OPERTYPEID="10" PREVID="0" NEXTID="0" UPDATEDATE="2025-11-01" STARTDATE="2025-11-01" ENDDATE="2079-06-06" ISACTUAL="1" ISACTIVE="1" /><APARTMENT ID="112049679" OBJECTID="175643394" OBJECTGUID="9483c388-9274-42e9-8525-1f937f735dcd" CHANGEID="691536718" NUMBER="20" APARTTYPE="2" OPERTYPEID="10" PREVID="0" NEXTID="0" UPDATEDATE="2025-11-01" STARTDATE="2025-11-01" ENDDATE="2079-06-06" ISACTUAL="1" ISACTIVE="1" /><APARTMENT ID="112049680" OBJECTID="175643395" OBJECTGUID="55708324-e84a-4230-81a3-fb02c62bbb2a" CHANGEID="691536719" NUMBER="19" APARTTYPE="2" OPERTYPEID="10" PREVID="0" NEXTID="0" UPDATEDATE="2025-11-01" STARTDATE="2025-11-01" ENDDATE="2079-06-06" ISACTUAL="1" ISACTIVE="1" /><APARTMENT ID="112049681" OBJECTID="175643396" OBJECTGUID="e9f1c59a-892f-4993-a0fa-e23fe92c21f1" CHANGEID="691536720" NUMBER="18" APARTTYPE="2" OPERTYPEID="10" PREVID="0" NEXTID="0" UPDATEDATE="2025-11-01" STARTDATE="2025-11-01" ENDDATE="2079-06-06" ISACTUAL="1" ISACTIVE="1" /><APARTMENT ID="112049682" OBJECTID="175643397" OBJECTGUID="7f891fc9-fba5-404d-a252-771210d1e957" CHANGEID="691536721" NUMBER="17" APARTTYPE="2" OPERTYPEID="10" PREVID="0" NEXTID="0" UPDATEDATE="2025-11-01" STARTDATE="2025-11-01" ENDDATE="2079-06-06" ISACTUAL="1" ISACTIVE="1" /><APARTMENT ID="112049683" OBJECTID="175643398" OBJECTGUID="c9955feb-78c8-438f-bb8f-49ecb6372b53" CHANGEID="691536722" NUMBER="16" APARTTYPE="2" OPERTYPEID="10" PREVID="0" NEXTID="0" UPDATEDATE="2025-11-01" STARTDATE="2025-11-01" ENDDATE="2079-06-06" ISACTUAL="1" ISACTIVE="1" /><APARTMENT ID="112049684" OBJECTID="175643399" OBJECTGUID="9802b793-9416-4e9a-8b96-7cd34d27d8bb" CHANGEID="691536723" NUMBER="15" APARTTYPE="2" OPERTYPEID="10" PREVID="0" NEXTID="0" UPDATEDATE="2025-11-01" STARTDATE="2025-11-01" ENDDATE="2079-06-06" ISACTUAL="1" ISACTIVE="1" /><APARTMENT ID="112049685" OBJECTID="175643400" OBJECTGUID="8616b8ed-3c00-4973-8a32-e20415a03bd0" CHANGEID="691536724" NUMBER="14" APARTTYPE="2" OPERTYPEID="10" PREVID="0" NEXTID="0" UPDATEDATE="2025-11-01" STARTDATE="2025-11-01" ENDDATE="2079-06-06" ISACTUAL="1" ISACTIVE="1" /><APARTMENT ID="112049686" OBJECTID="175643401" OBJECTGUID="114aba3d-bac9-47f7-8b15-5f22151e5a06" CHANGEID="691536725" NUMBER="13" APARTTYPE="2" OPERTYPEID="10" PREVID="0" NEXTID="0" UPDATEDATE="2025-11-01" STARTDATE="2025-11-01" ENDDATE="2079-06-06" ISACTUAL="1" ISACTIVE="1" /><APARTMENT ID="112049687" OBJECTID="175643402" OBJECTGUID="3718288b-7cb7-4839-a4d1-5794d88ae397" CHANGEID="691536726" NUMBER="12" APARTTYPE="2" OPERTYPEID="10" PREVID="0" NEXTID="0" UPDATEDATE="2025-11-01" STARTDATE="2025-11-01" ENDDATE="2079-06-06" ISACTUAL="1" ISACTIVE="1" /></APARTMENTS>