﻿<?xml version="1.0" encoding="utf-8"?><HOUSES><HOUSE ID="65874623" OBJECTID="56326691" OBJECTGUID="cc9623b0-e532-42a4-a31d-6fe97fb57374" CHANGEID="84241664" HOUSENUM="10" HOUSETYPE="2" OPERTYPEID="20" PREVID="33699944" NEXTID="129434831" UPDATEDATE="2025-11-01" STARTDATE="2013-10-30" ENDDATE="2025-11-01" ISACTUAL="0" ISACTIVE="0" /><HOUSE ID="69071024" OBJECTID="2942401" OBJECTGUID="f9c00209-5f3d-4e76-bdbd-64eedfc0f3bc" CHANGEID="6213689" HOUSENUM="20" HOUSETYPE="2" OPERTYPEID="20" PREVID="888226" NEXTID="129435568" UPDATEDATE="2025-11-01" STARTDATE="2017-05-18" ENDDATE="2025-11-01" ISACTUAL="0" ISACTIVE="0" /><HOUSE ID="17468184" OBJECTID="29479656" OBJECTGUID="502fbe0f-fec7-449a-b877-d4d5dbb07d9b" CHANGEID="45220322" HOUSENUM="1" ADDNUM1="а" HOUSETYPE="2" ADDTYPE1="4" OPERTYPEID="10" PREVID="0" NEXTID="129425669" UPDATEDATE="2025-10-31" STARTDATE="1975-01-01" ENDDATE="2025-10-31" ISACTUAL="0" ISACTIVE="0" /><HOUSE ID="32326989" OBJECTID="54109361" OBJECTGUID="0789a712-8bb7-4bd4-9b0e-6f989992d75f" CHANGEID="80988204" HOUSENUM="50" HOUSETYPE="2" OPERTYPEID="10" PREVID="0" NEXTID="129425481" UPDATEDATE="2025-10-31" STARTDATE="2001-12-28" ENDDATE="2025-10-31" ISACTUAL="0" ISACTIVE="0" /><HOUSE ID="35796648" OBJECTID="59767288" OBJECTGUID="68881f3c-9316-48d8-8745-0578efae724e" CHANGEID="89266828" HOUSENUM="15" ADDNUM1="А" HOUSETYPE="2" ADDTYPE1="4" OPERTYPEID="10" PREVID="0" NEXTID="129425652" UPDATEDATE="2025-10-31" STARTDATE="2009-03-23" ENDDATE="2025-10-31" ISACTUAL="0" ISACTIVE="0" /><HOUSE ID="35828914" OBJECTID="59815421" OBJECTGUID="42f7ddb4-84b9-408d-9d63-44bcb7b65082" CHANGEID="89338710" HOUSENUM="30" HOUSETYPE="2" OPERTYPEID="10" PREVID="0" NEXTID="129421270" UPDATEDATE="2025-10-30" STARTDATE="2005-05-25" ENDDATE="2025-10-30" ISACTUAL="0" ISACTIVE="0" /><HOUSE ID="128129939" OBJECTID="171317064" OBJECTGUID="1e9b87c0-025f-467b-8f5c-9efe60854400" CHANGEID="643358213" HOUSENUM="82" HOUSETYPE="5" OPERTYPEID="10" PREVID="0" NEXTID="129419268" UPDATEDATE="2025-10-30" STARTDATE="2025-03-28" ENDDATE="2025-10-30" ISACTUAL="0" ISACTIVE="0" /><HOUSE ID="129412243" OBJECTID="175587077" OBJECTGUID="094b3125-e064-4cc9-91c3-93b0e6b4c801" CHANGEID="691444652" HOUSENUM="2б" HOUSETYPE="2" OPERTYPEID="10" PREVID="0" NEXTID="0" UPDATEDATE="2025-10-30" STARTDATE="2025-10-30" ENDDATE="2079-06-06" ISACTUAL="1" ISACTIVE="1" /><HOUSE ID="129412253" OBJECTID="175587091" OBJECTGUID="2b6bcbf0-efc8-4077-9517-7cef8332307c" CHANGEID="691444699" HOUSENUM="40" HOUSETYPE="7" OPERTYPEID="10" PREVID="0" NEXTID="0" UPDATEDATE="2025-10-30" STARTDATE="2025-10-30" ENDDATE="2079-06-06" ISACTUAL="1" ISACTIVE="1" /><HOUSE ID="129412246" OBJECTID="175587080" OBJECTGUID="e4928d33-b060-4ba7-b1fc-f5154603197c" CHANGEID="691444658" HOUSENUM="2а" HOUSETYPE="2" OPERTYPEID="10" PREVID="0" NEXTID="0" UPDATEDATE="2025-10-30" STARTDATE="2025-10-30" ENDDATE="2079-06-06" ISACTUAL="1" ISACTIVE="1" /><HOUSE ID="129412248" OBJECTID="175587082" OBJECTGUID="6652a947-496d-484f-b2f0-aee113d39f02" CHANGEID="691444662" HOUSENUM="105" HOUSETYPE="7" OPERTYPEID="10" PREVID="0" NEXTID="0" UPDATEDATE="2025-10-30" STARTDATE="2025-10-30" ENDDATE="2079-06-06" ISACTUAL="1" ISACTIVE="1" /><HOUSE ID="129412249" OBJECTID="175587083" OBJECTGUID="317e20ec-8db5-4b96-9923-d85ae00989dd" CHANGEID="691444664" HOUSENUM="110" HOUSETYPE="2" OPERTYPEID="10" PREVID="0" NEXTID="0" UPDATEDATE="2025-10-30" STARTDATE="2025-10-30" ENDDATE="2079-06-06" ISACTUAL="1" ISACTIVE="1" /><HOUSE ID="129412251" OBJECTID="175587086" OBJECTGUID="65e70df9-6e4d-48e0-bda2-253703faf5c3" CHANGEID="691444668" HOUSENUM="40" HOUSETYPE="4" OPERTYPEID="10" PREVID="0" NEXTID="0" UPDATEDATE="2025-10-30" STARTDATE="2025-10-30" ENDDATE="2079-06-06" ISACTUAL="1" ISACTIVE="1" /><HOUSE ID="129412255" OBJECTID="175587095" OBJECTGUID="c3b27726-f5eb-4f1e-a0ee-507cbe3ef6e1" CHANGEID="691444710" HOUSENUM="89" HOUSETYPE="7" OPERTYPEID="10" PREVID="0" NEXTID="0" UPDATEDATE="2025-10-30" STARTDATE="2025-10-30" ENDDATE="2079-06-06" ISACTUAL="1" ISACTIVE="1" /><HOUSE ID="129412257" OBJECTID="175587129" OBJECTGUID="8c4d8f32-5b5d-4428-b03d-e7ccc70f0f4b" CHANGEID="691444745" HOUSENUM="40" HOUSETYPE="5" OPERTYPEID="10" PREVID="0" NEXTID="0" UPDATEDATE="2025-10-30" STARTDATE="2025-10-30" ENDDATE="2079-06-06" ISACTUAL="1" ISACTIVE="1" /><HOUSE ID="129412260" OBJECTID="175587134" OBJECTGUID="0a497976-f230-4d59-bc72-e2f14f3e5e41" CHANGEID="691444757" HOUSENUM="84" HOUSETYPE="7" OPERTYPEID="10" PREVID="0" NEXTID="0" UPDATEDATE="2025-10-30" STARTDATE="2025-10-30" ENDDATE="2079-06-06" ISACTUAL="1" ISACTIVE="1" /><HOUSE ID="129412261" OBJECTID="175587160" OBJECTGUID="21b63a8f-d8d2-4b03-8978-4e0fa0caff94" CHANGEID="691444783" HOUSENUM="180" HOUSETYPE="2" OPERTYPEID="10" PREVID="0" NEXTID="0" UPDATEDATE="2025-10-30" STARTDATE="2025-10-30" ENDDATE="2079-06-06" ISACTUAL="1" ISACTIVE="1" /><HOUSE ID="129412269" OBJECTID="175587195" OBJECTGUID="ab6bb71d-4480-4805-b2d5-b7fb8e136304" CHANGEID="691444829" HOUSENUM="24" HOUSETYPE="7" OPERTYPEID="10" PREVID="0" NEXTID="0" UPDATEDATE="2025-10-30" STARTDATE="2025-10-30" ENDDATE="2079-06-06" ISACTUAL="1" ISACTIVE="1" /><HOUSE ID="129412272" OBJECTID="175587218" OBJECTGUID="6bf9471d-35c3-49e7-bf99-b57963d47e2b" CHANGEID="691444858" HOUSENUM="144" HOUSETYPE="7" OPERTYPEID="10" PREVID="0" NEXTID="0" UPDATEDATE="2025-10-30" STARTDATE="2025-10-30" ENDDATE="2079-06-06" ISACTUAL="1" ISACTIVE="1" /><HOUSE ID="129412273" OBJECTID="175587286" OBJECTGUID="8f8fc2c6-b0a8-4c8c-b301-3146e2a9b356" CHANGEID="691444930" HOUSENUM="8" HOUSETYPE="7" OPERTYPEID="10" PREVID="0" NEXTID="0" UPDATEDATE="2025-10-30" STARTDATE="2025-10-30" ENDDATE="2079-06-06" ISACTUAL="1" ISACTIVE="1" /><HOUSE ID="129412276" OBJECTID="175587289" OBJECTGUID="119d59f3-ba61-4b29-8358-5374aee39868" CHANGEID="691444936" HOUSENUM="154" HOUSETYPE="7" OPERTYPEID="10" PREVID="0" NEXTID="0" UPDATEDATE="2025-10-30" STARTDATE="2025-10-30" ENDDATE="2079-06-06" ISACTUAL="1" ISACTIVE="1" /><HOUSE ID="129412280" OBJECTID="175587296" OBJECTGUID="f57602de-5344-4d95-8c2c-75b3856fd7df" CHANGEID="691444945" HOUSENUM="57" HOUSETYPE="7" OPERTYPEID="10" PREVID="0" NEXTID="0" UPDATEDATE="2025-10-30" STARTDATE="2025-10-30" ENDDATE="2079-06-06" ISACTUAL="1" ISACTIVE="1" /><HOUSE ID="129412282" OBJECTID="175587302" OBJECTGUID="7aa54bb4-a42c-404a-beea-fb88a3cc9c57" CHANGEID="691444952" HOUSENUM="53а" HOUSETYPE="2" OPERTYPEID="10" PREVID="0" NEXTID="0" UPDATEDATE="2025-10-30" STARTDATE="2025-10-30" ENDDATE="2079-06-06" ISACTUAL="1" ISACTIVE="1" /><HOUSE ID="129412412" OBJECTID="175587751" OBJECTGUID="278de452-122e-4802-afbd-3e21333a9f26" CHANGEID="691445800" HOUSENUM="138" HOUSETYPE="7" OPERTYPEID="10" PREVID="0" NEXTID="0" UPDATEDATE="2025-10-30" STARTDATE="2025-10-30" ENDDATE="2079-06-06" ISACTUAL="1" ISACTIVE="1" /><HOUSE ID="129412418" OBJECTID="175587765" OBJECTGUID="06a0ef66-2b64-46db-8807-07de2a3f76ce" CHANGEID="691445827" HOUSENUM="36" HOUSETYPE="5" OPERTYPEID="10" PREVID="0" NEXTID="0" UPDATEDATE="2025-10-30" STARTDATE="2025-10-30" ENDDATE="2079-06-06" ISACTUAL="1" ISACTIVE="1" /><HOUSE ID="129412415" OBJECTID="175587759" OBJECTGUID="e31069d8-0cbe-46a2-a78d-204b702ac3b6" CHANGEID="691445815" HOUSENUM="153" HOUSETYPE="7" OPERTYPEID="10" PREVID="0" NEXTID="0" UPDATEDATE="2025-10-30" STARTDATE="2025-10-30" ENDDATE="2079-06-06" ISACTUAL="1" ISACTIVE="1" /><HOUSE ID="129412423" OBJECTID="175587794" OBJECTGUID="abf5bc5d-7d6f-48d2-a002-0b156c3b7397" CHANGEID="691445884" HOUSENUM="10" HOUSETYPE="2" OPERTYPEID="10" PREVID="0" NEXTID="0" UPDATEDATE="2025-10-30" STARTDATE="2025-10-30" ENDDATE="2079-06-06" ISACTUAL="1" ISACTIVE="1" /><HOUSE ID="129412428" OBJECTID="175587806" OBJECTGUID="7b69d2be-94fc-4674-904e-5b5f7010c0ec" CHANGEID="691445922" HOUSENUM="92" HOUSETYPE="2" OPERTYPEID="10" PREVID="0" NEXTID="0" UPDATEDATE="2025-10-30" STARTDATE="2025-10-30" ENDDATE="2079-06-06" ISACTUAL="1" ISACTIVE="1" /><HOUSE ID="129412431" OBJECTID="175587812" OBJECTGUID="956ce7c2-09ee-4c2f-b9a3-85e0dd841632" CHANGEID="691445943" HOUSENUM="116" HOUSETYPE="2" OPERTYPEID="10" PREVID="0" NEXTID="0" UPDATEDATE="2025-10-30" STARTDATE="2025-10-30" ENDDATE="2079-06-06" ISACTUAL="1" ISACTIVE="1" /><HOUSE ID="129412439" OBJECTID="175587843" OBJECTGUID="0520756d-cdc2-4f43-9be6-19b44d8b5621" CHANGEID="691445989" HOUSENUM="9" HOUSETYPE="2" OPERTYPEID="10" PREVID="0" NEXTID="0" UPDATEDATE="2025-10-30" STARTDATE="2025-10-30" ENDDATE="2079-06-06" ISACTUAL="1" ISACTIVE="1" /><HOUSE ID="129412444" OBJECTID="175587851" OBJECTGUID="d0c26b72-3d03-4c5d-b0f2-93eb516af94d" CHANGEID="691446007" HOUSENUM="48" HOUSETYPE="5" OPERTYPEID="10" PREVID="0" NEXTID="0" UPDATEDATE="2025-10-30" STARTDATE="2025-10-30" ENDDATE="2079-06-06" ISACTUAL="1" ISACTIVE="1" /><HOUSE ID="129412454" OBJECTID="175587905" OBJECTGUID="8bfb0504-0e02-4a1d-bd87-496867771bac" CHANGEID="691446132" HOUSENUM="132" HOUSETYPE="2" OPERTYPEID="10" PREVID="0" NEXTID="0" UPDATEDATE="2025-10-30" STARTDATE="2025-10-30" ENDDATE="2079-06-06" ISACTUAL="1" ISACTIVE="1" /><HOUSE ID="129412448" OBJECTID="175587857" OBJECTGUID="e9c97cb9-d0b3-451f-a62e-8666c93f9607" CHANGEID="691446065" HOUSENUM="48" ADDNUM1="1" HOUSETYPE="7" ADDTYPE1="1" OPERTYPEID="10" PREVID="0" NEXTID="0" UPDATEDATE="2025-10-30" STARTDATE="2025-10-30" ENDDATE="2079-06-06" ISACTUAL="1" ISACTIVE="1" /><HOUSE ID="129412450" OBJECTID="175587894" OBJECTGUID="33e0ec0b-482c-4f45-8076-0ff40d399d6f" CHANGEID="691446112" HOUSENUM="48" HOUSETYPE="2" OPERTYPEID="10" PREVID="0" NEXTID="0" UPDATEDATE="2025-10-30" STARTDATE="2025-10-30" ENDDATE="2079-06-06" ISACTUAL="1" ISACTIVE="1" /><HOUSE ID="129412778" OBJECTID="175588797" OBJECTGUID="49980414-4f3c-437b-9d36-fc5bcc859d89" CHANGEID="691447964" HOUSENUM="20/1" HOUSETYPE="2" OPERTYPEID="10" PREVID="0" NEXTID="0" UPDATEDATE="2025-10-30" STARTDATE="2025-10-30" ENDDATE="2079-06-06" ISACTUAL="1" ISACTIVE="1" /><HOUSE ID="129413963" OBJECTID="175592646" OBJECTGUID="c9b05b16-19cd-4288-a3e5-9e4c4945f706" CHANGEID="691455055" HOUSENUM="20/2" HOUSETYPE="2" OPERTYPEID="10" PREVID="0" NEXTID="0" UPDATEDATE="2025-10-30" STARTDATE="2025-10-30" ENDDATE="2079-06-06" ISACTUAL="1" ISACTIVE="1" /><HOUSE ID="129418580" OBJECTID="175600426" OBJECTGUID="e7f43853-5f16-4b0a-b775-20a36c916e18" CHANGEID="691468182" HOUSENUM="8" HOUSETYPE="8" OPERTYPEID="10" PREVID="0" NEXTID="0" UPDATEDATE="2025-10-30" STARTDATE="2025-10-30" ENDDATE="2079-06-06" ISACTUAL="1" ISACTIVE="1" /><HOUSE ID="129419266" OBJECTID="175601691" OBJECTGUID="4f4174ea-9ece-43ad-9507-61a26b1f9cd3" CHANGEID="691470290" HOUSENUM="38/1" HOUSETYPE="2" OPERTYPEID="54" PREVID="112035734" NEXTID="0" UPDATEDATE="2025-10-30" STARTDATE="2025-10-30" ENDDATE="2079-06-06" ISACTUAL="1" ISACTIVE="1" /><HOUSE ID="129419268" OBJECTID="171317064" OBJECTGUID="1e9b87c0-025f-467b-8f5c-9efe60854400" CHANGEID="691470300" HOUSENUM="82" HOUSETYPE="2" OPERTYPEID="20" PREVID="128129939" UPDATEDATE="2025-10-30" STARTDATE="2025-10-30" ENDDATE="2079-06-06" ISACTUAL="1" ISACTIVE="1" /><HOUSE ID="129420258" OBJECTID="78470754" OBJECTGUID="b8efeaff-8309-4a60-94a1-71848f908b1a" CHANGEID="691473734" HOUSENUM="9" HOUSETYPE="2" OPERTYPEID="30" PREVID="47405185" NEXTID="0" UPDATEDATE="2025-10-30" STARTDATE="2025-10-30" ENDDATE="2079-06-06" ISACTUAL="1" ISACTIVE="0" /><HOUSE ID="47405185" OBJECTID="78470754" OBJECTGUID="b8efeaff-8309-4a60-94a1-71848f908b1a" CHANGEID="116653925" HOUSENUM="9" HOUSETYPE="2" OPERTYPEID="20" PREVID="47405125" NEXTID="129420258" UPDATEDATE="2025-10-30" STARTDATE="2017-05-10" ENDDATE="2025-10-30" ISACTUAL="0" ISACTIVE="0" /><HOUSE ID="129420268" OBJECTID="175603753" OBJECTGUID="19ad3234-d49d-48a3-9231-981d711fade5" CHANGEID="691473780" HOUSENUM="4" HOUSETYPE="2" OPERTYPEID="10" PREVID="0" NEXTID="0" UPDATEDATE="2025-10-30" STARTDATE="2025-10-30" ENDDATE="2079-06-06" ISACTUAL="1" ISACTIVE="1" /><HOUSE ID="129420666" OBJECTID="175605211" OBJECTGUID="6bd65a24-092b-4e85-a336-c4fd79dcc155" CHANGEID="691476000" HOUSENUM="6" HOUSETYPE="2" OPERTYPEID="10" PREVID="0" NEXTID="0" UPDATEDATE="2025-10-30" STARTDATE="2025-10-30" ENDDATE="2079-06-06" ISACTUAL="1" ISACTIVE="1" /><HOUSE ID="129420680" OBJECTID="175605515" OBJECTGUID="ec2bb9ff-66d4-4cfb-a265-1253b18af1b3" CHANGEID="691476314" HOUSENUM="22б" HOUSETYPE="2" OPERTYPEID="10" PREVID="0" NEXTID="0" UPDATEDATE="2025-10-30" STARTDATE="2025-10-30" ENDDATE="2079-06-06" ISACTUAL="1" ISACTIVE="1" /><HOUSE ID="129420757" OBJECTID="175605866" OBJECTGUID="55f15386-c3fa-4bdb-86f8-b9a6b110904f" CHANGEID="691476730" HOUSENUM="30А" ADDNUM1="2" HOUSETYPE="7" ADDTYPE1="1" OPERTYPEID="10" PREVID="0" NEXTID="0" UPDATEDATE="2025-10-30" STARTDATE="2025-10-30" ENDDATE="2079-06-06" ISACTUAL="1" ISACTIVE="1" /><HOUSE ID="129421270" OBJECTID="59815421" OBJECTGUID="42f7ddb4-84b9-408d-9d63-44bcb7b65082" CHANGEID="691478825" HOUSENUM="30А" HOUSETYPE="7" OPERTYPEID="20" PREVID="35828914" NEXTID="129421776" UPDATEDATE="2025-10-30" STARTDATE="2025-10-30" ENDDATE="2025-10-30" ISACTUAL="0" ISACTIVE="0" /><HOUSE ID="129421776" OBJECTID="59815421" OBJECTGUID="42f7ddb4-84b9-408d-9d63-44bcb7b65082" CHANGEID="691480597" HOUSENUM="30А" ADDNUM1="1" HOUSETYPE="7" ADDTYPE1="1" OPERTYPEID="20" PREVID="129421270" UPDATEDATE="2025-10-30" STARTDATE="2025-10-30" ENDDATE="2079-06-06" ISACTUAL="1" ISACTIVE="1" /><HOUSE ID="67636429" OBJECTID="62891521" OBJECTGUID="e57c5019-d20d-4c33-93d3-7ab5035235d2" CHANGEID="93887299" HOUSENUM="35" HOUSETYPE="2" OPERTYPEID="20" PREVID="37819344" NEXTID="129425483" UPDATEDATE="2025-10-31" STARTDATE="2014-01-04" ENDDATE="2025-10-31" ISACTUAL="0" ISACTIVE="0" /><HOUSE ID="129425483" OBJECTID="62891521" OBJECTGUID="e57c5019-d20d-4c33-93d3-7ab5035235d2" CHANGEID="691495465" HOUSENUM="35" HOUSETYPE="7" OPERTYPEID="20" PREVID="67636429" UPDATEDATE="2025-10-31" STARTDATE="2025-10-31" ENDDATE="2079-06-06" ISACTUAL="1" ISACTIVE="1" /><HOUSE ID="129425481" OBJECTID="54109361" OBJECTGUID="0789a712-8bb7-4bd4-9b0e-6f989992d75f" CHANGEID="691495459" HOUSENUM="50" HOUSETYPE="2" OPERTYPEID="30" PREVID="32326989" NEXTID="0" UPDATEDATE="2025-10-31" STARTDATE="2025-10-31" ENDDATE="2079-06-06" ISACTUAL="1" ISACTIVE="0" /><HOUSE ID="35755801" OBJECTID="59702257" OBJECTGUID="f7b43000-6579-4dcc-90d6-aa32dfbc804b" CHANGEID="89170620" HOUSENUM="11" ADDNUM1="А" HOUSETYPE="2" ADDTYPE1="4" OPERTYPEID="10" PREVID="0" NEXTID="129425557" UPDATEDATE="2025-10-31" STARTDATE="2009-03-23" ENDDATE="2025-10-31" ISACTUAL="0" ISACTIVE="0" /><HOUSE ID="129425557" OBJECTID="59702257" OBJECTGUID="f7b43000-6579-4dcc-90d6-aa32dfbc804b" CHANGEID="691495896" HOUSENUM="11а" HOUSETYPE="2" OPERTYPEID="20" PREVID="35755801" UPDATEDATE="2025-10-31" STARTDATE="2025-10-31" ENDDATE="2079-06-06" ISACTUAL="1" ISACTIVE="1" /><HOUSE ID="129425652" OBJECTID="59767288" OBJECTGUID="68881f3c-9316-48d8-8745-0578efae724e" CHANGEID="691497279" HOUSENUM="15А" HOUSETYPE="2" OPERTYPEID="20" PREVID="35796648" UPDATEDATE="2025-10-31" STARTDATE="2025-10-31" ENDDATE="2079-06-06" ISACTUAL="1" ISACTIVE="1" /><HOUSE ID="14425364" OBJECTID="24422223" OBJECTGUID="2e0487f0-d219-4ef2-aae2-e60dc6ce10e0" CHANGEID="37855811" HOUSENUM="20" ADDNUM1="а" HOUSETYPE="2" ADDTYPE1="4" OPERTYPEID="10" PREVID="0" NEXTID="129425658" UPDATEDATE="2025-10-31" STARTDATE="1975-01-01" ENDDATE="2025-10-31" ISACTUAL="0" ISACTIVE="0" /><HOUSE ID="129425658" OBJECTID="24422223" OBJECTGUID="2e0487f0-d219-4ef2-aae2-e60dc6ce10e0" CHANGEID="691497353" HOUSENUM="20а" HOUSETYPE="2" OPERTYPEID="20" PREVID="14425364" UPDATEDATE="2025-10-31" STARTDATE="2025-10-31" ENDDATE="2079-06-06" ISACTUAL="1" ISACTIVE="1" /><HOUSE ID="129425669" OBJECTID="29479656" OBJECTGUID="502fbe0f-fec7-449a-b877-d4d5dbb07d9b" CHANGEID="691497400" HOUSENUM="1а" HOUSETYPE="2" OPERTYPEID="20" PREVID="17468184" UPDATEDATE="2025-10-31" STARTDATE="2025-10-31" ENDDATE="2079-06-06" ISACTUAL="1" ISACTIVE="1" /><HOUSE ID="129427273" OBJECTID="175623978" OBJECTGUID="f3232560-127e-40bb-b4a2-969c7dc08f6a" CHANGEID="691507321" HOUSENUM="1" HOUSETYPE="2" OPERTYPEID="10" PREVID="0" NEXTID="0" UPDATEDATE="2025-10-31" STARTDATE="2025-10-31" ENDDATE="2079-06-06" ISACTUAL="1" ISACTIVE="1" /><HOUSE ID="129429467" OBJECTID="175630603" OBJECTGUID="55becaf4-5b8a-4bc9-bf05-5a3aed08e62a" CHANGEID="691517515" HOUSENUM="13" HOUSETYPE="2" OPERTYPEID="10" PREVID="0" NEXTID="0" UPDATEDATE="2025-10-31" STARTDATE="2025-10-31" ENDDATE="2079-06-06" ISACTUAL="1" ISACTIVE="1" /><HOUSE ID="40661196" OBJECTID="67505399" OBJECTGUID="0a5c6e7d-7ce0-4c6c-9bda-d4e8665d9b7b" CHANGEID="100640573" HOUSENUM="114" ADDNUM1="а" HOUSETYPE="2" ADDTYPE1="4" OPERTYPEID="10" PREVID="0" NEXTID="129430029" UPDATEDATE="2025-10-31" STARTDATE="1975-01-01" ENDDATE="2025-10-31" ISACTUAL="0" ISACTIVE="0" /><HOUSE ID="129430029" OBJECTID="67505399" OBJECTGUID="0a5c6e7d-7ce0-4c6c-9bda-d4e8665d9b7b" CHANGEID="691520928" HOUSENUM="114а" HOUSETYPE="2" OPERTYPEID="20" PREVID="40661196" UPDATEDATE="2025-10-31" STARTDATE="2025-10-31" ENDDATE="2079-06-06" ISACTUAL="1" ISACTIVE="1" /><HOUSE ID="129430648" OBJECTID="175635352" OBJECTGUID="5a333f77-b1cd-4da1-b3c0-da49ed9931b7" CHANGEID="691524881" HOUSENUM="36" HOUSETYPE="7" OPERTYPEID="10" PREVID="0" NEXTID="0" UPDATEDATE="2025-10-31" STARTDATE="2025-10-31" ENDDATE="2079-06-06" ISACTUAL="1" ISACTIVE="1" /><HOUSE ID="129430699" OBJECTID="175635535" OBJECTGUID="a749b421-5a9f-45ef-9852-1fa5cf7ab6ea" CHANGEID="691525211" HOUSENUM="11" HOUSETYPE="7" OPERTYPEID="10" PREVID="0" NEXTID="0" UPDATEDATE="2025-10-31" STARTDATE="2025-10-31" ENDDATE="2079-06-06" ISACTUAL="1" ISACTIVE="1" /><HOUSE ID="129430992" OBJECTID="175636261" OBJECTGUID="96e0646a-9a69-457a-8e29-6326fb61d044" CHANGEID="691526684" HOUSENUM="16" HOUSETYPE="2" OPERTYPEID="10" PREVID="0" NEXTID="0" UPDATEDATE="2025-10-31" STARTDATE="2025-10-31" ENDDATE="2079-06-06" ISACTUAL="1" ISACTIVE="1" /><HOUSE ID="129430994" OBJECTID="175636266" OBJECTGUID="81d4eb68-dae8-4c4a-86ef-5f777b30f6c0" CHANGEID="691526693" HOUSENUM="16/1" HOUSETYPE="7" OPERTYPEID="10" PREVID="0" NEXTID="0" UPDATEDATE="2025-10-31" STARTDATE="2025-10-31" ENDDATE="2079-06-06" ISACTUAL="1" ISACTIVE="1" /><HOUSE ID="129431075" OBJECTID="175636546" OBJECTGUID="99530851-214f-4158-94e2-2cc75d8e39ed" CHANGEID="691527142" HOUSENUM="79а" HOUSETYPE="7" OPERTYPEID="10" PREVID="0" NEXTID="0" UPDATEDATE="2025-10-31" STARTDATE="2025-10-31" ENDDATE="2079-06-06" ISACTUAL="1" ISACTIVE="1" /><HOUSE ID="129433176" OBJECTID="175645205" OBJECTGUID="ec487d14-769c-4946-8783-206c829f5487" CHANGEID="691556948" HOUSENUM="4" HOUSETYPE="7" OPERTYPEID="10" PREVID="0" NEXTID="0" UPDATEDATE="2025-11-01" STARTDATE="2025-11-01" ENDDATE="2079-06-06" ISACTUAL="1" ISACTIVE="1" /><HOUSE ID="129433177" OBJECTID="175645206" OBJECTGUID="ee5a860d-fc65-487c-a59f-9d1e40be0e63" CHANGEID="691556949" HOUSENUM="5/2" HOUSETYPE="7" OPERTYPEID="10" PREVID="0" NEXTID="0" UPDATEDATE="2025-11-01" STARTDATE="2025-11-01" ENDDATE="2079-06-06" ISACTUAL="1" ISACTIVE="1" /><HOUSE ID="129433276" OBJECTID="175645632" OBJECTGUID="2c30cfc8-5546-49cc-8c4d-c7a40d459030" CHANGEID="691557566" HOUSENUM="66" HOUSETYPE="7" OPERTYPEID="10" PREVID="0" NEXTID="0" UPDATEDATE="2025-11-01" STARTDATE="2025-11-01" ENDDATE="2079-06-06" ISACTUAL="1" ISACTIVE="1" /><HOUSE ID="129433275" OBJECTID="175645629" OBJECTGUID="da678532-4026-4160-b32d-14db716833d0" CHANGEID="691557542" HOUSENUM="64" HOUSETYPE="2" OPERTYPEID="10" PREVID="0" NEXTID="0" UPDATEDATE="2025-11-01" STARTDATE="2025-11-01" ENDDATE="2079-06-06" ISACTUAL="1" ISACTIVE="1" /><HOUSE ID="129433280" OBJECTID="175645657" OBJECTGUID="e9e5adcb-b183-4480-ac4a-97c6c5101ab0" CHANGEID="691557593" HOUSENUM="102" HOUSETYPE="2" OPERTYPEID="10" PREVID="0" NEXTID="0" UPDATEDATE="2025-11-01" STARTDATE="2025-11-01" ENDDATE="2079-06-06" ISACTUAL="1" ISACTIVE="1" /><HOUSE ID="129433333" OBJECTID="175645806" OBJECTGUID="2ed422b0-cdf0-4172-8581-2bb7d0d2b5b8" CHANGEID="691558013" HOUSENUM="40а" HOUSETYPE="2" OPERTYPEID="10" PREVID="0" NEXTID="0" UPDATEDATE="2025-11-01" STARTDATE="2025-11-01" ENDDATE="2079-06-06" ISACTUAL="1" ISACTIVE="1" /><HOUSE ID="129433484" OBJECTID="175646403" OBJECTGUID="33aabf46-c746-4023-9bbf-9cc144d30d1b" CHANGEID="691559188" HOUSENUM="11" HOUSETYPE="2" OPERTYPEID="10" PREVID="0" NEXTID="0" UPDATEDATE="2025-11-01" STARTDATE="2025-11-01" ENDDATE="2079-06-06" ISACTUAL="1" ISACTIVE="1" /><HOUSE ID="129433486" OBJECTID="175646432" OBJECTGUID="d6555989-114a-4076-b48c-53b1b77112a4" CHANGEID="691559299" HOUSENUM="13" HOUSETYPE="2" OPERTYPEID="10" PREVID="0" NEXTID="0" UPDATEDATE="2025-11-01" STARTDATE="2025-11-01" ENDDATE="2079-06-06" ISACTUAL="1" ISACTIVE="1" /><HOUSE ID="129433467" OBJECTID="175646309" OBJECTGUID="4aaf05b5-33a8-491e-a64f-4c6364893b85" CHANGEID="691559042" HOUSENUM="8а" HOUSETYPE="2" OPERTYPEID="10" PREVID="0" NEXTID="0" UPDATEDATE="2025-11-01" STARTDATE="2025-11-01" ENDDATE="2079-06-06" ISACTUAL="1" ISACTIVE="1" /><HOUSE ID="129433478" OBJECTID="175646390" OBJECTGUID="69f14a08-1109-4808-8fd3-9a8a64212946" CHANGEID="691559169" HOUSENUM="3а" HOUSETYPE="2" OPERTYPEID="10" PREVID="0" NEXTID="0" UPDATEDATE="2025-11-01" STARTDATE="2025-11-01" ENDDATE="2079-06-06" ISACTUAL="1" ISACTIVE="1" /><HOUSE ID="129433755" OBJECTID="175647034" OBJECTGUID="e653e345-ff62-4565-89ff-35853d41dbff" CHANGEID="691560502" HOUSENUM="70а" HOUSETYPE="2" OPERTYPEID="10" PREVID="0" NEXTID="0" UPDATEDATE="2025-11-01" STARTDATE="2025-11-01" ENDDATE="2079-06-06" ISACTUAL="1" ISACTIVE="1" /><HOUSE ID="63847983" OBJECTID="66902844" OBJECTGUID="aff9e682-0f17-4326-8855-61525dc212c3" CHANGEID="99770199" HOUSENUM="73" HOUSETYPE="2" OPERTYPEID="20" PREVID="40298006" NEXTID="129433773" UPDATEDATE="2025-11-01" STARTDATE="2013-10-30" ENDDATE="2025-11-01" ISACTUAL="0" ISACTIVE="0" /><HOUSE ID="129433773" OBJECTID="66902844" OBJECTGUID="aff9e682-0f17-4326-8855-61525dc212c3" CHANGEID="691560570" HOUSENUM="73б" HOUSETYPE="2" OPERTYPEID="20" PREVID="63847983" UPDATEDATE="2025-11-01" STARTDATE="2025-11-01" ENDDATE="2079-06-06" ISACTUAL="1" ISACTIVE="1" /><HOUSE ID="129434398" OBJECTID="175650410" OBJECTGUID="90a67193-2c7b-4cc2-bcb6-b2a0ffd1b36c" CHANGEID="691565287" HOUSENUM="73" HOUSETYPE="2" OPERTYPEID="10" PREVID="0" NEXTID="0" UPDATEDATE="2025-11-01" STARTDATE="2025-11-01" ENDDATE="2079-06-06" ISACTUAL="1" ISACTIVE="1" /><HOUSE ID="129434831" OBJECTID="56326691" OBJECTGUID="cc9623b0-e532-42a4-a31d-6fe97fb57374" CHANGEID="691568655" HOUSENUM="6а" HOUSETYPE="2" OPERTYPEID="20" PREVID="65874623" UPDATEDATE="2025-11-01" STARTDATE="2025-11-01" ENDDATE="2079-06-06" ISACTUAL="1" ISACTIVE="1" /><HOUSE ID="129434877" OBJECTID="175653108" OBJECTGUID="e4f9668d-0119-45fd-9b51-1146bc7abd4b" CHANGEID="691568866" HOUSENUM="86" HOUSETYPE="2" OPERTYPEID="10" PREVID="0" NEXTID="0" UPDATEDATE="2025-11-01" STARTDATE="2025-11-01" ENDDATE="2079-06-06" ISACTUAL="1" ISACTIVE="1" /><HOUSE ID="129435461" OBJECTID="175654737" OBJECTGUID="1d443091-166f-4d0b-a5ea-38d3e8eccc49" CHANGEID="691571524" HOUSENUM="22а" HOUSETYPE="2" OPERTYPEID="10" PREVID="0" NEXTID="0" UPDATEDATE="2025-11-01" STARTDATE="2025-11-01" ENDDATE="2079-06-06" ISACTUAL="1" ISACTIVE="1" /><HOUSE ID="129435568" OBJECTID="2942401" OBJECTGUID="f9c00209-5f3d-4e76-bdbd-64eedfc0f3bc" CHANGEID="691571963" HOUSENUM="20" HOUSETYPE="2" OPERTYPEID="30" PREVID="69071024" NEXTID="0" UPDATEDATE="2025-11-01" STARTDATE="2025-11-01" ENDDATE="2079-06-06" ISACTUAL="1" ISACTIVE="0" /></HOUSES>