﻿<?xml version="1.0" encoding="utf-8"?><ADDRESSOBJECTS><OBJECT ID="52212615" OBJECTID="657920" OBJECTGUID="24267894-afbb-4b94-8755-488765277a3b" CHANGEID="691460164" NAME="Буриново" TYPENAME="д" LEVEL="6" OPERTYPEID="30" PREVID="799740" NEXTID="0" UPDATEDATE="2025-10-30" STARTDATE="2025-10-30" ENDDATE="2079-06-06" ISACTUAL="1" ISACTIVE="0" /><OBJECT ID="799740" OBJECTID="657920" OBJECTGUID="24267894-afbb-4b94-8755-488765277a3b" CHANGEID="1740032" NAME="Буриново" TYPENAME="д" LEVEL="6" OPERTYPEID="1" PREVID="0" NEXTID="52212615" UPDATEDATE="2025-10-30" STARTDATE="1900-01-01" ENDDATE="2025-10-30" ISACTUAL="0" ISACTIVE="0" /><OBJECT ID="52212817" OBJECTID="175632105" OBJECTGUID="1fb80436-adc9-4dd3-b76d-b13e62536fc0" CHANGEID="691519935" NAME="Новая Николаевка" TYPENAME="мкр." LEVEL="7" OPERTYPEID="10" PREVID="0" NEXTID="0" UPDATEDATE="2025-10-31" STARTDATE="2025-10-31" ENDDATE="2079-06-06" ISACTUAL="1" ISACTIVE="1" /><OBJECT ID="52212819" OBJECTID="175632440" OBJECTGUID="7cedda1a-848a-4e15-ab52-bfaea24d7ccd" CHANGEID="691520436" NAME="СНТ Клен-1" TYPENAME="тер. ТСН" LEVEL="7" OPERTYPEID="10" PREVID="0" NEXTID="0" UPDATEDATE="2025-10-31" STARTDATE="2025-10-31" ENDDATE="2079-06-06" ISACTUAL="1" ISACTIVE="1" /><OBJECT ID="52212864" OBJECTID="175641352" OBJECTGUID="6e289aa5-1207-4a64-b5e7-6683c57b106e" CHANGEID="691534318" NAME="Чкалова" TYPENAME="пер." LEVEL="8" OPERTYPEID="10" PREVID="0" NEXTID="0" UPDATEDATE="2025-10-31" STARTDATE="2025-10-31" ENDDATE="2079-06-06" ISACTUAL="1" ISACTIVE="1" /><OBJECT ID="52213005" OBJECTID="175659811" OBJECTGUID="a3ec1376-f11e-4cc3-9f57-0fd97fb9cc2b" CHANGEID="691579903" NAME="Цветущая" TYPENAME="ал." LEVEL="8" OPERTYPEID="10" PREVID="0" NEXTID="0" UPDATEDATE="2025-11-01" STARTDATE="2025-11-01" ENDDATE="2079-06-06" ISACTUAL="1" ISACTIVE="1" /><OBJECT ID="52213025" OBJECTID="645248" OBJECTGUID="cc79c2bc-063a-41e7-8659-18de7f33a989" CHANGEID="691591198" NAME="169 км" TYPENAME="ж/д_будка" LEVEL="6" OPERTYPEID="30" PREVID="784597" NEXTID="0" UPDATEDATE="2025-11-01" STARTDATE="2025-11-01" ENDDATE="2079-06-06" ISACTUAL="1" ISACTIVE="0" /><OBJECT ID="52213026" OBJECTID="646658" OBJECTGUID="757554cb-2c3b-4076-ae6e-d2398ff18dd9" CHANGEID="691591199" NAME="Черносвитино" TYPENAME="д" LEVEL="6" OPERTYPEID="30" PREVID="786309" NEXTID="0" UPDATEDATE="2025-11-01" STARTDATE="2025-11-01" ENDDATE="2079-06-06" ISACTUAL="1" ISACTIVE="0" /><OBJECT ID="786309" OBJECTID="646658" OBJECTGUID="757554cb-2c3b-4076-ae6e-d2398ff18dd9" CHANGEID="1708595" NAME="Черносвитино" TYPENAME="д" LEVEL="6" OPERTYPEID="1" PREVID="0" NEXTID="52213026" UPDATEDATE="2025-11-01" STARTDATE="1900-01-01" ENDDATE="2025-11-01" ISACTUAL="0" ISACTIVE="0" /><OBJECT ID="52213027" OBJECTID="647240" OBJECTGUID="a2711c0d-f58f-4749-9fb0-d4e62dbc16b5" CHANGEID="691591200" NAME="176 177 178 км" TYPENAME="ж/д_будка" LEVEL="6" OPERTYPEID="30" PREVID="787024" NEXTID="0" UPDATEDATE="2025-11-01" STARTDATE="2025-11-01" ENDDATE="2079-06-06" ISACTUAL="1" ISACTIVE="0" /><OBJECT ID="787024" OBJECTID="647240" OBJECTGUID="a2711c0d-f58f-4749-9fb0-d4e62dbc16b5" CHANGEID="1710301" NAME="176 177 178 км" TYPENAME="ж/д_будка" LEVEL="6" OPERTYPEID="1" PREVID="0" NEXTID="52213027" UPDATEDATE="2025-11-01" STARTDATE="1900-01-01" ENDDATE="2025-11-01" ISACTUAL="0" ISACTIVE="0" /><OBJECT ID="52213028" OBJECTID="647704" OBJECTGUID="f9f87773-78b5-47ae-a6a8-832b727fe731" CHANGEID="691591201" NAME="187 км" TYPENAME="ж/д_будка" LEVEL="6" OPERTYPEID="30" PREVID="787603" NEXTID="0" UPDATEDATE="2025-11-01" STARTDATE="2025-11-01" ENDDATE="2079-06-06" ISACTUAL="1" ISACTIVE="0" /><OBJECT ID="52213029" OBJECTID="648293" OBJECTGUID="aa3f0079-6a96-49ac-9904-1a354aa3a6e5" CHANGEID="691591202" NAME="Михалево" TYPENAME="д" LEVEL="6" OPERTYPEID="30" PREVID="788305" NEXTID="0" UPDATEDATE="2025-11-01" STARTDATE="2025-11-01" ENDDATE="2079-06-06" ISACTUAL="1" ISACTIVE="0" /><OBJECT ID="788305" OBJECTID="648293" OBJECTGUID="aa3f0079-6a96-49ac-9904-1a354aa3a6e5" CHANGEID="1713306" NAME="Михалево" TYPENAME="д" LEVEL="6" OPERTYPEID="1" PREVID="0" NEXTID="52213029" UPDATEDATE="2025-11-01" STARTDATE="1900-01-01" ENDDATE="2025-11-01" ISACTUAL="0" ISACTIVE="0" /><OBJECT ID="52213030" OBJECTID="647724" OBJECTGUID="87be2686-8115-4859-8e13-9836fe6f7605" CHANGEID="691591203" NAME="Железняки" TYPENAME="д" LEVEL="6" OPERTYPEID="30" PREVID="787623" NEXTID="0" UPDATEDATE="2025-11-01" STARTDATE="2025-11-01" ENDDATE="2079-06-06" ISACTUAL="1" ISACTIVE="0" /><OBJECT ID="52213031" OBJECTID="649329" OBJECTGUID="f969c6bf-7ba7-4bab-b33f-b2308b42b463" CHANGEID="691591204" NAME="172 км" TYPENAME="ж/д_будка" LEVEL="6" OPERTYPEID="30" PREVID="789567" NEXTID="0" UPDATEDATE="2025-11-01" STARTDATE="2025-11-01" ENDDATE="2079-06-06" ISACTUAL="1" ISACTIVE="0" /><OBJECT ID="789567" OBJECTID="649329" OBJECTGUID="f969c6bf-7ba7-4bab-b33f-b2308b42b463" CHANGEID="1716034" NAME="172 км" TYPENAME="ж/д_будка" LEVEL="6" OPERTYPEID="1" PREVID="0" NEXTID="52213031" UPDATEDATE="2025-11-01" STARTDATE="1900-01-01" ENDDATE="2025-11-01" ISACTUAL="0" ISACTIVE="0" /><OBJECT ID="52213032" OBJECTID="649404" OBJECTGUID="b45aa005-634b-481d-ae7d-d5aa499048eb" CHANGEID="691591205" NAME="Ермолово" TYPENAME="д" LEVEL="6" OPERTYPEID="30" PREVID="789664" NEXTID="0" UPDATEDATE="2025-11-01" STARTDATE="2025-11-01" ENDDATE="2079-06-06" ISACTUAL="1" ISACTIVE="0" /><OBJECT ID="789664" OBJECTID="649404" OBJECTGUID="b45aa005-634b-481d-ae7d-d5aa499048eb" CHANGEID="1716253" NAME="Ермолово" TYPENAME="д" LEVEL="6" OPERTYPEID="1" PREVID="0" NEXTID="52213032" UPDATEDATE="2025-11-01" STARTDATE="1900-01-01" ENDDATE="2025-11-01" ISACTUAL="0" ISACTIVE="0" /><OBJECT ID="52213033" OBJECTID="649459" OBJECTGUID="ba96f607-77e7-4c7b-ba6f-83876ab4a6d1" CHANGEID="691591206" NAME="152 км" TYPENAME="ж/д_будка" LEVEL="6" OPERTYPEID="30" PREVID="789748" NEXTID="0" UPDATEDATE="2025-11-01" STARTDATE="2025-11-01" ENDDATE="2079-06-06" ISACTUAL="1" ISACTIVE="0" /><OBJECT ID="789748" OBJECTID="649459" OBJECTGUID="ba96f607-77e7-4c7b-ba6f-83876ab4a6d1" CHANGEID="1716483" NAME="152 км" TYPENAME="ж/д_будка" LEVEL="6" OPERTYPEID="1" PREVID="0" NEXTID="52213033" UPDATEDATE="2025-11-01" STARTDATE="1900-01-01" ENDDATE="2025-11-01" ISACTUAL="0" ISACTIVE="0" /><OBJECT ID="52213034" OBJECTID="649632" OBJECTGUID="f1e7dce7-676e-4d2d-8490-431e676eb030" CHANGEID="691591207" NAME="Аристово" TYPENAME="д" LEVEL="6" OPERTYPEID="30" PREVID="789963" NEXTID="0" UPDATEDATE="2025-11-01" STARTDATE="2025-11-01" ENDDATE="2079-06-06" ISACTUAL="1" ISACTIVE="0" /><OBJECT ID="52213035" OBJECTID="650993" OBJECTGUID="82915c5e-fe4d-4f67-a027-83f38450a563" CHANGEID="691591208" NAME="188 км" TYPENAME="ж/д_будка" LEVEL="6" OPERTYPEID="30" PREVID="791591" NEXTID="0" UPDATEDATE="2025-11-01" STARTDATE="2025-11-01" ENDDATE="2079-06-06" ISACTUAL="1" ISACTIVE="0" /><OBJECT ID="791591" OBJECTID="650993" OBJECTGUID="82915c5e-fe4d-4f67-a027-83f38450a563" CHANGEID="1720580" NAME="188 км" TYPENAME="ж/д_будка" LEVEL="6" OPERTYPEID="1" PREVID="0" NEXTID="52213035" UPDATEDATE="2025-11-01" STARTDATE="1900-01-01" ENDDATE="2025-11-01" ISACTUAL="0" ISACTIVE="0" /><OBJECT ID="52213036" OBJECTID="651209" OBJECTGUID="8f367290-3233-4e88-a15d-30f4567b7aa4" CHANGEID="691591209" NAME="Калуга-1" TYPENAME="ж/д_ст" LEVEL="6" OPERTYPEID="30" PREVID="791841" NEXTID="0" UPDATEDATE="2025-11-01" STARTDATE="2025-11-01" ENDDATE="2079-06-06" ISACTUAL="1" ISACTIVE="0" /><OBJECT ID="52213039" OBJECTID="645264" OBJECTGUID="302d8f2e-7759-47e1-92c9-ef08e984973e" CHANGEID="691592603" NAME="Парижской Коммуны" TYPENAME="п" LEVEL="6" OPERTYPEID="30" PREVID="784612" NEXTID="0" UPDATEDATE="2025-11-01" STARTDATE="2025-11-01" ENDDATE="2079-06-06" ISACTUAL="1" ISACTIVE="0" /><OBJECT ID="784612" OBJECTID="645264" OBJECTGUID="302d8f2e-7759-47e1-92c9-ef08e984973e" CHANGEID="1704720" NAME="Парижской Коммуны" TYPENAME="п" LEVEL="6" OPERTYPEID="1" PREVID="0" NEXTID="52213039" UPDATEDATE="2025-11-01" STARTDATE="1900-01-01" ENDDATE="2025-11-01" ISACTUAL="0" ISACTIVE="0" /><OBJECT ID="52213040" OBJECTID="645396" OBJECTGUID="9d3a6f58-0328-4181-8ed8-596ef39609ec" CHANGEID="691592604" NAME="ЦУ Карачевской Птицефабрики" TYPENAME="п" LEVEL="6" OPERTYPEID="30" PREVID="784768" NEXTID="0" UPDATEDATE="2025-11-01" STARTDATE="2025-11-01" ENDDATE="2079-06-06" ISACTUAL="1" ISACTIVE="0" /><OBJECT ID="784768" OBJECTID="645396" OBJECTGUID="9d3a6f58-0328-4181-8ed8-596ef39609ec" CHANGEID="1705096" NAME="ЦУ Карачевской Птицефабрики" TYPENAME="п" LEVEL="6" OPERTYPEID="1" PREVID="0" NEXTID="52213040" UPDATEDATE="2025-11-01" STARTDATE="1900-01-01" ENDDATE="2025-11-01" ISACTUAL="0" ISACTIVE="0" /><OBJECT ID="52213041" OBJECTID="645469" OBJECTGUID="2b5b2250-7231-4a09-a396-2d9d0aee563c" CHANGEID="691592605" NAME="Мостопоезд" TYPENAME="п" LEVEL="6" OPERTYPEID="30" PREVID="784853" NEXTID="0" UPDATEDATE="2025-11-01" STARTDATE="2025-11-01" ENDDATE="2079-06-06" ISACTUAL="1" ISACTIVE="0" /><OBJECT ID="52213042" OBJECTID="645726" OBJECTGUID="d782118d-7f3e-4460-a6e9-f2a5535ac7f7" CHANGEID="691592606" NAME="Орбита" TYPENAME="ст" LEVEL="6" OPERTYPEID="30" PREVID="785162" NEXTID="0" UPDATEDATE="2025-11-01" STARTDATE="2025-11-01" ENDDATE="2079-06-06" ISACTUAL="1" ISACTIVE="0" /><OBJECT ID="52213043" OBJECTID="645808" OBJECTGUID="68ea7d9f-4c6c-4e85-8263-346f6c6a2d2e" CHANGEID="691592607" NAME="Азаровский Кирпичный Завод" TYPENAME="п" LEVEL="6" OPERTYPEID="30" PREVID="785258" NEXTID="0" UPDATEDATE="2025-11-01" STARTDATE="2025-11-01" ENDDATE="2079-06-06" ISACTUAL="1" ISACTIVE="0" /><OBJECT ID="785258" OBJECTID="645808" OBJECTGUID="68ea7d9f-4c6c-4e85-8263-346f6c6a2d2e" CHANGEID="1706222" NAME="Азаровский Кирпичный Завод" TYPENAME="п" LEVEL="6" OPERTYPEID="1" PREVID="0" NEXTID="52213043" UPDATEDATE="2025-11-01" STARTDATE="1900-01-01" ENDDATE="2025-11-01" ISACTUAL="0" ISACTIVE="0" /><OBJECT ID="52213044" OBJECTID="646035" OBJECTGUID="65fef849-cefe-4154-8336-e20a3286058b" CHANGEID="691592608" NAME="Потребительский кооператив Урожай" TYPENAME="тер" LEVEL="6" OPERTYPEID="30" PREVID="785539" NEXTID="0" UPDATEDATE="2025-11-01" STARTDATE="2025-11-01" ENDDATE="2079-06-06" ISACTUAL="1" ISACTIVE="0" /><OBJECT ID="52213045" OBJECTID="646546" OBJECTGUID="c7cdc26a-04de-4bb1-b479-6095ddb83284" CHANGEID="691592609" NAME="Квань Подстанция" TYPENAME="нп" LEVEL="6" OPERTYPEID="30" PREVID="786168" NEXTID="0" UPDATEDATE="2025-11-01" STARTDATE="2025-11-01" ENDDATE="2079-06-06" ISACTUAL="1" ISACTIVE="0" /><OBJECT ID="786168" OBJECTID="646546" OBJECTGUID="c7cdc26a-04de-4bb1-b479-6095ddb83284" CHANGEID="1708298" NAME="Квань Подстанция" TYPENAME="нп" LEVEL="6" OPERTYPEID="1" PREVID="0" NEXTID="52213045" UPDATEDATE="2025-11-01" STARTDATE="1900-01-01" ENDDATE="2025-11-01" ISACTUAL="0" ISACTIVE="0" /><OBJECT ID="52213046" OBJECTID="646670" OBJECTGUID="913a0756-9e14-4106-a92a-e4ed713033a4" CHANGEID="691592610" NAME="Изотов" TYPENAME="х" LEVEL="6" OPERTYPEID="30" PREVID="786325" NEXTID="0" UPDATEDATE="2025-11-01" STARTDATE="2025-11-01" ENDDATE="2079-06-06" ISACTUAL="1" ISACTIVE="0" /><OBJECT ID="52213047" OBJECTID="647144" OBJECTGUID="e4e88ded-82c7-4d4e-88b5-0b006c3b710f" CHANGEID="691592611" NAME="Аэропорт" TYPENAME="п" LEVEL="6" OPERTYPEID="30" PREVID="786911" NEXTID="0" UPDATEDATE="2025-11-01" STARTDATE="2025-11-01" ENDDATE="2079-06-06" ISACTUAL="1" ISACTIVE="0" /><OBJECT ID="52213048" OBJECTID="647651" OBJECTGUID="0fbb8200-6b5d-4e6e-8da3-4e9b7eeae300" CHANGEID="691592612" NAME="Тулэнерго" TYPENAME="п" LEVEL="6" OPERTYPEID="30" PREVID="787534" NEXTID="0" UPDATEDATE="2025-11-01" STARTDATE="2025-11-01" ENDDATE="2079-06-06" ISACTUAL="1" ISACTIVE="0" /><OBJECT ID="787534" OBJECTID="647651" OBJECTGUID="0fbb8200-6b5d-4e6e-8da3-4e9b7eeae300" CHANGEID="1711473" NAME="Тулэнерго" TYPENAME="п" LEVEL="6" OPERTYPEID="1" PREVID="0" NEXTID="52213048" UPDATEDATE="2025-11-01" STARTDATE="1900-01-01" ENDDATE="2025-11-01" ISACTUAL="0" ISACTIVE="0" /><OBJECT ID="52213049" OBJECTID="647865" OBJECTGUID="ef631d90-149e-4969-b20d-357b4eb35f89" CHANGEID="691592613" NAME="Каракозово" TYPENAME="с" LEVEL="6" OPERTYPEID="30" PREVID="787792" NEXTID="0" UPDATEDATE="2025-11-01" STARTDATE="2025-11-01" ENDDATE="2079-06-06" ISACTUAL="1" ISACTIVE="0" /><OBJECT ID="52213050" OBJECTID="648219" OBJECTGUID="b93f4318-e5f7-4bf2-b4bd-410d2cdf7350" CHANGEID="691592614" NAME="Горнотино" TYPENAME="с" LEVEL="6" OPERTYPEID="30" PREVID="788213" NEXTID="0" UPDATEDATE="2025-11-01" STARTDATE="2025-11-01" ENDDATE="2079-06-06" ISACTUAL="1" ISACTIVE="0" /><OBJECT ID="788213" OBJECTID="648219" OBJECTGUID="b93f4318-e5f7-4bf2-b4bd-410d2cdf7350" CHANGEID="1713116" NAME="Горнотино" TYPENAME="с" LEVEL="6" OPERTYPEID="1" PREVID="0" NEXTID="52213050" UPDATEDATE="2025-11-01" STARTDATE="1900-01-01" ENDDATE="2025-11-01" ISACTUAL="0" ISACTIVE="0" /><OBJECT ID="52213051" OBJECTID="648312" OBJECTGUID="4adfc20c-9a24-426c-a98c-4e45d3df6944" CHANGEID="691592615" NAME="Газопровод" TYPENAME="п" LEVEL="6" OPERTYPEID="30" PREVID="788330" NEXTID="0" UPDATEDATE="2025-11-01" STARTDATE="2025-11-01" ENDDATE="2079-06-06" ISACTUAL="1" ISACTIVE="0" /><OBJECT ID="788330" OBJECTID="648312" OBJECTGUID="4adfc20c-9a24-426c-a98c-4e45d3df6944" CHANGEID="1713370" NAME="Газопровод" TYPENAME="п" LEVEL="6" OPERTYPEID="1" PREVID="0" NEXTID="52213051" UPDATEDATE="2025-11-01" STARTDATE="1900-01-01" ENDDATE="2025-11-01" ISACTUAL="0" ISACTIVE="0" /><OBJECT ID="52213052" OBJECTID="649648" OBJECTGUID="07d4d8e8-53fc-419f-82a0-f335a2bfc268" CHANGEID="691592616" NAME="Кату" TYPENAME="п" LEVEL="6" OPERTYPEID="30" PREVID="789982" NEXTID="0" UPDATEDATE="2025-11-01" STARTDATE="2025-11-01" ENDDATE="2079-06-06" ISACTUAL="1" ISACTIVE="0" /><OBJECT ID="789982" OBJECTID="649648" OBJECTGUID="07d4d8e8-53fc-419f-82a0-f335a2bfc268" CHANGEID="1716968" NAME="Кату" TYPENAME="п" LEVEL="6" OPERTYPEID="1" PREVID="0" NEXTID="52213052" UPDATEDATE="2025-11-01" STARTDATE="1900-01-01" ENDDATE="2025-11-01" ISACTUAL="0" ISACTIVE="0" /><OBJECT ID="52213053" OBJECTID="649780" OBJECTGUID="aa491b0b-2576-4eba-b086-d6d889079ecd" CHANGEID="691592617" NAME="Куровской" TYPENAME="п" LEVEL="6" OPERTYPEID="30" PREVID="790141" NEXTID="0" UPDATEDATE="2025-11-01" STARTDATE="2025-11-01" ENDDATE="2079-06-06" ISACTUAL="1" ISACTIVE="0" /><OBJECT ID="790141" OBJECTID="649780" OBJECTGUID="aa491b0b-2576-4eba-b086-d6d889079ecd" CHANGEID="1717335" NAME="Куровской" TYPENAME="п" LEVEL="6" OPERTYPEID="1" PREVID="0" NEXTID="52213053" UPDATEDATE="2025-11-01" STARTDATE="1900-01-01" ENDDATE="2025-11-01" ISACTUAL="0" ISACTIVE="0" /><OBJECT ID="52213054" OBJECTID="649836" OBJECTGUID="a828a8a9-91ad-4bac-a16e-5bb2c57fb2d5" CHANGEID="691592618" NAME="Пионерный" TYPENAME="п" LEVEL="6" OPERTYPEID="30" PREVID="790211" NEXTID="0" UPDATEDATE="2025-11-01" STARTDATE="2025-11-01" ENDDATE="2079-06-06" ISACTUAL="1" ISACTIVE="0" /><OBJECT ID="790211" OBJECTID="649836" OBJECTGUID="a828a8a9-91ad-4bac-a16e-5bb2c57fb2d5" CHANGEID="1717477" NAME="Пионерный" TYPENAME="п" LEVEL="6" OPERTYPEID="10" PREVID="0" NEXTID="52213054" UPDATEDATE="2025-11-01" STARTDATE="2013-01-01" ENDDATE="2025-11-01" ISACTUAL="0" ISACTIVE="0" /><OBJECT ID="52213055" OBJECTID="649840" OBJECTGUID="8426ec47-cadc-46fb-8131-8ea5a0f9b997" CHANGEID="691592619" NAME="Кооперативный" TYPENAME="п" LEVEL="6" OPERTYPEID="30" PREVID="790215" NEXTID="0" UPDATEDATE="2025-11-01" STARTDATE="2025-11-01" ENDDATE="2079-06-06" ISACTUAL="1" ISACTIVE="0" /><OBJECT ID="52213056" OBJECTID="650156" OBJECTGUID="2ad8de9e-c5fa-46d6-b8b9-f849e1eeb0a2" CHANGEID="691592620" NAME="Карьероуправления" TYPENAME="п" LEVEL="6" OPERTYPEID="30" PREVID="790603" NEXTID="0" UPDATEDATE="2025-11-01" STARTDATE="2025-11-01" ENDDATE="2079-06-06" ISACTUAL="1" ISACTIVE="0" /><OBJECT ID="52213057" OBJECTID="650771" OBJECTGUID="ddb3aeb8-d457-4e30-90cf-97591d3f3c76" CHANGEID="691592621" NAME="Сельэнерго" TYPENAME="п" LEVEL="6" OPERTYPEID="30" PREVID="791332" NEXTID="0" UPDATEDATE="2025-11-01" STARTDATE="2025-11-01" ENDDATE="2079-06-06" ISACTUAL="1" ISACTIVE="0" /><OBJECT ID="784597" OBJECTID="645248" OBJECTGUID="cc79c2bc-063a-41e7-8659-18de7f33a989" CHANGEID="1704704" NAME="169 км" TYPENAME="ж/д_будка" LEVEL="6" OPERTYPEID="1" PREVID="0" NEXTID="52213025" UPDATEDATE="2025-11-01" STARTDATE="1900-01-01" ENDDATE="2025-11-01" ISACTUAL="0" ISACTIVE="0" /><OBJECT ID="785162" OBJECTID="645726" OBJECTGUID="d782118d-7f3e-4460-a6e9-f2a5535ac7f7" CHANGEID="1705938" NAME="Орбита" TYPENAME="ст" LEVEL="6" OPERTYPEID="1" PREVID="0" NEXTID="52213042" UPDATEDATE="2025-11-01" STARTDATE="1900-01-01" ENDDATE="2025-11-01" ISACTUAL="0" ISACTIVE="0" /><OBJECT ID="784853" OBJECTID="645469" OBJECTGUID="2b5b2250-7231-4a09-a396-2d9d0aee563c" CHANGEID="1705270" NAME="Мостопоезд" TYPENAME="п" LEVEL="6" OPERTYPEID="1" PREVID="0" NEXTID="52213041" UPDATEDATE="2025-11-01" STARTDATE="1900-01-01" ENDDATE="2025-11-01" ISACTUAL="0" ISACTIVE="0" /><OBJECT ID="785539" OBJECTID="646035" OBJECTGUID="65fef849-cefe-4154-8336-e20a3286058b" CHANGEID="1706840" NAME="Потребительский кооператив Урожай" TYPENAME="тер" LEVEL="6" OPERTYPEID="1" PREVID="0" NEXTID="52213044" UPDATEDATE="2025-11-01" STARTDATE="1900-01-01" ENDDATE="2025-11-01" ISACTUAL="0" ISACTIVE="0" /><OBJECT ID="786325" OBJECTID="646670" OBJECTGUID="913a0756-9e14-4106-a92a-e4ed713033a4" CHANGEID="1708645" NAME="Изотов" TYPENAME="х" LEVEL="6" OPERTYPEID="1" PREVID="0" NEXTID="52213046" UPDATEDATE="2025-11-01" STARTDATE="1900-01-01" ENDDATE="2025-11-01" ISACTUAL="0" ISACTIVE="0" /><OBJECT ID="786911" OBJECTID="647144" OBJECTGUID="e4e88ded-82c7-4d4e-88b5-0b006c3b710f" CHANGEID="1710041" NAME="Аэропорт" TYPENAME="п" LEVEL="6" OPERTYPEID="1" PREVID="0" NEXTID="52213047" UPDATEDATE="2025-11-01" STARTDATE="1900-01-01" ENDDATE="2025-11-01" ISACTUAL="0" ISACTIVE="0" /><OBJECT ID="787623" OBJECTID="647724" OBJECTGUID="87be2686-8115-4859-8e13-9836fe6f7605" CHANGEID="1711719" NAME="Железняки" TYPENAME="д" LEVEL="6" OPERTYPEID="1" PREVID="0" NEXTID="52213030" UPDATEDATE="2025-11-01" STARTDATE="1900-01-01" ENDDATE="2025-11-01" ISACTUAL="0" ISACTIVE="0" /><OBJECT ID="787603" OBJECTID="647704" OBJECTGUID="f9f87773-78b5-47ae-a6a8-832b727fe731" CHANGEID="1711694" NAME="187 км" TYPENAME="ж/д_будка" LEVEL="6" OPERTYPEID="1" PREVID="0" NEXTID="52213028" UPDATEDATE="2025-11-01" STARTDATE="1900-01-01" ENDDATE="2025-11-01" ISACTUAL="0" ISACTIVE="0" /><OBJECT ID="787792" OBJECTID="647865" OBJECTGUID="ef631d90-149e-4969-b20d-357b4eb35f89" CHANGEID="1712121" NAME="Каракозово" TYPENAME="с" LEVEL="6" OPERTYPEID="1" PREVID="0" NEXTID="52213049" UPDATEDATE="2025-11-01" STARTDATE="1900-01-01" ENDDATE="2025-11-01" ISACTUAL="0" ISACTIVE="0" /><OBJECT ID="789963" OBJECTID="649632" OBJECTGUID="f1e7dce7-676e-4d2d-8490-431e676eb030" CHANGEID="1716942" NAME="Аристово" TYPENAME="д" LEVEL="6" OPERTYPEID="1" PREVID="0" NEXTID="52213034" UPDATEDATE="2025-11-01" STARTDATE="1900-01-01" ENDDATE="2025-11-01" ISACTUAL="0" ISACTIVE="0" /><OBJECT ID="790215" OBJECTID="649840" OBJECTGUID="8426ec47-cadc-46fb-8131-8ea5a0f9b997" CHANGEID="1717490" NAME="Кооперативный" TYPENAME="п" LEVEL="6" OPERTYPEID="1" PREVID="0" NEXTID="52213055" UPDATEDATE="2025-11-01" STARTDATE="1900-01-01" ENDDATE="2025-11-01" ISACTUAL="0" ISACTIVE="0" /><OBJECT ID="790603" OBJECTID="650156" OBJECTGUID="2ad8de9e-c5fa-46d6-b8b9-f849e1eeb0a2" CHANGEID="1718383" NAME="Карьероуправления" TYPENAME="п" LEVEL="6" OPERTYPEID="1" PREVID="0" NEXTID="52213056" UPDATEDATE="2025-11-01" STARTDATE="1900-01-01" ENDDATE="2025-11-01" ISACTUAL="0" ISACTIVE="0" /><OBJECT ID="791332" OBJECTID="650771" OBJECTGUID="ddb3aeb8-d457-4e30-90cf-97591d3f3c76" CHANGEID="1719952" NAME="Сельэнерго" TYPENAME="п" LEVEL="6" OPERTYPEID="1" PREVID="0" NEXTID="52213057" UPDATEDATE="2025-11-01" STARTDATE="1900-01-01" ENDDATE="2025-11-01" ISACTUAL="0" ISACTIVE="0" /><OBJECT ID="791841" OBJECTID="651209" OBJECTGUID="8f367290-3233-4e88-a15d-30f4567b7aa4" CHANGEID="1721147" NAME="Калуга-1" TYPENAME="ж/д_ст" LEVEL="6" OPERTYPEID="1" PREVID="0" NEXTID="52213036" UPDATEDATE="2025-11-01" STARTDATE="1900-01-01" ENDDATE="2025-11-01" ISACTUAL="0" ISACTIVE="0" /></ADDRESSOBJECTS>