﻿<?xml version="1.0" encoding="utf-8"?><APARTMENTS><APARTMENT ID="1551677" OBJECTID="3987062" OBJECTGUID="5abbfb49-1727-4053-b04e-26e65544a5e9" CHANGEID="7721160" NUMBER="1" APARTTYPE="2" OPERTYPEID="10" PREVID="0" NEXTID="112059053" UPDATEDATE="2025-11-01" STARTDATE="2018-09-20" ENDDATE="2025-11-01" ISACTUAL="0" ISACTIVE="0" /><APARTMENT ID="38049503" OBJECTID="63878889" OBJECTGUID="b20b5b82-8c57-4341-9d31-49bb0a4ebe81" CHANGEID="95311651" NUMBER="1" APARTTYPE="2" OPERTYPEID="10" PREVID="0" NEXTID="112035818" UPDATEDATE="2025-10-30" STARTDATE="2001-03-23" ENDDATE="2025-10-30" ISACTUAL="0" ISACTIVE="0" /><APARTMENT ID="112035818" OBJECTID="63878889" OBJECTGUID="b20b5b82-8c57-4341-9d31-49bb0a4ebe81" CHANGEID="691470666" NUMBER="1" APARTTYPE="2" OPERTYPEID="40" PREVID="38049503" UPDATEDATE="2025-10-30" STARTDATE="2025-10-30" ENDDATE="2079-06-06" ISACTUAL="1" ISACTIVE="1" /><APARTMENT ID="112035819" OBJECTID="63879280" OBJECTGUID="d419311c-3e6d-463c-8cd5-a4a0fda93c58" CHANGEID="691470667" NUMBER="1" APARTTYPE="2" OPERTYPEID="42" PREVID="38049705" NEXTID="112035818" UPDATEDATE="2025-10-30" STARTDATE="2025-10-30" ENDDATE="2079-06-06" ISACTUAL="1" ISACTIVE="0" /><APARTMENT ID="38049705" OBJECTID="63879280" OBJECTGUID="d419311c-3e6d-463c-8cd5-a4a0fda93c58" CHANGEID="95312243" NUMBER="1" APARTTYPE="2" OPERTYPEID="10" PREVID="0" NEXTID="112035819" UPDATEDATE="2025-10-30" STARTDATE="2015-11-19" ENDDATE="2025-10-30" ISACTUAL="0" ISACTIVE="0" /><APARTMENT ID="112049288" OBJECTID="175642391" OBJECTGUID="d772911a-bcf1-41d0-ad1f-48037c42fb7c" CHANGEID="691535525" NUMBER="4" APARTTYPE="1" OPERTYPEID="10" PREVID="0" NEXTID="0" UPDATEDATE="2025-10-31" STARTDATE="2025-10-31" ENDDATE="2079-06-06" ISACTUAL="1" ISACTIVE="1" /><APARTMENT ID="112054840" OBJECTID="14074652" OBJECTGUID="56d273ef-5b6c-4d6b-ba5b-35d49b24ca93" CHANGEID="691575158" NUMBER="1" APARTTYPE="1" OPERTYPEID="55" PREVID="7665153" NEXTID="129436174" UPDATEDATE="2025-11-01" STARTDATE="2025-11-01" ENDDATE="2079-06-06" ISACTUAL="1" ISACTIVE="0" /><APARTMENT ID="7665153" OBJECTID="14074652" OBJECTGUID="56d273ef-5b6c-4d6b-ba5b-35d49b24ca93" CHANGEID="22536463" NUMBER="1" APARTTYPE="1" OPERTYPEID="10" PREVID="0" NEXTID="112054840" UPDATEDATE="2025-11-01" STARTDATE="2018-09-28" ENDDATE="2025-11-01" ISACTUAL="0" ISACTIVE="0" /><APARTMENT ID="112056755" OBJECTID="175663563" OBJECTGUID="cf9e8511-663a-48ad-95e6-e65b92613b1f" CHANGEID="691586808" NUMBER="1" APARTTYPE="2" OPERTYPEID="10" PREVID="0" NEXTID="0" UPDATEDATE="2025-11-01" STARTDATE="2025-11-01" ENDDATE="2079-06-06" ISACTUAL="1" ISACTIVE="1" /><APARTMENT ID="112056756" OBJECTID="175663564" OBJECTGUID="a7a49a38-1494-4913-bf2d-fe47f5c6c5f1" CHANGEID="691586809" NUMBER="2" APARTTYPE="2" OPERTYPEID="10" PREVID="0" NEXTID="0" UPDATEDATE="2025-11-01" STARTDATE="2025-11-01" ENDDATE="2079-06-06" ISACTUAL="1" ISACTIVE="1" /><APARTMENT ID="112059053" OBJECTID="3987062" OBJECTGUID="5abbfb49-1727-4053-b04e-26e65544a5e9" CHANGEID="691595790" NUMBER="1" APARTTYPE="2" OPERTYPEID="55" PREVID="1551677" NEXTID="129440702" UPDATEDATE="2025-11-01" STARTDATE="2025-11-01" ENDDATE="2079-06-06" ISACTUAL="1" ISACTIVE="0" /></APARTMENTS>