﻿<?xml version="1.0" encoding="utf-8"?><HOUSES><HOUSE ID="66435344" OBJECTID="3986704" OBJECTGUID="d4825cc4-c35c-4900-91d1-77813813c894" CHANGEID="7720947" HOUSENUM="3" HOUSETYPE="2" OPERTYPEID="20" PREVID="1520320" NEXTID="129440703" UPDATEDATE="2025-11-01" STARTDATE="2015-02-02" ENDDATE="2025-11-01" ISACTUAL="0" ISACTIVE="0" /><HOUSE ID="68389869" OBJECTID="51865828" OBJECTGUID="f01f6f80-796c-437a-b685-e7326f015efb" CHANGEID="77732305" HOUSENUM="2" HOUSETYPE="1" OPERTYPEID="20" PREVID="30988360" NEXTID="129415386" UPDATEDATE="2025-10-30" STARTDATE="2016-01-02" ENDDATE="2025-10-30" ISACTUAL="0" ISACTIVE="0" /><HOUSE ID="4941189" OBJECTID="9505286" OBJECTGUID="105940a8-000b-4a01-92f4-6f523f966d43" CHANGEID="15807126" HOUSENUM="37" HOUSETYPE="2" OPERTYPEID="10" PREVID="0" NEXTID="129422846" UPDATEDATE="2025-10-30" STARTDATE="1900-01-01" ENDDATE="2025-10-30" ISACTUAL="0" ISACTIVE="0" /><HOUSE ID="13326182" OBJECTID="22581544" OBJECTGUID="aeaee65b-fd48-48f8-8ca9-6032e616cc2b" CHANGEID="35185786" HOUSENUM="31" HOUSETYPE="2" OPERTYPEID="10" PREVID="0" NEXTID="129436098" UPDATEDATE="2025-11-01" STARTDATE="2019-03-28" ENDDATE="2025-11-01" ISACTUAL="0" ISACTIVE="0" /><HOUSE ID="13327999" OBJECTID="22584667" OBJECTGUID="d5e8bb55-12d0-4e16-bae0-a0e6f413c06e" CHANGEID="35190432" HOUSENUM="26" HOUSETYPE="2" OPERTYPEID="10" PREVID="0" NEXTID="129437107" UPDATEDATE="2025-11-01" STARTDATE="2019-03-29" ENDDATE="2025-11-01" ISACTUAL="0" ISACTIVE="0" /><HOUSE ID="129413011" OBJECTID="175589235" OBJECTGUID="ddb04840-6ad3-4797-8afc-0e487790201a" CHANGEID="691449170" HOUSENUM="17" HOUSETYPE="2" OPERTYPEID="10" PREVID="0" NEXTID="0" UPDATEDATE="2025-10-30" STARTDATE="2025-10-30" ENDDATE="2079-06-06" ISACTUAL="1" ISACTIVE="1" /><HOUSE ID="58677755" OBJECTID="17992592" OBJECTGUID="66fc89c2-87ac-4e86-9655-4ed2ced84140" CHANGEID="28370764" HOUSENUM="27" HOUSETYPE="1" OPERTYPEID="20" PREVID="10363453" NEXTID="129413787" UPDATEDATE="2025-10-30" STARTDATE="2016-01-02" ENDDATE="2025-10-30" ISACTUAL="0" ISACTIVE="0" /><HOUSE ID="129413787" OBJECTID="17992592" OBJECTGUID="66fc89c2-87ac-4e86-9655-4ed2ced84140" CHANGEID="691453886" HOUSENUM="27" HOUSETYPE="2" OPERTYPEID="20" PREVID="58677755" UPDATEDATE="2025-10-30" STARTDATE="2025-10-30" ENDDATE="2079-06-06" ISACTUAL="1" ISACTIVE="1" /><HOUSE ID="129413821" OBJECTID="175592232" OBJECTGUID="8f58049a-cf06-4ec3-9a5c-539259099cd6" CHANGEID="691454371" HOUSENUM="215" HOUSETYPE="2" OPERTYPEID="10" PREVID="0" NEXTID="0" UPDATEDATE="2025-10-30" STARTDATE="2025-10-30" ENDDATE="2079-06-06" ISACTUAL="1" ISACTIVE="1" /><HOUSE ID="129413832" OBJECTID="175592298" OBJECTGUID="289f26c7-086c-47ca-9806-4df7e756c203" CHANGEID="691454443" HOUSENUM="278" HOUSETYPE="2" OPERTYPEID="10" PREVID="0" NEXTID="0" UPDATEDATE="2025-10-30" STARTDATE="2025-10-30" ENDDATE="2079-06-06" ISACTUAL="1" ISACTIVE="1" /><HOUSE ID="129413801" OBJECTID="175592067" OBJECTGUID="0d6d79a6-7468-4cd9-bf13-fb5e214643b9" CHANGEID="691454195" HOUSENUM="27Б" HOUSETYPE="2" OPERTYPEID="10" PREVID="0" NEXTID="0" UPDATEDATE="2025-10-30" STARTDATE="2025-10-30" ENDDATE="2079-06-06" ISACTUAL="1" ISACTIVE="1" /><HOUSE ID="129413814" OBJECTID="175592217" OBJECTGUID="74bb4913-d387-4950-836c-a80cdc3671c6" CHANGEID="691454355" HOUSENUM="28В" HOUSETYPE="2" OPERTYPEID="10" PREVID="0" NEXTID="0" UPDATEDATE="2025-10-30" STARTDATE="2025-10-30" ENDDATE="2079-06-06" ISACTUAL="1" ISACTIVE="1" /><HOUSE ID="129413901" OBJECTID="175592442" OBJECTGUID="3532d354-ade8-48ef-938b-4009b03bd9b4" CHANGEID="691454678" HOUSENUM="166/2" HOUSETYPE="2" OPERTYPEID="10" PREVID="0" NEXTID="0" UPDATEDATE="2025-10-30" STARTDATE="2025-10-30" ENDDATE="2079-06-06" ISACTUAL="1" ISACTIVE="1" /><HOUSE ID="129415386" OBJECTID="51865828" OBJECTGUID="f01f6f80-796c-437a-b685-e7326f015efb" CHANGEID="691458763" HOUSENUM="2" HOUSETYPE="1" OPERTYPEID="30" PREVID="68389869" NEXTID="0" UPDATEDATE="2025-10-30" STARTDATE="2025-10-30" ENDDATE="2079-06-06" ISACTUAL="1" ISACTIVE="0" /><HOUSE ID="129415388" OBJECTID="2703866" OBJECTGUID="0694e9f5-1a49-43d1-b3e4-3a5c3ab9da97" CHANGEID="691458791" HOUSENUM="67" HOUSETYPE="1" OPERTYPEID="30" PREVID="51847759" NEXTID="0" UPDATEDATE="2025-10-30" STARTDATE="2025-10-30" ENDDATE="2079-06-06" ISACTUAL="1" ISACTIVE="0" /><HOUSE ID="51847759" OBJECTID="2703866" OBJECTGUID="0694e9f5-1a49-43d1-b3e4-3a5c3ab9da97" CHANGEID="5874818" HOUSENUM="67" HOUSETYPE="1" OPERTYPEID="20" PREVID="749969" NEXTID="129415388" UPDATEDATE="2025-10-30" STARTDATE="2016-01-02" ENDDATE="2025-10-30" ISACTUAL="0" ISACTIVE="0" /><HOUSE ID="129415390" OBJECTID="83185757" OBJECTGUID="307ed630-1f14-4c12-87c8-cddb5a786430" CHANGEID="691458795" HOUSENUM="49" HOUSETYPE="2" OPERTYPEID="30" PREVID="50343347" NEXTID="0" UPDATEDATE="2025-10-30" STARTDATE="2025-10-30" ENDDATE="2079-06-06" ISACTUAL="1" ISACTIVE="0" /><HOUSE ID="50343347" OBJECTID="83185757" OBJECTGUID="307ed630-1f14-4c12-87c8-cddb5a786430" CHANGEID="123568288" HOUSENUM="49" HOUSETYPE="2" OPERTYPEID="10" PREVID="0" NEXTID="129415390" UPDATEDATE="2025-10-30" STARTDATE="2018-08-28" ENDDATE="2025-10-30" ISACTUAL="0" ISACTIVE="0" /><HOUSE ID="129415392" OBJECTID="37337964" OBJECTGUID="2ae4e71a-fe3a-477c-a50b-3044754a290c" CHANGEID="691458800" HOUSENUM="47" HOUSETYPE="7" OPERTYPEID="30" PREVID="22270087" NEXTID="0" UPDATEDATE="2025-10-30" STARTDATE="2025-10-30" ENDDATE="2079-06-06" ISACTUAL="1" ISACTIVE="0" /><HOUSE ID="22270087" OBJECTID="37337964" OBJECTGUID="2ae4e71a-fe3a-477c-a50b-3044754a290c" CHANGEID="56652661" HOUSENUM="47" HOUSETYPE="7" OPERTYPEID="10" PREVID="0" NEXTID="129415392" UPDATEDATE="2025-10-30" STARTDATE="2019-05-14" ENDDATE="2025-10-30" ISACTUAL="0" ISACTIVE="0" /><HOUSE ID="129417635" OBJECTID="175598901" OBJECTGUID="883c0aea-6290-47d2-ac53-d1bee1bd5ef3" CHANGEID="691466037" HOUSENUM="107" HOUSETYPE="2" OPERTYPEID="10" PREVID="0" NEXTID="0" UPDATEDATE="2025-10-30" STARTDATE="2025-10-30" ENDDATE="2079-06-06" ISACTUAL="1" ISACTIVE="1" /><HOUSE ID="129418600" OBJECTID="175600503" OBJECTGUID="738d3901-3d67-4473-9373-508497e14b98" CHANGEID="691468287" HOUSENUM="60" HOUSETYPE="2" OPERTYPEID="10" PREVID="0" NEXTID="0" UPDATEDATE="2025-10-30" STARTDATE="2025-10-30" ENDDATE="2079-06-06" ISACTUAL="1" ISACTIVE="1" /><HOUSE ID="129418631" OBJECTID="175600661" OBJECTGUID="68badfb7-bd9e-4579-a032-44805005f0f9" CHANGEID="691468500" HOUSENUM="16" HOUSETYPE="5" OPERTYPEID="10" PREVID="0" NEXTID="0" UPDATEDATE="2025-10-30" STARTDATE="2025-10-30" ENDDATE="2079-06-06" ISACTUAL="1" ISACTIVE="1" /><HOUSE ID="129418634" OBJECTID="175600677" OBJECTGUID="0325ebc5-780a-4f80-815e-a67021e27d0e" CHANGEID="691468520" HOUSENUM="30" HOUSETYPE="2" OPERTYPEID="10" PREVID="0" NEXTID="0" UPDATEDATE="2025-10-30" STARTDATE="2025-10-30" ENDDATE="2079-06-06" ISACTUAL="1" ISACTIVE="1" /><HOUSE ID="129419373" OBJECTID="175602101" OBJECTGUID="338c8114-25b6-48eb-9a14-651263f8df1d" CHANGEID="691470882" HOUSENUM="117/1" HOUSETYPE="2" OPERTYPEID="10" PREVID="0" NEXTID="0" UPDATEDATE="2025-10-30" STARTDATE="2025-10-30" ENDDATE="2079-06-06" ISACTUAL="1" ISACTIVE="1" /><HOUSE ID="129419379" OBJECTID="175602107" OBJECTGUID="afa4f877-e15c-409c-a606-fe5d10167379" CHANGEID="691470892" HOUSENUM="23" HOUSETYPE="2" OPERTYPEID="10" PREVID="0" NEXTID="0" UPDATEDATE="2025-10-30" STARTDATE="2025-10-30" ENDDATE="2079-06-06" ISACTUAL="1" ISACTIVE="1" /><HOUSE ID="129419392" OBJECTID="175602122" OBJECTGUID="52d0de0e-5055-4b12-9a77-d21fa4970d92" CHANGEID="691470914" HOUSENUM="6" HOUSETYPE="2" OPERTYPEID="10" PREVID="0" NEXTID="0" UPDATEDATE="2025-10-30" STARTDATE="2025-10-30" ENDDATE="2079-06-06" ISACTUAL="1" ISACTIVE="1" /><HOUSE ID="129419382" OBJECTID="175602114" OBJECTGUID="9d358c1d-e4a8-45a7-a76a-3c228f54d243" CHANGEID="691470899" HOUSENUM="21" HOUSETYPE="2" OPERTYPEID="10" PREVID="0" NEXTID="0" UPDATEDATE="2025-10-30" STARTDATE="2025-10-30" ENDDATE="2079-06-06" ISACTUAL="1" ISACTIVE="1" /><HOUSE ID="129420607" OBJECTID="175604964" OBJECTGUID="6ee2a2c9-0d76-4711-813c-daaed3e6f6c4" CHANGEID="691475626" HOUSENUM="1" HOUSETYPE="2" OPERTYPEID="10" PREVID="0" NEXTID="0" UPDATEDATE="2025-10-30" STARTDATE="2025-10-30" ENDDATE="2079-06-06" ISACTUAL="1" ISACTIVE="1" /><HOUSE ID="129420705" OBJECTID="175605592" OBJECTGUID="458a6528-ab82-4ccf-8dca-5dfb421481d6" CHANGEID="691476419" HOUSENUM="1" HOUSETYPE="2" OPERTYPEID="10" PREVID="0" NEXTID="0" UPDATEDATE="2025-10-30" STARTDATE="2025-10-30" ENDDATE="2079-06-06" ISACTUAL="1" ISACTIVE="1" /><HOUSE ID="129420675" OBJECTID="175605249" OBJECTGUID="b88217fc-15b7-4bbb-974a-390119f5d163" CHANGEID="691476043" HOUSENUM="2" HOUSETYPE="2" OPERTYPEID="10" PREVID="0" NEXTID="0" UPDATEDATE="2025-10-30" STARTDATE="2025-10-30" ENDDATE="2079-06-06" ISACTUAL="1" ISACTIVE="1" /><HOUSE ID="129422846" OBJECTID="9505286" OBJECTGUID="105940a8-000b-4a01-92f4-6f523f966d43" CHANGEID="691484564" HOUSENUM="37" HOUSETYPE="2" OPERTYPEID="30" PREVID="4941189" NEXTID="0" UPDATEDATE="2025-10-30" STARTDATE="2025-10-30" ENDDATE="2079-06-06" ISACTUAL="1" ISACTIVE="0" /><HOUSE ID="129423013" OBJECTID="175610778" OBJECTGUID="735d3a0c-b978-46b9-87c4-6a8641fff876" CHANGEID="691485337" HOUSENUM="15" HOUSETYPE="2" OPERTYPEID="10" PREVID="0" NEXTID="0" UPDATEDATE="2025-10-30" STARTDATE="2025-10-30" ENDDATE="2079-06-06" ISACTUAL="1" ISACTIVE="1" /><HOUSE ID="129423742" OBJECTID="175612181" OBJECTGUID="dd75ad22-b93f-4e6e-937c-391c2a316eec" CHANGEID="691488128" HOUSENUM="5" HOUSETYPE="2" OPERTYPEID="10" PREVID="0" NEXTID="0" UPDATEDATE="2025-10-30" STARTDATE="2025-10-30" ENDDATE="2079-06-06" ISACTUAL="1" ISACTIVE="1" /><HOUSE ID="129423727" OBJECTID="175612158" OBJECTGUID="95afa1ed-1ab6-4ca9-865f-e46fe604c921" CHANGEID="691488094" HOUSENUM="109" HOUSETYPE="2" OPERTYPEID="10" PREVID="0" NEXTID="0" UPDATEDATE="2025-10-30" STARTDATE="2025-10-30" ENDDATE="2079-06-06" ISACTUAL="1" ISACTIVE="1" /><HOUSE ID="129423906" OBJECTID="175613482" OBJECTGUID="72fa0188-07fd-4c14-bc1c-ed10007ef456" CHANGEID="691489690" HOUSENUM="84" HOUSETYPE="2" OPERTYPEID="10" PREVID="0" NEXTID="0" UPDATEDATE="2025-10-30" STARTDATE="2025-10-30" ENDDATE="2079-06-06" ISACTUAL="1" ISACTIVE="1" /><HOUSE ID="129423914" OBJECTID="175613495" OBJECTGUID="d2a5100b-8eae-404c-a906-90e9b2cdbf46" CHANGEID="691489706" HOUSENUM="147" HOUSETYPE="2" OPERTYPEID="10" PREVID="0" NEXTID="0" UPDATEDATE="2025-10-30" STARTDATE="2025-10-30" ENDDATE="2079-06-06" ISACTUAL="1" ISACTIVE="1" /><HOUSE ID="129426719" OBJECTID="175622209" OBJECTGUID="4cc96674-4092-4d5c-a75d-465b4247a577" CHANGEID="691504358" HOUSENUM="84" HOUSETYPE="2" OPERTYPEID="10" PREVID="0" NEXTID="0" UPDATEDATE="2025-10-31" STARTDATE="2025-10-31" ENDDATE="2079-06-06" ISACTUAL="1" ISACTIVE="1" /><HOUSE ID="129426749" OBJECTID="175622297" OBJECTGUID="a3c51acd-884a-4767-b3b7-a7679adf8bb5" CHANGEID="691504506" HOUSENUM="35/15" HOUSETYPE="2" OPERTYPEID="10" PREVID="0" NEXTID="0" UPDATEDATE="2025-10-31" STARTDATE="2025-10-31" ENDDATE="2079-06-06" ISACTUAL="1" ISACTIVE="1" /><HOUSE ID="129426767" OBJECTID="175622410" OBJECTGUID="79eaf785-5d06-4b28-ae60-b517d1141d78" CHANGEID="691504660" HOUSENUM="8" HOUSETYPE="2" OPERTYPEID="10" PREVID="0" NEXTID="0" UPDATEDATE="2025-10-31" STARTDATE="2025-10-31" ENDDATE="2079-06-06" ISACTUAL="1" ISACTIVE="1" /><HOUSE ID="129427258" OBJECTID="175623913" OBJECTGUID="ea935696-760b-49ad-9d7b-112daa8a12b4" CHANGEID="691507238" HOUSENUM="69" HOUSETYPE="2" OPERTYPEID="10" PREVID="0" NEXTID="0" UPDATEDATE="2025-10-31" STARTDATE="2025-10-31" ENDDATE="2079-06-06" ISACTUAL="1" ISACTIVE="1" /><HOUSE ID="129427270" OBJECTID="175623946" OBJECTGUID="502af170-7809-41ac-8864-151c947b29c2" CHANGEID="691507283" HOUSENUM="15" HOUSETYPE="5" OPERTYPEID="10" PREVID="0" NEXTID="0" UPDATEDATE="2025-10-31" STARTDATE="2025-10-31" ENDDATE="2079-06-06" ISACTUAL="1" ISACTIVE="1" /><HOUSE ID="129427823" OBJECTID="175625364" OBJECTGUID="3365591e-3125-4ddb-9554-c462808c4260" CHANGEID="691509781" HOUSENUM="1Б" HOUSETYPE="5" OPERTYPEID="10" PREVID="0" NEXTID="0" UPDATEDATE="2025-10-31" STARTDATE="2025-10-31" ENDDATE="2079-06-06" ISACTUAL="1" ISACTIVE="1" /><HOUSE ID="129427859" OBJECTID="175625535" OBJECTGUID="58f0de6d-25d3-4659-976c-2c0021b8025c" CHANGEID="691510008" HOUSENUM="20" HOUSETYPE="7" OPERTYPEID="10" PREVID="0" NEXTID="0" UPDATEDATE="2025-10-31" STARTDATE="2025-10-31" ENDDATE="2079-06-06" ISACTUAL="1" ISACTIVE="1" /><HOUSE ID="129429116" OBJECTID="175629406" OBJECTGUID="c399b61b-0a51-443a-8d31-6e124d67e0e5" CHANGEID="691515836" HOUSENUM="2" HOUSETYPE="2" OPERTYPEID="10" PREVID="0" NEXTID="0" UPDATEDATE="2025-10-31" STARTDATE="2025-10-31" ENDDATE="2079-06-06" ISACTUAL="1" ISACTIVE="1" /><HOUSE ID="129429548" OBJECTID="175630833" OBJECTGUID="2a30e0fe-e80c-4413-8af5-45e0b2f6ab0d" CHANGEID="691517774" HOUSENUM="76" HOUSETYPE="2" OPERTYPEID="10" PREVID="0" NEXTID="0" UPDATEDATE="2025-10-31" STARTDATE="2025-10-31" ENDDATE="2079-06-06" ISACTUAL="1" ISACTIVE="1" /><HOUSE ID="129429569" OBJECTID="175630901" OBJECTGUID="73d81410-7076-4308-99aa-3f2848cac3fd" CHANGEID="691517893" HOUSENUM="3" HOUSETYPE="2" OPERTYPEID="10" PREVID="0" NEXTID="0" UPDATEDATE="2025-10-31" STARTDATE="2025-10-31" ENDDATE="2079-06-06" ISACTUAL="1" ISACTIVE="1" /><HOUSE ID="129429635" OBJECTID="175631131" OBJECTGUID="a9f3fc82-f4b8-4922-908b-366f5aa6f1d0" CHANGEID="691518411" HOUSENUM="25" HOUSETYPE="2" OPERTYPEID="10" PREVID="0" NEXTID="0" UPDATEDATE="2025-10-31" STARTDATE="2025-10-31" ENDDATE="2079-06-06" ISACTUAL="1" ISACTIVE="1" /><HOUSE ID="129429921" OBJECTID="175632083" OBJECTGUID="13509d6a-acd8-4bec-abc0-1267e5fe8870" CHANGEID="691519892" HOUSENUM="18" HOUSETYPE="2" OPERTYPEID="10" PREVID="0" NEXTID="0" UPDATEDATE="2025-10-31" STARTDATE="2025-10-31" ENDDATE="2079-06-06" ISACTUAL="1" ISACTIVE="1" /><HOUSE ID="129429931" OBJECTID="175632116" OBJECTGUID="390a4841-94c9-4523-af65-99010782537b" CHANGEID="691519956" HOUSENUM="1" HOUSETYPE="2" OPERTYPEID="10" PREVID="0" NEXTID="0" UPDATEDATE="2025-10-31" STARTDATE="2025-10-31" ENDDATE="2079-06-06" ISACTUAL="1" ISACTIVE="1" /><HOUSE ID="129430243" OBJECTID="175633920" OBJECTGUID="0a9e314b-110b-44b9-bb13-6c0b48d925d7" CHANGEID="691522791" HOUSENUM="1в" HOUSETYPE="2" OPERTYPEID="10" PREVID="0" NEXTID="0" UPDATEDATE="2025-10-31" STARTDATE="2025-10-31" ENDDATE="2079-06-06" ISACTUAL="1" ISACTIVE="1" /><HOUSE ID="129430238" OBJECTID="175633908" OBJECTGUID="950c6bc5-b76b-4df8-a902-857a6f1866b1" CHANGEID="691522772" HOUSENUM="16" HOUSETYPE="2" OPERTYPEID="10" PREVID="0" NEXTID="0" UPDATEDATE="2025-10-31" STARTDATE="2025-10-31" ENDDATE="2079-06-06" ISACTUAL="1" ISACTIVE="1" /><HOUSE ID="129430516" OBJECTID="175634845" OBJECTGUID="87b371e8-b3ce-4f13-a310-2675f0416e02" CHANGEID="691524140" HOUSENUM="70" HOUSETYPE="2" OPERTYPEID="10" PREVID="0" NEXTID="0" UPDATEDATE="2025-10-31" STARTDATE="2025-10-31" ENDDATE="2079-06-06" ISACTUAL="1" ISACTIVE="1" /><HOUSE ID="129431389" OBJECTID="175637527" OBJECTGUID="f23b6a61-5dac-41f5-8c2c-8f14a5b715f0" CHANGEID="691528667" HOUSENUM="9А" HOUSETYPE="2" OPERTYPEID="10" PREVID="0" NEXTID="0" UPDATEDATE="2025-10-31" STARTDATE="2025-10-31" ENDDATE="2079-06-06" ISACTUAL="1" ISACTIVE="1" /><HOUSE ID="129431688" OBJECTID="175638625" OBJECTGUID="871c476e-52b4-4dbc-b7ec-6d71c153e21e" CHANGEID="691530360" HOUSENUM="29" HOUSETYPE="2" OPERTYPEID="10" PREVID="0" NEXTID="0" UPDATEDATE="2025-10-31" STARTDATE="2025-10-31" ENDDATE="2079-06-06" ISACTUAL="1" ISACTIVE="1" /><HOUSE ID="52954701" OBJECTID="34207148" OBJECTGUID="163689c3-3703-4252-894f-f821078dda94" CHANGEID="52100472" HOUSENUM="41" HOUSETYPE="2" OPERTYPEID="20" PREVID="20353157" NEXTID="129432136" UPDATEDATE="2025-10-31" STARTDATE="2016-01-02" ENDDATE="2025-10-31" ISACTUAL="0" ISACTIVE="0" /><HOUSE ID="129432136" OBJECTID="34207148" OBJECTGUID="163689c3-3703-4252-894f-f821078dda94" CHANGEID="691532609" HOUSENUM="4" HOUSETYPE="2" OPERTYPEID="50" PREVID="52954701" UPDATEDATE="2025-10-31" STARTDATE="2025-10-31" ENDDATE="2079-06-06" ISACTUAL="1" ISACTIVE="1" /><HOUSE ID="129432388" OBJECTID="175641386" OBJECTGUID="c465ce49-5d4e-47d2-b324-e7451b85cee7" CHANGEID="691534367" HOUSENUM="5Б" HOUSETYPE="2" OPERTYPEID="10" PREVID="0" NEXTID="0" UPDATEDATE="2025-10-31" STARTDATE="2025-10-31" ENDDATE="2079-06-06" ISACTUAL="1" ISACTIVE="1" /><HOUSE ID="129432406" OBJECTID="175641563" OBJECTGUID="09dbada7-6224-486d-bc5d-2231d3718f98" CHANGEID="691534567" HOUSENUM="9А" HOUSETYPE="2" OPERTYPEID="10" PREVID="0" NEXTID="0" UPDATEDATE="2025-10-31" STARTDATE="2025-10-31" ENDDATE="2079-06-06" ISACTUAL="1" ISACTIVE="1" /><HOUSE ID="15993970" OBJECTID="26930823" OBJECTGUID="39daa3c8-2c4a-4df7-8e5d-4d6824a56292" CHANGEID="41551380" HOUSENUM="45а" HOUSETYPE="2" OPERTYPEID="10" PREVID="0" NEXTID="129432377" UPDATEDATE="2025-10-31" STARTDATE="2017-12-08" ENDDATE="2025-10-31" ISACTUAL="0" ISACTIVE="0" /><HOUSE ID="129432377" OBJECTID="26930823" OBJECTGUID="39daa3c8-2c4a-4df7-8e5d-4d6824a56292" CHANGEID="691534304" HOUSENUM="45/1" HOUSETYPE="2" OPERTYPEID="20" PREVID="15993970" UPDATEDATE="2025-10-31" STARTDATE="2025-10-31" ENDDATE="2079-06-06" ISACTUAL="1" ISACTIVE="1" /><HOUSE ID="6282963" OBJECTID="11728294" OBJECTGUID="b969a433-80bf-497e-bfa3-0ba055d6c553" CHANGEID="19033844" HOUSENUM="53" HOUSETYPE="2" OPERTYPEID="20" PREVID="6282957" NEXTID="129432386" UPDATEDATE="2025-10-31" STARTDATE="2018-12-21" ENDDATE="2025-10-31" ISACTUAL="0" ISACTIVE="0" /><HOUSE ID="129432386" OBJECTID="11728294" OBJECTGUID="b969a433-80bf-497e-bfa3-0ba055d6c553" CHANGEID="691534364" HOUSENUM="53А" HOUSETYPE="2" OPERTYPEID="20" PREVID="6282963" UPDATEDATE="2025-10-31" STARTDATE="2025-10-31" ENDDATE="2079-06-06" ISACTUAL="1" ISACTIVE="1" /><HOUSE ID="129432606" OBJECTID="175642737" OBJECTGUID="4084cbb1-104a-4dc9-9ffe-337cf6d5aad6" CHANGEID="691535949" HOUSENUM="17А" HOUSETYPE="2" OPERTYPEID="10" PREVID="0" NEXTID="0" UPDATEDATE="2025-10-31" STARTDATE="2025-10-31" ENDDATE="2079-06-06" ISACTUAL="1" ISACTIVE="1" /><HOUSE ID="129432622" OBJECTID="175642764" OBJECTGUID="456e3052-4c04-4a95-94e5-322443e9f146" CHANGEID="691535984" HOUSENUM="3/1" HOUSETYPE="5" OPERTYPEID="10" PREVID="0" NEXTID="0" UPDATEDATE="2025-10-31" STARTDATE="2025-10-31" ENDDATE="2079-06-06" ISACTUAL="1" ISACTIVE="1" /><HOUSE ID="129434741" OBJECTID="175652777" OBJECTGUID="8aa1badc-83c5-4a88-92a8-5c2ba2597689" CHANGEID="691568279" HOUSENUM="36а" HOUSETYPE="2" OPERTYPEID="10" PREVID="0" NEXTID="0" UPDATEDATE="2025-11-01" STARTDATE="2025-11-01" ENDDATE="2079-06-06" ISACTUAL="1" ISACTIVE="1" /><HOUSE ID="129434753" OBJECTID="175652806" OBJECTGUID="c5bd765d-e33b-48ff-8cae-c7ff7a8f9052" CHANGEID="691568329" HOUSENUM="9а" HOUSETYPE="2" OPERTYPEID="10" PREVID="0" NEXTID="0" UPDATEDATE="2025-11-01" STARTDATE="2025-11-01" ENDDATE="2079-06-06" ISACTUAL="1" ISACTIVE="1" /><HOUSE ID="129434788" OBJECTID="175652854" OBJECTGUID="35252292-45cf-4e04-bd1d-b12ffe7f2a35" CHANGEID="691568470" HOUSENUM="184" HOUSETYPE="2" OPERTYPEID="10" PREVID="0" NEXTID="0" UPDATEDATE="2025-11-01" STARTDATE="2025-11-01" ENDDATE="2079-06-06" ISACTUAL="1" ISACTIVE="1" /><HOUSE ID="129434784" OBJECTID="175652831" OBJECTGUID="55046878-1167-4512-a13c-d60d77e6d3f3" CHANGEID="691568444" HOUSENUM="17/4" HOUSETYPE="2" OPERTYPEID="10" PREVID="0" NEXTID="0" UPDATEDATE="2025-11-01" STARTDATE="2025-11-01" ENDDATE="2079-06-06" ISACTUAL="1" ISACTIVE="1" /><HOUSE ID="129434787" OBJECTID="175652853" OBJECTGUID="a5f77e74-02fb-4d4b-958c-793032baf684" CHANGEID="691568469" HOUSENUM="13А" HOUSETYPE="2" OPERTYPEID="10" PREVID="0" NEXTID="0" UPDATEDATE="2025-11-01" STARTDATE="2025-11-01" ENDDATE="2079-06-06" ISACTUAL="1" ISACTIVE="1" /><HOUSE ID="129434816" OBJECTID="175652900" OBJECTGUID="214065e3-27bf-40a3-b707-269f37242a97" CHANGEID="691568553" HOUSENUM="23А" HOUSETYPE="2" OPERTYPEID="10" PREVID="0" NEXTID="0" UPDATEDATE="2025-11-01" STARTDATE="2025-11-01" ENDDATE="2079-06-06" ISACTUAL="1" ISACTIVE="1" /><HOUSE ID="129434850" OBJECTID="175653032" OBJECTGUID="a2537abd-4fc0-40a9-ae49-572a47d70a86" CHANGEID="691568748" HOUSENUM="12" HOUSETYPE="2" OPERTYPEID="10" PREVID="0" NEXTID="0" UPDATEDATE="2025-11-01" STARTDATE="2025-11-01" ENDDATE="2079-06-06" ISACTUAL="1" ISACTIVE="1" /><HOUSE ID="129434894" OBJECTID="175653173" OBJECTGUID="63c30dd3-ed87-444b-99b5-13f8c4baaa75" CHANGEID="691568955" HOUSENUM="71/6" HOUSETYPE="2" OPERTYPEID="10" PREVID="0" NEXTID="0" UPDATEDATE="2025-11-01" STARTDATE="2025-11-01" ENDDATE="2079-06-06" ISACTUAL="1" ISACTIVE="1" /><HOUSE ID="129434898" OBJECTID="175653186" OBJECTGUID="1736c68a-0726-43dc-a9bd-5b7c3290b506" CHANGEID="691568972" HOUSENUM="7" HOUSETYPE="2" OPERTYPEID="10" PREVID="0" NEXTID="0" UPDATEDATE="2025-11-01" STARTDATE="2025-11-01" ENDDATE="2079-06-06" ISACTUAL="1" ISACTIVE="1" /><HOUSE ID="129434899" OBJECTID="175653187" OBJECTGUID="5e71411b-d671-4df5-ba8f-8d5e0685e4a3" CHANGEID="691568973" HOUSENUM="40" HOUSETYPE="2" OPERTYPEID="10" PREVID="0" NEXTID="0" UPDATEDATE="2025-11-01" STARTDATE="2025-11-01" ENDDATE="2079-06-06" ISACTUAL="1" ISACTIVE="1" /><HOUSE ID="129434900" OBJECTID="175653188" OBJECTGUID="0832edd3-d86f-476e-bbad-c078d0300afa" CHANGEID="691568974" HOUSENUM="17" HOUSETYPE="2" OPERTYPEID="10" PREVID="0" NEXTID="0" UPDATEDATE="2025-11-01" STARTDATE="2025-11-01" ENDDATE="2079-06-06" ISACTUAL="1" ISACTIVE="1" /><HOUSE ID="129434901" OBJECTID="175653189" OBJECTGUID="992c5a4d-ac45-4a34-964b-adf74d224fcb" CHANGEID="691568975" HOUSENUM="14" HOUSETYPE="2" OPERTYPEID="10" PREVID="0" NEXTID="0" UPDATEDATE="2025-11-01" STARTDATE="2025-11-01" ENDDATE="2079-06-06" ISACTUAL="1" ISACTIVE="1" /><HOUSE ID="129435415" OBJECTID="175654652" OBJECTGUID="b6243792-4119-47bd-b902-5cd03bd8e3f4" CHANGEID="691571355" HOUSENUM="33" HOUSETYPE="2" OPERTYPEID="10" PREVID="0" NEXTID="0" UPDATEDATE="2025-11-01" STARTDATE="2025-11-01" ENDDATE="2079-06-06" ISACTUAL="1" ISACTIVE="1" /><HOUSE ID="129435416" OBJECTID="175654653" OBJECTGUID="b7c575a4-19ca-44ee-b730-f0b90cf0ab05" CHANGEID="691571356" HOUSENUM="149" HOUSETYPE="2" OPERTYPEID="10" PREVID="0" NEXTID="0" UPDATEDATE="2025-11-01" STARTDATE="2025-11-01" ENDDATE="2079-06-06" ISACTUAL="1" ISACTIVE="1" /><HOUSE ID="129435417" OBJECTID="175654654" OBJECTGUID="732c03b2-ee6b-49f3-babf-477c16d93da2" CHANGEID="691571357" HOUSENUM="173" HOUSETYPE="2" OPERTYPEID="10" PREVID="0" NEXTID="0" UPDATEDATE="2025-11-01" STARTDATE="2025-11-01" ENDDATE="2079-06-06" ISACTUAL="1" ISACTIVE="1" /><HOUSE ID="129435418" OBJECTID="175654655" OBJECTGUID="374ee857-3e24-4a61-907d-337148026cca" CHANGEID="691571358" HOUSENUM="166" HOUSETYPE="2" OPERTYPEID="10" PREVID="0" NEXTID="0" UPDATEDATE="2025-11-01" STARTDATE="2025-11-01" ENDDATE="2079-06-06" ISACTUAL="1" ISACTIVE="1" /><HOUSE ID="129435419" OBJECTID="175654656" OBJECTGUID="50eb728a-1f82-426a-9e19-0862a8006117" CHANGEID="691571359" HOUSENUM="202" HOUSETYPE="2" OPERTYPEID="10" PREVID="0" NEXTID="0" UPDATEDATE="2025-11-01" STARTDATE="2025-11-01" ENDDATE="2079-06-06" ISACTUAL="1" ISACTIVE="1" /><HOUSE ID="129435392" OBJECTID="19384380" OBJECTGUID="53c57382-2e7c-467f-acab-539d4a04126c" CHANGEID="691571294" HOUSENUM="4" HOUSETYPE="2" OPERTYPEID="30" PREVID="11224683" NEXTID="0" UPDATEDATE="2025-11-01" STARTDATE="2025-11-01" ENDDATE="2079-06-06" ISACTUAL="1" ISACTIVE="0" /><HOUSE ID="11224683" OBJECTID="19384380" OBJECTGUID="53c57382-2e7c-467f-acab-539d4a04126c" CHANGEID="30413488" HOUSENUM="4" HOUSETYPE="2" OPERTYPEID="20" PREVID="11224681" NEXTID="129435392" UPDATEDATE="2025-11-01" STARTDATE="2018-04-11" ENDDATE="2025-11-01" ISACTUAL="0" ISACTIVE="0" /><HOUSE ID="129435401" OBJECTID="175654634" OBJECTGUID="61eeb915-623f-4e18-9e12-95fede61e8c7" CHANGEID="691571327" HOUSENUM="15" ADDNUM1="3" HOUSETYPE="5" ADDTYPE1="2" OPERTYPEID="10" PREVID="0" NEXTID="0" UPDATEDATE="2025-11-01" STARTDATE="2025-11-01" ENDDATE="2079-06-06" ISACTUAL="1" ISACTIVE="1" /><HOUSE ID="129435438" OBJECTID="175654678" OBJECTGUID="464e7b72-33e1-4cb0-bec5-008fdf5b7958" CHANGEID="691571408" HOUSENUM="9" HOUSETYPE="2" OPERTYPEID="10" PREVID="0" NEXTID="0" UPDATEDATE="2025-11-01" STARTDATE="2025-11-01" ENDDATE="2079-06-06" ISACTUAL="1" ISACTIVE="1" /><HOUSE ID="129435439" OBJECTID="175654679" OBJECTGUID="be3100c6-d5aa-46f1-94ac-37ba974e3743" CHANGEID="691571409" HOUSENUM="8" HOUSETYPE="2" OPERTYPEID="10" PREVID="0" NEXTID="0" UPDATEDATE="2025-11-01" STARTDATE="2025-11-01" ENDDATE="2079-06-06" ISACTUAL="1" ISACTIVE="1" /><HOUSE ID="129435440" OBJECTID="175654680" OBJECTGUID="c1f091a9-c7b4-4ca2-98fb-d5d6985e3528" CHANGEID="691571410" HOUSENUM="5" HOUSETYPE="2" OPERTYPEID="10" PREVID="0" NEXTID="0" UPDATEDATE="2025-11-01" STARTDATE="2025-11-01" ENDDATE="2079-06-06" ISACTUAL="1" ISACTIVE="1" /><HOUSE ID="129435441" OBJECTID="175654681" OBJECTGUID="7ea0904c-81b7-45d6-9e97-94bcb3681ddd" CHANGEID="691571411" HOUSENUM="4" HOUSETYPE="2" OPERTYPEID="10" PREVID="0" NEXTID="0" UPDATEDATE="2025-11-01" STARTDATE="2025-11-01" ENDDATE="2079-06-06" ISACTUAL="1" ISACTIVE="1" /><HOUSE ID="129435450" OBJECTID="175654699" OBJECTGUID="864408f6-1b3f-47f8-b970-c7ff75fb2837" CHANGEID="691571449" HOUSENUM="17" HOUSETYPE="2" OPERTYPEID="10" PREVID="0" NEXTID="0" UPDATEDATE="2025-11-01" STARTDATE="2025-11-01" ENDDATE="2079-06-06" ISACTUAL="1" ISACTIVE="1" /><HOUSE ID="129435472" OBJECTID="175654755" OBJECTGUID="6dc351b3-9f68-43c4-86c6-7128b25d56f4" CHANGEID="691571558" HOUSENUM="69" HOUSETYPE="2" OPERTYPEID="10" PREVID="0" NEXTID="0" UPDATEDATE="2025-11-01" STARTDATE="2025-11-01" ENDDATE="2079-06-06" ISACTUAL="1" ISACTIVE="1" /><HOUSE ID="129435473" OBJECTID="175654756" OBJECTGUID="524967ef-77a8-4efc-85f7-8fe78287434d" CHANGEID="691571559" HOUSENUM="84" HOUSETYPE="2" OPERTYPEID="10" PREVID="0" NEXTID="0" UPDATEDATE="2025-11-01" STARTDATE="2025-11-01" ENDDATE="2079-06-06" ISACTUAL="1" ISACTIVE="1" /><HOUSE ID="129435503" OBJECTID="175654813" OBJECTGUID="c04092a3-44c0-4641-ad21-9b385eca478c" CHANGEID="691571651" HOUSENUM="30А" HOUSETYPE="2" OPERTYPEID="10" PREVID="0" NEXTID="0" UPDATEDATE="2025-11-01" STARTDATE="2025-11-01" ENDDATE="2079-06-06" ISACTUAL="1" ISACTIVE="1" /><HOUSE ID="129435497" OBJECTID="175654804" OBJECTGUID="dabbc439-452a-44f9-a622-8535888acb2d" CHANGEID="691571627" HOUSENUM="194" HOUSETYPE="2" OPERTYPEID="10" PREVID="0" NEXTID="0" UPDATEDATE="2025-11-01" STARTDATE="2025-11-01" ENDDATE="2079-06-06" ISACTUAL="1" ISACTIVE="1" /><HOUSE ID="129435498" OBJECTID="175654805" OBJECTGUID="38f4cbeb-b39a-4544-b04b-9fe4c0663c16" CHANGEID="691571628" HOUSENUM="202" HOUSETYPE="2" OPERTYPEID="10" PREVID="0" NEXTID="0" UPDATEDATE="2025-11-01" STARTDATE="2025-11-01" ENDDATE="2079-06-06" ISACTUAL="1" ISACTIVE="1" /><HOUSE ID="129435552" OBJECTID="175654928" OBJECTGUID="5f1018b1-f4a5-4b2f-9844-8855b6f75046" CHANGEID="691571842" HOUSENUM="88" HOUSETYPE="2" OPERTYPEID="10" PREVID="0" NEXTID="0" UPDATEDATE="2025-11-01" STARTDATE="2025-11-01" ENDDATE="2079-06-06" ISACTUAL="1" ISACTIVE="1" /><HOUSE ID="129435553" OBJECTID="175654929" OBJECTGUID="3cb3e69a-6c21-4d11-90d1-99e6b69ad13a" CHANGEID="691571843" HOUSENUM="94" HOUSETYPE="2" OPERTYPEID="10" PREVID="0" NEXTID="0" UPDATEDATE="2025-11-01" STARTDATE="2025-11-01" ENDDATE="2079-06-06" ISACTUAL="1" ISACTIVE="1" /><HOUSE ID="129435554" OBJECTID="175654930" OBJECTGUID="b659937b-67fd-42a5-8f1e-ff0d98a9a592" CHANGEID="691571844" HOUSENUM="68" HOUSETYPE="2" OPERTYPEID="10" PREVID="0" NEXTID="0" UPDATEDATE="2025-11-01" STARTDATE="2025-11-01" ENDDATE="2079-06-06" ISACTUAL="1" ISACTIVE="1" /><HOUSE ID="129436053" OBJECTID="175656815" OBJECTGUID="c6a36b23-1a17-4f00-83e8-cac6d11682b5" CHANGEID="691574638" HOUSENUM="147" HOUSETYPE="2" OPERTYPEID="10" PREVID="0" NEXTID="0" UPDATEDATE="2025-11-01" STARTDATE="2025-11-01" ENDDATE="2079-06-06" ISACTUAL="1" ISACTIVE="1" /><HOUSE ID="129436061" OBJECTID="175656836" OBJECTGUID="20d8331a-2207-4a54-9d04-7fcb8e405c21" CHANGEID="691574664" HOUSENUM="1" HOUSETYPE="2" OPERTYPEID="10" PREVID="0" NEXTID="0" UPDATEDATE="2025-11-01" STARTDATE="2025-11-01" ENDDATE="2079-06-06" ISACTUAL="1" ISACTIVE="1" /><HOUSE ID="129436075" OBJECTID="175656859" OBJECTGUID="e0e47135-6de2-4b13-8447-17e8e252b6de" CHANGEID="691574697" HOUSENUM="172" HOUSETYPE="2" OPERTYPEID="10" PREVID="0" NEXTID="0" UPDATEDATE="2025-11-01" STARTDATE="2025-11-01" ENDDATE="2079-06-06" ISACTUAL="1" ISACTIVE="1" /><HOUSE ID="129436098" OBJECTID="22581544" OBJECTGUID="aeaee65b-fd48-48f8-8ca9-6032e616cc2b" CHANGEID="691574879" HOUSENUM="3" HOUSETYPE="2" OPERTYPEID="50" PREVID="13326182" UPDATEDATE="2025-11-01" STARTDATE="2025-11-01" ENDDATE="2079-06-06" ISACTUAL="1" ISACTIVE="1" /><HOUSE ID="129436044" OBJECTID="175656801" OBJECTGUID="a3d5b070-0c35-4b0e-8910-6f89929c9a30" CHANGEID="691574618" HOUSENUM="92" HOUSETYPE="2" OPERTYPEID="10" PREVID="0" NEXTID="0" UPDATEDATE="2025-11-01" STARTDATE="2025-11-01" ENDDATE="2079-06-06" ISACTUAL="1" ISACTIVE="1" /><HOUSE ID="129436045" OBJECTID="175656802" OBJECTGUID="fd300657-fd26-4193-9b17-bf46a2eed115" CHANGEID="691574619" HOUSENUM="100" HOUSETYPE="2" OPERTYPEID="10" PREVID="0" NEXTID="0" UPDATEDATE="2025-11-01" STARTDATE="2025-11-01" ENDDATE="2079-06-06" ISACTUAL="1" ISACTIVE="1" /><HOUSE ID="129436068" OBJECTID="175656842" OBJECTGUID="9bc19f1c-376a-4366-9d9f-8713ac4c551b" CHANGEID="691574676" HOUSENUM="228" HOUSETYPE="2" OPERTYPEID="10" PREVID="0" NEXTID="0" UPDATEDATE="2025-11-01" STARTDATE="2025-11-01" ENDDATE="2079-06-06" ISACTUAL="1" ISACTIVE="1" /><HOUSE ID="129436174" OBJECTID="175657083" OBJECTGUID="0bb250f0-a065-4fe1-9b88-830d301761e4" CHANGEID="691575159" HOUSENUM="20/1" HOUSETYPE="2" OPERTYPEID="54" PREVID="112054840" NEXTID="0" UPDATEDATE="2025-11-01" STARTDATE="2025-11-01" ENDDATE="2079-06-06" ISACTUAL="1" ISACTIVE="1" /><HOUSE ID="129436505" OBJECTID="175657854" OBJECTGUID="5f05d0bb-f066-4f5d-87ae-3b97e78c4555" CHANGEID="691576708" HOUSENUM="А06П11" HOUSETYPE="2" OPERTYPEID="10" PREVID="0" NEXTID="0" UPDATEDATE="2025-11-01" STARTDATE="2025-11-01" ENDDATE="2079-06-06" ISACTUAL="1" ISACTIVE="1" /><HOUSE ID="129436805" OBJECTID="175658841" OBJECTGUID="6734a9e8-09d9-4990-96e3-febde4e3a9e0" CHANGEID="691578223" HOUSENUM="6" HOUSETYPE="2" OPERTYPEID="10" PREVID="0" NEXTID="0" UPDATEDATE="2025-11-01" STARTDATE="2025-11-01" ENDDATE="2079-06-06" ISACTUAL="1" ISACTIVE="1" /><HOUSE ID="129436816" OBJECTID="175658899" OBJECTGUID="11e6a0c3-2f42-45f6-ac2b-f9e889793325" CHANGEID="691578311" HOUSENUM="23" HOUSETYPE="2" OPERTYPEID="10" PREVID="0" NEXTID="0" UPDATEDATE="2025-11-01" STARTDATE="2025-11-01" ENDDATE="2079-06-06" ISACTUAL="1" ISACTIVE="1" /><HOUSE ID="129437107" OBJECTID="22584667" OBJECTGUID="d5e8bb55-12d0-4e16-bae0-a0e6f413c06e" CHANGEID="691579772" HOUSENUM="1" HOUSETYPE="2" OPERTYPEID="50" PREVID="13327999" UPDATEDATE="2025-11-01" STARTDATE="2025-11-01" ENDDATE="2079-06-06" ISACTUAL="1" ISACTIVE="1" /><HOUSE ID="129437123" OBJECTID="25926056" OBJECTGUID="8cb95fc2-c753-4312-b50d-4696bf06efb4" CHANGEID="691579879" HOUSENUM="10А" HOUSETYPE="2" OPERTYPEID="30" PREVID="15373179" NEXTID="0" UPDATEDATE="2025-11-01" STARTDATE="2025-11-01" ENDDATE="2079-06-06" ISACTUAL="1" ISACTIVE="0" /><HOUSE ID="15373179" OBJECTID="25926056" OBJECTGUID="8cb95fc2-c753-4312-b50d-4696bf06efb4" CHANGEID="40079665" HOUSENUM="10А" HOUSETYPE="2" OPERTYPEID="20" PREVID="15373154" NEXTID="129437123" UPDATEDATE="2025-11-01" STARTDATE="2017-12-28" ENDDATE="2025-11-01" ISACTUAL="0" ISACTIVE="0" /><HOUSE ID="129437165" OBJECTID="175660020" OBJECTGUID="cc30cd38-ea6e-4527-b9a3-73d494660aa7" CHANGEID="691580125" HOUSENUM="8А" HOUSETYPE="2" OPERTYPEID="10" PREVID="0" NEXTID="0" UPDATEDATE="2025-11-01" STARTDATE="2025-11-01" ENDDATE="2079-06-06" ISACTUAL="1" ISACTIVE="1" /><HOUSE ID="129439013" OBJECTID="175664506" OBJECTGUID="77679a1d-0a23-4e95-9685-c1b1dc5f81d4" CHANGEID="691588646" HOUSENUM="37/17" HOUSETYPE="2" OPERTYPEID="10" PREVID="0" NEXTID="0" UPDATEDATE="2025-11-01" STARTDATE="2025-11-01" ENDDATE="2079-06-06" ISACTUAL="1" ISACTIVE="1" /><HOUSE ID="129440522" OBJECTID="175668762" OBJECTGUID="9ac7a336-6403-4214-9d8f-5de82d8a1d6f" CHANGEID="691594930" HOUSENUM="13" HOUSETYPE="2" OPERTYPEID="10" PREVID="0" NEXTID="0" UPDATEDATE="2025-11-01" STARTDATE="2025-11-01" ENDDATE="2079-06-06" ISACTUAL="1" ISACTIVE="1" /><HOUSE ID="129440702" OBJECTID="175669356" OBJECTGUID="87f0ee40-b3f8-485f-a224-6ddbce1cfe34" CHANGEID="691595791" HOUSENUM="3/1" HOUSETYPE="2" OPERTYPEID="54" PREVID="112059053" NEXTID="0" UPDATEDATE="2025-11-01" STARTDATE="2025-11-01" ENDDATE="2079-06-06" ISACTUAL="1" ISACTIVE="1" /><HOUSE ID="129440703" OBJECTID="3986704" OBJECTGUID="d4825cc4-c35c-4900-91d1-77813813c894" CHANGEID="691595792" HOUSENUM="3" HOUSETYPE="2" OPERTYPEID="55" PREVID="66435344" UPDATEDATE="2025-11-01" STARTDATE="2025-11-01" ENDDATE="2079-06-06" ISACTUAL="1" ISACTIVE="0" /></HOUSES>