﻿<?xml version="1.0" encoding="utf-8"?><APARTMENTS><APARTMENT ID="44658080" OBJECTID="74744182" OBJECTGUID="3cbd9729-d2bf-408c-9ebf-cb652e366604" CHANGEID="111224167" NUMBER="1" APARTTYPE="1" OPERTYPEID="10" PREVID="0" NEXTID="112043726" UPDATEDATE="2025-10-31" STARTDATE="2018-08-28" ENDDATE="2025-10-31" ISACTUAL="0" ISACTIVE="0" /><APARTMENT ID="112034857" OBJECTID="39050483" OBJECTGUID="f0dd4b74-d335-4757-88b2-847706c75eb9" CHANGEID="691463355" NUMBER="502_503" APARTTYPE="2" OPERTYPEID="30" PREVID="22799361" NEXTID="0" UPDATEDATE="2025-10-30" STARTDATE="2025-10-30" ENDDATE="2079-06-06" ISACTUAL="1" ISACTIVE="0" /><APARTMENT ID="22799361" OBJECTID="39050483" OBJECTGUID="f0dd4b74-d335-4757-88b2-847706c75eb9" CHANGEID="59183361" NUMBER="502_503" APARTTYPE="2" OPERTYPEID="10" PREVID="0" NEXTID="112034857" UPDATEDATE="2025-10-30" STARTDATE="2018-10-19" ENDDATE="2025-10-30" ISACTUAL="0" ISACTIVE="0" /><APARTMENT ID="112037369" OBJECTID="175608004" OBJECTGUID="9b87e3d0-8b98-4739-a6cb-73346d1d6865" CHANGEID="691480255" NUMBER="2" APARTTYPE="1" OPERTYPEID="10" PREVID="0" NEXTID="0" UPDATEDATE="2025-10-30" STARTDATE="2025-10-30" ENDDATE="2079-06-06" ISACTUAL="1" ISACTIVE="1" /><APARTMENT ID="112037356" OBJECTID="175607923" OBJECTGUID="bcb95f1d-b0cf-4ba4-9677-af0ce947948b" CHANGEID="691480110" NUMBER="3" APARTTYPE="1" OPERTYPEID="10" PREVID="0" NEXTID="0" UPDATEDATE="2025-10-30" STARTDATE="2025-10-30" ENDDATE="2079-06-06" ISACTUAL="1" ISACTIVE="1" /><APARTMENT ID="112037510" OBJECTID="175609125" OBJECTGUID="9b91c605-e175-4859-a50f-7e953361ec61" CHANGEID="691482255" NUMBER="1" APARTTYPE="1" OPERTYPEID="10" PREVID="0" NEXTID="0" UPDATEDATE="2025-10-30" STARTDATE="2025-10-30" ENDDATE="2079-06-06" ISACTUAL="1" ISACTIVE="1" /><APARTMENT ID="112037521" OBJECTID="175609220" OBJECTGUID="0eca7bc6-6c21-4d1e-b3bb-bac48a7a9f0d" CHANGEID="691482416" NUMBER="1" APARTTYPE="1" OPERTYPEID="10" PREVID="0" NEXTID="0" UPDATEDATE="2025-10-30" STARTDATE="2025-10-30" ENDDATE="2079-06-06" ISACTUAL="1" ISACTIVE="1" /><APARTMENT ID="112041948" OBJECTID="175620353" OBJECTGUID="5777c685-22a7-4bb8-a0c5-56095cd9b60b" CHANGEID="691501379" NUMBER="1" APARTTYPE="1" OPERTYPEID="10" PREVID="0" NEXTID="0" UPDATEDATE="2025-10-31" STARTDATE="2025-10-31" ENDDATE="2079-06-06" ISACTUAL="1" ISACTIVE="1" /><APARTMENT ID="112041945" OBJECTID="175620339" OBJECTGUID="8d7316f3-1e21-4c5b-9c8f-ef912036859c" CHANGEID="691501360" NUMBER="2" APARTTYPE="2" OPERTYPEID="10" PREVID="0" NEXTID="0" UPDATEDATE="2025-10-31" STARTDATE="2025-10-31" ENDDATE="2079-06-06" ISACTUAL="1" ISACTIVE="1" /><APARTMENT ID="112043048" OBJECTID="74748215" OBJECTGUID="cef9cfe1-33fd-4a68-bda3-7c73ae309a02" CHANGEID="691509848" NUMBER="1" APARTTYPE="1" OPERTYPEID="55" PREVID="44660276" NEXTID="129427825" UPDATEDATE="2025-10-31" STARTDATE="2025-10-31" ENDDATE="2079-06-06" ISACTUAL="1" ISACTIVE="0" /><APARTMENT ID="44660276" OBJECTID="74748215" OBJECTGUID="cef9cfe1-33fd-4a68-bda3-7c73ae309a02" CHANGEID="111230184" NUMBER="1" APARTTYPE="1" OPERTYPEID="10" PREVID="0" NEXTID="112043048" UPDATEDATE="2025-10-31" STARTDATE="2018-08-29" ENDDATE="2025-10-31" ISACTUAL="0" ISACTIVE="0" /><APARTMENT ID="112043706" OBJECTID="74747254" OBJECTGUID="6763691b-7b8d-48dc-a9b0-412179f9093c" CHANGEID="691512544" NUMBER="1" APARTTYPE="1" OPERTYPEID="55" PREVID="44659662" NEXTID="129428332" UPDATEDATE="2025-10-31" STARTDATE="2025-10-31" ENDDATE="2079-06-06" ISACTUAL="1" ISACTIVE="0" /><APARTMENT ID="44659662" OBJECTID="74747254" OBJECTGUID="6763691b-7b8d-48dc-a9b0-412179f9093c" CHANGEID="111228728" NUMBER="1" APARTTYPE="1" OPERTYPEID="10" PREVID="0" NEXTID="112043706" UPDATEDATE="2025-10-31" STARTDATE="2018-08-28" ENDDATE="2025-10-31" ISACTUAL="0" ISACTIVE="0" /><APARTMENT ID="112043709" OBJECTID="74747234" OBJECTGUID="a820608a-1baf-4d7c-9f40-9dcb698650c2" CHANGEID="691512603" NUMBER="1" APARTTYPE="1" OPERTYPEID="55" PREVID="44659649" NEXTID="129428346" UPDATEDATE="2025-10-31" STARTDATE="2025-10-31" ENDDATE="2079-06-06" ISACTUAL="1" ISACTIVE="0" /><APARTMENT ID="44659649" OBJECTID="74747234" OBJECTGUID="a820608a-1baf-4d7c-9f40-9dcb698650c2" CHANGEID="111228693" NUMBER="1" APARTTYPE="1" OPERTYPEID="10" PREVID="0" NEXTID="112043709" UPDATEDATE="2025-10-31" STARTDATE="2018-08-29" ENDDATE="2025-10-31" ISACTUAL="0" ISACTIVE="0" /><APARTMENT ID="112043726" OBJECTID="74744182" OBJECTGUID="3cbd9729-d2bf-408c-9ebf-cb652e366604" CHANGEID="691512714" NUMBER="1" APARTTYPE="1" OPERTYPEID="55" PREVID="44658080" NEXTID="129428371" UPDATEDATE="2025-10-31" STARTDATE="2025-10-31" ENDDATE="2079-06-06" ISACTUAL="1" ISACTIVE="0" /><APARTMENT ID="112043751" OBJECTID="74748222" OBJECTGUID="320590af-b5df-4941-8142-d9e64c0c2b49" CHANGEID="691513011" NUMBER="1" APARTTYPE="1" OPERTYPEID="55" PREVID="44660303" NEXTID="129428452" UPDATEDATE="2025-10-31" STARTDATE="2025-10-31" ENDDATE="2079-06-06" ISACTUAL="1" ISACTIVE="0" /><APARTMENT ID="44660303" OBJECTID="74748222" OBJECTGUID="320590af-b5df-4941-8142-d9e64c0c2b49" CHANGEID="111230180" NUMBER="1" APARTTYPE="1" OPERTYPEID="10" PREVID="0" NEXTID="112043751" UPDATEDATE="2025-10-31" STARTDATE="2018-08-29" ENDDATE="2025-10-31" ISACTUAL="0" ISACTIVE="0" /><APARTMENT ID="112045717" OBJECTID="175632657" OBJECTGUID="18bc0561-b2d3-4e76-91c4-d9a9a1505b93" CHANGEID="691520874" NUMBER="1" APARTTYPE="2" OPERTYPEID="10" PREVID="0" NEXTID="0" UPDATEDATE="2025-10-31" STARTDATE="2025-10-31" ENDDATE="2079-06-06" ISACTUAL="1" ISACTIVE="1" /><APARTMENT ID="112045718" OBJECTID="175632663" OBJECTGUID="31ca3c06-9ec7-4ac3-8fcf-f86c88e7fa83" CHANGEID="691520884" NUMBER="2" APARTTYPE="2" OPERTYPEID="10" PREVID="0" NEXTID="0" UPDATEDATE="2025-10-31" STARTDATE="2025-10-31" ENDDATE="2079-06-06" ISACTUAL="1" ISACTIVE="1" /><APARTMENT ID="112045720" OBJECTID="175632672" OBJECTGUID="fd438980-bcde-4eee-8897-4dce2a6d0917" CHANGEID="691520924" NUMBER="1" APARTTYPE="2" OPERTYPEID="10" PREVID="0" NEXTID="0" UPDATEDATE="2025-10-31" STARTDATE="2025-10-31" ENDDATE="2079-06-06" ISACTUAL="1" ISACTIVE="1" /><APARTMENT ID="112045727" OBJECTID="175632723" OBJECTGUID="a7b5a2c1-66b4-41b0-91ae-4c8a424cc78b" CHANGEID="691520999" NUMBER="2" APARTTYPE="2" OPERTYPEID="10" PREVID="0" NEXTID="0" UPDATEDATE="2025-10-31" STARTDATE="2025-10-31" ENDDATE="2079-06-06" ISACTUAL="1" ISACTIVE="1" /><APARTMENT ID="112045729" OBJECTID="175632737" OBJECTGUID="58392332-5a87-48b3-8cf6-f7ca005450b8" CHANGEID="691521033" NUMBER="1" APARTTYPE="2" OPERTYPEID="10" PREVID="0" NEXTID="0" UPDATEDATE="2025-10-31" STARTDATE="2025-10-31" ENDDATE="2079-06-06" ISACTUAL="1" ISACTIVE="1" /><APARTMENT ID="112046530" OBJECTID="175633906" OBJECTGUID="5ee5772d-ce8f-4b25-8010-1932c2522454" CHANGEID="691522770" NUMBER="2" APARTTYPE="2" OPERTYPEID="10" PREVID="0" NEXTID="0" UPDATEDATE="2025-10-31" STARTDATE="2025-10-31" ENDDATE="2079-06-06" ISACTUAL="1" ISACTIVE="1" /><APARTMENT ID="112046533" OBJECTID="175633935" OBJECTGUID="e7052a03-ec5e-4895-9f8f-cf4ec920a834" CHANGEID="691522815" NUMBER="1" APARTTYPE="2" OPERTYPEID="10" PREVID="0" NEXTID="0" UPDATEDATE="2025-10-31" STARTDATE="2025-10-31" ENDDATE="2079-06-06" ISACTUAL="1" ISACTIVE="1" /><APARTMENT ID="112046536" OBJECTID="175633946" OBJECTGUID="7c0e3dc6-5a96-4699-821a-0024de9181ca" CHANGEID="691522832" NUMBER="2" APARTTYPE="2" OPERTYPEID="10" PREVID="0" NEXTID="0" UPDATEDATE="2025-10-31" STARTDATE="2025-10-31" ENDDATE="2079-06-06" ISACTUAL="1" ISACTIVE="1" /><APARTMENT ID="112046610" OBJECTID="175634039" OBJECTGUID="307fc619-2e79-4709-ae9b-f9524bc0b785" CHANGEID="691522929" NUMBER="1" APARTTYPE="2" OPERTYPEID="10" PREVID="0" NEXTID="0" UPDATEDATE="2025-10-31" STARTDATE="2025-10-31" ENDDATE="2079-06-06" ISACTUAL="1" ISACTIVE="1" /><APARTMENT ID="112046885" OBJECTID="175634369" OBJECTGUID="026c7002-506e-4ff0-bac2-f1ad726b0e46" CHANGEID="691523261" NUMBER="2" APARTTYPE="2" OPERTYPEID="10" PREVID="0" NEXTID="0" UPDATEDATE="2025-10-31" STARTDATE="2025-10-31" ENDDATE="2079-06-06" ISACTUAL="1" ISACTIVE="1" /><APARTMENT ID="112046888" OBJECTID="175634380" OBJECTGUID="78f247c2-55cb-49be-8bad-2687705a7134" CHANGEID="691523279" NUMBER="2" APARTTYPE="2" OPERTYPEID="10" PREVID="0" NEXTID="0" UPDATEDATE="2025-10-31" STARTDATE="2025-10-31" ENDDATE="2079-06-06" ISACTUAL="1" ISACTIVE="1" /><APARTMENT ID="112046895" OBJECTID="175634406" OBJECTGUID="1cf0cfc1-2622-4bcf-9e89-b3a108c4b548" CHANGEID="691523308" NUMBER="1" APARTTYPE="2" OPERTYPEID="10" PREVID="0" NEXTID="0" UPDATEDATE="2025-10-31" STARTDATE="2025-10-31" ENDDATE="2079-06-06" ISACTUAL="1" ISACTIVE="1" /><APARTMENT ID="112046990" OBJECTID="175634860" OBJECTGUID="12750d1f-d752-4f2b-b8c0-fbd3ea1999b5" CHANGEID="691524166" NUMBER="2" APARTTYPE="2" OPERTYPEID="10" PREVID="0" NEXTID="0" UPDATEDATE="2025-10-31" STARTDATE="2025-10-31" ENDDATE="2079-06-06" ISACTUAL="1" ISACTIVE="1" /><APARTMENT ID="112046973" OBJECTID="175634762" OBJECTGUID="a2835176-dfe5-4494-8157-cbc394002e97" CHANGEID="691523969" NUMBER="2" APARTTYPE="2" OPERTYPEID="10" PREVID="0" NEXTID="0" UPDATEDATE="2025-10-31" STARTDATE="2025-10-31" ENDDATE="2079-06-06" ISACTUAL="1" ISACTIVE="1" /><APARTMENT ID="112046978" OBJECTID="175634787" OBJECTGUID="3edcd8c9-603e-4152-9b4d-b599c960e9f5" CHANGEID="691524002" NUMBER="3" APARTTYPE="2" OPERTYPEID="10" PREVID="0" NEXTID="0" UPDATEDATE="2025-10-31" STARTDATE="2025-10-31" ENDDATE="2079-06-06" ISACTUAL="1" ISACTIVE="1" /><APARTMENT ID="112046979" OBJECTID="175634802" OBJECTGUID="1e55bda8-32c9-483d-84e0-27277b082e6c" CHANGEID="691524034" NUMBER="1" APARTTYPE="1" OPERTYPEID="10" PREVID="0" NEXTID="0" UPDATEDATE="2025-10-31" STARTDATE="2025-10-31" ENDDATE="2079-06-06" ISACTUAL="1" ISACTIVE="1" /><APARTMENT ID="112046984" OBJECTID="175634835" OBJECTGUID="61519bad-ba3d-4b48-8ade-50122b5902c5" CHANGEID="691524113" NUMBER="2" APARTTYPE="2" OPERTYPEID="10" PREVID="0" NEXTID="0" UPDATEDATE="2025-10-31" STARTDATE="2025-10-31" ENDDATE="2079-06-06" ISACTUAL="1" ISACTIVE="1" /><APARTMENT ID="112046988" OBJECTID="175634850" OBJECTGUID="b7239902-f2cb-491d-aaf1-8f5f53eed55a" CHANGEID="691524145" NUMBER="1" APARTTYPE="2" OPERTYPEID="10" PREVID="0" NEXTID="0" UPDATEDATE="2025-10-31" STARTDATE="2025-10-31" ENDDATE="2079-06-06" ISACTUAL="1" ISACTIVE="1" /><APARTMENT ID="112047519" OBJECTID="175637292" OBJECTGUID="5980d343-27b8-4fe9-b2a9-74749dce03aa" CHANGEID="691528182" NUMBER="2" APARTTYPE="2" OPERTYPEID="10" PREVID="0" NEXTID="0" UPDATEDATE="2025-10-31" STARTDATE="2025-10-31" ENDDATE="2079-06-06" ISACTUAL="1" ISACTIVE="1" /><APARTMENT ID="112054729" OBJECTID="175656290" OBJECTGUID="848c919c-8af7-407f-a142-15d5c35ce626" CHANGEID="691573759" NUMBER="2" APARTTYPE="2" OPERTYPEID="10" PREVID="0" NEXTID="0" UPDATEDATE="2025-11-01" STARTDATE="2025-11-01" ENDDATE="2079-06-06" ISACTUAL="1" ISACTIVE="1" /><APARTMENT ID="112056759" OBJECTID="175663597" OBJECTGUID="b95bd625-650d-41f6-8835-5f7e6b0efb0c" CHANGEID="691586888" NUMBER="3" APARTTYPE="1" OPERTYPEID="10" PREVID="0" NEXTID="0" UPDATEDATE="2025-11-01" STARTDATE="2025-11-01" ENDDATE="2079-06-06" ISACTUAL="1" ISACTIVE="1" /></APARTMENTS>