﻿<?xml version="1.0" encoding="utf-8"?><REESTR_OBJECTS><OBJECT OBJECTID="174509338" OBJECTGUID="5e32b1bb-6ffd-4177-a6a2-968502e90ab6" CHANGEID="691574691" ISACTIVE="1" LEVELID="10" CREATEDATE="2025-09-08" UPDATEDATE="2025-11-01" /><OBJECT OBJECTID="82932936" OBJECTGUID="292ff7c4-d94b-4a60-95a8-2becb57db0f8" CHANGEID="691530465" ISACTIVE="1" LEVELID="11" CREATEDATE="2017-09-28" UPDATEDATE="2025-10-31" /><OBJECT OBJECTID="56337759" OBJECTGUID="8f7229f3-e251-416d-83cf-661e3dcbeb65" CHANGEID="691530372" ISACTIVE="1" LEVELID="11" CREATEDATE="2017-11-21" UPDATEDATE="2025-10-31" /><OBJECT OBJECTID="44902896" OBJECTGUID="3acb2e94-f1c1-4fa1-92c1-d7c7d1b5b59e" CHANGEID="691530319" ISACTIVE="1" LEVELID="11" CREATEDATE="2017-09-15" UPDATEDATE="2025-10-31" /><OBJECT OBJECTID="77681202" OBJECTGUID="d22652ab-707c-4e8b-ae02-7e4d8259a795" CHANGEID="691535774" ISACTIVE="1" LEVELID="11" CREATEDATE="2017-11-16" UPDATEDATE="2025-10-31" /><OBJECT OBJECTID="77711611" OBJECTGUID="a6aa0043-b9bd-4836-9973-3f0071ff40a9" CHANGEID="691535584" ISACTIVE="1" LEVELID="11" CREATEDATE="2017-06-27" UPDATEDATE="2025-10-31" /><OBJECT OBJECTID="25248587" OBJECTGUID="4e1cb958-ec2e-4a2e-8601-63e19bfdeedf" CHANGEID="691532215" ISACTIVE="1" LEVELID="11" CREATEDATE="2017-09-29" UPDATEDATE="2025-10-31" /><OBJECT OBJECTID="17172406" OBJECTGUID="05c44174-aea6-4d49-b467-767391d0ee99" CHANGEID="691530453" ISACTIVE="1" LEVELID="11" CREATEDATE="2017-09-26" UPDATEDATE="2025-10-31" /><OBJECT OBJECTID="77716129" OBJECTGUID="dd1ef51c-9606-4571-82eb-f92117639c02" CHANGEID="691535851" ISACTIVE="1" LEVELID="11" CREATEDATE="2017-11-16" UPDATEDATE="2025-10-31" /><OBJECT OBJECTID="77713596" OBJECTGUID="40d2d1b2-4721-42d3-8431-fd121adc0013" CHANGEID="691535569" ISACTIVE="1" LEVELID="11" CREATEDATE="2017-06-27" UPDATEDATE="2025-10-31" /><OBJECT OBJECTID="64698906" OBJECTGUID="597d74ef-9d8b-4cef-a371-20a493c5c854" CHANGEID="691468522" ISACTIVE="0" LEVELID="10" CREATEDATE="2012-01-31" UPDATEDATE="2025-10-30" /><OBJECT OBJECTID="44476727" OBJECTGUID="3ad4d721-f01d-47d2-9e52-74eb7aece336" CHANGEID="691532281" ISACTIVE="1" LEVELID="11" CREATEDATE="2017-10-06" UPDATEDATE="2025-10-31" /><OBJECT OBJECTID="22353049" OBJECTGUID="f46e9df5-79d2-4060-9abf-7ff825c3a9f7" CHANGEID="691532259" ISACTIVE="1" LEVELID="11" CREATEDATE="2017-11-24" UPDATEDATE="2025-10-31" /><OBJECT OBJECTID="77784587" OBJECTGUID="1b408be0-cabe-419f-8965-e43aba37b2f6" CHANGEID="691535758" ISACTIVE="1" LEVELID="11" CREATEDATE="2017-11-16" UPDATEDATE="2025-10-31" /><OBJECT OBJECTID="45901545" OBJECTGUID="3d9fc74a-0609-49b3-b288-534980593348" CHANGEID="691534706" ISACTIVE="1" LEVELID="11" CREATEDATE="2017-11-17" UPDATEDATE="2025-10-31" /><OBJECT OBJECTID="17042119" OBJECTGUID="3c346e2a-d21f-46be-bc2e-45c65da05eca" CHANGEID="691530423" ISACTIVE="1" LEVELID="11" CREATEDATE="2017-09-26" UPDATEDATE="2025-10-31" /><OBJECT OBJECTID="45767345" OBJECTGUID="53b9925d-f597-4f7e-a137-7667f55dfa92" CHANGEID="691534745" ISACTIVE="1" LEVELID="11" CREATEDATE="2017-11-16" UPDATEDATE="2025-10-31" /><OBJECT OBJECTID="31088317" OBJECTGUID="169065d5-02b4-4150-a174-aee6f013fa06" CHANGEID="691532222" ISACTIVE="1" LEVELID="11" CREATEDATE="2017-06-07" UPDATEDATE="2025-10-31" /><OBJECT OBJECTID="45741608" OBJECTGUID="934f4cd7-1309-4138-bfc2-522c60fbb0d1" CHANGEID="691532783" ISACTIVE="1" LEVELID="11" CREATEDATE="2017-11-16" UPDATEDATE="2025-10-31" /><OBJECT OBJECTID="45741549" OBJECTGUID="66781c6c-6fd7-4361-83c3-5cd4150132bf" CHANGEID="691534542" ISACTIVE="1" LEVELID="11" CREATEDATE="2017-11-16" UPDATEDATE="2025-10-31" /><OBJECT OBJECTID="19560782" OBJECTGUID="cbd67311-6fb6-465b-a2d4-b993eb53f1e2" CHANGEID="691534765" ISACTIVE="1" LEVELID="11" CREATEDATE="2017-06-22" UPDATEDATE="2025-10-31" /><OBJECT OBJECTID="53758988" OBJECTGUID="36c14a90-fa62-4102-ab07-0d78a2c8b171" CHANGEID="691532648" ISACTIVE="1" LEVELID="11" CREATEDATE="2017-10-10" UPDATEDATE="2025-10-31" /><OBJECT OBJECTID="45612715" OBJECTGUID="9329bdb8-1bab-453c-9776-d606ad28d3a8" CHANGEID="691534727" ISACTIVE="1" LEVELID="11" CREATEDATE="2017-11-17" UPDATEDATE="2025-10-31" /><OBJECT OBJECTID="45763513" OBJECTGUID="2cd11744-4c0a-4ed6-9e21-7e51f1dbab74" CHANGEID="691534750" ISACTIVE="1" LEVELID="11" CREATEDATE="2017-11-16" UPDATEDATE="2025-10-31" /><OBJECT OBJECTID="83880643" OBJECTGUID="768b8a9a-3db9-4f65-962a-b56e4a2c4fef" CHANGEID="691532245" ISACTIVE="1" LEVELID="11" CREATEDATE="2017-10-02" UPDATEDATE="2025-10-31" /><OBJECT OBJECTID="36009954" OBJECTGUID="c6b4cbf6-eee1-4976-aaf7-520e25883710" CHANGEID="691532235" ISACTIVE="1" LEVELID="11" CREATEDATE="2017-11-22" UPDATEDATE="2025-10-31" /><OBJECT OBJECTID="82031562" OBJECTGUID="d4a8e61d-d15a-4354-a9e1-376a7e87622c" CHANGEID="691534773" ISACTIVE="1" LEVELID="11" CREATEDATE="2017-06-26" UPDATEDATE="2025-10-31" /><OBJECT OBJECTID="175598805" OBJECTGUID="894a5c12-ec46-482b-994d-5ef5f1c5927e" CHANGEID="691465901" ISACTIVE="1" LEVELID="10" CREATEDATE="2025-10-30" UPDATEDATE="2025-10-30" /><OBJECT OBJECTID="24394284" OBJECTGUID="d71ef2b5-ada0-4acf-ac46-bb39e7e9568d" CHANGEID="691468533" ISACTIVE="0" LEVELID="10" CREATEDATE="2012-01-30" UPDATEDATE="2025-10-30" /><OBJECT OBJECTID="175604926" OBJECTGUID="4323146d-dfba-4f41-9e94-de4744c3e8ab" CHANGEID="691475582" ISACTIVE="1" LEVELID="9" CREATEDATE="2025-10-30" UPDATEDATE="2025-10-30" /><OBJECT OBJECTID="175608954" OBJECTGUID="6b2c0a25-1497-4c56-9919-c7ceeeef70f3" CHANGEID="691481973" ISACTIVE="1" LEVELID="9" CREATEDATE="2025-10-30" UPDATEDATE="2025-10-30" /><OBJECT OBJECTID="175608973" OBJECTGUID="e556ccda-ec59-46ea-8525-484e5348d687" CHANGEID="691481999" ISACTIVE="1" LEVELID="9" CREATEDATE="2025-10-30" UPDATEDATE="2025-10-30" /><OBJECT OBJECTID="175630698" OBJECTGUID="85aec8a1-73ef-437b-a6f4-0f3c5ac22015" CHANGEID="691517616" ISACTIVE="1" LEVELID="9" CREATEDATE="2025-10-31" UPDATEDATE="2025-10-31" /><OBJECT OBJECTID="175630705" OBJECTGUID="3b2d4a41-7677-4d04-9548-08cc9bd9fdfb" CHANGEID="691517623" ISACTIVE="1" LEVELID="10" CREATEDATE="2025-10-31" UPDATEDATE="2025-10-31" /><OBJECT OBJECTID="175631838" OBJECTGUID="ad5c785e-1599-4a26-a823-fc9995e2bb35" CHANGEID="691519413" ISACTIVE="1" LEVELID="9" CREATEDATE="2025-10-31" UPDATEDATE="2025-10-31" /><OBJECT OBJECTID="175631840" OBJECTGUID="97ba7efc-c9f4-49b4-a90c-c581bdf39c28" CHANGEID="691519415" ISACTIVE="1" LEVELID="10" CREATEDATE="2025-10-31" UPDATEDATE="2025-10-31" /><OBJECT OBJECTID="175638486" OBJECTGUID="e3d6cea9-b6cf-4373-87e4-23b797782f30" CHANGEID="691530136" ISACTIVE="1" LEVELID="9" CREATEDATE="2025-10-31" UPDATEDATE="2025-10-31" /><OBJECT OBJECTID="175633921" OBJECTGUID="51296cea-887a-47dd-9d89-11b26c37848b" CHANGEID="691522792" ISACTIVE="1" LEVELID="10" CREATEDATE="2025-10-31" UPDATEDATE="2025-10-31" /><OBJECT OBJECTID="175634808" OBJECTGUID="bdcce382-e834-47d9-a71b-d4c08485bd0d" CHANGEID="691524042" ISACTIVE="1" LEVELID="9" CREATEDATE="2025-10-31" UPDATEDATE="2025-10-31" /><OBJECT OBJECTID="175638382" OBJECTGUID="e97b0cdb-9a69-4086-9c63-fd4e61a5b021" CHANGEID="691529925" ISACTIVE="1" LEVELID="9" CREATEDATE="2025-10-31" UPDATEDATE="2025-10-31" /><OBJECT OBJECTID="175638387" OBJECTGUID="1dcbf5a5-22f5-4574-a0bf-916c51d7416d" CHANGEID="691529934" ISACTIVE="1" LEVELID="9" CREATEDATE="2025-10-31" UPDATEDATE="2025-10-31" /><OBJECT OBJECTID="175638390" OBJECTGUID="80a966fb-2faa-4f98-af5a-beed071e66ed" CHANGEID="691529947" ISACTIVE="1" LEVELID="9" CREATEDATE="2025-10-31" UPDATEDATE="2025-10-31" /><OBJECT OBJECTID="175638398" OBJECTGUID="0ed1c49d-92e0-4161-ab4f-5ce872d01338" CHANGEID="691529989" ISACTIVE="1" LEVELID="9" CREATEDATE="2025-10-31" UPDATEDATE="2025-10-31" /><OBJECT OBJECTID="44469773" OBJECTGUID="c4bd0ce5-4c65-45c9-8946-6b61133d3b4e" CHANGEID="691532309" ISACTIVE="1" LEVELID="11" CREATEDATE="2017-10-06" UPDATEDATE="2025-10-31" /><OBJECT OBJECTID="81269065" OBJECTGUID="20727a35-6094-4af5-bb46-ddc427d35d72" CHANGEID="691532390" ISACTIVE="1" LEVELID="11" CREATEDATE="2017-06-16" UPDATEDATE="2025-10-31" /><OBJECT OBJECTID="57700333" OBJECTGUID="bb077b1b-6c32-4b29-9dbd-13dfd043e6f2" CHANGEID="691532716" ISACTIVE="1" LEVELID="11" CREATEDATE="2017-10-10" UPDATEDATE="2025-10-31" /><OBJECT OBJECTID="45715397" OBJECTGUID="a4d3a97e-d4e3-4cf5-9e6a-ed720d72fba7" CHANGEID="691534743" ISACTIVE="1" LEVELID="11" CREATEDATE="2017-11-24" UPDATEDATE="2025-10-31" /><OBJECT OBJECTID="175642525" OBJECTGUID="7e9e4104-077b-4e76-a5e8-ebfbb9ba2e86" CHANGEID="691535672" ISACTIVE="1" LEVELID="10" CREATEDATE="2025-10-31" UPDATEDATE="2025-10-31" /><OBJECT OBJECTID="175638547" OBJECTGUID="e22a2f73-f241-4090-866a-51676985609f" CHANGEID="691530265" ISACTIVE="1" LEVELID="9" CREATEDATE="2025-10-31" UPDATEDATE="2025-10-31" /><OBJECT OBJECTID="44914433" OBJECTGUID="f8e56b1e-6efd-4863-9b59-f9c04a361458" CHANGEID="691530329" ISACTIVE="1" LEVELID="11" CREATEDATE="2017-09-15" UPDATEDATE="2025-10-31" /><OBJECT OBJECTID="175638634" OBJECTGUID="e90b4c2f-dac4-4762-8199-8356b19a0e7c" CHANGEID="691530371" ISACTIVE="1" LEVELID="9" CREATEDATE="2025-10-31" UPDATEDATE="2025-10-31" /><OBJECT OBJECTID="175656813" OBJECTGUID="24b7fdd6-f556-4182-b379-e3874f37ce33" CHANGEID="691574636" ISACTIVE="1" LEVELID="10" CREATEDATE="2025-11-01" UPDATEDATE="2025-11-01" /><OBJECT OBJECTID="175656890" OBJECTGUID="81707b3f-8231-434a-8427-74d2326204d3" CHANGEID="691574854" ISACTIVE="1" LEVELID="10" CREATEDATE="2025-11-01" UPDATEDATE="2025-11-01" /><OBJECT OBJECTID="175656898" OBJECTGUID="f286bf2b-a001-4bfc-9593-9dcf3bd3ee10" CHANGEID="691574866" ISACTIVE="1" LEVELID="9" CREATEDATE="2025-11-01" UPDATEDATE="2025-11-01" /><OBJECT OBJECTID="52603856" OBJECTGUID="30f5d702-37d1-41e1-85ab-5e37b72177aa" CHANGEID="691575884" ISACTIVE="0" LEVELID="11" CREATEDATE="2017-12-14" UPDATEDATE="2025-11-01" /><OBJECT OBJECTID="52604262" OBJECTGUID="54c7493d-b4a5-4746-b434-8547cc34d1f9" CHANGEID="691575885" ISACTIVE="0" LEVELID="11" CREATEDATE="2017-12-14" UPDATEDATE="2025-11-01" /><OBJECT OBJECTID="175660005" OBJECTGUID="c4198aaa-15bf-4804-9fe2-3839fadf0baa" CHANGEID="691580109" ISACTIVE="1" LEVELID="9" CREATEDATE="2025-11-01" UPDATEDATE="2025-11-01" /><OBJECT OBJECTID="175660012" OBJECTGUID="29436168-d67c-418a-8e56-0c2e1c39c961" CHANGEID="691580116" ISACTIVE="1" LEVELID="10" CREATEDATE="2025-11-01" UPDATEDATE="2025-11-01" /><OBJECT OBJECTID="46068680" OBJECTGUID="1ce49c7e-992e-4df1-8090-ab38fe49ae8b" CHANGEID="691582860" ISACTIVE="1" LEVELID="10" CREATEDATE="2017-08-08" UPDATEDATE="2025-11-01" /><OBJECT OBJECTID="175668174" OBJECTGUID="b0c874c2-e660-47f3-934a-280fb51b849f" CHANGEID="691594028" ISACTIVE="1" LEVELID="11" CREATEDATE="2025-11-01" UPDATEDATE="2025-11-01" /><OBJECT OBJECTID="175668175" OBJECTGUID="cb301330-b302-4be6-b6df-ff9cf1d4123d" CHANGEID="691594029" ISACTIVE="1" LEVELID="11" CREATEDATE="2025-11-01" UPDATEDATE="2025-11-01" /><OBJECT OBJECTID="175668176" OBJECTGUID="0b69c617-cff5-4ea0-addd-67980ed4a8f4" CHANGEID="691594030" ISACTIVE="1" LEVELID="11" CREATEDATE="2025-11-01" UPDATEDATE="2025-11-01" /><OBJECT OBJECTID="175668177" OBJECTGUID="6db65059-7945-4021-b1a0-d7374a7b6f28" CHANGEID="691594031" ISACTIVE="1" LEVELID="11" CREATEDATE="2025-11-01" UPDATEDATE="2025-11-01" /><OBJECT OBJECTID="175668178" OBJECTGUID="52f863d6-f564-4ef1-9d01-a2aa9460e154" CHANGEID="691594032" ISACTIVE="1" LEVELID="11" CREATEDATE="2025-11-01" UPDATEDATE="2025-11-01" /><OBJECT OBJECTID="175668179" OBJECTGUID="dec4e24e-8b76-48f4-8662-c673a37e402d" CHANGEID="691594033" ISACTIVE="1" LEVELID="11" CREATEDATE="2025-11-01" UPDATEDATE="2025-11-01" /><OBJECT OBJECTID="175668180" OBJECTGUID="43b4d2ed-71d5-475f-b17a-57ee216294e8" CHANGEID="691594034" ISACTIVE="1" LEVELID="11" CREATEDATE="2025-11-01" UPDATEDATE="2025-11-01" /><OBJECT OBJECTID="175668181" OBJECTGUID="c0b9fdd6-3bcd-4270-a68d-6c1a1c8076f3" CHANGEID="691594035" ISACTIVE="1" LEVELID="11" CREATEDATE="2025-11-01" UPDATEDATE="2025-11-01" /><OBJECT OBJECTID="175668182" OBJECTGUID="607a6953-7978-46de-bd15-f7db169a5eef" CHANGEID="691594036" ISACTIVE="1" LEVELID="11" CREATEDATE="2025-11-01" UPDATEDATE="2025-11-01" /><OBJECT OBJECTID="175668183" OBJECTGUID="6542e1b1-04c5-4d77-bc5d-d431c3f818e6" CHANGEID="691594037" ISACTIVE="1" LEVELID="11" CREATEDATE="2025-11-01" UPDATEDATE="2025-11-01" /><OBJECT OBJECTID="175668184" OBJECTGUID="2bbab7be-1452-4385-9f1d-0a2970c8a515" CHANGEID="691594038" ISACTIVE="1" LEVELID="11" CREATEDATE="2025-11-01" UPDATEDATE="2025-11-01" /><OBJECT OBJECTID="175668185" OBJECTGUID="77346175-6ab7-42b6-a867-f82f0f404460" CHANGEID="691594039" ISACTIVE="1" LEVELID="11" CREATEDATE="2025-11-01" UPDATEDATE="2025-11-01" /><OBJECT OBJECTID="175664582" OBJECTGUID="927abfc8-5651-4ac3-8791-7b80ba8bad1c" CHANGEID="691588729" ISACTIVE="1" LEVELID="9" CREATEDATE="2025-11-01" UPDATEDATE="2025-11-01" /><OBJECT OBJECTID="175664673" OBJECTGUID="398d80f0-35b4-46f7-8157-59138709de0e" CHANGEID="691588820" ISACTIVE="1" LEVELID="9" CREATEDATE="2025-11-01" UPDATEDATE="2025-11-01" /><OBJECT OBJECTID="175664691" OBJECTGUID="bb0bf160-6bf3-426f-ab04-1d782d810499" CHANGEID="691588839" ISACTIVE="1" LEVELID="9" CREATEDATE="2025-11-01" UPDATEDATE="2025-11-01" /><OBJECT OBJECTID="175664880" OBJECTGUID="d847337c-b779-4d39-b0ef-2d97d1f5314f" CHANGEID="691589106" ISACTIVE="1" LEVELID="9" CREATEDATE="2025-11-01" UPDATEDATE="2025-11-01" /><OBJECT OBJECTID="175664893" OBJECTGUID="6300beaf-306c-4a3c-ac1a-74589971bbf5" CHANGEID="691589133" ISACTIVE="1" LEVELID="9" CREATEDATE="2025-11-01" UPDATEDATE="2025-11-01" /><OBJECT OBJECTID="175664921" OBJECTGUID="41ccbce6-d868-4526-9e53-09d6c84b6fec" CHANGEID="691589186" ISACTIVE="1" LEVELID="9" CREATEDATE="2025-11-01" UPDATEDATE="2025-11-01" /><OBJECT OBJECTID="175664987" OBJECTGUID="f576f9cc-5e61-4047-897f-b0748b3e1bc1" CHANGEID="691589278" ISACTIVE="1" LEVELID="9" CREATEDATE="2025-11-01" UPDATEDATE="2025-11-01" /><OBJECT OBJECTID="175665061" OBJECTGUID="96fd1a68-f186-4777-a48d-593a8283e154" CHANGEID="691589361" ISACTIVE="1" LEVELID="9" CREATEDATE="2025-11-01" UPDATEDATE="2025-11-01" /><OBJECT OBJECTID="175665078" OBJECTGUID="ae6d511f-4e0e-48f9-88f1-c61e866f7453" CHANGEID="691589380" ISACTIVE="1" LEVELID="9" CREATEDATE="2025-11-01" UPDATEDATE="2025-11-01" /><OBJECT OBJECTID="175666248" OBJECTGUID="97f99da5-7e8d-4e23-8a7f-e08de2247cc0" CHANGEID="691591126" ISACTIVE="1" LEVELID="9" CREATEDATE="2025-11-01" UPDATEDATE="2025-11-01" /><OBJECT OBJECTID="175666318" OBJECTGUID="ee3e9562-cdb9-4b7d-bfde-680533f7b58f" CHANGEID="691591218" ISACTIVE="1" LEVELID="9" CREATEDATE="2025-11-01" UPDATEDATE="2025-11-01" /><OBJECT OBJECTID="175666346" OBJECTGUID="4fe06345-3b0a-408d-8f9b-47f9ce030f38" CHANGEID="691591254" ISACTIVE="1" LEVELID="9" CREATEDATE="2025-11-01" UPDATEDATE="2025-11-01" /><OBJECT OBJECTID="175666379" OBJECTGUID="f0ef1605-bdab-4a42-95fe-7fd332f59ca5" CHANGEID="691591304" ISACTIVE="1" LEVELID="9" CREATEDATE="2025-11-01" UPDATEDATE="2025-11-01" /><OBJECT OBJECTID="175666399" OBJECTGUID="8fbe4923-0a0d-481e-921c-ded764ea8082" CHANGEID="691591458" ISACTIVE="1" LEVELID="9" CREATEDATE="2025-11-01" UPDATEDATE="2025-11-01" /><OBJECT OBJECTID="175666411" OBJECTGUID="98c7fa77-3044-4c91-9ffe-80226adcd711" CHANGEID="691591492" ISACTIVE="1" LEVELID="9" CREATEDATE="2025-11-01" UPDATEDATE="2025-11-01" /><OBJECT OBJECTID="175667167" OBJECTGUID="591f84f6-bf3e-4663-9bb2-03c6d3da67e3" CHANGEID="691592673" ISACTIVE="1" LEVELID="9" CREATEDATE="2025-11-01" UPDATEDATE="2025-11-01" /><OBJECT OBJECTID="175667384" OBJECTGUID="5a887701-8514-4c55-8e6e-522164cb00d4" CHANGEID="691592984" ISACTIVE="1" LEVELID="10" CREATEDATE="2025-11-01" UPDATEDATE="2025-11-01" /><OBJECT OBJECTID="175668150" OBJECTGUID="ef413a6f-165a-4f5f-8cf4-78175774820b" CHANGEID="691593993" ISACTIVE="1" LEVELID="11" CREATEDATE="2025-11-01" UPDATEDATE="2025-11-01" /><OBJECT OBJECTID="175668171" OBJECTGUID="08950fb4-6e1c-442d-a902-21ecec1c8a81" CHANGEID="691594025" ISACTIVE="1" LEVELID="11" CREATEDATE="2025-11-01" UPDATEDATE="2025-11-01" /><OBJECT OBJECTID="175668172" OBJECTGUID="4a2d1f13-0b89-4d09-ab35-9d65efef0513" CHANGEID="691594026" ISACTIVE="1" LEVELID="11" CREATEDATE="2025-11-01" UPDATEDATE="2025-11-01" /><OBJECT OBJECTID="175668173" OBJECTGUID="9455a0de-6bfa-46b9-87b6-e02081820e62" CHANGEID="691594027" ISACTIVE="1" LEVELID="11" CREATEDATE="2025-11-01" UPDATEDATE="2025-11-01" /><OBJECT OBJECTID="175668213" OBJECTGUID="28396317-9ac9-471b-b1d1-db8bb8e8f167" CHANGEID="691594093" ISACTIVE="1" LEVELID="11" CREATEDATE="2025-11-01" UPDATEDATE="2025-11-01" /><OBJECT OBJECTID="175668214" OBJECTGUID="3469ff88-2420-4b37-8bf5-ba7e64753b4d" CHANGEID="691594094" ISACTIVE="1" LEVELID="11" CREATEDATE="2025-11-01" UPDATEDATE="2025-11-01" /><OBJECT OBJECTID="175668215" OBJECTGUID="c7d00c8b-0136-4976-a4c3-a4129a558e21" CHANGEID="691594095" ISACTIVE="1" LEVELID="11" CREATEDATE="2025-11-01" UPDATEDATE="2025-11-01" /><OBJECT OBJECTID="175668216" OBJECTGUID="d5458f64-15f8-45aa-b830-84ec71b5860a" CHANGEID="691594096" ISACTIVE="1" LEVELID="11" CREATEDATE="2025-11-01" UPDATEDATE="2025-11-01" /><OBJECT OBJECTID="175668217" OBJECTGUID="01fc2036-15ec-48d6-b58d-3b259f73e059" CHANGEID="691594097" ISACTIVE="1" LEVELID="11" CREATEDATE="2025-11-01" UPDATEDATE="2025-11-01" /><OBJECT OBJECTID="175668218" OBJECTGUID="5d31b1cc-2f0b-422d-9f05-31a3550c6ba8" CHANGEID="691594098" ISACTIVE="1" LEVELID="11" CREATEDATE="2025-11-01" UPDATEDATE="2025-11-01" /><OBJECT OBJECTID="175668219" OBJECTGUID="28d41155-6045-4df0-86fe-96fc2e97c41a" CHANGEID="691594099" ISACTIVE="1" LEVELID="11" CREATEDATE="2025-11-01" UPDATEDATE="2025-11-01" /><OBJECT OBJECTID="175668220" OBJECTGUID="60b6ee53-50bb-438a-8557-55c6de36e3d5" CHANGEID="691594100" ISACTIVE="1" LEVELID="11" CREATEDATE="2025-11-01" UPDATEDATE="2025-11-01" /><OBJECT OBJECTID="175668221" OBJECTGUID="58517fab-4d7c-44b1-b653-01e94f7c0f90" CHANGEID="691594101" ISACTIVE="1" LEVELID="11" CREATEDATE="2025-11-01" UPDATEDATE="2025-11-01" /><OBJECT OBJECTID="175668222" OBJECTGUID="8ce6b1da-025f-4c2a-a863-66a4cd7802bf" CHANGEID="691594102" ISACTIVE="1" LEVELID="11" CREATEDATE="2025-11-01" UPDATEDATE="2025-11-01" /><OBJECT OBJECTID="175668223" OBJECTGUID="d01312a8-8cdf-4c23-9235-3aa6f386c29b" CHANGEID="691594103" ISACTIVE="1" LEVELID="11" CREATEDATE="2025-11-01" UPDATEDATE="2025-11-01" /><OBJECT OBJECTID="175668228" OBJECTGUID="383d5719-4cf6-4b93-b8c5-b4ef7680fdb6" CHANGEID="691594112" ISACTIVE="1" LEVELID="11" CREATEDATE="2025-11-01" UPDATEDATE="2025-11-01" /><OBJECT OBJECTID="175668229" OBJECTGUID="ad3c65ff-1246-490d-bd26-970148906104" CHANGEID="691594113" ISACTIVE="1" LEVELID="11" CREATEDATE="2025-11-01" UPDATEDATE="2025-11-01" /><OBJECT OBJECTID="175668230" OBJECTGUID="2e2ceef5-cc2e-47a5-960f-03f03dc72151" CHANGEID="691594114" ISACTIVE="1" LEVELID="11" CREATEDATE="2025-11-01" UPDATEDATE="2025-11-01" /><OBJECT OBJECTID="175668231" OBJECTGUID="2bd7edbe-2d6a-40db-80f6-d98b49be9bcd" CHANGEID="691594115" ISACTIVE="1" LEVELID="11" CREATEDATE="2025-11-01" UPDATEDATE="2025-11-01" /><OBJECT OBJECTID="175668232" OBJECTGUID="bf4d6d40-ae5e-4af1-aef7-0095c6300190" CHANGEID="691594116" ISACTIVE="1" LEVELID="11" CREATEDATE="2025-11-01" UPDATEDATE="2025-11-01" /><OBJECT OBJECTID="175668763" OBJECTGUID="a808a8c7-0b94-4d37-b5a9-f3104022dfa1" CHANGEID="691594931" ISACTIVE="1" LEVELID="11" CREATEDATE="2025-11-01" UPDATEDATE="2025-11-01" /><OBJECT OBJECTID="175668764" OBJECTGUID="40f3fe6a-31e9-4226-96dd-f1068d9c7390" CHANGEID="691594932" ISACTIVE="1" LEVELID="11" CREATEDATE="2025-11-01" UPDATEDATE="2025-11-01" /><OBJECT OBJECTID="175668765" OBJECTGUID="9762c1c0-41a1-48a2-ae89-37f12ec1feae" CHANGEID="691594933" ISACTIVE="1" LEVELID="11" CREATEDATE="2025-11-01" UPDATEDATE="2025-11-01" /><OBJECT OBJECTID="175668766" OBJECTGUID="06b7047d-d0a6-4701-b288-cd4d5ded74f6" CHANGEID="691594934" ISACTIVE="1" LEVELID="11" CREATEDATE="2025-11-01" UPDATEDATE="2025-11-01" /><OBJECT OBJECTID="175668767" OBJECTGUID="aa01e4a5-bd82-4cfa-8dd8-a06ea6395eb8" CHANGEID="691594935" ISACTIVE="1" LEVELID="11" CREATEDATE="2025-11-01" UPDATEDATE="2025-11-01" /><OBJECT OBJECTID="175668789" OBJECTGUID="676a8c39-34f4-4eb2-83ae-0bd0ebc0bb60" CHANGEID="691594964" ISACTIVE="1" LEVELID="11" CREATEDATE="2025-11-01" UPDATEDATE="2025-11-01" /><OBJECT OBJECTID="175668790" OBJECTGUID="beeea91d-f69d-4cab-9951-08f4fb8a4951" CHANGEID="691594965" ISACTIVE="1" LEVELID="11" CREATEDATE="2025-11-01" UPDATEDATE="2025-11-01" /><OBJECT OBJECTID="175668791" OBJECTGUID="45146e29-8bc5-4135-b93d-b8fa587855e8" CHANGEID="691594966" ISACTIVE="1" LEVELID="11" CREATEDATE="2025-11-01" UPDATEDATE="2025-11-01" /><OBJECT OBJECTID="175668792" OBJECTGUID="c899000a-15ae-429f-9a49-087d19fa477e" CHANGEID="691594967" ISACTIVE="1" LEVELID="11" CREATEDATE="2025-11-01" UPDATEDATE="2025-11-01" /><OBJECT OBJECTID="175668793" OBJECTGUID="4a60f9ac-99c3-4d74-9757-e7caf14db664" CHANGEID="691594968" ISACTIVE="1" LEVELID="11" CREATEDATE="2025-11-01" UPDATEDATE="2025-11-01" /><OBJECT OBJECTID="175668794" OBJECTGUID="352be446-505a-4e04-9323-4c2e7c690f76" CHANGEID="691594969" ISACTIVE="1" LEVELID="11" CREATEDATE="2025-11-01" UPDATEDATE="2025-11-01" /><OBJECT OBJECTID="175668795" OBJECTGUID="67458cea-5f4d-48f4-b933-0cbc8a7ab989" CHANGEID="691594970" ISACTIVE="1" LEVELID="11" CREATEDATE="2025-11-01" UPDATEDATE="2025-11-01" /><OBJECT OBJECTID="175668796" OBJECTGUID="db8be840-1d9d-41c1-be8d-9db975cb988c" CHANGEID="691594971" ISACTIVE="1" LEVELID="11" CREATEDATE="2025-11-01" UPDATEDATE="2025-11-01" /><OBJECT OBJECTID="175668797" OBJECTGUID="2392885a-7705-43bc-8783-1c62ad8f5ce9" CHANGEID="691594972" ISACTIVE="1" LEVELID="11" CREATEDATE="2025-11-01" UPDATEDATE="2025-11-01" /><OBJECT OBJECTID="175668798" OBJECTGUID="12c189e7-205e-4b6f-8753-75be40b5bb9b" CHANGEID="691594973" ISACTIVE="1" LEVELID="11" CREATEDATE="2025-11-01" UPDATEDATE="2025-11-01" /><OBJECT OBJECTID="175668799" OBJECTGUID="6b83e93c-2084-4b90-ba51-a73ad84621b2" CHANGEID="691594974" ISACTIVE="1" LEVELID="11" CREATEDATE="2025-11-01" UPDATEDATE="2025-11-01" /><OBJECT OBJECTID="175668800" OBJECTGUID="15f788c7-1271-4815-ba4b-a60be66c09a8" CHANGEID="691594975" ISACTIVE="1" LEVELID="11" CREATEDATE="2025-11-01" UPDATEDATE="2025-11-01" /><OBJECT OBJECTID="175668801" OBJECTGUID="29316c0c-80b4-478f-ab8c-cc89ae80baf9" CHANGEID="691594976" ISACTIVE="1" LEVELID="11" CREATEDATE="2025-11-01" UPDATEDATE="2025-11-01" /><OBJECT OBJECTID="175668802" OBJECTGUID="eaae7fc1-594e-4d67-ab04-25df905f05c6" CHANGEID="691594977" ISACTIVE="1" LEVELID="11" CREATEDATE="2025-11-01" UPDATEDATE="2025-11-01" /><OBJECT OBJECTID="175668803" OBJECTGUID="60d80f3e-63dc-4450-939e-e74e9ceedab4" CHANGEID="691594978" ISACTIVE="1" LEVELID="11" CREATEDATE="2025-11-01" UPDATEDATE="2025-11-01" /><OBJECT OBJECTID="175668804" OBJECTGUID="1119f2a0-d781-4240-b65f-7fff4944256c" CHANGEID="691594979" ISACTIVE="1" LEVELID="11" CREATEDATE="2025-11-01" UPDATEDATE="2025-11-01" /><OBJECT OBJECTID="175668826" OBJECTGUID="60c5db87-a861-4083-a7b4-96182d96e059" CHANGEID="691595003" ISACTIVE="1" LEVELID="11" CREATEDATE="2025-11-01" UPDATEDATE="2025-11-01" /><OBJECT OBJECTID="175668849" OBJECTGUID="ab4c2879-1339-457f-a29c-a5d88893da64" CHANGEID="691595037" ISACTIVE="1" LEVELID="11" CREATEDATE="2025-11-01" UPDATEDATE="2025-11-01" /><OBJECT OBJECTID="175668850" OBJECTGUID="1b4bfd73-995a-493b-a8ae-f33110f62488" CHANGEID="691595038" ISACTIVE="1" LEVELID="11" CREATEDATE="2025-11-01" UPDATEDATE="2025-11-01" /><OBJECT OBJECTID="175668851" OBJECTGUID="1667dfe5-cce1-4dec-af22-7592d8c3c165" CHANGEID="691595039" ISACTIVE="1" LEVELID="11" CREATEDATE="2025-11-01" UPDATEDATE="2025-11-01" /><OBJECT OBJECTID="175668852" OBJECTGUID="84397a4c-8772-4e3d-8d92-099bd93621a0" CHANGEID="691595040" ISACTIVE="1" LEVELID="11" CREATEDATE="2025-11-01" UPDATEDATE="2025-11-01" /><OBJECT OBJECTID="175668853" OBJECTGUID="e85191b0-1896-4983-9a7c-f647ec925d49" CHANGEID="691595041" ISACTIVE="1" LEVELID="11" CREATEDATE="2025-11-01" UPDATEDATE="2025-11-01" /><OBJECT OBJECTID="175668854" OBJECTGUID="8b8cb54b-ec28-4d37-a057-91218945a9d0" CHANGEID="691595042" ISACTIVE="1" LEVELID="11" CREATEDATE="2025-11-01" UPDATEDATE="2025-11-01" /><OBJECT OBJECTID="175668855" OBJECTGUID="944f56de-5c0e-449f-a624-8e413b9928cc" CHANGEID="691595043" ISACTIVE="1" LEVELID="11" CREATEDATE="2025-11-01" UPDATEDATE="2025-11-01" /><OBJECT OBJECTID="175668856" OBJECTGUID="6d1eb4b0-1d9e-4f7d-a7b4-df42ead32a35" CHANGEID="691595044" ISACTIVE="1" LEVELID="11" CREATEDATE="2025-11-01" UPDATEDATE="2025-11-01" /><OBJECT OBJECTID="175668857" OBJECTGUID="465a47b6-d40c-497a-a7dc-ed6b7cc6bcf7" CHANGEID="691595045" ISACTIVE="1" LEVELID="11" CREATEDATE="2025-11-01" UPDATEDATE="2025-11-01" /><OBJECT OBJECTID="175668858" OBJECTGUID="16a2dc60-5434-49fd-96b0-bea400ed673b" CHANGEID="691595046" ISACTIVE="1" LEVELID="11" CREATEDATE="2025-11-01" UPDATEDATE="2025-11-01" /><OBJECT OBJECTID="175668859" OBJECTGUID="72a4d1a3-1f60-4c3a-8d29-c122da31f86f" CHANGEID="691595047" ISACTIVE="1" LEVELID="11" CREATEDATE="2025-11-01" UPDATEDATE="2025-11-01" /><OBJECT OBJECTID="175668860" OBJECTGUID="cd2a1c60-d5ba-4f2d-9c80-2ad2e0a69c31" CHANGEID="691595048" ISACTIVE="1" LEVELID="11" CREATEDATE="2025-11-01" UPDATEDATE="2025-11-01" /><OBJECT OBJECTID="175668861" OBJECTGUID="0dfe4cc1-3602-4608-9390-8ddc103dcd83" CHANGEID="691595049" ISACTIVE="1" LEVELID="11" CREATEDATE="2025-11-01" UPDATEDATE="2025-11-01" /><OBJECT OBJECTID="175668862" OBJECTGUID="91de7210-d389-45a0-a15a-beb1ec79a6c7" CHANGEID="691595050" ISACTIVE="1" LEVELID="11" CREATEDATE="2025-11-01" UPDATEDATE="2025-11-01" /><OBJECT OBJECTID="175668863" OBJECTGUID="ffa6ebe5-77a9-42dc-bc78-3a4898860ee4" CHANGEID="691595051" ISACTIVE="1" LEVELID="11" CREATEDATE="2025-11-01" UPDATEDATE="2025-11-01" /><OBJECT OBJECTID="175668864" OBJECTGUID="a6c7d9fb-78bf-4c12-a6bb-468fe5113ae0" CHANGEID="691595052" ISACTIVE="1" LEVELID="11" CREATEDATE="2025-11-01" UPDATEDATE="2025-11-01" /><OBJECT OBJECTID="175668865" OBJECTGUID="c4e6b52f-20c2-4f56-a70d-789cdda0238b" CHANGEID="691595053" ISACTIVE="1" LEVELID="11" CREATEDATE="2025-11-01" UPDATEDATE="2025-11-01" /><OBJECT OBJECTID="175668866" OBJECTGUID="7f29e1b0-060d-4591-9476-ad607d7f5193" CHANGEID="691595054" ISACTIVE="1" LEVELID="11" CREATEDATE="2025-11-01" UPDATEDATE="2025-11-01" /><OBJECT OBJECTID="175668867" OBJECTGUID="0acc04d0-33ea-431e-afb6-b04df6f5e8ee" CHANGEID="691595055" ISACTIVE="1" LEVELID="11" CREATEDATE="2025-11-01" UPDATEDATE="2025-11-01" /><OBJECT OBJECTID="175668868" OBJECTGUID="72ae0a36-17ae-48f0-983a-cc73d4b4cb12" CHANGEID="691595056" ISACTIVE="1" LEVELID="11" CREATEDATE="2025-11-01" UPDATEDATE="2025-11-01" /><OBJECT OBJECTID="175668869" OBJECTGUID="52b2e303-a913-4b89-acdd-c6f298972336" CHANGEID="691595057" ISACTIVE="1" LEVELID="11" CREATEDATE="2025-11-01" UPDATEDATE="2025-11-01" /><OBJECT OBJECTID="175668870" OBJECTGUID="cf8202ad-baa2-4d68-a948-a9882ce04406" CHANGEID="691595058" ISACTIVE="1" LEVELID="11" CREATEDATE="2025-11-01" UPDATEDATE="2025-11-01" /><OBJECT OBJECTID="175668874" OBJECTGUID="45834066-e540-4dd7-895b-5c40bb5cdfe9" CHANGEID="691595065" ISACTIVE="1" LEVELID="11" CREATEDATE="2025-11-01" UPDATEDATE="2025-11-01" /><OBJECT OBJECTID="175668875" OBJECTGUID="5658c712-128c-4883-80a8-c0abacee61d4" CHANGEID="691595066" ISACTIVE="1" LEVELID="11" CREATEDATE="2025-11-01" UPDATEDATE="2025-11-01" /><OBJECT OBJECTID="175668876" OBJECTGUID="61aa177e-10bd-415c-b8c7-80a7a77f295b" CHANGEID="691595067" ISACTIVE="1" LEVELID="11" CREATEDATE="2025-11-01" UPDATEDATE="2025-11-01" /><OBJECT OBJECTID="175668881" OBJECTGUID="62a6d4fc-90d9-4b6d-89ea-9f478ed9f428" CHANGEID="691595092" ISACTIVE="1" LEVELID="11" CREATEDATE="2025-11-01" UPDATEDATE="2025-11-01" /><OBJECT OBJECTID="175668882" OBJECTGUID="3bc4ed76-b992-446f-87c1-6594785a0dd4" CHANGEID="691595093" ISACTIVE="1" LEVELID="11" CREATEDATE="2025-11-01" UPDATEDATE="2025-11-01" /><OBJECT OBJECTID="175668883" OBJECTGUID="9feeba48-67bf-4d47-8e6d-36b785285950" CHANGEID="691595094" ISACTIVE="1" LEVELID="11" CREATEDATE="2025-11-01" UPDATEDATE="2025-11-01" /><OBJECT OBJECTID="175668884" OBJECTGUID="e472fe61-d391-448b-8411-b165cbaf1788" CHANGEID="691595095" ISACTIVE="1" LEVELID="11" CREATEDATE="2025-11-01" UPDATEDATE="2025-11-01" /><OBJECT OBJECTID="175668885" OBJECTGUID="ba3083b8-bf11-46cd-b2a1-3e13cfd25b39" CHANGEID="691595096" ISACTIVE="1" LEVELID="11" CREATEDATE="2025-11-01" UPDATEDATE="2025-11-01" /><OBJECT OBJECTID="175668886" OBJECTGUID="283859c5-bf9b-47ee-8491-e466df29a655" CHANGEID="691595097" ISACTIVE="1" LEVELID="11" CREATEDATE="2025-11-01" UPDATEDATE="2025-11-01" /><OBJECT OBJECTID="175668887" OBJECTGUID="67d7a2d8-036f-408c-b1b6-c4a4948a00a7" CHANGEID="691595098" ISACTIVE="1" LEVELID="11" CREATEDATE="2025-11-01" UPDATEDATE="2025-11-01" /><OBJECT OBJECTID="175668888" OBJECTGUID="1dc6a045-e99a-4d40-8b9e-3f0a1108958d" CHANGEID="691595099" ISACTIVE="1" LEVELID="11" CREATEDATE="2025-11-01" UPDATEDATE="2025-11-01" /><OBJECT OBJECTID="175668889" OBJECTGUID="8ad29f35-7b57-4ca5-a4b4-77529d4cfc4d" CHANGEID="691595100" ISACTIVE="1" LEVELID="11" CREATEDATE="2025-11-01" UPDATEDATE="2025-11-01" /><OBJECT OBJECTID="175668890" OBJECTGUID="586c62af-14bb-40ac-8017-ad4785e400ad" CHANGEID="691595101" ISACTIVE="1" LEVELID="11" CREATEDATE="2025-11-01" UPDATEDATE="2025-11-01" /><OBJECT OBJECTID="175668891" OBJECTGUID="5e2b7eac-71b1-4e75-b602-6efffdf81f53" CHANGEID="691595102" ISACTIVE="1" LEVELID="11" CREATEDATE="2025-11-01" UPDATEDATE="2025-11-01" /><OBJECT OBJECTID="175668892" OBJECTGUID="32794d75-dbda-4396-af8a-131ba1b2bb27" CHANGEID="691595103" ISACTIVE="1" LEVELID="11" CREATEDATE="2025-11-01" UPDATEDATE="2025-11-01" /><OBJECT OBJECTID="175668893" OBJECTGUID="87038e88-a816-4a43-8a66-2a1ed5efeae4" CHANGEID="691595104" ISACTIVE="1" LEVELID="11" CREATEDATE="2025-11-01" UPDATEDATE="2025-11-01" /><OBJECT OBJECTID="175668894" OBJECTGUID="46c4ff6b-d56c-4937-95fe-378afe42dd16" CHANGEID="691595105" ISACTIVE="1" LEVELID="11" CREATEDATE="2025-11-01" UPDATEDATE="2025-11-01" /><OBJECT OBJECTID="175668895" OBJECTGUID="0c070d16-83ef-4cf8-bf1b-3ca15fed4a3b" CHANGEID="691595106" ISACTIVE="1" LEVELID="11" CREATEDATE="2025-11-01" UPDATEDATE="2025-11-01" /><OBJECT OBJECTID="175668896" OBJECTGUID="748cae5a-188c-474a-bb15-c6d894d8c8bf" CHANGEID="691595107" ISACTIVE="1" LEVELID="11" CREATEDATE="2025-11-01" UPDATEDATE="2025-11-01" /><OBJECT OBJECTID="175668897" OBJECTGUID="29b5d62b-d7a1-47ea-b51e-5ad814104561" CHANGEID="691595108" ISACTIVE="1" LEVELID="11" CREATEDATE="2025-11-01" UPDATEDATE="2025-11-01" /><OBJECT OBJECTID="175668898" OBJECTGUID="b4d681cc-1e00-4246-8418-d76956a6bdd1" CHANGEID="691595109" ISACTIVE="1" LEVELID="11" CREATEDATE="2025-11-01" UPDATEDATE="2025-11-01" /><OBJECT OBJECTID="175668909" OBJECTGUID="98d4c308-2368-4c82-a216-558582e9cdc3" CHANGEID="691595121" ISACTIVE="1" LEVELID="11" CREATEDATE="2025-11-01" UPDATEDATE="2025-11-01" /><OBJECT OBJECTID="175668910" OBJECTGUID="ca3c8f41-6e71-4c0b-ae4f-4cf7565e0c15" CHANGEID="691595122" ISACTIVE="1" LEVELID="11" CREATEDATE="2025-11-01" UPDATEDATE="2025-11-01" /><OBJECT OBJECTID="175668911" OBJECTGUID="608feddd-f046-4cee-9139-83f0dfba680a" CHANGEID="691595123" ISACTIVE="1" LEVELID="11" CREATEDATE="2025-11-01" UPDATEDATE="2025-11-01" /><OBJECT OBJECTID="175668912" OBJECTGUID="d81e5b8e-1a0b-4bde-985e-52945662e8ac" CHANGEID="691595124" ISACTIVE="1" LEVELID="11" CREATEDATE="2025-11-01" UPDATEDATE="2025-11-01" /><OBJECT OBJECTID="175668913" OBJECTGUID="787e2c25-0b07-4d9d-94a3-fb56eae2089d" CHANGEID="691595125" ISACTIVE="1" LEVELID="11" CREATEDATE="2025-11-01" UPDATEDATE="2025-11-01" /><OBJECT OBJECTID="175668914" OBJECTGUID="9c587dbf-cbec-4b21-81d0-fc0fec9e8c2e" CHANGEID="691595126" ISACTIVE="1" LEVELID="11" CREATEDATE="2025-11-01" UPDATEDATE="2025-11-01" /><OBJECT OBJECTID="175668915" OBJECTGUID="08a24404-9396-404b-923d-8bf7727d3246" CHANGEID="691595127" ISACTIVE="1" LEVELID="11" CREATEDATE="2025-11-01" UPDATEDATE="2025-11-01" /><OBJECT OBJECTID="175668916" OBJECTGUID="ee4fa42f-fbc7-4c32-a838-820abb6f1536" CHANGEID="691595128" ISACTIVE="1" LEVELID="11" CREATEDATE="2025-11-01" UPDATEDATE="2025-11-01" /><OBJECT OBJECTID="175668917" OBJECTGUID="71fa030c-106c-4e64-9cc3-8c037d19907a" CHANGEID="691595132" ISACTIVE="1" LEVELID="11" CREATEDATE="2025-11-01" UPDATEDATE="2025-11-01" /><OBJECT OBJECTID="175668918" OBJECTGUID="6f315fc8-f170-4932-bc0a-31d1a89630f8" CHANGEID="691595133" ISACTIVE="1" LEVELID="11" CREATEDATE="2025-11-01" UPDATEDATE="2025-11-01" /><OBJECT OBJECTID="175668919" OBJECTGUID="59fc83e4-02b8-423f-825e-0d9e820d1e6a" CHANGEID="691595134" ISACTIVE="1" LEVELID="11" CREATEDATE="2025-11-01" UPDATEDATE="2025-11-01" /><OBJECT OBJECTID="175668920" OBJECTGUID="3eeba84c-bf06-4154-9060-a43654a7d53f" CHANGEID="691595135" ISACTIVE="1" LEVELID="11" CREATEDATE="2025-11-01" UPDATEDATE="2025-11-01" /><OBJECT OBJECTID="175668921" OBJECTGUID="a5c3fa80-7895-4f8d-a360-ba7de4438180" CHANGEID="691595136" ISACTIVE="1" LEVELID="11" CREATEDATE="2025-11-01" UPDATEDATE="2025-11-01" /><OBJECT OBJECTID="175668922" OBJECTGUID="0cbf6491-146d-4f46-8b52-1b02f3492f9d" CHANGEID="691595137" ISACTIVE="1" LEVELID="11" CREATEDATE="2025-11-01" UPDATEDATE="2025-11-01" /><OBJECT OBJECTID="33410702" OBJECTGUID="6a5f0e4a-8f07-4a08-97a2-89e94903b155" CHANGEID="691532380" ISACTIVE="1" LEVELID="11" CREATEDATE="2017-10-06" UPDATEDATE="2025-10-31" /><OBJECT OBJECTID="34841605" OBJECTGUID="2cdfeb11-af65-475d-ac64-30f5707ad767" CHANGEID="691532369" ISACTIVE="1" LEVELID="11" CREATEDATE="2017-09-28" UPDATEDATE="2025-10-31" /><OBJECT OBJECTID="44561414" OBJECTGUID="bc4a0928-cfb1-477d-ab17-14fc90100f09" CHANGEID="691532292" ISACTIVE="1" LEVELID="11" CREATEDATE="2017-10-06" UPDATEDATE="2025-10-31" /><OBJECT OBJECTID="45701081" OBJECTGUID="2af4e7ce-c6a6-4de4-8b44-61c1c7d2e239" CHANGEID="691534764" ISACTIVE="1" LEVELID="11" CREATEDATE="2017-11-16" UPDATEDATE="2025-10-31" /><OBJECT OBJECTID="45773572" OBJECTGUID="399ca8b3-3eb7-418b-974e-398eda0c4523" CHANGEID="691534678" ISACTIVE="1" LEVELID="11" CREATEDATE="2017-11-16" UPDATEDATE="2025-10-31" /><OBJECT OBJECTID="45790333" OBJECTGUID="95ad2bfc-9931-410f-ac2f-1e6ea84fde2b" CHANGEID="691534700" ISACTIVE="1" LEVELID="11" CREATEDATE="2017-11-16" UPDATEDATE="2025-10-31" /><OBJECT OBJECTID="71762179" OBJECTGUID="d4bab8cf-d204-4870-be4c-1a4713a4b287" CHANGEID="691470159" ISACTIVE="0" LEVELID="10" CREATEDATE="2012-01-31" UPDATEDATE="2025-10-30" /><OBJECT OBJECTID="52601761" OBJECTGUID="fd6b2d11-d0de-4eae-bb5d-a40748ca05f6" CHANGEID="691582134" ISACTIVE="0" LEVELID="10" CREATEDATE="2012-04-20" UPDATEDATE="2025-11-01" /><OBJECT OBJECTID="68522903" OBJECTGUID="8b7e8d45-c8b0-440c-84a4-3f988612e8df" CHANGEID="691564215" ISACTIVE="0" LEVELID="10" CREATEDATE="2019-07-10" UPDATEDATE="2025-11-01" /><OBJECT OBJECTID="42179416" OBJECTGUID="4fbbeff7-8302-4ef5-a7b2-9fa72d21033b" CHANGEID="691562121" ISACTIVE="0" LEVELID="10" CREATEDATE="2019-07-10" UPDATEDATE="2025-11-01" /><OBJECT OBJECTID="79566475" OBJECTGUID="64adf8b7-fb0d-45ae-bb6a-c01868054bc7" CHANGEID="691468286" ISACTIVE="1" LEVELID="10" CREATEDATE="2019-04-10" UPDATEDATE="2025-10-30" /></REESTR_OBJECTS>