﻿<?xml version="1.0" encoding="utf-8"?><HOUSES><HOUSE ID="55413964" OBJECTID="57986742" OBJECTGUID="38ef6413-e9ea-4c09-9040-a8ad1cf97a9b" CHANGEID="86681016" HOUSENUM="16" HOUSETYPE="2" OPERTYPEID="20" PREVID="34718250" NEXTID="129431566" UPDATEDATE="2025-10-31" STARTDATE="2014-01-10" ENDDATE="2025-10-31" ISACTUAL="0" ISACTIVE="0" /><HOUSE ID="56202622" OBJECTID="45364783" OBJECTGUID="4416546f-3a66-4997-b977-faf7d53e966b" CHANGEID="68335261" HOUSENUM="31" HOUSETYPE="2" OPERTYPEID="20" PREVID="27093494" NEXTID="129439743" UPDATEDATE="2025-11-01" STARTDATE="2019-11-26" ENDDATE="2025-11-01" ISACTUAL="0" ISACTIVE="0" /><HOUSE ID="60863754" OBJECTID="17086239" OBJECTGUID="85dd4c57-704c-487b-b8e1-c76cd3ee3c71" CHANGEID="27026796" HOUSENUM="3а" HOUSETYPE="2" OPERTYPEID="20" PREVID="9772289" NEXTID="129427828" UPDATEDATE="2025-10-31" STARTDATE="2019-11-26" ENDDATE="2025-10-31" ISACTUAL="0" ISACTIVE="0" /><HOUSE ID="67639469" OBJECTID="51788398" OBJECTGUID="e587fdda-5a4d-430e-aeae-88b053daf6bf" CHANGEID="77619651" HOUSENUM="37" HOUSETYPE="2" OPERTYPEID="20" PREVID="30940035" NEXTID="129440520" UPDATEDATE="2025-11-01" STARTDATE="2019-09-25" ENDDATE="2025-11-01" ISACTUAL="0" ISACTIVE="0" /><HOUSE ID="129026792" OBJECTID="174522676" OBJECTGUID="45b2a2d6-7ff5-457b-ba86-ad2ec2155448" CHANGEID="688787248" HOUSENUM="11" HOUSETYPE="2" OPERTYPEID="10" PREVID="0" NEXTID="129439741" UPDATEDATE="2025-11-01" STARTDATE="2025-09-09" ENDDATE="2025-11-01" ISACTUAL="0" ISACTIVE="0" /><HOUSE ID="129421103" OBJECTID="175606300" OBJECTGUID="99497082-6a9f-49a0-9c88-bf30ce7427d7" CHANGEID="691477663" HOUSENUM="30" HOUSETYPE="2" OPERTYPEID="10" PREVID="0" NEXTID="0" UPDATEDATE="2025-10-30" STARTDATE="2025-10-30" ENDDATE="2079-06-06" ISACTUAL="1" ISACTIVE="1" /><HOUSE ID="129421111" OBJECTID="175606348" OBJECTGUID="d8581cc8-73ba-4ddd-b450-cf326f71d315" CHANGEID="691477726" HOUSENUM="16" HOUSETYPE="2" OPERTYPEID="10" PREVID="0" NEXTID="0" UPDATEDATE="2025-10-30" STARTDATE="2025-10-30" ENDDATE="2079-06-06" ISACTUAL="1" ISACTIVE="1" /><HOUSE ID="129427828" OBJECTID="17086239" OBJECTGUID="85dd4c57-704c-487b-b8e1-c76cd3ee3c71" CHANGEID="691509853" HOUSENUM="3а" HOUSETYPE="2" OPERTYPEID="30" PREVID="60863754" NEXTID="0" UPDATEDATE="2025-10-31" STARTDATE="2025-10-31" ENDDATE="2079-06-06" ISACTUAL="1" ISACTIVE="0" /><HOUSE ID="129431501" OBJECTID="175637868" OBJECTGUID="b0cd2e8d-174d-4a9d-a38d-71611b0f5499" CHANGEID="691529143" HOUSENUM="24" HOUSETYPE="2" OPERTYPEID="10" PREVID="0" NEXTID="0" UPDATEDATE="2025-10-31" STARTDATE="2025-10-31" ENDDATE="2079-06-06" ISACTUAL="1" ISACTIVE="1" /><HOUSE ID="129431503" OBJECTID="175637870" OBJECTGUID="223f01b1-9a24-4e56-b748-e07333490c6a" CHANGEID="691529145" HOUSENUM="1В" HOUSETYPE="2" OPERTYPEID="10" PREVID="0" NEXTID="0" UPDATEDATE="2025-10-31" STARTDATE="2025-10-31" ENDDATE="2079-06-06" ISACTUAL="1" ISACTIVE="1" /><HOUSE ID="129431517" OBJECTID="175637895" OBJECTGUID="a6d5ab50-3c8b-4219-9da2-d6f8aeae5587" CHANGEID="691529182" HOUSENUM="15" HOUSETYPE="5" OPERTYPEID="10" PREVID="0" NEXTID="0" UPDATEDATE="2025-10-31" STARTDATE="2025-10-31" ENDDATE="2079-06-06" ISACTUAL="1" ISACTIVE="1" /><HOUSE ID="129431522" OBJECTID="175637902" OBJECTGUID="ff01c2df-0906-4109-9785-0e6d196d4387" CHANGEID="691529266" HOUSENUM="1б" HOUSETYPE="5" OPERTYPEID="10" PREVID="0" NEXTID="0" UPDATEDATE="2025-10-31" STARTDATE="2025-10-31" ENDDATE="2079-06-06" ISACTUAL="1" ISACTIVE="1" /><HOUSE ID="129431566" OBJECTID="57986742" OBJECTGUID="38ef6413-e9ea-4c09-9040-a8ad1cf97a9b" CHANGEID="691529689" HOUSENUM="16" HOUSETYPE="2" OPERTYPEID="60" PREVID="55413964" UPDATEDATE="2025-10-31" STARTDATE="2025-10-31" ENDDATE="2079-06-06" ISACTUAL="1" ISACTIVE="0" /><HOUSE ID="129431567" OBJECTID="175638235" OBJECTGUID="53b1dac1-e93b-4afe-a93c-2eab1fc5da7e" CHANGEID="691529690" HOUSENUM="16" HOUSETYPE="2" OPERTYPEID="61" PREVID="129431566" NEXTID="0" UPDATEDATE="2025-10-31" STARTDATE="2025-10-31" ENDDATE="2079-06-06" ISACTUAL="1" ISACTIVE="1" /><HOUSE ID="129431568" OBJECTID="175638236" OBJECTGUID="7cdd36db-5917-4aec-828d-92bb98ebe671" CHANGEID="691529691" HOUSENUM="16а" HOUSETYPE="2" OPERTYPEID="61" PREVID="129431566" NEXTID="0" UPDATEDATE="2025-10-31" STARTDATE="2025-10-31" ENDDATE="2079-06-06" ISACTUAL="1" ISACTIVE="1" /><HOUSE ID="129434580" OBJECTID="175651987" OBJECTGUID="299f7c8f-368a-455e-8871-ffe2dfd3a0da" CHANGEID="691567155" HOUSENUM="1" HOUSETYPE="2" OPERTYPEID="10" PREVID="0" NEXTID="0" UPDATEDATE="2025-11-01" STARTDATE="2025-11-01" ENDDATE="2079-06-06" ISACTUAL="1" ISACTIVE="1" /><HOUSE ID="129436010" OBJECTID="175656725" OBJECTGUID="06400e33-b38b-4a93-a14d-4eec0b723614" CHANGEID="691574450" HOUSENUM="67" HOUSETYPE="2" OPERTYPEID="10" PREVID="0" NEXTID="0" UPDATEDATE="2025-11-01" STARTDATE="2025-11-01" ENDDATE="2079-06-06" ISACTUAL="1" ISACTIVE="1" /><HOUSE ID="129439741" OBJECTID="174522676" OBJECTGUID="45b2a2d6-7ff5-457b-ba86-ad2ec2155448" CHANGEID="691592516" HOUSENUM="9" HOUSETYPE="2" OPERTYPEID="20" PREVID="129026792" UPDATEDATE="2025-11-01" STARTDATE="2025-11-01" ENDDATE="2079-06-06" ISACTUAL="1" ISACTIVE="1" /><HOUSE ID="129439743" OBJECTID="45364783" OBJECTGUID="4416546f-3a66-4997-b977-faf7d53e966b" CHANGEID="691592544" HOUSENUM="31" HOUSETYPE="2" OPERTYPEID="30" PREVID="56202622" NEXTID="0" UPDATEDATE="2025-11-01" STARTDATE="2025-11-01" ENDDATE="2079-06-06" ISACTUAL="1" ISACTIVE="0" /><HOUSE ID="129439744" OBJECTID="45477777" OBJECTGUID="25d76a50-bda8-4159-befb-34d7d6d463ee" CHANGEID="691592545" HOUSENUM="31б" HOUSETYPE="2" OPERTYPEID="30" PREVID="54061163" NEXTID="0" UPDATEDATE="2025-11-01" STARTDATE="2025-11-01" ENDDATE="2079-06-06" ISACTUAL="1" ISACTIVE="0" /><HOUSE ID="54061163" OBJECTID="45477777" OBJECTGUID="25d76a50-bda8-4159-befb-34d7d6d463ee" CHANGEID="68505533" HOUSENUM="31б" HOUSETYPE="2" OPERTYPEID="20" PREVID="27168087" NEXTID="129439744" UPDATEDATE="2025-11-01" STARTDATE="2019-11-26" ENDDATE="2025-11-01" ISACTUAL="0" ISACTIVE="0" /><HOUSE ID="129440229" OBJECTID="175668237" OBJECTGUID="c28db7e1-a034-4d01-8d44-31f017e2b060" CHANGEID="691594121" HOUSENUM="25" HOUSETYPE="2" OPERTYPEID="10" PREVID="0" NEXTID="0" UPDATEDATE="2025-11-01" STARTDATE="2025-11-01" ENDDATE="2079-06-06" ISACTUAL="1" ISACTIVE="1" /><HOUSE ID="129440520" OBJECTID="51788398" OBJECTGUID="e587fdda-5a4d-430e-aeae-88b053daf6bf" CHANGEID="691594927" HOUSENUM="37" HOUSETYPE="2" OPERTYPEID="30" PREVID="67639469" NEXTID="0" UPDATEDATE="2025-11-01" STARTDATE="2025-11-01" ENDDATE="2079-06-06" ISACTUAL="1" ISACTIVE="0" /></HOUSES>