﻿<?xml version="1.0" encoding="utf-8"?><REESTR_OBJECTS><OBJECT OBJECTID="45366159" OBJECTGUID="52d5abcb-1edc-4edb-857a-fc2a57cb0882" CHANGEID="691535557" ISACTIVE="0" LEVELID="11" CREATEDATE="2018-07-31" UPDATEDATE="2025-10-31" /><OBJECT OBJECTID="45477777" OBJECTGUID="25d76a50-bda8-4159-befb-34d7d6d463ee" CHANGEID="691592545" ISACTIVE="0" LEVELID="10" CREATEDATE="2017-12-18" UPDATEDATE="2025-11-01" /><OBJECT OBJECTID="50342552" OBJECTGUID="a1955ef5-fd9d-4131-8182-2ac1b39b1e76" CHANGEID="691590441" ISACTIVE="1" LEVELID="10" CREATEDATE="2017-12-18" UPDATEDATE="2025-11-01" /><OBJECT OBJECTID="77382808" OBJECTGUID="6b95c06f-2610-40f8-b769-775658f601b0" CHANGEID="691503801" ISACTIVE="1" LEVELID="10" CREATEDATE="2017-12-18" UPDATEDATE="2025-10-31" /><OBJECT OBJECTID="175601560" OBJECTGUID="4b5d58aa-07e4-4932-9e3f-a41769c16c22" CHANGEID="691470013" ISACTIVE="1" LEVELID="9" CREATEDATE="2025-10-30" UPDATEDATE="2025-10-30" /><OBJECT OBJECTID="175606300" OBJECTGUID="99497082-6a9f-49a0-9c88-bf30ce7427d7" CHANGEID="691477663" ISACTIVE="1" LEVELID="10" CREATEDATE="2025-10-30" UPDATEDATE="2025-10-30" /><OBJECT OBJECTID="175606348" OBJECTGUID="d8581cc8-73ba-4ddd-b450-cf326f71d315" CHANGEID="691477726" ISACTIVE="1" LEVELID="10" CREATEDATE="2025-10-30" UPDATEDATE="2025-10-30" /><OBJECT OBJECTID="175611355" OBJECTGUID="301734d1-958e-4d03-a240-7843e0504dab" CHANGEID="691486519" ISACTIVE="1" LEVELID="9" CREATEDATE="2025-10-30" UPDATEDATE="2025-10-30" /><OBJECT OBJECTID="175637865" OBJECTGUID="c179688f-7862-4a22-93c6-807bbd401de6" CHANGEID="691529138" ISACTIVE="1" LEVELID="9" CREATEDATE="2025-10-31" UPDATEDATE="2025-10-31" /><OBJECT OBJECTID="175637868" OBJECTGUID="b0cd2e8d-174d-4a9d-a38d-71611b0f5499" CHANGEID="691529143" ISACTIVE="1" LEVELID="10" CREATEDATE="2025-10-31" UPDATEDATE="2025-10-31" /><OBJECT OBJECTID="175637870" OBJECTGUID="223f01b1-9a24-4e56-b748-e07333490c6a" CHANGEID="691529145" ISACTIVE="1" LEVELID="10" CREATEDATE="2025-10-31" UPDATEDATE="2025-10-31" /><OBJECT OBJECTID="175637878" OBJECTGUID="d7e0e201-33a5-485a-a0c2-c657ce72219a" CHANGEID="691529155" ISACTIVE="1" LEVELID="9" CREATEDATE="2025-10-31" UPDATEDATE="2025-10-31" /><OBJECT OBJECTID="175637890" OBJECTGUID="b2ddaf21-1cff-42fb-918e-a32ce4cf161a" CHANGEID="691529176" ISACTIVE="1" LEVELID="9" CREATEDATE="2025-10-31" UPDATEDATE="2025-10-31" /><OBJECT OBJECTID="175637895" OBJECTGUID="a6d5ab50-3c8b-4219-9da2-d6f8aeae5587" CHANGEID="691529182" ISACTIVE="1" LEVELID="10" CREATEDATE="2025-10-31" UPDATEDATE="2025-10-31" /><OBJECT OBJECTID="175637901" OBJECTGUID="119f8022-1035-4581-9c09-621adec2cecc" CHANGEID="691529264" ISACTIVE="1" LEVELID="9" CREATEDATE="2025-10-31" UPDATEDATE="2025-10-31" /><OBJECT OBJECTID="175637902" OBJECTGUID="ff01c2df-0906-4109-9785-0e6d196d4387" CHANGEID="691529266" ISACTIVE="1" LEVELID="10" CREATEDATE="2025-10-31" UPDATEDATE="2025-10-31" /><OBJECT OBJECTID="175637965" OBJECTGUID="7379f05b-2f0a-48b5-bfb9-077a89964984" CHANGEID="691529347" ISACTIVE="1" LEVELID="9" CREATEDATE="2025-10-31" UPDATEDATE="2025-10-31" /><OBJECT OBJECTID="75618363" OBJECTGUID="ae09175b-3b30-4db4-bd2d-e78508d467ed" CHANGEID="691529565" ISACTIVE="1" LEVELID="10" CREATEDATE="2017-12-18" UPDATEDATE="2025-10-31" /><OBJECT OBJECTID="175638235" OBJECTGUID="53b1dac1-e93b-4afe-a93c-2eab1fc5da7e" CHANGEID="691529690" ISACTIVE="1" LEVELID="10" CREATEDATE="2025-10-31" UPDATEDATE="2025-10-31" /><OBJECT OBJECTID="175638236" OBJECTGUID="7cdd36db-5917-4aec-828d-92bb98ebe671" CHANGEID="691529691" ISACTIVE="1" LEVELID="10" CREATEDATE="2025-10-31" UPDATEDATE="2025-10-31" /><OBJECT OBJECTID="175638358" OBJECTGUID="97388b8e-17d9-4296-b296-222591d05d7e" CHANGEID="691529882" ISACTIVE="1" LEVELID="9" CREATEDATE="2025-10-31" UPDATEDATE="2025-10-31" /><OBJECT OBJECTID="175638386" OBJECTGUID="aa6096c4-8d29-4f14-bc81-fdf709df9c9c" CHANGEID="691529932" ISACTIVE="1" LEVELID="9" CREATEDATE="2025-10-31" UPDATEDATE="2025-10-31" /><OBJECT OBJECTID="45366541" OBJECTGUID="e5b15b97-ba1e-4f55-92ea-0bbb66157091" CHANGEID="691535558" ISACTIVE="0" LEVELID="11" CREATEDATE="2018-07-31" UPDATEDATE="2025-10-31" /><OBJECT OBJECTID="175638652" OBJECTGUID="d88c08a8-154b-462d-ac04-6449a19c4469" CHANGEID="691530397" ISACTIVE="1" LEVELID="9" CREATEDATE="2025-10-31" UPDATEDATE="2025-10-31" /><OBJECT OBJECTID="175651987" OBJECTGUID="299f7c8f-368a-455e-8871-ffe2dfd3a0da" CHANGEID="691567155" ISACTIVE="1" LEVELID="10" CREATEDATE="2025-11-01" UPDATEDATE="2025-11-01" /><OBJECT OBJECTID="175656485" OBJECTGUID="a4115b37-d8d6-461f-ac36-e78412d04878" CHANGEID="691574042" ISACTIVE="1" LEVELID="9" CREATEDATE="2025-11-01" UPDATEDATE="2025-11-01" /><OBJECT OBJECTID="175656530" OBJECTGUID="5bc479e2-b7f6-4b43-8707-e34b99124c23" CHANGEID="691574090" ISACTIVE="1" LEVELID="9" CREATEDATE="2025-11-01" UPDATEDATE="2025-11-01" /><OBJECT OBJECTID="175656718" OBJECTGUID="59665b20-0f06-4d55-a888-96072d41f212" CHANGEID="691574440" ISACTIVE="1" LEVELID="11" CREATEDATE="2025-11-01" UPDATEDATE="2025-11-01" /><OBJECT OBJECTID="175656725" OBJECTGUID="06400e33-b38b-4a93-a14d-4eec0b723614" CHANGEID="691574450" ISACTIVE="1" LEVELID="10" CREATEDATE="2025-11-01" UPDATEDATE="2025-11-01" /><OBJECT OBJECTID="35075129" OBJECTGUID="fc02fa43-2a3d-4796-b146-77429725995e" CHANGEID="691577607" ISACTIVE="1" LEVELID="10" CREATEDATE="2017-12-18" UPDATEDATE="2025-11-01" /><OBJECT OBJECTID="50342792" OBJECTGUID="eab865ce-190e-45de-ac58-65aad6570202" CHANGEID="691590442" ISACTIVE="1" LEVELID="10" CREATEDATE="2017-12-18" UPDATEDATE="2025-11-01" /><OBJECT OBJECTID="50771937" OBJECTGUID="3bd7a986-4f4a-4566-a7af-fc7486d68261" CHANGEID="691592302" ISACTIVE="1" LEVELID="10" CREATEDATE="2019-07-14" UPDATEDATE="2025-11-01" /><OBJECT OBJECTID="175667091" OBJECTGUID="0862b308-a5c4-4116-85ce-922e623e419b" CHANGEID="691592495" ISACTIVE="1" LEVELID="9" CREATEDATE="2025-11-01" UPDATEDATE="2025-11-01" /><OBJECT OBJECTID="174522669" OBJECTGUID="1dba36c3-2646-4acb-ac72-3fc637603aed" CHANGEID="691592497" ISACTIVE="1" LEVELID="9" CREATEDATE="2025-09-09" UPDATEDATE="2025-11-01" /><OBJECT OBJECTID="174522676" OBJECTGUID="45b2a2d6-7ff5-457b-ba86-ad2ec2155448" CHANGEID="691592516" ISACTIVE="1" LEVELID="10" CREATEDATE="2025-09-09" UPDATEDATE="2025-11-01" /><OBJECT OBJECTID="62723797" OBJECTGUID="e4b4f397-0796-4606-8bb6-5212708133f7" CHANGEID="691592539" ISACTIVE="1" LEVELID="10" CREATEDATE="2019-07-14" UPDATEDATE="2025-11-01" /><OBJECT OBJECTID="175668237" OBJECTGUID="c28db7e1-a034-4d01-8d44-31f017e2b060" CHANGEID="691594121" ISACTIVE="1" LEVELID="10" CREATEDATE="2025-11-01" UPDATEDATE="2025-11-01" /><OBJECT OBJECTID="93734227" OBJECTGUID="3f4d11bf-ea11-45c5-a8ae-9dea2f70e643" CHANGEID="691595732" ISACTIVE="0" LEVELID="9" CREATEDATE="2019-09-25" UPDATEDATE="2025-11-01" /><OBJECT OBJECTID="175669300" OBJECTGUID="4bf946eb-53f0-417d-8a36-e80f1941a9e7" CHANGEID="691595733" ISACTIVE="1" LEVELID="9" CREATEDATE="2025-11-01" UPDATEDATE="2025-11-01" /><OBJECT OBJECTID="175669301" OBJECTGUID="0f38b42d-0df4-4d76-b05a-e1fbc8d7a397" CHANGEID="691595734" ISACTIVE="1" LEVELID="9" CREATEDATE="2025-11-01" UPDATEDATE="2025-11-01" /><OBJECT OBJECTID="1662798" OBJECTGUID="43bee653-fcc7-4893-95f4-ccd4469ce182" CHANGEID="691478152" ISACTIVE="1" LEVELID="10" CREATEDATE="2018-08-07" UPDATEDATE="2025-10-30" /><OBJECT OBJECTID="17086239" OBJECTGUID="85dd4c57-704c-487b-b8e1-c76cd3ee3c71" CHANGEID="691509853" ISACTIVE="0" LEVELID="10" CREATEDATE="2019-11-26" UPDATEDATE="2025-10-31" /><OBJECT OBJECTID="95439998" OBJECTGUID="d472d1cf-28ed-45eb-96ee-2233c8f1e4a5" CHANGEID="691595750" ISACTIVE="1" LEVELID="9" CREATEDATE="2020-02-04" UPDATEDATE="2025-11-01" /><OBJECT OBJECTID="63342834" OBJECTGUID="545ba953-9ad5-4321-af68-6868e6cdeec1" CHANGEID="691509666" ISACTIVE="1" LEVELID="10" CREATEDATE="2019-07-14" UPDATEDATE="2025-10-31" /><OBJECT OBJECTID="57986742" OBJECTGUID="38ef6413-e9ea-4c09-9040-a8ad1cf97a9b" CHANGEID="691529689" ISACTIVE="0" LEVELID="10" CREATEDATE="2017-12-18" UPDATEDATE="2025-10-31" /><OBJECT OBJECTID="45364783" OBJECTGUID="4416546f-3a66-4997-b977-faf7d53e966b" CHANGEID="691592544" ISACTIVE="0" LEVELID="10" CREATEDATE="2017-12-18" UPDATEDATE="2025-11-01" /><OBJECT OBJECTID="51788398" OBJECTGUID="e587fdda-5a4d-430e-aeae-88b053daf6bf" CHANGEID="691594927" ISACTIVE="0" LEVELID="10" CREATEDATE="2019-09-25" UPDATEDATE="2025-11-01" /><OBJECT OBJECTID="85487492" OBJECTGUID="11d77821-4d04-4f2a-936d-da1dabf4ca10" CHANGEID="691458538" ISACTIVE="0" LEVELID="9" CREATEDATE="2018-11-26" UPDATEDATE="2025-10-30" /><OBJECT OBJECTID="31652278" OBJECTGUID="020b48af-e432-4838-853f-e2bc9b9c4193" CHANGEID="691592523" ISACTIVE="0" LEVELID="11" CREATEDATE="2019-02-15" UPDATEDATE="2025-11-01" /><OBJECT OBJECTID="31654348" OBJECTGUID="59e4969b-5f58-4891-a0af-ea394705cf9a" CHANGEID="691592524" ISACTIVE="0" LEVELID="11" CREATEDATE="2019-02-15" UPDATEDATE="2025-11-01" /><OBJECT OBJECTID="31655936" OBJECTGUID="83601005-f0ef-402b-8d82-34ea1e8692b1" CHANGEID="691592525" ISACTIVE="0" LEVELID="11" CREATEDATE="2019-02-15" UPDATEDATE="2025-11-01" /><OBJECT OBJECTID="104855531" OBJECTGUID="1554959e-0f62-4c91-9a53-43f3d55077a9" CHANGEID="691530214" ISACTIVE="1" LEVELID="9" CREATEDATE="2022-06-29" UPDATEDATE="2025-10-31" /><OBJECT OBJECTID="96238058" OBJECTGUID="1b57279a-5d16-427d-a2b6-362f572d766c" CHANGEID="691592596" ISACTIVE="0" LEVELID="9" CREATEDATE="2020-04-07" UPDATEDATE="2025-11-01" /><OBJECT OBJECTID="95952886" OBJECTGUID="34a085d1-fb14-403d-b44f-ac27cfcaa393" CHANGEID="691577624" ISACTIVE="1" LEVELID="9" CREATEDATE="2020-03-13" UPDATEDATE="2025-11-01" /><OBJECT OBJECTID="96238060" OBJECTGUID="65789f2b-3da9-491c-a28d-b59d3f6ec030" CHANGEID="691592597" ISACTIVE="0" LEVELID="9" CREATEDATE="2020-04-07" UPDATEDATE="2025-11-01" /><OBJECT OBJECTID="95952901" OBJECTGUID="7381fbcc-0705-4ab6-a06b-4bbb91261b45" CHANGEID="691577861" ISACTIVE="0" LEVELID="9" CREATEDATE="2020-03-13" UPDATEDATE="2025-11-01" /><OBJECT OBJECTID="87482265" OBJECTGUID="6f87de6c-bd41-41d8-b651-6743e6169433" CHANGEID="691573701" ISACTIVE="1" LEVELID="9" CREATEDATE="2016-07-25" UPDATEDATE="2025-11-01" /><OBJECT OBJECTID="85488976" OBJECTGUID="a1e280e6-916e-4fdb-b68a-6c764e28e485" CHANGEID="691458537" ISACTIVE="1" LEVELID="9" CREATEDATE="2018-11-26" UPDATEDATE="2025-10-30" /></REESTR_OBJECTS>