﻿<?xml version="1.0" encoding="utf-8"?><STEADS><STEAD ID="74387372" OBJECTID="175344339" OBJECTGUID="508caa4e-eaa4-4341-9f0e-01e23a77fe4a" CHANGEID="690888043" NUMBER="4038" OPERTYPEID="10" PREVID="0" NEXTID="74546755" UPDATEDATE="2025-11-01" STARTDATE="2025-10-20" ENDDATE="2025-11-01" ISACTUAL="0" ISACTIVE="0" /><STEAD ID="74515731" OBJECTID="175585464" OBJECTGUID="9914625f-1a6c-4504-99be-032ead67d85f" CHANGEID="691441355" NUMBER="3" OPERTYPEID="10" PREVID="0" NEXTID="0" UPDATEDATE="2025-10-30" STARTDATE="2025-10-30" ENDDATE="2079-06-06" ISACTUAL="1" ISACTIVE="1" /><STEAD ID="74516281" OBJECTID="84571383" OBJECTGUID="281524cc-5fd6-4c39-ba25-0a391e5e9220" CHANGEID="691442822" NUMBER="2" OPERTYPEID="60" PREVID="15503" UPDATEDATE="2025-10-30" STARTDATE="2025-10-30" ENDDATE="2079-06-06" ISACTUAL="1" ISACTIVE="0" /><STEAD ID="15503" OBJECTID="84571383" OBJECTGUID="281524cc-5fd6-4c39-ba25-0a391e5e9220" CHANGEID="125559243" NUMBER="2" OPERTYPEID="10" NEXTID="74516281" UPDATEDATE="2025-10-30" STARTDATE="2019-07-24" ENDDATE="2025-10-30" ISACTUAL="0" ISACTIVE="0" /><STEAD ID="74516282" OBJECTID="175586122" OBJECTGUID="a53f1d3d-c965-4b13-a2e7-725764e41247" CHANGEID="691442823" NUMBER="2/2" OPERTYPEID="61" PREVID="74516281" NEXTID="0" UPDATEDATE="2025-10-30" STARTDATE="2025-10-30" ENDDATE="2079-06-06" ISACTUAL="1" ISACTIVE="1" /><STEAD ID="74516283" OBJECTID="175586123" OBJECTGUID="a7ec9368-bae5-41bb-897f-5711ee2976a9" CHANGEID="691442824" NUMBER="2/1" OPERTYPEID="61" PREVID="74516281" NEXTID="0" UPDATEDATE="2025-10-30" STARTDATE="2025-10-30" ENDDATE="2079-06-06" ISACTUAL="1" ISACTIVE="1" /><STEAD ID="74516286" OBJECTID="175586128" OBJECTGUID="b5117d88-b14a-4a6d-b8b3-56aeb92e8ea4" CHANGEID="691442830" NUMBER="7А" OPERTYPEID="10" PREVID="0" NEXTID="0" UPDATEDATE="2025-10-30" STARTDATE="2025-10-30" ENDDATE="2079-06-06" ISACTUAL="1" ISACTIVE="1" /><STEAD ID="66427971" OBJECTID="158396654" OBJECTGUID="2ba0bb05-fe0e-4457-a886-34d6da534841" CHANGEID="498660718" NUMBER="Л1" OPERTYPEID="10" PREVID="0" NEXTID="74530889" UPDATEDATE="2025-10-31" STARTDATE="2023-03-27" ENDDATE="2025-10-31" ISACTUAL="0" ISACTIVE="0" /><STEAD ID="74530889" OBJECTID="158396654" OBJECTGUID="2ba0bb05-fe0e-4457-a886-34d6da534841" CHANGEID="691490312" NUMBER="17" OPERTYPEID="50" PREVID="66427971" UPDATEDATE="2025-10-31" STARTDATE="2025-10-31" ENDDATE="2079-06-06" ISACTUAL="1" ISACTIVE="1" /><STEAD ID="74531010" OBJECTID="175613914" OBJECTGUID="43ee3d53-b670-4844-ae44-b8116e666c37" CHANGEID="691491410" NUMBER="120" OPERTYPEID="10" PREVID="0" NEXTID="0" UPDATEDATE="2025-10-31" STARTDATE="2025-10-31" ENDDATE="2079-06-06" ISACTUAL="1" ISACTIVE="1" /><STEAD ID="74531130" OBJECTID="175614038" OBJECTGUID="7418946c-59c6-4005-ae61-17832aa0cd0a" CHANGEID="691491538" NUMBER="114044156" OPERTYPEID="10" PREVID="0" NEXTID="0" UPDATEDATE="2025-10-31" STARTDATE="2025-10-31" ENDDATE="2079-06-06" ISACTUAL="1" ISACTIVE="1" /><STEAD ID="74531605" OBJECTID="175615304" OBJECTGUID="a3f7e73d-78bf-4dc1-bad1-ee5367d70cb8" CHANGEID="691493502" NUMBER="2В" OPERTYPEID="10" PREVID="0" NEXTID="0" UPDATEDATE="2025-10-31" STARTDATE="2025-10-31" ENDDATE="2079-06-06" ISACTUAL="1" ISACTIVE="1" /><STEAD ID="74532433" OBJECTID="175616503" OBJECTGUID="52d2894c-b48b-4a2d-9138-b71eef20aaa9" CHANGEID="691495486" NUMBER="21/1" OPERTYPEID="10" PREVID="0" NEXTID="0" UPDATEDATE="2025-10-31" STARTDATE="2025-10-31" ENDDATE="2079-06-06" ISACTUAL="1" ISACTIVE="1" /><STEAD ID="74532437" OBJECTID="175616513" OBJECTGUID="ca6ce902-4ce3-4c5a-884d-42791783e7ee" CHANGEID="691495496" NUMBER="9Б" OPERTYPEID="10" PREVID="0" NEXTID="0" UPDATEDATE="2025-10-31" STARTDATE="2025-10-31" ENDDATE="2079-06-06" ISACTUAL="1" ISACTIVE="1" /><STEAD ID="74532529" OBJECTID="175616617" OBJECTGUID="24aa8047-0feb-448b-a981-a81d27040c9f" CHANGEID="691495602" NUMBER="2" OPERTYPEID="10" PREVID="0" NEXTID="0" UPDATEDATE="2025-10-31" STARTDATE="2025-10-31" ENDDATE="2079-06-06" ISACTUAL="1" ISACTIVE="1" /><STEAD ID="74532535" OBJECTID="175616624" OBJECTGUID="dba81fb7-472e-4e86-934f-bebb2d7d8339" CHANGEID="691495618" NUMBER="48А" OPERTYPEID="10" PREVID="0" NEXTID="0" UPDATEDATE="2025-10-31" STARTDATE="2025-10-31" ENDDATE="2079-06-06" ISACTUAL="1" ISACTIVE="1" /><STEAD ID="74532562" OBJECTID="175616653" OBJECTGUID="254094e0-3557-482a-b414-cabd1d3e9984" CHANGEID="691495669" NUMBER="28" OPERTYPEID="10" PREVID="0" NEXTID="0" UPDATEDATE="2025-10-31" STARTDATE="2025-10-31" ENDDATE="2079-06-06" ISACTUAL="1" ISACTIVE="1" /><STEAD ID="74532567" OBJECTID="175616661" OBJECTGUID="067860f7-2e8a-416b-96f9-e9e71d3f97fe" CHANGEID="691495684" NUMBER="9" OPERTYPEID="10" PREVID="0" NEXTID="0" UPDATEDATE="2025-10-31" STARTDATE="2025-10-31" ENDDATE="2079-06-06" ISACTUAL="1" ISACTIVE="1" /><STEAD ID="74532576" OBJECTID="175616675" OBJECTGUID="687a7d5b-8aac-4409-9f33-e0d197752c58" CHANGEID="691495700" NUMBER="2" OPERTYPEID="10" PREVID="0" NEXTID="0" UPDATEDATE="2025-10-31" STARTDATE="2025-10-31" ENDDATE="2079-06-06" ISACTUAL="1" ISACTIVE="1" /><STEAD ID="74532586" OBJECTID="175616689" OBJECTGUID="1677d99a-8c00-46b6-b2dd-5d9aea04ca26" CHANGEID="691495716" NUMBER="15" OPERTYPEID="10" PREVID="0" NEXTID="0" UPDATEDATE="2025-10-31" STARTDATE="2025-10-31" ENDDATE="2079-06-06" ISACTUAL="1" ISACTIVE="1" /><STEAD ID="74532899" OBJECTID="175617334" OBJECTGUID="62665940-e9bc-4e35-b2ae-bf63a4a6c885" CHANGEID="691497101" NUMBER="35" OPERTYPEID="10" PREVID="0" NEXTID="0" UPDATEDATE="2025-10-31" STARTDATE="2025-10-31" ENDDATE="2079-06-06" ISACTUAL="1" ISACTIVE="1" /><STEAD ID="74532903" OBJECTID="175617339" OBJECTGUID="4aafd1ba-b0f7-401a-893f-7adb91a81acb" CHANGEID="691497107" NUMBER="2" OPERTYPEID="10" PREVID="0" NEXTID="0" UPDATEDATE="2025-10-31" STARTDATE="2025-10-31" ENDDATE="2079-06-06" ISACTUAL="1" ISACTIVE="1" /><STEAD ID="74532905" OBJECTID="175617342" OBJECTGUID="dcb138d6-a101-4ea0-ab05-4bb887458eb9" CHANGEID="691497123" NUMBER="Л317" OPERTYPEID="10" PREVID="0" NEXTID="0" UPDATEDATE="2025-10-31" STARTDATE="2025-10-31" ENDDATE="2079-06-06" ISACTUAL="1" ISACTIVE="1" /><STEAD ID="74533447" OBJECTID="175618768" OBJECTGUID="3a34251d-61dc-4e21-b517-925770c08ade" CHANGEID="691498903" NUMBER="32" OPERTYPEID="10" PREVID="0" NEXTID="0" UPDATEDATE="2025-10-31" STARTDATE="2025-10-31" ENDDATE="2079-06-06" ISACTUAL="1" ISACTIVE="1" /><STEAD ID="74533473" OBJECTID="175618801" OBJECTGUID="22b551d7-6c3f-489b-827e-5796948192ad" CHANGEID="691498949" NUMBER="36" OPERTYPEID="10" PREVID="0" NEXTID="0" UPDATEDATE="2025-10-31" STARTDATE="2025-10-31" ENDDATE="2079-06-06" ISACTUAL="1" ISACTIVE="1" /><STEAD ID="74533502" OBJECTID="175618833" OBJECTGUID="fcbf1d03-2c67-49be-8aa7-e133f8205a63" CHANGEID="691498987" NUMBER="2" OPERTYPEID="10" PREVID="0" NEXTID="0" UPDATEDATE="2025-10-31" STARTDATE="2025-10-31" ENDDATE="2079-06-06" ISACTUAL="1" ISACTIVE="1" /><STEAD ID="74533514" OBJECTID="175618852" OBJECTGUID="46aca2fc-1555-4c99-80c3-cbf2a2aac855" CHANGEID="691499017" NUMBER="14" OPERTYPEID="10" PREVID="0" NEXTID="0" UPDATEDATE="2025-10-31" STARTDATE="2025-10-31" ENDDATE="2079-06-06" ISACTUAL="1" ISACTIVE="1" /><STEAD ID="74533517" OBJECTID="175618863" OBJECTGUID="28a55110-1313-4605-871a-160a7db1386e" CHANGEID="691499030" NUMBER="29Б" OPERTYPEID="10" PREVID="0" NEXTID="0" UPDATEDATE="2025-10-31" STARTDATE="2025-10-31" ENDDATE="2079-06-06" ISACTUAL="1" ISACTIVE="1" /><STEAD ID="74533470" OBJECTID="175618793" OBJECTGUID="714adfa5-327d-461d-ac68-13ed627fb122" CHANGEID="691498934" NUMBER="34" OPERTYPEID="10" PREVID="0" NEXTID="0" UPDATEDATE="2025-10-31" STARTDATE="2025-10-31" ENDDATE="2079-06-06" ISACTUAL="1" ISACTIVE="1" /><STEAD ID="74533510" OBJECTID="175618843" OBJECTGUID="f2752785-1abf-4200-9912-0374345dfab0" CHANGEID="691499004" NUMBER="21/6" OPERTYPEID="10" PREVID="0" NEXTID="0" UPDATEDATE="2025-10-31" STARTDATE="2025-10-31" ENDDATE="2079-06-06" ISACTUAL="1" ISACTIVE="1" /><STEAD ID="74533722" OBJECTID="175619565" OBJECTGUID="489d220f-19bd-42ef-ae9c-c12e7e75a145" CHANGEID="691499976" NUMBER="84/4" OPERTYPEID="10" PREVID="0" NEXTID="0" UPDATEDATE="2025-10-31" STARTDATE="2025-10-31" ENDDATE="2079-06-06" ISACTUAL="1" ISACTIVE="1" /><STEAD ID="74533719" OBJECTID="175619560" OBJECTGUID="a03479c3-b369-41f4-8c30-6db5ca58985a" CHANGEID="691499965" NUMBER="84/6" OPERTYPEID="10" PREVID="0" NEXTID="0" UPDATEDATE="2025-10-31" STARTDATE="2025-10-31" ENDDATE="2079-06-06" ISACTUAL="1" ISACTIVE="1" /><STEAD ID="74533720" OBJECTID="175619562" OBJECTGUID="36f1a572-d609-4746-862f-9467336fd565" CHANGEID="691499969" NUMBER="84/5" OPERTYPEID="10" PREVID="0" NEXTID="0" UPDATEDATE="2025-10-31" STARTDATE="2025-10-31" ENDDATE="2079-06-06" ISACTUAL="1" ISACTIVE="1" /><STEAD ID="74533755" OBJECTID="175619598" OBJECTGUID="e3dda205-b8ce-46d7-94a5-353cd1e24fc3" CHANGEID="691500029" NUMBER="23" OPERTYPEID="10" PREVID="0" NEXTID="0" UPDATEDATE="2025-10-31" STARTDATE="2025-10-31" ENDDATE="2079-06-06" ISACTUAL="1" ISACTIVE="1" /><STEAD ID="74533782" OBJECTID="175619630" OBJECTGUID="0d99634b-fddc-45b9-88a0-d9a90ad03bae" CHANGEID="691500084" NUMBER="1" OPERTYPEID="10" PREVID="0" NEXTID="0" UPDATEDATE="2025-10-31" STARTDATE="2025-10-31" ENDDATE="2079-06-06" ISACTUAL="1" ISACTIVE="1" /><STEAD ID="74533823" OBJECTID="175619674" OBJECTGUID="648bb210-c2ac-49e9-8bca-062f9ef9b160" CHANGEID="691500158" NUMBER="1/2А" OPERTYPEID="10" PREVID="0" NEXTID="0" UPDATEDATE="2025-10-31" STARTDATE="2025-10-31" ENDDATE="2079-06-06" ISACTUAL="1" ISACTIVE="1" /><STEAD ID="74534462" OBJECTID="175620876" OBJECTGUID="268a26b2-c7ae-48ca-956e-9857ab7a0c32" CHANGEID="691502281" NUMBER="28Б" OPERTYPEID="10" PREVID="0" NEXTID="0" UPDATEDATE="2025-10-31" STARTDATE="2025-10-31" ENDDATE="2079-06-06" ISACTUAL="1" ISACTIVE="1" /><STEAD ID="74534463" OBJECTID="175620877" OBJECTGUID="366f1ffe-a1bf-43a0-a858-83efc2563645" CHANGEID="691502282" NUMBER="28А" OPERTYPEID="10" PREVID="0" NEXTID="0" UPDATEDATE="2025-10-31" STARTDATE="2025-10-31" ENDDATE="2079-06-06" ISACTUAL="1" ISACTIVE="1" /><STEAD ID="74534464" OBJECTID="175620878" OBJECTGUID="6abaac8b-1eb1-4ec8-b64e-a77bdaf1cb39" CHANGEID="691502283" NUMBER="16" OPERTYPEID="10" PREVID="0" NEXTID="0" UPDATEDATE="2025-10-31" STARTDATE="2025-10-31" ENDDATE="2079-06-06" ISACTUAL="1" ISACTIVE="1" /><STEAD ID="74534467" OBJECTID="175620885" OBJECTGUID="822f4d55-c2a4-495e-a720-0a2193b38334" CHANGEID="691502301" NUMBER="11" OPERTYPEID="10" PREVID="0" NEXTID="0" UPDATEDATE="2025-10-31" STARTDATE="2025-10-31" ENDDATE="2079-06-06" ISACTUAL="1" ISACTIVE="1" /><STEAD ID="74534457" OBJECTID="175620865" OBJECTGUID="bc64df25-f551-43e5-bd98-425506dd5a61" CHANGEID="691502256" NUMBER="23" OPERTYPEID="10" PREVID="0" NEXTID="0" UPDATEDATE="2025-10-31" STARTDATE="2025-10-31" ENDDATE="2079-06-06" ISACTUAL="1" ISACTIVE="1" /><STEAD ID="74534460" OBJECTID="175620871" OBJECTGUID="c135e9ae-ef37-48a6-a052-dcac61af6a7a" CHANGEID="691502267" NUMBER="23" OPERTYPEID="10" PREVID="0" NEXTID="0" UPDATEDATE="2025-10-31" STARTDATE="2025-10-31" ENDDATE="2079-06-06" ISACTUAL="1" ISACTIVE="1" /><STEAD ID="74534465" OBJECTID="175620879" OBJECTGUID="58db9472-4ffd-4fcd-85c6-22cf8c9c85c0" CHANGEID="691502290" NUMBER="20А" OPERTYPEID="10" PREVID="0" NEXTID="0" UPDATEDATE="2025-10-31" STARTDATE="2025-10-31" ENDDATE="2079-06-06" ISACTUAL="1" ISACTIVE="1" /><STEAD ID="74534466" OBJECTID="175620880" OBJECTGUID="2249625c-ea36-4d6e-8ec1-e131c1496fd0" CHANGEID="691502291" NUMBER="20" OPERTYPEID="10" PREVID="0" NEXTID="0" UPDATEDATE="2025-10-31" STARTDATE="2025-10-31" ENDDATE="2079-06-06" ISACTUAL="1" ISACTIVE="1" /><STEAD ID="74535426" OBJECTID="175622290" OBJECTGUID="5faf79aa-f358-4cb8-96ea-382d054ba250" CHANGEID="691504491" NUMBER="38" OPERTYPEID="10" PREVID="0" NEXTID="0" UPDATEDATE="2025-10-31" STARTDATE="2025-10-31" ENDDATE="2079-06-06" ISACTUAL="1" ISACTIVE="1" /><STEAD ID="74546094" OBJECTID="175643424" OBJECTGUID="ff37286e-ff7e-432a-9cb5-0fcd374002bf" CHANGEID="691536773" NUMBER="3" OPERTYPEID="10" PREVID="0" NEXTID="0" UPDATEDATE="2025-11-01" STARTDATE="2025-11-01" ENDDATE="2079-06-06" ISACTUAL="1" ISACTIVE="1" /><STEAD ID="74546167" OBJECTID="175643529" OBJECTGUID="5b3f899e-7f75-4c89-a768-9c22eca6014e" CHANGEID="691537986" NUMBER="56/1" OPERTYPEID="10" PREVID="0" NEXTID="0" UPDATEDATE="2025-11-01" STARTDATE="2025-11-01" ENDDATE="2079-06-06" ISACTUAL="1" ISACTIVE="1" /><STEAD ID="74546169" OBJECTID="175643532" OBJECTGUID="a6eaebc8-62a5-4b12-8555-734f51e3e046" CHANGEID="691538042" NUMBER="145А" OPERTYPEID="10" PREVID="0" NEXTID="0" UPDATEDATE="2025-11-01" STARTDATE="2025-11-01" ENDDATE="2079-06-06" ISACTUAL="1" ISACTIVE="1" /><STEAD ID="74546227" OBJECTID="175643605" OBJECTGUID="48349470-9cb6-41c5-b883-ed8d82003325" CHANGEID="691541129" NUMBER="7/1" OPERTYPEID="10" PREVID="0" NEXTID="0" UPDATEDATE="2025-11-01" STARTDATE="2025-11-01" ENDDATE="2079-06-06" ISACTUAL="1" ISACTIVE="1" /><STEAD ID="74546258" OBJECTID="175643640" OBJECTGUID="d6f285ab-fd76-4c8a-ba9e-faca41f141ad" CHANGEID="691541228" NUMBER="62" OPERTYPEID="10" PREVID="0" NEXTID="0" UPDATEDATE="2025-11-01" STARTDATE="2025-11-01" ENDDATE="2079-06-06" ISACTUAL="1" ISACTIVE="1" /><STEAD ID="74546262" OBJECTID="175643644" OBJECTGUID="ae9f8de8-c359-4665-848e-ecd0158fd9d2" CHANGEID="691541245" NUMBER="15/1" OPERTYPEID="10" PREVID="0" NEXTID="0" UPDATEDATE="2025-11-01" STARTDATE="2025-11-01" ENDDATE="2079-06-06" ISACTUAL="1" ISACTIVE="1" /><STEAD ID="74546265" OBJECTID="175643655" OBJECTGUID="9ddacb71-8288-4cfd-bc95-f3e6c158a37b" CHANGEID="691541285" NUMBER="19/1" OPERTYPEID="10" PREVID="0" NEXTID="0" UPDATEDATE="2025-11-01" STARTDATE="2025-11-01" ENDDATE="2079-06-06" ISACTUAL="1" ISACTIVE="1" /><STEAD ID="74546248" OBJECTID="175643628" OBJECTGUID="99d98423-332a-4408-b15f-9c401c803948" CHANGEID="691541187" NUMBER="69/1" OPERTYPEID="10" PREVID="0" NEXTID="0" UPDATEDATE="2025-11-01" STARTDATE="2025-11-01" ENDDATE="2079-06-06" ISACTUAL="1" ISACTIVE="1" /><STEAD ID="74546254" OBJECTID="175643636" OBJECTGUID="79d36f3f-b4ed-4335-a772-ce2090baccf0" CHANGEID="691541213" NUMBER="501" OPERTYPEID="10" PREVID="0" NEXTID="0" UPDATEDATE="2025-11-01" STARTDATE="2025-11-01" ENDDATE="2079-06-06" ISACTUAL="1" ISACTIVE="1" /><STEAD ID="74546255" OBJECTID="175643637" OBJECTGUID="e66af1ae-01d2-4a0f-8d62-d073915dac32" CHANGEID="691541216" NUMBER="206" OPERTYPEID="10" PREVID="0" NEXTID="0" UPDATEDATE="2025-11-01" STARTDATE="2025-11-01" ENDDATE="2079-06-06" ISACTUAL="1" ISACTIVE="1" /><STEAD ID="74546256" OBJECTID="175643638" OBJECTGUID="4cc66dea-383e-48ab-9206-b42b9be41600" CHANGEID="691541218" NUMBER="46/2" OPERTYPEID="10" PREVID="0" NEXTID="0" UPDATEDATE="2025-11-01" STARTDATE="2025-11-01" ENDDATE="2079-06-06" ISACTUAL="1" ISACTIVE="1" /><STEAD ID="74546257" OBJECTID="175643639" OBJECTGUID="b0609535-0ca6-44e9-8773-0e58d5f4ac3b" CHANGEID="691541225" NUMBER="95/1" OPERTYPEID="10" PREVID="0" NEXTID="0" UPDATEDATE="2025-11-01" STARTDATE="2025-11-01" ENDDATE="2079-06-06" ISACTUAL="1" ISACTIVE="1" /><STEAD ID="74546259" OBJECTID="175643641" OBJECTGUID="60df06fb-8d05-4c9c-9f04-88269eb04039" CHANGEID="691541236" NUMBER="42" OPERTYPEID="10" PREVID="0" NEXTID="0" UPDATEDATE="2025-11-01" STARTDATE="2025-11-01" ENDDATE="2079-06-06" ISACTUAL="1" ISACTIVE="1" /><STEAD ID="74546260" OBJECTID="175643642" OBJECTGUID="efda8f54-0b97-4c35-bf44-8d7119090eb5" CHANGEID="691541240" NUMBER="2/2" OPERTYPEID="10" PREVID="0" NEXTID="0" UPDATEDATE="2025-11-01" STARTDATE="2025-11-01" ENDDATE="2079-06-06" ISACTUAL="1" ISACTIVE="1" /><STEAD ID="74546755" OBJECTID="175344339" OBJECTGUID="508caa4e-eaa4-4341-9f0e-01e23a77fe4a" CHANGEID="691553008" NUMBER="4038" OPERTYPEID="30" PREVID="74387372" NEXTID="0" UPDATEDATE="2025-11-01" STARTDATE="2025-11-01" ENDDATE="2079-06-06" ISACTUAL="1" ISACTIVE="0" /><STEAD ID="74546756" OBJECTID="175344340" OBJECTGUID="3fa2defa-f175-46cd-a261-339ed487f06e" CHANGEID="691553010" NUMBER="3999" OPERTYPEID="30" PREVID="74387373" NEXTID="0" UPDATEDATE="2025-11-01" STARTDATE="2025-11-01" ENDDATE="2079-06-06" ISACTUAL="1" ISACTIVE="0" /><STEAD ID="74387373" OBJECTID="175344340" OBJECTGUID="3fa2defa-f175-46cd-a261-339ed487f06e" CHANGEID="690888044" NUMBER="3999" OPERTYPEID="10" PREVID="0" NEXTID="74546756" UPDATEDATE="2025-11-01" STARTDATE="2025-10-20" ENDDATE="2025-11-01" ISACTUAL="0" ISACTIVE="0" /><STEAD ID="74546757" OBJECTID="175344341" OBJECTGUID="8541a12a-af0b-4512-a362-240fa1812863" CHANGEID="691553011" NUMBER="3997" OPERTYPEID="30" PREVID="74387374" NEXTID="0" UPDATEDATE="2025-11-01" STARTDATE="2025-11-01" ENDDATE="2079-06-06" ISACTUAL="1" ISACTIVE="0" /><STEAD ID="74387374" OBJECTID="175344341" OBJECTGUID="8541a12a-af0b-4512-a362-240fa1812863" CHANGEID="690888045" NUMBER="3997" OPERTYPEID="10" PREVID="0" NEXTID="74546757" UPDATEDATE="2025-11-01" STARTDATE="2025-10-20" ENDDATE="2025-11-01" ISACTUAL="0" ISACTIVE="0" /><STEAD ID="74546758" OBJECTID="175344342" OBJECTGUID="39a333fe-696d-483b-b942-be261924e14d" CHANGEID="691553013" NUMBER="3996" OPERTYPEID="30" PREVID="74387375" NEXTID="0" UPDATEDATE="2025-11-01" STARTDATE="2025-11-01" ENDDATE="2079-06-06" ISACTUAL="1" ISACTIVE="0" /><STEAD ID="74387375" OBJECTID="175344342" OBJECTGUID="39a333fe-696d-483b-b942-be261924e14d" CHANGEID="690888046" NUMBER="3996" OPERTYPEID="10" PREVID="0" NEXTID="74546758" UPDATEDATE="2025-11-01" STARTDATE="2025-10-20" ENDDATE="2025-11-01" ISACTUAL="0" ISACTIVE="0" /><STEAD ID="74547516" OBJECTID="175646256" OBJECTGUID="16e27fe3-6d81-46dc-ae99-11134ae53179" CHANGEID="691558869" NUMBER="4" OPERTYPEID="10" PREVID="0" NEXTID="0" UPDATEDATE="2025-11-01" STARTDATE="2025-11-01" ENDDATE="2079-06-06" ISACTUAL="1" ISACTIVE="1" /><STEAD ID="74547529" OBJECTID="175646269" OBJECTGUID="03c98416-82bb-41a3-b4ac-50884e641f32" CHANGEID="691558909" NUMBER="9" OPERTYPEID="10" PREVID="0" NEXTID="0" UPDATEDATE="2025-11-01" STARTDATE="2025-11-01" ENDDATE="2079-06-06" ISACTUAL="1" ISACTIVE="1" /><STEAD ID="74548134" OBJECTID="175647236" OBJECTGUID="52386c0f-656f-4020-9095-df08b3cfa10e" CHANGEID="691560815" NUMBER="5А" OPERTYPEID="10" PREVID="0" NEXTID="0" UPDATEDATE="2025-11-01" STARTDATE="2025-11-01" ENDDATE="2079-06-06" ISACTUAL="1" ISACTIVE="1" /><STEAD ID="74548370" OBJECTID="175648367" OBJECTGUID="eb4b7f54-085e-402b-a3c0-7b4b757f4e6a" CHANGEID="691562494" NUMBER="48" OPERTYPEID="10" PREVID="0" NEXTID="0" UPDATEDATE="2025-11-01" STARTDATE="2025-11-01" ENDDATE="2079-06-06" ISACTUAL="1" ISACTIVE="1" /><STEAD ID="74549740" OBJECTID="175653290" OBJECTGUID="a807d75b-826d-44a4-b7af-2d3865bd0e2e" CHANGEID="691569123" NUMBER="37" OPERTYPEID="10" PREVID="0" NEXTID="0" UPDATEDATE="2025-11-01" STARTDATE="2025-11-01" ENDDATE="2079-06-06" ISACTUAL="1" ISACTIVE="1" /></STEADS>