﻿<?xml version="1.0" encoding="utf-8"?><STEADS><STEAD ID="74515844" OBJECTID="175585586" OBJECTGUID="1889d5b1-f8d2-42a6-9645-6eae9246c947" CHANGEID="691441631" NUMBER="1" OPERTYPEID="10" PREVID="0" NEXTID="0" UPDATEDATE="2025-10-30" STARTDATE="2025-10-30" ENDDATE="2079-06-06" ISACTUAL="1" ISACTIVE="1" /><STEAD ID="74515846" OBJECTID="175585589" OBJECTGUID="92d19fde-77c6-48a4-a1cc-305a04237e5d" CHANGEID="691441635" NUMBER="31" OPERTYPEID="10" PREVID="0" NEXTID="0" UPDATEDATE="2025-10-30" STARTDATE="2025-10-30" ENDDATE="2079-06-06" ISACTUAL="1" ISACTIVE="1" /><STEAD ID="74515847" OBJECTID="175585590" OBJECTGUID="6e772251-aed2-4f3c-b2d7-99306b310286" CHANGEID="691441637" NUMBER="14" OPERTYPEID="10" PREVID="0" NEXTID="0" UPDATEDATE="2025-10-30" STARTDATE="2025-10-30" ENDDATE="2079-06-06" ISACTUAL="1" ISACTIVE="1" /><STEAD ID="74515849" OBJECTID="175585594" OBJECTGUID="66885118-38c3-4d90-a55f-a35434e2a4f2" CHANGEID="691441643" NUMBER="11А" OPERTYPEID="10" PREVID="0" NEXTID="0" UPDATEDATE="2025-10-30" STARTDATE="2025-10-30" ENDDATE="2079-06-06" ISACTUAL="1" ISACTIVE="1" /><STEAD ID="74515850" OBJECTID="175585595" OBJECTGUID="ae4739ec-fca7-40ec-9095-aa3a6c980bb3" CHANGEID="691441644" NUMBER="3" OPERTYPEID="10" PREVID="0" NEXTID="0" UPDATEDATE="2025-10-30" STARTDATE="2025-10-30" ENDDATE="2079-06-06" ISACTUAL="1" ISACTIVE="1" /><STEAD ID="74515967" OBJECTID="175585721" OBJECTGUID="e152c58e-b2f8-4477-8b8b-d34b0a6dcc79" CHANGEID="691442137" NUMBER="102" OPERTYPEID="10" PREVID="0" NEXTID="0" UPDATEDATE="2025-10-30" STARTDATE="2025-10-30" ENDDATE="2079-06-06" ISACTUAL="1" ISACTIVE="1" /><STEAD ID="74516717" OBJECTID="175586664" OBJECTGUID="7999ef4b-2711-48f5-a7b4-8ef48dbd40ea" CHANGEID="691443993" NUMBER="1" OPERTYPEID="10" PREVID="0" NEXTID="0" UPDATEDATE="2025-10-30" STARTDATE="2025-10-30" ENDDATE="2079-06-06" ISACTUAL="1" ISACTIVE="1" /><STEAD ID="74516723" OBJECTID="175586666" OBJECTGUID="f8df04d5-c6a0-4d49-8385-7405da499432" CHANGEID="691444010" NUMBER="13" OPERTYPEID="10" PREVID="0" NEXTID="0" UPDATEDATE="2025-10-30" STARTDATE="2025-10-30" ENDDATE="2079-06-06" ISACTUAL="1" ISACTIVE="1" /><STEAD ID="74517011" OBJECTID="175529849" OBJECTGUID="913da569-ce8b-42aa-af52-04b3fafc94ff" CHANGEID="691444709" NUMBER="1" OPERTYPEID="30" PREVID="74484621" NEXTID="0" UPDATEDATE="2025-10-30" STARTDATE="2025-10-30" ENDDATE="2079-06-06" ISACTUAL="1" ISACTIVE="0" /><STEAD ID="74484621" OBJECTID="175529849" OBJECTGUID="913da569-ce8b-42aa-af52-04b3fafc94ff" CHANGEID="691314381" NUMBER="1" OPERTYPEID="10" PREVID="0" NEXTID="74517011" UPDATEDATE="2025-10-30" STARTDATE="2025-10-28" ENDDATE="2025-10-30" ISACTUAL="0" ISACTIVE="0" /><STEAD ID="74530923" OBJECTID="85269723" OBJECTGUID="db74bb5b-02ec-4eaf-8db7-e0a46bb215ea" CHANGEID="691490794" NUMBER="04:07:030402:585" OPERTYPEID="30" PREVID="717929" NEXTID="0" UPDATEDATE="2025-10-31" STARTDATE="2025-10-31" ENDDATE="2079-06-06" ISACTUAL="1" ISACTIVE="0" /><STEAD ID="717929" OBJECTID="85269723" OBJECTGUID="db74bb5b-02ec-4eaf-8db7-e0a46bb215ea" CHANGEID="126622626" NUMBER="04:07:030402:585" OPERTYPEID="10" NEXTID="74530923" UPDATEDATE="2025-10-31" STARTDATE="2016-11-29" ENDDATE="2025-10-31" ISACTUAL="0" ISACTIVE="0" /><STEAD ID="74530926" OBJECTID="85269618" OBJECTGUID="9dad7e26-0e49-47df-874f-f4300f4dec49" CHANGEID="691491207" NUMBER="04:07:020802:65" OPERTYPEID="30" PREVID="717815" NEXTID="0" UPDATEDATE="2025-10-31" STARTDATE="2025-10-31" ENDDATE="2079-06-06" ISACTUAL="1" ISACTIVE="0" /><STEAD ID="717815" OBJECTID="85269618" OBJECTGUID="9dad7e26-0e49-47df-874f-f4300f4dec49" CHANGEID="126622472" NUMBER="04:07:020802:65" OPERTYPEID="10" NEXTID="74530926" UPDATEDATE="2025-10-31" STARTDATE="2016-11-29" ENDDATE="2025-10-31" ISACTUAL="0" ISACTIVE="0" /><STEAD ID="74530927" OBJECTID="85269259" OBJECTGUID="5ecbc58f-87fe-40b6-9705-5e0452e4600e" CHANGEID="691491208" NUMBER="04:07:030402:666" OPERTYPEID="30" PREVID="717469" NEXTID="0" UPDATEDATE="2025-10-31" STARTDATE="2025-10-31" ENDDATE="2079-06-06" ISACTUAL="1" ISACTIVE="0" /><STEAD ID="717469" OBJECTID="85269259" OBJECTGUID="5ecbc58f-87fe-40b6-9705-5e0452e4600e" CHANGEID="126621907" NUMBER="04:07:030402:666" OPERTYPEID="10" NEXTID="74530927" UPDATEDATE="2025-10-31" STARTDATE="2016-11-29" ENDDATE="2025-10-31" ISACTUAL="0" ISACTIVE="0" /><STEAD ID="74530928" OBJECTID="85270450" OBJECTGUID="ade35f3d-9b32-4026-a868-68d17242781d" CHANGEID="691491209" NUMBER="04:07:030402:122" OPERTYPEID="30" PREVID="718667" NEXTID="0" UPDATEDATE="2025-10-31" STARTDATE="2025-10-31" ENDDATE="2079-06-06" ISACTUAL="1" ISACTIVE="0" /><STEAD ID="718667" OBJECTID="85270450" OBJECTGUID="ade35f3d-9b32-4026-a868-68d17242781d" CHANGEID="126623683" NUMBER="04:07:030402:122" OPERTYPEID="10" NEXTID="74530928" UPDATEDATE="2025-10-31" STARTDATE="2016-11-29" ENDDATE="2025-10-31" ISACTUAL="0" ISACTIVE="0" /><STEAD ID="74530930" OBJECTID="87701596" OBJECTGUID="6c1902cb-3691-434f-a86e-28b7187b6b10" CHANGEID="691491211" NUMBER="04:07:020506:131" OPERTYPEID="30" PREVID="3160470" NEXTID="0" UPDATEDATE="2025-10-31" STARTDATE="2025-10-31" ENDDATE="2079-06-06" ISACTUAL="1" ISACTIVE="0" /><STEAD ID="74530929" OBJECTID="86589553" OBJECTGUID="4da1cbe8-eafc-4c94-a6d6-9cc27863d406" CHANGEID="691491210" NUMBER="04:07:0205006:153" OPERTYPEID="30" PREVID="2044115" NEXTID="0" UPDATEDATE="2025-10-31" STARTDATE="2025-10-31" ENDDATE="2079-06-06" ISACTUAL="1" ISACTIVE="0" /><STEAD ID="2044115" OBJECTID="86589553" OBJECTGUID="4da1cbe8-eafc-4c94-a6d6-9cc27863d406" CHANGEID="128419615" NUMBER="04:07:0205006:153" OPERTYPEID="10" NEXTID="74530929" UPDATEDATE="2025-10-31" STARTDATE="2016-11-29" ENDDATE="2025-10-31" ISACTUAL="0" ISACTIVE="0" /><STEAD ID="3160470" OBJECTID="87701596" OBJECTGUID="6c1902cb-3691-434f-a86e-28b7187b6b10" CHANGEID="129846446" NUMBER="04:07:020506:131" OPERTYPEID="10" NEXTID="74530930" UPDATEDATE="2025-10-31" STARTDATE="2016-11-22" ENDDATE="2025-10-31" ISACTUAL="0" ISACTIVE="0" /><STEAD ID="74530932" OBJECTID="85199182" OBJECTGUID="87e8775a-fc6c-46a2-bb15-fbbc6b46d356" CHANGEID="691491213" NUMBER="04:07:020506:137" OPERTYPEID="30" PREVID="647030" NEXTID="0" UPDATEDATE="2025-10-31" STARTDATE="2025-10-31" ENDDATE="2079-06-06" ISACTUAL="1" ISACTIVE="0" /><STEAD ID="74530931" OBJECTID="85198693" OBJECTGUID="414e7367-e6e0-4357-892c-cca95647348e" CHANGEID="691491212" NUMBER="04:07:020506:136" OPERTYPEID="30" PREVID="646536" NEXTID="0" UPDATEDATE="2025-10-31" STARTDATE="2025-10-31" ENDDATE="2079-06-06" ISACTUAL="1" ISACTIVE="0" /><STEAD ID="646536" OBJECTID="85198693" OBJECTGUID="414e7367-e6e0-4357-892c-cca95647348e" CHANGEID="126520121" NUMBER="04:07:020506:136" OPERTYPEID="10" NEXTID="74530931" UPDATEDATE="2025-10-31" STARTDATE="2016-11-29" ENDDATE="2025-10-31" ISACTUAL="0" ISACTIVE="0" /><STEAD ID="647030" OBJECTID="85199182" OBJECTGUID="87e8775a-fc6c-46a2-bb15-fbbc6b46d356" CHANGEID="126520768" NUMBER="04:07:020506:137" OPERTYPEID="10" NEXTID="74530932" UPDATEDATE="2025-10-31" STARTDATE="2016-11-29" ENDDATE="2025-10-31" ISACTUAL="0" ISACTIVE="0" /><STEAD ID="74530933" OBJECTID="86586704" OBJECTGUID="ad03d63e-2fa5-4e2a-8f2e-3b9c6780accb" CHANGEID="691491214" NUMBER="04:07:020506:144" OPERTYPEID="30" PREVID="2041238" NEXTID="0" UPDATEDATE="2025-10-31" STARTDATE="2025-10-31" ENDDATE="2079-06-06" ISACTUAL="1" ISACTIVE="0" /><STEAD ID="2041238" OBJECTID="86586704" OBJECTGUID="ad03d63e-2fa5-4e2a-8f2e-3b9c6780accb" CHANGEID="128415978" NUMBER="04:07:020506:144" OPERTYPEID="10" NEXTID="74530933" UPDATEDATE="2025-10-31" STARTDATE="2016-11-29" ENDDATE="2025-10-31" ISACTUAL="0" ISACTIVE="0" /><STEAD ID="74530934" OBJECTID="86586211" OBJECTGUID="9f28fe2e-613f-44ed-a8d8-8593bbed8d08" CHANGEID="691491215" NUMBER="04:07:020506:145" OPERTYPEID="30" PREVID="2040744" NEXTID="0" UPDATEDATE="2025-10-31" STARTDATE="2025-10-31" ENDDATE="2079-06-06" ISACTUAL="1" ISACTIVE="0" /><STEAD ID="2040744" OBJECTID="86586211" OBJECTGUID="9f28fe2e-613f-44ed-a8d8-8593bbed8d08" CHANGEID="128415326" NUMBER="04:07:020506:145" OPERTYPEID="10" NEXTID="74530934" UPDATEDATE="2025-10-31" STARTDATE="2016-11-29" ENDDATE="2025-10-31" ISACTUAL="0" ISACTIVE="0" /><STEAD ID="74530935" OBJECTID="86588849" OBJECTGUID="0cc60102-55e0-475d-bc93-c8cde8bf43b4" CHANGEID="691491216" NUMBER="04:07:020506:146" OPERTYPEID="30" PREVID="2043392" NEXTID="0" UPDATEDATE="2025-10-31" STARTDATE="2025-10-31" ENDDATE="2079-06-06" ISACTUAL="1" ISACTIVE="0" /><STEAD ID="2043392" OBJECTID="86588849" OBJECTGUID="0cc60102-55e0-475d-bc93-c8cde8bf43b4" CHANGEID="128418718" NUMBER="04:07:020506:146" OPERTYPEID="10" NEXTID="74530935" UPDATEDATE="2025-10-31" STARTDATE="2016-11-29" ENDDATE="2025-10-31" ISACTUAL="0" ISACTIVE="0" /><STEAD ID="74530936" OBJECTID="85199268" OBJECTGUID="1af40ddc-6063-494d-a09c-92c81367e616" CHANGEID="691491217" NUMBER="04:07:020506:147" OPERTYPEID="30" PREVID="647117" NEXTID="0" UPDATEDATE="2025-10-31" STARTDATE="2025-10-31" ENDDATE="2079-06-06" ISACTUAL="1" ISACTIVE="0" /><STEAD ID="647117" OBJECTID="85199268" OBJECTGUID="1af40ddc-6063-494d-a09c-92c81367e616" CHANGEID="126520874" NUMBER="04:07:020506:147" OPERTYPEID="10" NEXTID="74530936" UPDATEDATE="2025-10-31" STARTDATE="2016-11-29" ENDDATE="2025-10-31" ISACTUAL="0" ISACTIVE="0" /><STEAD ID="74530937" OBJECTID="85198788" OBJECTGUID="f2811cb9-5408-4b58-809c-e063bae89cd4" CHANGEID="691491218" NUMBER="04:07:020506:151" OPERTYPEID="30" PREVID="646630" NEXTID="0" UPDATEDATE="2025-10-31" STARTDATE="2025-10-31" ENDDATE="2079-06-06" ISACTUAL="1" ISACTIVE="0" /><STEAD ID="646630" OBJECTID="85198788" OBJECTGUID="f2811cb9-5408-4b58-809c-e063bae89cd4" CHANGEID="126520237" NUMBER="04:07:020506:151" OPERTYPEID="10" NEXTID="74530937" UPDATEDATE="2025-10-31" STARTDATE="2016-11-29" ENDDATE="2025-10-31" ISACTUAL="0" ISACTIVE="0" /><STEAD ID="74530938" OBJECTID="85198391" OBJECTGUID="557f6f01-586d-4ae7-bb5c-a96f0450706b" CHANGEID="691491219" NUMBER="04:07:020506:152" OPERTYPEID="30" PREVID="646233" NEXTID="0" UPDATEDATE="2025-10-31" STARTDATE="2025-10-31" ENDDATE="2079-06-06" ISACTUAL="1" ISACTIVE="0" /><STEAD ID="646233" OBJECTID="85198391" OBJECTGUID="557f6f01-586d-4ae7-bb5c-a96f0450706b" CHANGEID="126519722" NUMBER="04:07:020506:152" OPERTYPEID="10" NEXTID="74530938" UPDATEDATE="2025-10-31" STARTDATE="2016-11-29" ENDDATE="2025-10-31" ISACTUAL="0" ISACTIVE="0" /><STEAD ID="74530939" OBJECTID="86587978" OBJECTGUID="e14d4e82-0271-4b5e-9c99-8e2d948d28a1" CHANGEID="691491220" NUMBER="04:07:020506:153" OPERTYPEID="30" PREVID="2042522" NEXTID="0" UPDATEDATE="2025-10-31" STARTDATE="2025-10-31" ENDDATE="2079-06-06" ISACTUAL="1" ISACTIVE="0" /><STEAD ID="2042522" OBJECTID="86587978" OBJECTGUID="e14d4e82-0271-4b5e-9c99-8e2d948d28a1" CHANGEID="128417607" NUMBER="04:07:020506:153" OPERTYPEID="10" NEXTID="74530939" UPDATEDATE="2025-10-31" STARTDATE="2016-11-29" ENDDATE="2025-10-31" ISACTUAL="0" ISACTIVE="0" /><STEAD ID="74530940" OBJECTID="86585482" OBJECTGUID="cff7b49e-5cfb-4d51-be96-f761ba84d297" CHANGEID="691491221" NUMBER="04:07:020506:154" OPERTYPEID="30" PREVID="2040005" NEXTID="0" UPDATEDATE="2025-10-31" STARTDATE="2025-10-31" ENDDATE="2079-06-06" ISACTUAL="1" ISACTIVE="0" /><STEAD ID="2040005" OBJECTID="86585482" OBJECTGUID="cff7b49e-5cfb-4d51-be96-f761ba84d297" CHANGEID="128414387" NUMBER="04:07:020506:154" OPERTYPEID="10" NEXTID="74530940" UPDATEDATE="2025-10-31" STARTDATE="2016-11-29" ENDDATE="2025-10-31" ISACTUAL="0" ISACTIVE="0" /><STEAD ID="74530941" OBJECTID="86584979" OBJECTGUID="48edaa76-101c-4791-97ff-a087b325b3d5" CHANGEID="691491222" NUMBER="04:07:020506:159" OPERTYPEID="30" PREVID="2039505" NEXTID="0" UPDATEDATE="2025-10-31" STARTDATE="2025-10-31" ENDDATE="2079-06-06" ISACTUAL="1" ISACTIVE="0" /><STEAD ID="2039505" OBJECTID="86584979" OBJECTGUID="48edaa76-101c-4791-97ff-a087b325b3d5" CHANGEID="128413735" NUMBER="04:07:020506:159" OPERTYPEID="10" NEXTID="74530941" UPDATEDATE="2025-10-31" STARTDATE="2014-07-04" ENDDATE="2025-10-31" ISACTUAL="0" ISACTIVE="0" /><STEAD ID="74530942" OBJECTID="87700746" OBJECTGUID="3453242f-00a2-494f-9920-6f665036cd8d" CHANGEID="691491223" NUMBER="04:07:020506:161" OPERTYPEID="30" PREVID="3159615" NEXTID="0" UPDATEDATE="2025-10-31" STARTDATE="2025-10-31" ENDDATE="2079-06-06" ISACTUAL="1" ISACTIVE="0" /><STEAD ID="3159615" OBJECTID="87700746" OBJECTGUID="3453242f-00a2-494f-9920-6f665036cd8d" CHANGEID="129845384" NUMBER="04:07:020506:161" OPERTYPEID="10" NEXTID="74530942" UPDATEDATE="2025-10-31" STARTDATE="2016-11-22" ENDDATE="2025-10-31" ISACTUAL="0" ISACTIVE="0" /><STEAD ID="74530943" OBJECTID="86582484" OBJECTGUID="c9af1405-2fdd-461b-b91d-96c3005bf92a" CHANGEID="691491224" NUMBER="04:07:020506:186" OPERTYPEID="30" PREVID="2037010" NEXTID="0" UPDATEDATE="2025-10-31" STARTDATE="2025-10-31" ENDDATE="2079-06-06" ISACTUAL="1" ISACTIVE="0" /><STEAD ID="2037010" OBJECTID="86582484" OBJECTGUID="c9af1405-2fdd-461b-b91d-96c3005bf92a" CHANGEID="128410453" NUMBER="04:07:020506:186" OPERTYPEID="10" NEXTID="74530943" UPDATEDATE="2025-10-31" STARTDATE="2016-11-29" ENDDATE="2025-10-31" ISACTUAL="0" ISACTIVE="0" /><STEAD ID="74530945" OBJECTID="86585703" OBJECTGUID="22d68aab-303a-4e88-9e3c-285647aaf586" CHANGEID="691491226" NUMBER="04:07:020506:190" OPERTYPEID="30" PREVID="2040231" NEXTID="0" UPDATEDATE="2025-10-31" STARTDATE="2025-10-31" ENDDATE="2079-06-06" ISACTUAL="1" ISACTIVE="0" /><STEAD ID="74530944" OBJECTID="86583605" OBJECTGUID="a4e32247-5439-43fb-83c0-942fc54a24a2" CHANGEID="691491225" NUMBER="04:07:020506:189" OPERTYPEID="30" PREVID="2038131" NEXTID="0" UPDATEDATE="2025-10-31" STARTDATE="2025-10-31" ENDDATE="2079-06-06" ISACTUAL="1" ISACTIVE="0" /><STEAD ID="2038131" OBJECTID="86583605" OBJECTGUID="a4e32247-5439-43fb-83c0-942fc54a24a2" CHANGEID="128411961" NUMBER="04:07:020506:189" OPERTYPEID="10" NEXTID="74530944" UPDATEDATE="2025-10-31" STARTDATE="2016-11-29" ENDDATE="2025-10-31" ISACTUAL="0" ISACTIVE="0" /><STEAD ID="2040231" OBJECTID="86585703" OBJECTGUID="22d68aab-303a-4e88-9e3c-285647aaf586" CHANGEID="128414675" NUMBER="04:07:020506:190" OPERTYPEID="10" NEXTID="74530945" UPDATEDATE="2025-10-31" STARTDATE="2016-11-29" ENDDATE="2025-10-31" ISACTUAL="0" ISACTIVE="0" /><STEAD ID="74530946" OBJECTID="88052634" OBJECTGUID="aeb2652c-51ca-4710-871e-bf9fda45c4c9" CHANGEID="691491227" NUMBER="04:07:020506:195" OPERTYPEID="30" PREVID="3512648" NEXTID="0" UPDATEDATE="2025-10-31" STARTDATE="2025-10-31" ENDDATE="2079-06-06" ISACTUAL="1" ISACTIVE="0" /><STEAD ID="3512648" OBJECTID="88052634" OBJECTGUID="aeb2652c-51ca-4710-871e-bf9fda45c4c9" CHANGEID="130278017" NUMBER="04:07:020506:195" OPERTYPEID="10" NEXTID="74530946" UPDATEDATE="2025-10-31" STARTDATE="2016-11-22" ENDDATE="2025-10-31" ISACTUAL="0" ISACTIVE="0" /><STEAD ID="74530947" OBJECTID="87676794" OBJECTGUID="d3660019-be57-40e5-a229-a610d12d99e3" CHANGEID="691491228" NUMBER="04:07:020506:196" OPERTYPEID="30" PREVID="3135595" NEXTID="0" UPDATEDATE="2025-10-31" STARTDATE="2025-10-31" ENDDATE="2079-06-06" ISACTUAL="1" ISACTIVE="0" /><STEAD ID="3135595" OBJECTID="87676794" OBJECTGUID="d3660019-be57-40e5-a229-a610d12d99e3" CHANGEID="129815634" NUMBER="04:07:020506:196" OPERTYPEID="10" NEXTID="74530947" UPDATEDATE="2025-10-31" STARTDATE="2016-11-22" ENDDATE="2025-10-31" ISACTUAL="0" ISACTIVE="0" /><STEAD ID="74530948" OBJECTID="85199076" OBJECTGUID="dc2f031b-fdfa-4cd6-9f63-9be81e4456e9" CHANGEID="691491229" NUMBER="04:07:020506:199" OPERTYPEID="30" PREVID="646922" NEXTID="0" UPDATEDATE="2025-10-31" STARTDATE="2025-10-31" ENDDATE="2079-06-06" ISACTUAL="1" ISACTIVE="0" /><STEAD ID="646922" OBJECTID="85199076" OBJECTGUID="dc2f031b-fdfa-4cd6-9f63-9be81e4456e9" CHANGEID="126520615" NUMBER="04:07:020506:199" OPERTYPEID="10" NEXTID="74530948" UPDATEDATE="2025-10-31" STARTDATE="2016-11-29" ENDDATE="2025-10-31" ISACTUAL="0" ISACTIVE="0" /><STEAD ID="74530949" OBJECTID="87699534" OBJECTGUID="e0de8bf0-fada-481f-acbc-a8d800bc7c27" CHANGEID="691491230" NUMBER="04:07:020506:201" OPERTYPEID="30" PREVID="3158401" NEXTID="0" UPDATEDATE="2025-10-31" STARTDATE="2025-10-31" ENDDATE="2079-06-06" ISACTUAL="1" ISACTIVE="0" /><STEAD ID="3158401" OBJECTID="87699534" OBJECTGUID="e0de8bf0-fada-481f-acbc-a8d800bc7c27" CHANGEID="129843875" NUMBER="04:07:020506:201" OPERTYPEID="10" NEXTID="74530949" UPDATEDATE="2025-10-31" STARTDATE="2016-11-22" ENDDATE="2025-10-31" ISACTUAL="0" ISACTIVE="0" /><STEAD ID="74530950" OBJECTID="87704911" OBJECTGUID="0887192a-dc89-4c00-898d-52a3b4d5b040" CHANGEID="691491231" NUMBER="04:07:020801:99" OPERTYPEID="30" PREVID="3163722" NEXTID="0" UPDATEDATE="2025-10-31" STARTDATE="2025-10-31" ENDDATE="2079-06-06" ISACTUAL="1" ISACTIVE="0" /><STEAD ID="3163722" OBJECTID="87704911" OBJECTGUID="0887192a-dc89-4c00-898d-52a3b4d5b040" CHANGEID="129850624" NUMBER="04:07:020801:99" OPERTYPEID="10" NEXTID="74530950" UPDATEDATE="2025-10-31" STARTDATE="2016-11-22" ENDDATE="2025-10-31" ISACTUAL="0" ISACTIVE="0" /><STEAD ID="74531084" OBJECTID="175613990" OBJECTGUID="0dbf7585-7e3c-4450-aa25-8e7adbcceef2" CHANGEID="691491487" NUMBER="10" OPERTYPEID="10" PREVID="0" NEXTID="0" UPDATEDATE="2025-10-31" STARTDATE="2025-10-31" ENDDATE="2079-06-06" ISACTUAL="1" ISACTIVE="1" /><STEAD ID="74531085" OBJECTID="175613991" OBJECTGUID="83cb8dce-131c-41a0-81b2-146b2898ba0d" CHANGEID="691491488" NUMBER="2" OPERTYPEID="10" PREVID="0" NEXTID="0" UPDATEDATE="2025-10-31" STARTDATE="2025-10-31" ENDDATE="2079-06-06" ISACTUAL="1" ISACTIVE="1" /><STEAD ID="74531086" OBJECTID="175613992" OBJECTGUID="bcc01b30-00ef-4480-a645-922046c5f432" CHANGEID="691491489" NUMBER="3" OPERTYPEID="10" PREVID="0" NEXTID="0" UPDATEDATE="2025-10-31" STARTDATE="2025-10-31" ENDDATE="2079-06-06" ISACTUAL="1" ISACTIVE="1" /><STEAD ID="74531087" OBJECTID="175613993" OBJECTGUID="cd64344d-dc7c-49e6-b16c-2a7c00097942" CHANGEID="691491490" NUMBER="9" OPERTYPEID="10" PREVID="0" NEXTID="0" UPDATEDATE="2025-10-31" STARTDATE="2025-10-31" ENDDATE="2079-06-06" ISACTUAL="1" ISACTIVE="1" /><STEAD ID="74531088" OBJECTID="175613994" OBJECTGUID="8610b7b9-9740-4166-9d45-57fc6c8fd3d7" CHANGEID="691491491" NUMBER="1" OPERTYPEID="10" PREVID="0" NEXTID="0" UPDATEDATE="2025-10-31" STARTDATE="2025-10-31" ENDDATE="2079-06-06" ISACTUAL="1" ISACTIVE="1" /><STEAD ID="74531089" OBJECTID="175613995" OBJECTGUID="83b78dfa-0dc9-4488-bb83-c123ea558e44" CHANGEID="691491492" NUMBER="7" OPERTYPEID="10" PREVID="0" NEXTID="0" UPDATEDATE="2025-10-31" STARTDATE="2025-10-31" ENDDATE="2079-06-06" ISACTUAL="1" ISACTIVE="1" /><STEAD ID="74531090" OBJECTID="175613996" OBJECTGUID="9d2e4162-4be5-4d71-a965-2c7cbd3b845f" CHANGEID="691491493" NUMBER="11" OPERTYPEID="10" PREVID="0" NEXTID="0" UPDATEDATE="2025-10-31" STARTDATE="2025-10-31" ENDDATE="2079-06-06" ISACTUAL="1" ISACTIVE="1" /><STEAD ID="74531091" OBJECTID="175613997" OBJECTGUID="0dcb1a7b-5947-4566-81fd-d9c5e47d6a32" CHANGEID="691491494" NUMBER="5" OPERTYPEID="10" PREVID="0" NEXTID="0" UPDATEDATE="2025-10-31" STARTDATE="2025-10-31" ENDDATE="2079-06-06" ISACTUAL="1" ISACTIVE="1" /><STEAD ID="74531092" OBJECTID="175613998" OBJECTGUID="7c4fa351-0574-4b19-91d1-0e656b9ba3cb" CHANGEID="691491495" NUMBER="13" OPERTYPEID="10" PREVID="0" NEXTID="0" UPDATEDATE="2025-10-31" STARTDATE="2025-10-31" ENDDATE="2079-06-06" ISACTUAL="1" ISACTIVE="1" /><STEAD ID="74531664" OBJECTID="175615454" OBJECTGUID="a7a2bf54-b9a2-4693-bab4-e9a643fef234" CHANGEID="691493688" NUMBER="2/1" OPERTYPEID="10" PREVID="0" NEXTID="0" UPDATEDATE="2025-10-31" STARTDATE="2025-10-31" ENDDATE="2079-06-06" ISACTUAL="1" ISACTIVE="1" /><STEAD ID="74531673" OBJECTID="175615469" OBJECTGUID="22d09ba1-a236-4547-9a79-5d03582f2496" CHANGEID="691493746" NUMBER="1" OPERTYPEID="10" PREVID="0" NEXTID="0" UPDATEDATE="2025-10-31" STARTDATE="2025-10-31" ENDDATE="2079-06-06" ISACTUAL="1" ISACTIVE="1" /><STEAD ID="74546213" OBJECTID="175643577" OBJECTGUID="376f1b54-9050-4134-aab3-5e1a563a7e4a" CHANGEID="691540806" NUMBER="12А" OPERTYPEID="10" PREVID="0" NEXTID="0" UPDATEDATE="2025-11-01" STARTDATE="2025-11-01" ENDDATE="2079-06-06" ISACTUAL="1" ISACTIVE="1" /><STEAD ID="74546384" OBJECTID="175643793" OBJECTGUID="a6306bfa-0535-4f30-8a1c-627a89395caa" CHANGEID="691545636" NUMBER="1Г" OPERTYPEID="10" PREVID="0" NEXTID="0" UPDATEDATE="2025-11-01" STARTDATE="2025-11-01" ENDDATE="2079-06-06" ISACTUAL="1" ISACTIVE="1" /><STEAD ID="74546412" OBJECTID="175643826" OBJECTGUID="63ab4d69-04d9-432f-b0d6-6460dfa43290" CHANGEID="691545730" NUMBER="8" OPERTYPEID="10" PREVID="0" NEXTID="0" UPDATEDATE="2025-11-01" STARTDATE="2025-11-01" ENDDATE="2079-06-06" ISACTUAL="1" ISACTIVE="1" /><STEAD ID="74546393" OBJECTID="175643802" OBJECTGUID="25abc5cf-d36b-478b-8ed8-accce211883f" CHANGEID="691545657" NUMBER="7" OPERTYPEID="10" PREVID="0" NEXTID="0" UPDATEDATE="2025-11-01" STARTDATE="2025-11-01" ENDDATE="2079-06-06" ISACTUAL="1" ISACTIVE="1" /><STEAD ID="74546759" OBJECTID="175644351" OBJECTGUID="f57d0fba-d4cf-4e6c-9965-c860e1bb4070" CHANGEID="691553015" NUMBER="64А" OPERTYPEID="10" PREVID="0" NEXTID="0" UPDATEDATE="2025-11-01" STARTDATE="2025-11-01" ENDDATE="2079-06-06" ISACTUAL="1" ISACTIVE="1" /></STEADS>