﻿<?xml version="1.0" encoding="utf-8"?><APARTMENTS><APARTMENT ID="110433433" OBJECTID="170761977" OBJECTGUID="9fea2743-96be-407a-ac64-ff16aefb9a62" CHANGEID="642085343" NUMBER="1А" APARTTYPE="1" OPERTYPEID="10" PREVID="0" NEXTID="112032984" UPDATEDATE="2025-10-30" STARTDATE="2025-03-05" ENDDATE="2025-10-30" ISACTUAL="0" ISACTIVE="0" /><APARTMENT ID="110433435" OBJECTID="170761979" OBJECTGUID="fa88849c-96d6-435a-9ce2-0d3c3aadd170" CHANGEID="642085345" NUMBER="2А" APARTTYPE="1" OPERTYPEID="10" PREVID="0" NEXTID="112034810" UPDATEDATE="2025-10-30" STARTDATE="2025-03-05" ENDDATE="2025-10-30" ISACTUAL="0" ISACTIVE="0" /><APARTMENT ID="112032343" OBJECTID="175588881" OBJECTGUID="34cdae0a-d91e-4078-a321-81171a234c17" CHANGEID="691448189" NUMBER="1" APARTTYPE="1" OPERTYPEID="10" PREVID="0" NEXTID="0" UPDATEDATE="2025-10-30" STARTDATE="2025-10-30" ENDDATE="2079-06-06" ISACTUAL="1" ISACTIVE="1" /><APARTMENT ID="112032984" OBJECTID="170761977" OBJECTGUID="9fea2743-96be-407a-ac64-ff16aefb9a62" CHANGEID="691452342" NUMBER="1А" APARTTYPE="1" OPERTYPEID="30" PREVID="110433433" NEXTID="0" UPDATEDATE="2025-10-30" STARTDATE="2025-10-30" ENDDATE="2079-06-06" ISACTUAL="1" ISACTIVE="0" /><APARTMENT ID="112033447" OBJECTID="175592509" OBJECTGUID="280efa82-f732-41bc-b19f-793e6b9e8d18" CHANGEID="691454779" NUMBER="9" APARTTYPE="2" OPERTYPEID="10" PREVID="0" NEXTID="0" UPDATEDATE="2025-10-30" STARTDATE="2025-10-30" ENDDATE="2079-06-06" ISACTUAL="1" ISACTIVE="1" /><APARTMENT ID="112033458" OBJECTID="175592534" OBJECTGUID="8beed225-16f9-49ea-aff4-1457b8f86267" CHANGEID="691454819" NUMBER="23" APARTTYPE="2" OPERTYPEID="10" PREVID="0" NEXTID="0" UPDATEDATE="2025-10-30" STARTDATE="2025-10-30" ENDDATE="2079-06-06" ISACTUAL="1" ISACTIVE="1" /><APARTMENT ID="112034810" OBJECTID="170761979" OBJECTGUID="fa88849c-96d6-435a-9ce2-0d3c3aadd170" CHANGEID="691462815" NUMBER="2А" APARTTYPE="1" OPERTYPEID="30" PREVID="110433435" NEXTID="0" UPDATEDATE="2025-10-30" STARTDATE="2025-10-30" ENDDATE="2079-06-06" ISACTUAL="1" ISACTIVE="0" /><APARTMENT ID="112035755" OBJECTID="7672795" OBJECTGUID="2ae46c80-9fd4-44fc-80dd-fd2db3231ee8" CHANGEID="691470338" NUMBER="2" APARTTYPE="2" OPERTYPEID="30" PREVID="3793040" NEXTID="0" UPDATEDATE="2025-10-30" STARTDATE="2025-10-30" ENDDATE="2079-06-06" ISACTUAL="1" ISACTIVE="0" /><APARTMENT ID="3793040" OBJECTID="7672795" OBJECTGUID="2ae46c80-9fd4-44fc-80dd-fd2db3231ee8" CHANGEID="13112002" NUMBER="2" APARTTYPE="2" OPERTYPEID="10" PREVID="0" NEXTID="112035755" UPDATEDATE="2025-10-30" STARTDATE="2018-08-31" ENDDATE="2025-10-30" ISACTUAL="0" ISACTIVE="0" /><APARTMENT ID="112035756" OBJECTID="7672820" OBJECTGUID="5dacb7a0-1d76-4c3c-b82f-4bdab15553d8" CHANGEID="691470339" NUMBER="1" APARTTYPE="2" OPERTYPEID="30" PREVID="3793063" NEXTID="0" UPDATEDATE="2025-10-30" STARTDATE="2025-10-30" ENDDATE="2079-06-06" ISACTUAL="1" ISACTIVE="0" /><APARTMENT ID="3793063" OBJECTID="7672820" OBJECTGUID="5dacb7a0-1d76-4c3c-b82f-4bdab15553d8" CHANGEID="13112029" NUMBER="1" APARTTYPE="2" OPERTYPEID="10" PREVID="0" NEXTID="112035756" UPDATEDATE="2025-10-30" STARTDATE="2018-08-31" ENDDATE="2025-10-30" ISACTUAL="0" ISACTIVE="0" /><APARTMENT ID="112035843" OBJECTID="175602106" OBJECTGUID="f6ac74a0-6684-4b18-a32d-257ae63c8603" CHANGEID="691470889" NUMBER="1А" APARTTYPE="1" OPERTYPEID="10" PREVID="0" NEXTID="0" UPDATEDATE="2025-10-30" STARTDATE="2025-10-30" ENDDATE="2079-06-06" ISACTUAL="1" ISACTIVE="1" /><APARTMENT ID="112036857" OBJECTID="175605808" OBJECTGUID="34e5b63b-77b5-41f5-a9e2-26ce727b2e3a" CHANGEID="691476663" NUMBER="2" APARTTYPE="2" OPERTYPEID="10" PREVID="0" NEXTID="0" UPDATEDATE="2025-10-30" STARTDATE="2025-10-30" ENDDATE="2079-06-06" ISACTUAL="1" ISACTIVE="1" /><APARTMENT ID="112036858" OBJECTID="175605809" OBJECTGUID="3be4b190-dbff-4b83-83ca-780e44c31544" CHANGEID="691476664" NUMBER="1" APARTTYPE="2" OPERTYPEID="10" PREVID="0" NEXTID="0" UPDATEDATE="2025-10-30" STARTDATE="2025-10-30" ENDDATE="2079-06-06" ISACTUAL="1" ISACTIVE="1" /><APARTMENT ID="112037397" OBJECTID="3698012" OBJECTGUID="d129159d-d840-47c0-ad4d-a92c3a8ab3bd" CHANGEID="691480743" NUMBER="31" APARTTYPE="2" OPERTYPEID="30" PREVID="1378837" NEXTID="0" UPDATEDATE="2025-10-30" STARTDATE="2025-10-30" ENDDATE="2079-06-06" ISACTUAL="1" ISACTIVE="0" /><APARTMENT ID="1378837" OBJECTID="3698012" OBJECTGUID="d129159d-d840-47c0-ad4d-a92c3a8ab3bd" CHANGEID="7294526" NUMBER="31" APARTTYPE="2" OPERTYPEID="10" PREVID="0" NEXTID="112037397" UPDATEDATE="2025-10-30" STARTDATE="2018-08-31" ENDDATE="2025-10-30" ISACTUAL="0" ISACTIVE="0" /><APARTMENT ID="112037398" OBJECTID="3696252" OBJECTGUID="66de5b22-5806-4c84-b691-8e427f5f8ac5" CHANGEID="691480752" NUMBER="32" APARTTYPE="2" OPERTYPEID="30" PREVID="1377643" NEXTID="0" UPDATEDATE="2025-10-30" STARTDATE="2025-10-30" ENDDATE="2079-06-06" ISACTUAL="1" ISACTIVE="0" /><APARTMENT ID="1377643" OBJECTID="3696252" OBJECTGUID="66de5b22-5806-4c84-b691-8e427f5f8ac5" CHANGEID="7292147" NUMBER="32" APARTTYPE="2" OPERTYPEID="10" PREVID="0" NEXTID="112037398" UPDATEDATE="2025-10-30" STARTDATE="2018-08-31" ENDDATE="2025-10-30" ISACTUAL="0" ISACTIVE="0" /><APARTMENT ID="112037565" OBJECTID="175609383" OBJECTGUID="dc15e033-d7b9-4d67-ac49-7a5e49690c2e" CHANGEID="691482769" NUMBER="2" APARTTYPE="2" OPERTYPEID="10" PREVID="0" NEXTID="0" UPDATEDATE="2025-10-30" STARTDATE="2025-10-30" ENDDATE="2079-06-06" ISACTUAL="1" ISACTIVE="1" /><APARTMENT ID="112037564" OBJECTID="175609362" OBJECTGUID="5defcc0c-cfae-4444-b571-6d3d071140f5" CHANGEID="691482695" NUMBER="1" APARTTYPE="2" OPERTYPEID="10" PREVID="0" NEXTID="0" UPDATEDATE="2025-10-30" STARTDATE="2025-10-30" ENDDATE="2079-06-06" ISACTUAL="1" ISACTIVE="1" /><APARTMENT ID="112040094" OBJECTID="175616358" OBJECTGUID="95afb6e8-b549-4c77-86bb-cf1bbb065fc7" CHANGEID="691495195" NUMBER="17" APARTTYPE="1" OPERTYPEID="10" PREVID="0" NEXTID="0" UPDATEDATE="2025-10-31" STARTDATE="2025-10-31" ENDDATE="2079-06-06" ISACTUAL="1" ISACTIVE="1" /><APARTMENT ID="112040099" OBJECTID="175616359" OBJECTGUID="2d76e1b9-de06-4015-9573-5ecefa9f5178" CHANGEID="691495200" NUMBER="31" APARTTYPE="2" OPERTYPEID="10" PREVID="0" NEXTID="0" UPDATEDATE="2025-10-31" STARTDATE="2025-10-31" ENDDATE="2079-06-06" ISACTUAL="1" ISACTIVE="1" /><APARTMENT ID="112041593" OBJECTID="175619641" OBJECTGUID="bcde30e8-5cfb-4620-9c1c-479ca2ae19ee" CHANGEID="691500117" NUMBER="1А" APARTTYPE="1" OPERTYPEID="10" PREVID="0" NEXTID="0" UPDATEDATE="2025-10-31" STARTDATE="2025-10-31" ENDDATE="2079-06-06" ISACTUAL="1" ISACTIVE="1" /><APARTMENT ID="112042109" OBJECTID="175620815" OBJECTGUID="1eb6b183-06c4-4968-9835-20b6d66416c6" CHANGEID="691502138" NUMBER="3" APARTTYPE="1" OPERTYPEID="10" PREVID="0" NEXTID="0" UPDATEDATE="2025-10-31" STARTDATE="2025-10-31" ENDDATE="2079-06-06" ISACTUAL="1" ISACTIVE="1" /><APARTMENT ID="112042104" OBJECTID="175620772" OBJECTGUID="b44d324c-4432-46c5-8956-12ec2287270a" CHANGEID="691502048" NUMBER="1" APARTTYPE="1" OPERTYPEID="10" PREVID="0" NEXTID="0" UPDATEDATE="2025-10-31" STARTDATE="2025-10-31" ENDDATE="2079-06-06" ISACTUAL="1" ISACTIVE="1" /><APARTMENT ID="112042475" OBJECTID="175622207" OBJECTGUID="4654b1e5-3aba-4262-a807-496832bbdecf" CHANGEID="691504354" NUMBER="2" APARTTYPE="1" OPERTYPEID="10" PREVID="0" NEXTID="0" UPDATEDATE="2025-10-31" STARTDATE="2025-10-31" ENDDATE="2079-06-06" ISACTUAL="1" ISACTIVE="1" /><APARTMENT ID="112050327" OBJECTID="175645649" OBJECTGUID="b100faf9-142e-4aaa-a1c0-25be73950c84" CHANGEID="691557585" NUMBER="1" APARTTYPE="1" OPERTYPEID="10" PREVID="0" NEXTID="0" UPDATEDATE="2025-11-01" STARTDATE="2025-11-01" ENDDATE="2079-06-06" ISACTUAL="1" ISACTIVE="1" /><APARTMENT ID="112050520" OBJECTID="175646389" OBJECTGUID="917f903e-6f4d-47bc-b01e-c2f80b030543" CHANGEID="691559168" NUMBER="2" APARTTYPE="1" OPERTYPEID="10" PREVID="0" NEXTID="0" UPDATEDATE="2025-11-01" STARTDATE="2025-11-01" ENDDATE="2079-06-06" ISACTUAL="1" ISACTIVE="1" /><APARTMENT ID="112055494" OBJECTID="175660202" OBJECTGUID="eb7eb650-d663-4f81-964f-38a490c774dc" CHANGEID="691580334" NUMBER="12" APARTTYPE="2" OPERTYPEID="10" PREVID="0" NEXTID="0" UPDATEDATE="2025-11-01" STARTDATE="2025-11-01" ENDDATE="2079-06-06" ISACTUAL="1" ISACTIVE="1" /><APARTMENT ID="112055495" OBJECTID="175660203" OBJECTGUID="724c76ff-dccf-4746-bcf1-55cdf86dd99d" CHANGEID="691580335" NUMBER="95" APARTTYPE="2" OPERTYPEID="10" PREVID="0" NEXTID="0" UPDATEDATE="2025-11-01" STARTDATE="2025-11-01" ENDDATE="2079-06-06" ISACTUAL="1" ISACTIVE="1" /><APARTMENT ID="112055496" OBJECTID="175660204" OBJECTGUID="abbba365-b313-4a75-a9af-5a59773507a6" CHANGEID="691580336" NUMBER="43" APARTTYPE="2" OPERTYPEID="10" PREVID="0" NEXTID="0" UPDATEDATE="2025-11-01" STARTDATE="2025-11-01" ENDDATE="2079-06-06" ISACTUAL="1" ISACTIVE="1" /><APARTMENT ID="112055497" OBJECTID="175660205" OBJECTGUID="677fa7a4-ceec-4751-a374-ded2c1214b23" CHANGEID="691580337" NUMBER="87" APARTTYPE="2" OPERTYPEID="10" PREVID="0" NEXTID="0" UPDATEDATE="2025-11-01" STARTDATE="2025-11-01" ENDDATE="2079-06-06" ISACTUAL="1" ISACTIVE="1" /><APARTMENT ID="112055498" OBJECTID="175660206" OBJECTGUID="3a29ef77-4623-4a04-832d-51c0e5f2f980" CHANGEID="691580338" NUMBER="27" APARTTYPE="2" OPERTYPEID="10" PREVID="0" NEXTID="0" UPDATEDATE="2025-11-01" STARTDATE="2025-11-01" ENDDATE="2079-06-06" ISACTUAL="1" ISACTIVE="1" /><APARTMENT ID="112055499" OBJECTID="175660207" OBJECTGUID="3cef3aa2-f6b5-4938-8221-ca0fa34ffc0c" CHANGEID="691580339" NUMBER="59" APARTTYPE="2" OPERTYPEID="10" PREVID="0" NEXTID="0" UPDATEDATE="2025-11-01" STARTDATE="2025-11-01" ENDDATE="2079-06-06" ISACTUAL="1" ISACTIVE="1" /><APARTMENT ID="112055500" OBJECTID="175660208" OBJECTGUID="1bfe0663-2d79-4b7b-9739-ded56c80ceb9" CHANGEID="691580340" NUMBER="100" APARTTYPE="2" OPERTYPEID="10" PREVID="0" NEXTID="0" UPDATEDATE="2025-11-01" STARTDATE="2025-11-01" ENDDATE="2079-06-06" ISACTUAL="1" ISACTIVE="1" /><APARTMENT ID="112055501" OBJECTID="175660209" OBJECTGUID="d87479fd-9636-46fb-b58b-a8f6edcc3d5e" CHANGEID="691580341" NUMBER="103" APARTTYPE="2" OPERTYPEID="10" PREVID="0" NEXTID="0" UPDATEDATE="2025-11-01" STARTDATE="2025-11-01" ENDDATE="2079-06-06" ISACTUAL="1" ISACTIVE="1" /><APARTMENT ID="112055502" OBJECTID="175660210" OBJECTGUID="7f1eaa5e-740e-4c33-b36f-2f95cd97e8e0" CHANGEID="691580342" NUMBER="104" APARTTYPE="2" OPERTYPEID="10" PREVID="0" NEXTID="0" UPDATEDATE="2025-11-01" STARTDATE="2025-11-01" ENDDATE="2079-06-06" ISACTUAL="1" ISACTIVE="1" /><APARTMENT ID="112055503" OBJECTID="175660211" OBJECTGUID="675d4920-a741-44d2-b62a-031794c0b84b" CHANGEID="691580343" NUMBER="81" APARTTYPE="2" OPERTYPEID="10" PREVID="0" NEXTID="0" UPDATEDATE="2025-11-01" STARTDATE="2025-11-01" ENDDATE="2079-06-06" ISACTUAL="1" ISACTIVE="1" /><APARTMENT ID="112055504" OBJECTID="175660212" OBJECTGUID="1cf680df-da1f-493f-a6f2-29400041e229" CHANGEID="691580344" NUMBER="88" APARTTYPE="2" OPERTYPEID="10" PREVID="0" NEXTID="0" UPDATEDATE="2025-11-01" STARTDATE="2025-11-01" ENDDATE="2079-06-06" ISACTUAL="1" ISACTIVE="1" /><APARTMENT ID="112055505" OBJECTID="175660213" OBJECTGUID="d204e4a6-afd4-499e-bb71-333d04afd689" CHANGEID="691580345" NUMBER="75" APARTTYPE="2" OPERTYPEID="10" PREVID="0" NEXTID="0" UPDATEDATE="2025-11-01" STARTDATE="2025-11-01" ENDDATE="2079-06-06" ISACTUAL="1" ISACTIVE="1" /><APARTMENT ID="112055506" OBJECTID="175660214" OBJECTGUID="7d6567d5-26bd-4cd5-a1bf-9c50ce9cefbb" CHANGEID="691580346" NUMBER="39" APARTTYPE="2" OPERTYPEID="10" PREVID="0" NEXTID="0" UPDATEDATE="2025-11-01" STARTDATE="2025-11-01" ENDDATE="2079-06-06" ISACTUAL="1" ISACTIVE="1" /><APARTMENT ID="112055507" OBJECTID="175660215" OBJECTGUID="89973f5f-177a-48ee-af59-548c10fcc343" CHANGEID="691580347" NUMBER="92" APARTTYPE="2" OPERTYPEID="10" PREVID="0" NEXTID="0" UPDATEDATE="2025-11-01" STARTDATE="2025-11-01" ENDDATE="2079-06-06" ISACTUAL="1" ISACTIVE="1" /><APARTMENT ID="112055508" OBJECTID="175660216" OBJECTGUID="819531b0-f2e5-422c-8d57-ebbbef3b31da" CHANGEID="691580348" NUMBER="26" APARTTYPE="2" OPERTYPEID="10" PREVID="0" NEXTID="0" UPDATEDATE="2025-11-01" STARTDATE="2025-11-01" ENDDATE="2079-06-06" ISACTUAL="1" ISACTIVE="1" /><APARTMENT ID="112055509" OBJECTID="175660217" OBJECTGUID="32dd520b-c7c9-4007-bf62-8aecdcd447ac" CHANGEID="691580349" NUMBER="52" APARTTYPE="2" OPERTYPEID="10" PREVID="0" NEXTID="0" UPDATEDATE="2025-11-01" STARTDATE="2025-11-01" ENDDATE="2079-06-06" ISACTUAL="1" ISACTIVE="1" /><APARTMENT ID="112055510" OBJECTID="175660218" OBJECTGUID="b4ace401-37b3-4281-98f2-c67274352abb" CHANGEID="691580350" NUMBER="99" APARTTYPE="2" OPERTYPEID="10" PREVID="0" NEXTID="0" UPDATEDATE="2025-11-01" STARTDATE="2025-11-01" ENDDATE="2079-06-06" ISACTUAL="1" ISACTIVE="1" /><APARTMENT ID="112055511" OBJECTID="175660219" OBJECTGUID="1a875ce0-ba51-4917-b0ab-9f372e7af808" CHANGEID="691580351" NUMBER="40" APARTTYPE="2" OPERTYPEID="10" PREVID="0" NEXTID="0" UPDATEDATE="2025-11-01" STARTDATE="2025-11-01" ENDDATE="2079-06-06" ISACTUAL="1" ISACTIVE="1" /><APARTMENT ID="112055512" OBJECTID="175660220" OBJECTGUID="5f6ef6a7-9ada-4dd8-b8e6-da1cf85293f5" CHANGEID="691580352" NUMBER="14" APARTTYPE="2" OPERTYPEID="10" PREVID="0" NEXTID="0" UPDATEDATE="2025-11-01" STARTDATE="2025-11-01" ENDDATE="2079-06-06" ISACTUAL="1" ISACTIVE="1" /><APARTMENT ID="112055513" OBJECTID="175660221" OBJECTGUID="cd1920c1-c544-4840-aa99-b73914785acf" CHANGEID="691580353" NUMBER="102" APARTTYPE="2" OPERTYPEID="10" PREVID="0" NEXTID="0" UPDATEDATE="2025-11-01" STARTDATE="2025-11-01" ENDDATE="2079-06-06" ISACTUAL="1" ISACTIVE="1" /><APARTMENT ID="112055514" OBJECTID="175660222" OBJECTGUID="347d6503-6b8d-4294-b078-0be37e60f87e" CHANGEID="691580354" NUMBER="30" APARTTYPE="2" OPERTYPEID="10" PREVID="0" NEXTID="0" UPDATEDATE="2025-11-01" STARTDATE="2025-11-01" ENDDATE="2079-06-06" ISACTUAL="1" ISACTIVE="1" /><APARTMENT ID="112055515" OBJECTID="175660223" OBJECTGUID="e975e598-ae16-4d90-8f49-af31b3135587" CHANGEID="691580355" NUMBER="86" APARTTYPE="2" OPERTYPEID="10" PREVID="0" NEXTID="0" UPDATEDATE="2025-11-01" STARTDATE="2025-11-01" ENDDATE="2079-06-06" ISACTUAL="1" ISACTIVE="1" /><APARTMENT ID="112055516" OBJECTID="175660224" OBJECTGUID="29e84f50-5dbd-4780-ac57-47e3e41f6ed8" CHANGEID="691580356" NUMBER="36" APARTTYPE="2" OPERTYPEID="10" PREVID="0" NEXTID="0" UPDATEDATE="2025-11-01" STARTDATE="2025-11-01" ENDDATE="2079-06-06" ISACTUAL="1" ISACTIVE="1" /><APARTMENT ID="112055517" OBJECTID="175660225" OBJECTGUID="7fd812ac-cf24-4066-901c-4ae350188453" CHANGEID="691580357" NUMBER="3" APARTTYPE="2" OPERTYPEID="10" PREVID="0" NEXTID="0" UPDATEDATE="2025-11-01" STARTDATE="2025-11-01" ENDDATE="2079-06-06" ISACTUAL="1" ISACTIVE="1" /><APARTMENT ID="112055518" OBJECTID="175660226" OBJECTGUID="bcc8d13f-4e25-45bd-8f95-237dd4827175" CHANGEID="691580358" NUMBER="74" APARTTYPE="2" OPERTYPEID="10" PREVID="0" NEXTID="0" UPDATEDATE="2025-11-01" STARTDATE="2025-11-01" ENDDATE="2079-06-06" ISACTUAL="1" ISACTIVE="1" /><APARTMENT ID="112055519" OBJECTID="175660227" OBJECTGUID="31225c18-6714-4cb8-8f04-ea3691bfe791" CHANGEID="691580359" NUMBER="56" APARTTYPE="2" OPERTYPEID="10" PREVID="0" NEXTID="0" UPDATEDATE="2025-11-01" STARTDATE="2025-11-01" ENDDATE="2079-06-06" ISACTUAL="1" ISACTIVE="1" /><APARTMENT ID="112055520" OBJECTID="175660228" OBJECTGUID="bd54c19f-6dbc-412e-9007-f1209b21402c" CHANGEID="691580360" NUMBER="38" APARTTYPE="2" OPERTYPEID="10" PREVID="0" NEXTID="0" UPDATEDATE="2025-11-01" STARTDATE="2025-11-01" ENDDATE="2079-06-06" ISACTUAL="1" ISACTIVE="1" /><APARTMENT ID="112055521" OBJECTID="175660229" OBJECTGUID="c935e1b4-f531-44b8-aabb-c475983e040f" CHANGEID="691580361" NUMBER="22" APARTTYPE="2" OPERTYPEID="10" PREVID="0" NEXTID="0" UPDATEDATE="2025-11-01" STARTDATE="2025-11-01" ENDDATE="2079-06-06" ISACTUAL="1" ISACTIVE="1" /><APARTMENT ID="112055522" OBJECTID="175660230" OBJECTGUID="6945826d-2dbf-42db-90b8-b8ccdbb69b81" CHANGEID="691580362" NUMBER="33" APARTTYPE="2" OPERTYPEID="10" PREVID="0" NEXTID="0" UPDATEDATE="2025-11-01" STARTDATE="2025-11-01" ENDDATE="2079-06-06" ISACTUAL="1" ISACTIVE="1" /><APARTMENT ID="112055523" OBJECTID="175660231" OBJECTGUID="64d91f1d-a98f-40b6-86ce-38464c489ea6" CHANGEID="691580363" NUMBER="93" APARTTYPE="2" OPERTYPEID="10" PREVID="0" NEXTID="0" UPDATEDATE="2025-11-01" STARTDATE="2025-11-01" ENDDATE="2079-06-06" ISACTUAL="1" ISACTIVE="1" /><APARTMENT ID="112055524" OBJECTID="175660232" OBJECTGUID="dd9850fb-044f-4b96-9d22-200c1bff98c8" CHANGEID="691580364" NUMBER="35" APARTTYPE="2" OPERTYPEID="10" PREVID="0" NEXTID="0" UPDATEDATE="2025-11-01" STARTDATE="2025-11-01" ENDDATE="2079-06-06" ISACTUAL="1" ISACTIVE="1" /><APARTMENT ID="112055525" OBJECTID="175660233" OBJECTGUID="e080e7e3-8b79-4a0b-99c8-9c70470ba936" CHANGEID="691580365" NUMBER="46" APARTTYPE="2" OPERTYPEID="10" PREVID="0" NEXTID="0" UPDATEDATE="2025-11-01" STARTDATE="2025-11-01" ENDDATE="2079-06-06" ISACTUAL="1" ISACTIVE="1" /><APARTMENT ID="112055526" OBJECTID="175660234" OBJECTGUID="32dba13a-9329-434c-b87c-958ce5100a4a" CHANGEID="691580366" NUMBER="63" APARTTYPE="2" OPERTYPEID="10" PREVID="0" NEXTID="0" UPDATEDATE="2025-11-01" STARTDATE="2025-11-01" ENDDATE="2079-06-06" ISACTUAL="1" ISACTIVE="1" /><APARTMENT ID="112055527" OBJECTID="175660235" OBJECTGUID="4738f886-13e3-44fa-9511-72891fcedb5b" CHANGEID="691580367" NUMBER="18" APARTTYPE="2" OPERTYPEID="10" PREVID="0" NEXTID="0" UPDATEDATE="2025-11-01" STARTDATE="2025-11-01" ENDDATE="2079-06-06" ISACTUAL="1" ISACTIVE="1" /><APARTMENT ID="112055528" OBJECTID="175660236" OBJECTGUID="5ee31511-44f5-455d-b22d-52fa366a98b4" CHANGEID="691580368" NUMBER="73" APARTTYPE="2" OPERTYPEID="10" PREVID="0" NEXTID="0" UPDATEDATE="2025-11-01" STARTDATE="2025-11-01" ENDDATE="2079-06-06" ISACTUAL="1" ISACTIVE="1" /><APARTMENT ID="112055529" OBJECTID="175660237" OBJECTGUID="46d88c08-2b5f-4d71-8d67-2ff03b610f42" CHANGEID="691580369" NUMBER="2" APARTTYPE="2" OPERTYPEID="10" PREVID="0" NEXTID="0" UPDATEDATE="2025-11-01" STARTDATE="2025-11-01" ENDDATE="2079-06-06" ISACTUAL="1" ISACTIVE="1" /><APARTMENT ID="112055530" OBJECTID="175660238" OBJECTGUID="a75ec318-f9b5-4abf-913e-a410c104ca41" CHANGEID="691580370" NUMBER="70" APARTTYPE="2" OPERTYPEID="10" PREVID="0" NEXTID="0" UPDATEDATE="2025-11-01" STARTDATE="2025-11-01" ENDDATE="2079-06-06" ISACTUAL="1" ISACTIVE="1" /><APARTMENT ID="112055531" OBJECTID="175660239" OBJECTGUID="71d514f7-a98f-4869-9573-1f57c4e7a4c7" CHANGEID="691580371" NUMBER="44" APARTTYPE="2" OPERTYPEID="10" PREVID="0" NEXTID="0" UPDATEDATE="2025-11-01" STARTDATE="2025-11-01" ENDDATE="2079-06-06" ISACTUAL="1" ISACTIVE="1" /><APARTMENT ID="112055532" OBJECTID="175660240" OBJECTGUID="3e845268-177d-4f54-aa19-47f4c449892a" CHANGEID="691580372" NUMBER="96" APARTTYPE="2" OPERTYPEID="10" PREVID="0" NEXTID="0" UPDATEDATE="2025-11-01" STARTDATE="2025-11-01" ENDDATE="2079-06-06" ISACTUAL="1" ISACTIVE="1" /><APARTMENT ID="112055533" OBJECTID="175660241" OBJECTGUID="b1841cb4-cd17-4664-8940-7aa874713592" CHANGEID="691580373" NUMBER="7" APARTTYPE="2" OPERTYPEID="10" PREVID="0" NEXTID="0" UPDATEDATE="2025-11-01" STARTDATE="2025-11-01" ENDDATE="2079-06-06" ISACTUAL="1" ISACTIVE="1" /><APARTMENT ID="112055534" OBJECTID="175660242" OBJECTGUID="c6b1649c-88f4-44b3-b4d1-f3f02447c732" CHANGEID="691580374" NUMBER="64" APARTTYPE="2" OPERTYPEID="10" PREVID="0" NEXTID="0" UPDATEDATE="2025-11-01" STARTDATE="2025-11-01" ENDDATE="2079-06-06" ISACTUAL="1" ISACTIVE="1" /><APARTMENT ID="112055535" OBJECTID="175660243" OBJECTGUID="e16e2b26-b7cb-4e85-aa63-203fc09cf606" CHANGEID="691580375" NUMBER="85" APARTTYPE="2" OPERTYPEID="10" PREVID="0" NEXTID="0" UPDATEDATE="2025-11-01" STARTDATE="2025-11-01" ENDDATE="2079-06-06" ISACTUAL="1" ISACTIVE="1" /><APARTMENT ID="112055536" OBJECTID="175660244" OBJECTGUID="5adb1058-c4bd-4f8c-8e59-0de2f4b9896e" CHANGEID="691580376" NUMBER="13" APARTTYPE="2" OPERTYPEID="10" PREVID="0" NEXTID="0" UPDATEDATE="2025-11-01" STARTDATE="2025-11-01" ENDDATE="2079-06-06" ISACTUAL="1" ISACTIVE="1" /><APARTMENT ID="112055537" OBJECTID="175660245" OBJECTGUID="d740bebd-d950-4318-8a01-cce8cc8652f4" CHANGEID="691580377" NUMBER="15" APARTTYPE="2" OPERTYPEID="10" PREVID="0" NEXTID="0" UPDATEDATE="2025-11-01" STARTDATE="2025-11-01" ENDDATE="2079-06-06" ISACTUAL="1" ISACTIVE="1" /><APARTMENT ID="112055538" OBJECTID="175660246" OBJECTGUID="840f6a67-9952-4dcc-bbc7-0cca8fc645a3" CHANGEID="691580378" NUMBER="94" APARTTYPE="2" OPERTYPEID="10" PREVID="0" NEXTID="0" UPDATEDATE="2025-11-01" STARTDATE="2025-11-01" ENDDATE="2079-06-06" ISACTUAL="1" ISACTIVE="1" /><APARTMENT ID="112055539" OBJECTID="175660247" OBJECTGUID="5c43e508-3b89-4a3f-a2ff-e000552e033e" CHANGEID="691580379" NUMBER="19" APARTTYPE="2" OPERTYPEID="10" PREVID="0" NEXTID="0" UPDATEDATE="2025-11-01" STARTDATE="2025-11-01" ENDDATE="2079-06-06" ISACTUAL="1" ISACTIVE="1" /><APARTMENT ID="112055540" OBJECTID="175660248" OBJECTGUID="377484ac-bf93-4703-9b0f-9397e1fe051f" CHANGEID="691580380" NUMBER="58" APARTTYPE="2" OPERTYPEID="10" PREVID="0" NEXTID="0" UPDATEDATE="2025-11-01" STARTDATE="2025-11-01" ENDDATE="2079-06-06" ISACTUAL="1" ISACTIVE="1" /><APARTMENT ID="112055541" OBJECTID="175660249" OBJECTGUID="0b29ebd5-1e89-424c-b835-81f68cd54baf" CHANGEID="691580381" NUMBER="77" APARTTYPE="2" OPERTYPEID="10" PREVID="0" NEXTID="0" UPDATEDATE="2025-11-01" STARTDATE="2025-11-01" ENDDATE="2079-06-06" ISACTUAL="1" ISACTIVE="1" /><APARTMENT ID="112055542" OBJECTID="175660250" OBJECTGUID="666a0d13-6f4e-479b-a1aa-2c90dcb75832" CHANGEID="691580382" NUMBER="48" APARTTYPE="2" OPERTYPEID="10" PREVID="0" NEXTID="0" UPDATEDATE="2025-11-01" STARTDATE="2025-11-01" ENDDATE="2079-06-06" ISACTUAL="1" ISACTIVE="1" /><APARTMENT ID="112056671" OBJECTID="175662886" OBJECTGUID="5f68b207-8384-4328-8098-ea88025c13e5" CHANGEID="691585278" NUMBER="12" APARTTYPE="1" OPERTYPEID="10" PREVID="0" NEXTID="0" UPDATEDATE="2025-11-01" STARTDATE="2025-11-01" ENDDATE="2079-06-06" ISACTUAL="1" ISACTIVE="1" /><APARTMENT ID="112056672" OBJECTID="175662887" OBJECTGUID="6a321197-9290-4298-a980-e4a5ce208dd3" CHANGEID="691585279" NUMBER="11" APARTTYPE="1" OPERTYPEID="10" PREVID="0" NEXTID="0" UPDATEDATE="2025-11-01" STARTDATE="2025-11-01" ENDDATE="2079-06-06" ISACTUAL="1" ISACTIVE="1" /><APARTMENT ID="112056673" OBJECTID="175662888" OBJECTGUID="5374d8c5-698a-404d-ab15-cf554b28f2c6" CHANGEID="691585280" NUMBER="3" APARTTYPE="1" OPERTYPEID="10" PREVID="0" NEXTID="0" UPDATEDATE="2025-11-01" STARTDATE="2025-11-01" ENDDATE="2079-06-06" ISACTUAL="1" ISACTIVE="1" /><APARTMENT ID="112056674" OBJECTID="175662889" OBJECTGUID="1395bc48-8ac5-4f55-bc50-14b3c6c3a0df" CHANGEID="691585281" NUMBER="10" APARTTYPE="2" OPERTYPEID="10" PREVID="0" NEXTID="0" UPDATEDATE="2025-11-01" STARTDATE="2025-11-01" ENDDATE="2079-06-06" ISACTUAL="1" ISACTIVE="1" /><APARTMENT ID="112056675" OBJECTID="175662890" OBJECTGUID="94c44a61-0f01-4630-aa2f-6deefd5cd47f" CHANGEID="691585282" NUMBER="9" APARTTYPE="2" OPERTYPEID="10" PREVID="0" NEXTID="0" UPDATEDATE="2025-11-01" STARTDATE="2025-11-01" ENDDATE="2079-06-06" ISACTUAL="1" ISACTIVE="1" /><APARTMENT ID="112056676" OBJECTID="175662891" OBJECTGUID="8853356b-843f-4c9d-94e1-98f5e9af36ea" CHANGEID="691585283" NUMBER="8" APARTTYPE="2" OPERTYPEID="10" PREVID="0" NEXTID="0" UPDATEDATE="2025-11-01" STARTDATE="2025-11-01" ENDDATE="2079-06-06" ISACTUAL="1" ISACTIVE="1" /></APARTMENTS>