﻿<?xml version="1.0" encoding="utf-8"?><APARTMENTS><APARTMENT ID="22715119" OBJECTID="38917169" OBJECTGUID="6efd017a-2889-4924-abba-5a7a67771791" CHANGEID="58987623" NUMBER="17" APARTTYPE="13" OPERTYPEID="10" PREVID="0" NEXTID="112033075" UPDATEDATE="2025-10-30" STARTDATE="2012-03-16" ENDDATE="2025-10-30" ISACTUAL="0" ISACTIVE="0" /><APARTMENT ID="22719887" OBJECTID="38925780" OBJECTGUID="10add650-0216-41f4-a831-ba749d39eed1" CHANGEID="59000543" NUMBER="151" APARTTYPE="13" OPERTYPEID="10" PREVID="0" NEXTID="112034599" UPDATEDATE="2025-10-30" STARTDATE="2012-02-08" ENDDATE="2025-10-30" ISACTUAL="0" ISACTIVE="0" /><APARTMENT ID="23132644" OBJECTID="39602526" OBJECTGUID="07f38752-f83f-4591-8cfd-fbc574f5fe70" CHANGEID="59995044" NUMBER="38" APARTTYPE="13" OPERTYPEID="10" PREVID="0" NEXTID="112044351" UPDATEDATE="2025-10-31" STARTDATE="2012-03-16" ENDDATE="2025-10-31" ISACTUAL="0" ISACTIVE="0" /><APARTMENT ID="27208434" OBJECTID="46124380" OBJECTGUID="205c1ad4-95ee-45ac-9b88-7286990f72e1" CHANGEID="69441368" NUMBER="100" APARTTYPE="13" OPERTYPEID="10" PREVID="0" NEXTID="112042584" UPDATEDATE="2025-10-31" STARTDATE="2019-11-25" ENDDATE="2025-10-31" ISACTUAL="0" ISACTIVE="0" /><APARTMENT ID="41801756" OBJECTID="70072377" OBJECTGUID="212abbf7-e27d-46f6-a19b-9a147cc69dca" CHANGEID="104416621" NUMBER="3" APARTTYPE="13" OPERTYPEID="10" PREVID="0" NEXTID="112043833" UPDATEDATE="2025-10-31" STARTDATE="2017-04-07" ENDDATE="2025-10-31" ISACTUAL="0" ISACTIVE="0" /><APARTMENT ID="41970826" OBJECTID="70350057" OBJECTGUID="970f137e-a4e1-42ab-9093-7a7ceba5ac53" CHANGEID="104825458" NUMBER="56" APARTTYPE="13" OPERTYPEID="20" PREVID="41970789" NEXTID="112042617" UPDATEDATE="2025-10-31" STARTDATE="2012-03-16" ENDDATE="2025-10-31" ISACTUAL="0" ISACTIVE="0" /><APARTMENT ID="112033075" OBJECTID="38917169" OBJECTGUID="6efd017a-2889-4924-abba-5a7a67771791" CHANGEID="691453156" NUMBER="17" APARTTYPE="13" OPERTYPEID="55" PREVID="22715119" NEXTID="129413654" UPDATEDATE="2025-10-30" STARTDATE="2025-10-30" ENDDATE="2079-06-06" ISACTUAL="1" ISACTIVE="0" /><APARTMENT ID="112034599" OBJECTID="38925780" OBJECTGUID="10add650-0216-41f4-a831-ba749d39eed1" CHANGEID="691461222" NUMBER="151" APARTTYPE="13" OPERTYPEID="55" PREVID="22719887" NEXTID="129415812" UPDATEDATE="2025-10-30" STARTDATE="2025-10-30" ENDDATE="2079-06-06" ISACTUAL="1" ISACTIVE="0" /><APARTMENT ID="112036964" OBJECTID="175606408" OBJECTGUID="d5d25a5c-9ead-4b7e-bcf2-ba5dd6c4b947" CHANGEID="691477868" NUMBER="203/204" APARTTYPE="2" OPERTYPEID="10" PREVID="0" NEXTID="0" UPDATEDATE="2025-10-30" STARTDATE="2025-10-30" ENDDATE="2079-06-06" ISACTUAL="1" ISACTIVE="1" /><APARTMENT ID="112036965" OBJECTID="175606416" OBJECTGUID="3bae95ab-2e17-40d0-8d36-2fe76adfdfe0" CHANGEID="691477876" NUMBER="2П" APARTTYPE="1" OPERTYPEID="10" PREVID="0" NEXTID="0" UPDATEDATE="2025-10-30" STARTDATE="2025-10-30" ENDDATE="2079-06-06" ISACTUAL="1" ISACTIVE="1" /><APARTMENT ID="112042584" OBJECTID="46124380" OBJECTGUID="205c1ad4-95ee-45ac-9b88-7286990f72e1" CHANGEID="691505374" NUMBER="100" APARTTYPE="13" OPERTYPEID="55" PREVID="27208434" NEXTID="129426936" UPDATEDATE="2025-10-31" STARTDATE="2025-10-31" ENDDATE="2079-06-06" ISACTUAL="1" ISACTIVE="0" /><APARTMENT ID="112042585" OBJECTID="175622897" OBJECTGUID="b75570cc-072a-4587-9589-82d4330bfe67" CHANGEID="691505382" NUMBER="4Н" APARTTYPE="1" OPERTYPEID="10" PREVID="0" NEXTID="0" UPDATEDATE="2025-10-31" STARTDATE="2025-10-31" ENDDATE="2079-06-06" ISACTUAL="1" ISACTIVE="1" /><APARTMENT ID="112042586" OBJECTID="175622898" OBJECTGUID="a1fb4fff-0c23-4740-b015-56c1a8b742fe" CHANGEID="691505383" NUMBER="3Н" APARTTYPE="1" OPERTYPEID="10" PREVID="0" NEXTID="0" UPDATEDATE="2025-10-31" STARTDATE="2025-10-31" ENDDATE="2079-06-06" ISACTUAL="1" ISACTIVE="1" /><APARTMENT ID="112042587" OBJECTID="175622899" OBJECTGUID="5acfe6c9-f769-467e-9797-5d22db8336d8" CHANGEID="691505384" NUMBER="1Н" APARTTYPE="1" OPERTYPEID="10" PREVID="0" NEXTID="0" UPDATEDATE="2025-10-31" STARTDATE="2025-10-31" ENDDATE="2079-06-06" ISACTUAL="1" ISACTIVE="1" /><APARTMENT ID="112042588" OBJECTID="175622900" OBJECTGUID="6714b8e9-79c5-4116-a088-d8a85c875daf" CHANGEID="691505385" NUMBER="2Н" APARTTYPE="1" OPERTYPEID="10" PREVID="0" NEXTID="0" UPDATEDATE="2025-10-31" STARTDATE="2025-10-31" ENDDATE="2079-06-06" ISACTUAL="1" ISACTIVE="1" /><APARTMENT ID="112042617" OBJECTID="70350057" OBJECTGUID="970f137e-a4e1-42ab-9093-7a7ceba5ac53" CHANGEID="691506414" NUMBER="56" APARTTYPE="13" OPERTYPEID="55" PREVID="41970826" NEXTID="129427140" UPDATEDATE="2025-10-31" STARTDATE="2025-10-31" ENDDATE="2079-06-06" ISACTUAL="1" ISACTIVE="0" /><APARTMENT ID="112043833" OBJECTID="70072377" OBJECTGUID="212abbf7-e27d-46f6-a19b-9a147cc69dca" CHANGEID="691513794" NUMBER="3" APARTTYPE="13" OPERTYPEID="55" PREVID="41801756" NEXTID="129428710" UPDATEDATE="2025-10-31" STARTDATE="2025-10-31" ENDDATE="2079-06-06" ISACTUAL="1" ISACTIVE="0" /><APARTMENT ID="112044351" OBJECTID="39602526" OBJECTGUID="07f38752-f83f-4591-8cfd-fbc574f5fe70" CHANGEID="691516627" NUMBER="38" APARTTYPE="13" OPERTYPEID="55" PREVID="23132644" NEXTID="129429327" UPDATEDATE="2025-10-31" STARTDATE="2025-10-31" ENDDATE="2079-06-06" ISACTUAL="1" ISACTIVE="0" /><APARTMENT ID="112052967" OBJECTID="175650810" OBJECTGUID="c880de6b-dcbb-4bc3-897d-3c98a2a4a028" CHANGEID="691565859" NUMBER="1" APARTTYPE="2" OPERTYPEID="10" PREVID="0" NEXTID="0" UPDATEDATE="2025-11-01" STARTDATE="2025-11-01" ENDDATE="2079-06-06" ISACTUAL="1" ISACTIVE="1" /><APARTMENT ID="112055275" OBJECTID="175659488" OBJECTGUID="81bf250e-4da9-4f42-a803-e5016d6325b5" CHANGEID="691579440" NUMBER="3Н" APARTTYPE="1" OPERTYPEID="10" PREVID="0" NEXTID="0" UPDATEDATE="2025-11-01" STARTDATE="2025-11-01" ENDDATE="2079-06-06" ISACTUAL="1" ISACTIVE="1" /><APARTMENT ID="112055276" OBJECTID="175659489" OBJECTGUID="66bcaf67-1b4c-4c41-9b1d-e8037dcd00b4" CHANGEID="691579441" NUMBER="2Н" APARTTYPE="1" OPERTYPEID="10" PREVID="0" NEXTID="0" UPDATEDATE="2025-11-01" STARTDATE="2025-11-01" ENDDATE="2079-06-06" ISACTUAL="1" ISACTIVE="1" /><APARTMENT ID="112055277" OBJECTID="175659490" OBJECTGUID="a1ed706f-3512-4dca-b79f-b30d5b293cfa" CHANGEID="691579442" NUMBER="1Н" APARTTYPE="1" OPERTYPEID="10" PREVID="0" NEXTID="0" UPDATEDATE="2025-11-01" STARTDATE="2025-11-01" ENDDATE="2079-06-06" ISACTUAL="1" ISACTIVE="1" /><APARTMENT ID="112055278" OBJECTID="175659492" OBJECTGUID="658495ad-b6b7-4bbc-8384-55012cf897ae" CHANGEID="691579447" NUMBER="5Н" APARTTYPE="1" OPERTYPEID="10" PREVID="0" NEXTID="0" UPDATEDATE="2025-11-01" STARTDATE="2025-11-01" ENDDATE="2079-06-06" ISACTUAL="1" ISACTIVE="1" /><APARTMENT ID="112055279" OBJECTID="175659493" OBJECTGUID="4259bbe4-dbce-473c-9638-d636b4b956be" CHANGEID="691579448" NUMBER="4Н" APARTTYPE="1" OPERTYPEID="10" PREVID="0" NEXTID="0" UPDATEDATE="2025-11-01" STARTDATE="2025-11-01" ENDDATE="2079-06-06" ISACTUAL="1" ISACTIVE="1" /><APARTMENT ID="112055867" OBJECTID="175661103" OBJECTGUID="47950bbb-0942-47c7-84b0-47690f0f7861" CHANGEID="691581903" NUMBER="2" APARTTYPE="2" OPERTYPEID="10" PREVID="0" NEXTID="0" UPDATEDATE="2025-11-01" STARTDATE="2025-11-01" ENDDATE="2079-06-06" ISACTUAL="1" ISACTIVE="1" /><APARTMENT ID="112055868" OBJECTID="175661104" OBJECTGUID="1962ccc1-b346-4cde-a2df-050812ec1f60" CHANGEID="691581904" NUMBER="1" APARTTYPE="2" OPERTYPEID="10" PREVID="0" NEXTID="0" UPDATEDATE="2025-11-01" STARTDATE="2025-11-01" ENDDATE="2079-06-06" ISACTUAL="1" ISACTIVE="1" /><APARTMENT ID="112056453" OBJECTID="175662483" OBJECTGUID="4f118a57-5d0d-4e87-b53a-ccdc86189e1c" CHANGEID="691584697" NUMBER="2" APARTTYPE="2" OPERTYPEID="10" PREVID="0" NEXTID="0" UPDATEDATE="2025-11-01" STARTDATE="2025-11-01" ENDDATE="2079-06-06" ISACTUAL="1" ISACTIVE="1" /></APARTMENTS>