﻿<?xml version="1.0" encoding="utf-8"?><HOUSES><HOUSE ID="64039408" OBJECTID="22622352" OBJECTGUID="b2aedcd1-7a74-46d4-a222-323740d0a88d" CHANGEID="35247204" HOUSENUM="46" HOUSETYPE="2" OPERTYPEID="20" PREVID="13352885" NEXTID="129430194" UPDATEDATE="2025-10-31" STARTDATE="2017-01-18" ENDDATE="2025-10-31" ISACTUAL="0" ISACTIVE="0" /><HOUSE ID="51969401" OBJECTID="40262510" OBJECTGUID="08497089-e3f1-4ee7-a6cf-685a0b309460" CHANGEID="60953485" HOUSENUM="91" HOUSETYPE="7" OPERTYPEID="20" PREVID="24071392" NEXTID="129420659" UPDATEDATE="2025-10-30" STARTDATE="2017-01-23" ENDDATE="2025-10-30" ISACTUAL="0" ISACTIVE="0" /><HOUSE ID="129413635" OBJECTID="175591269" OBJECTGUID="563eb4ce-43c9-47b8-bcb3-1fdd0f1121e1" CHANGEID="691453025" HOUSENUM="14" HOUSETYPE="2" OPERTYPEID="10" PREVID="0" NEXTID="0" UPDATEDATE="2025-10-30" STARTDATE="2025-10-30" ENDDATE="2079-06-06" ISACTUAL="1" ISACTIVE="1" /><HOUSE ID="129415811" OBJECTID="175596318" OBJECTGUID="d34821ba-c031-447f-bad1-b90c8634916f" CHANGEID="691461220" HOUSENUM="12/1" HOUSETYPE="7" OPERTYPEID="10" PREVID="0" NEXTID="0" UPDATEDATE="2025-10-30" STARTDATE="2025-10-30" ENDDATE="2079-06-06" ISACTUAL="1" ISACTIVE="1" /><HOUSE ID="129415812" OBJECTID="175596320" OBJECTGUID="3c6e0cfa-9944-4fe4-9382-e067dd9d62f9" CHANGEID="691461223" HOUSENUM="48г" ADDNUM1="5/151" HOUSETYPE="2" ADDTYPE1="2" OPERTYPEID="54" PREVID="112034599" NEXTID="0" UPDATEDATE="2025-10-30" STARTDATE="2025-10-30" ENDDATE="2079-06-06" ISACTUAL="1" ISACTIVE="1" /><HOUSE ID="129417468" OBJECTID="175598125" OBJECTGUID="736e2000-1379-4e96-ad52-74d1c86291dd" CHANGEID="691464760" HOUSENUM="20/6" HOUSETYPE="2" OPERTYPEID="10" PREVID="0" NEXTID="0" UPDATEDATE="2025-10-30" STARTDATE="2025-10-30" ENDDATE="2079-06-06" ISACTUAL="1" ISACTIVE="1" /><HOUSE ID="129417477" OBJECTID="175598145" OBJECTGUID="34e11c51-f0ed-4784-984e-4c8e13f4a753" CHANGEID="691464804" HOUSENUM="328" HOUSETYPE="2" OPERTYPEID="10" PREVID="0" NEXTID="0" UPDATEDATE="2025-10-30" STARTDATE="2025-10-30" ENDDATE="2079-06-06" ISACTUAL="1" ISACTIVE="1" /><HOUSE ID="129420683" OBJECTID="175605520" OBJECTGUID="f367a711-427d-4e24-81ab-c38042ce2ce8" CHANGEID="691476322" HOUSENUM="17" HOUSETYPE="2" OPERTYPEID="10" PREVID="0" NEXTID="0" UPDATEDATE="2025-10-30" STARTDATE="2025-10-30" ENDDATE="2079-06-06" ISACTUAL="1" ISACTIVE="1" /><HOUSE ID="129420659" OBJECTID="40262510" OBJECTGUID="08497089-e3f1-4ee7-a6cf-685a0b309460" CHANGEID="691475940" HOUSENUM="91" HOUSETYPE="2" OPERTYPEID="20" PREVID="51969401" UPDATEDATE="2025-10-30" STARTDATE="2025-10-30" ENDDATE="2079-06-06" ISACTUAL="1" ISACTIVE="1" /><HOUSE ID="129420663" OBJECTID="175605170" OBJECTGUID="6cd91f7c-907a-4dd0-bdd8-e59500e08d39" CHANGEID="691475955" HOUSENUM="1/3/65" HOUSETYPE="7" OPERTYPEID="10" PREVID="0" NEXTID="0" UPDATEDATE="2025-10-30" STARTDATE="2025-10-30" ENDDATE="2079-06-06" ISACTUAL="1" ISACTIVE="1" /><HOUSE ID="129421133" OBJECTID="175606421" OBJECTGUID="5bfded04-f58e-4aab-bfb6-d76fcc236f0c" CHANGEID="691477883" HOUSENUM="257/19/97" HOUSETYPE="7" OPERTYPEID="10" PREVID="0" NEXTID="0" UPDATEDATE="2025-10-30" STARTDATE="2025-10-30" ENDDATE="2079-06-06" ISACTUAL="1" ISACTIVE="1" /><HOUSE ID="129421130" OBJECTID="175606410" OBJECTGUID="7ffd5dd0-4dfd-4e37-af86-5bac93c7ed82" CHANGEID="691477870" HOUSENUM="18а" HOUSETYPE="2" OPERTYPEID="10" PREVID="0" NEXTID="0" UPDATEDATE="2025-10-30" STARTDATE="2025-10-30" ENDDATE="2079-06-06" ISACTUAL="1" ISACTIVE="1" /><HOUSE ID="129421672" OBJECTID="175608029" OBJECTGUID="7ac334b2-c1b4-4c56-a19e-e5e3ba258347" CHANGEID="691480289" HOUSENUM="5" HOUSETYPE="2" OPERTYPEID="10" PREVID="0" NEXTID="0" UPDATEDATE="2025-10-30" STARTDATE="2025-10-30" ENDDATE="2079-06-06" ISACTUAL="1" ISACTIVE="1" /><HOUSE ID="129421709" OBJECTID="175608103" OBJECTGUID="90bae9a1-ab0e-45c3-954b-61fc506a9a3a" CHANGEID="691480420" HOUSENUM="36" ADDNUM1="7/20" HOUSETYPE="2" ADDTYPE1="2" OPERTYPEID="10" PREVID="0" NEXTID="0" UPDATEDATE="2025-10-30" STARTDATE="2025-10-30" ENDDATE="2079-06-06" ISACTUAL="1" ISACTIVE="1" /><HOUSE ID="129426931" OBJECTID="175622889" OBJECTGUID="a74da096-72c2-436b-9971-c20a500d7e7b" CHANGEID="691505353" HOUSENUM="32" ADDNUM1="12а/57" HOUSETYPE="2" ADDTYPE1="2" OPERTYPEID="10" PREVID="0" NEXTID="0" UPDATEDATE="2025-10-31" STARTDATE="2025-10-31" ENDDATE="2079-06-06" ISACTUAL="1" ISACTIVE="1" /><HOUSE ID="129426938" OBJECTID="175622896" OBJECTGUID="30a6c8dd-a6c4-46bf-8826-065cc085f471" CHANGEID="691505379" HOUSENUM="32" ADDNUM1="11/71" HOUSETYPE="2" ADDTYPE1="2" OPERTYPEID="10" PREVID="0" NEXTID="0" UPDATEDATE="2025-10-31" STARTDATE="2025-10-31" ENDDATE="2079-06-06" ISACTUAL="1" ISACTIVE="1" /><HOUSE ID="129426936" OBJECTID="175622895" OBJECTGUID="73d49145-1324-4abf-8a8c-54ba3078595e" CHANGEID="691505375" HOUSENUM="32" ADDNUM1="12б/100" HOUSETYPE="2" ADDTYPE1="2" OPERTYPEID="54" PREVID="112042584" NEXTID="0" UPDATEDATE="2025-10-30" STARTDATE="2025-10-31" ENDDATE="2079-06-06" ISACTUAL="1" ISACTIVE="1" /><HOUSE ID="129426937" OBJECTID="46122518" OBJECTGUID="9e0c0915-3c57-4a90-a319-00b0157a9484" CHANGEID="691505376" HOUSENUM="32" ADDNUM1="12Б" HOUSETYPE="2" ADDTYPE1="2" OPERTYPEID="55" PREVID="27556278" UPDATEDATE="2025-10-31" STARTDATE="2025-10-31" ENDDATE="2079-06-06" ISACTUAL="1" ISACTIVE="0" /><HOUSE ID="27556278" OBJECTID="46122518" OBJECTGUID="9e0c0915-3c57-4a90-a319-00b0157a9484" CHANGEID="69439536" HOUSENUM="32" ADDNUM1="12Б" HOUSETYPE="2" ADDTYPE1="2" OPERTYPEID="20" PREVID="27556154" NEXTID="129426937" UPDATEDATE="2025-10-31" STARTDATE="2017-02-02" ENDDATE="2025-10-31" ISACTUAL="0" ISACTIVE="0" /><HOUSE ID="129427140" OBJECTID="175623436" OBJECTGUID="588e91b8-595b-4e21-8a7d-6f63b2b0590f" CHANGEID="691506415" HOUSENUM="1а" ADDNUM1="32/56" HOUSETYPE="2" ADDTYPE1="2" OPERTYPEID="54" PREVID="112042617" NEXTID="0" UPDATEDATE="2025-10-31" STARTDATE="2025-10-31" ENDDATE="2079-06-06" ISACTUAL="1" ISACTIVE="1" /><HOUSE ID="129428170" OBJECTID="175626778" OBJECTGUID="ff0e93e6-2453-411b-94cc-b3d9a812a142" CHANGEID="691511649" HOUSENUM="10а" ADDNUM1="3/93" HOUSETYPE="2" ADDTYPE1="2" OPERTYPEID="10" PREVID="0" NEXTID="0" UPDATEDATE="2025-10-31" STARTDATE="2025-10-31" ENDDATE="2079-06-06" ISACTUAL="1" ISACTIVE="1" /><HOUSE ID="129428686" OBJECTID="175628072" OBJECTGUID="642335e2-755f-43d3-ab33-9b21efe2fafe" CHANGEID="691513731" HOUSENUM="8" HOUSETYPE="7" OPERTYPEID="10" PREVID="0" NEXTID="0" UPDATEDATE="2025-10-31" STARTDATE="2025-10-31" ENDDATE="2079-06-06" ISACTUAL="1" ISACTIVE="1" /><HOUSE ID="129428710" OBJECTID="175628126" OBJECTGUID="c273c6c0-e608-4758-bade-ab2dff6c4d02" CHANGEID="691513795" HOUSENUM="1а" ADDNUM1="11/3" HOUSETYPE="2" ADDTYPE1="2" OPERTYPEID="54" PREVID="112043833" NEXTID="0" UPDATEDATE="2025-10-31" STARTDATE="2025-10-31" ENDDATE="2079-06-06" ISACTUAL="1" ISACTIVE="1" /><HOUSE ID="129429327" OBJECTID="175629840" OBJECTGUID="91f15684-32db-40db-9719-ccd8954d1221" CHANGEID="691516628" HOUSENUM="1а" ADDNUM1="2/38" HOUSETYPE="2" ADDTYPE1="2" OPERTYPEID="54" PREVID="112044351" NEXTID="0" UPDATEDATE="2025-10-31" STARTDATE="2025-10-31" ENDDATE="2079-06-06" ISACTUAL="1" ISACTIVE="1" /><HOUSE ID="129429760" OBJECTID="53948021" OBJECTGUID="2a65a17c-a159-4033-b80e-cdcdb4d82b3b" CHANGEID="691518723" HOUSENUM="86" HOUSETYPE="2" OPERTYPEID="30" PREVID="54383705" NEXTID="0" UPDATEDATE="2025-10-31" STARTDATE="2025-10-31" ENDDATE="2079-06-06" ISACTUAL="1" ISACTIVE="0" /><HOUSE ID="54383705" OBJECTID="53948021" OBJECTGUID="2a65a17c-a159-4033-b80e-cdcdb4d82b3b" CHANGEID="80747564" HOUSENUM="86" HOUSETYPE="2" OPERTYPEID="20" PREVID="32223297" NEXTID="129429760" UPDATEDATE="2025-10-31" STARTDATE="2014-04-28" ENDDATE="2025-10-31" ISACTUAL="0" ISACTIVE="0" /><HOUSE ID="129429908" OBJECTID="175632038" OBJECTGUID="19820c35-8760-453d-9388-f864bcaddd5a" CHANGEID="691519828" HOUSENUM="13а" HOUSETYPE="2" OPERTYPEID="10" PREVID="0" NEXTID="0" UPDATEDATE="2025-10-31" STARTDATE="2025-10-31" ENDDATE="2079-06-06" ISACTUAL="1" ISACTIVE="1" /><HOUSE ID="129430194" OBJECTID="22622352" OBJECTGUID="b2aedcd1-7a74-46d4-a222-323740d0a88d" CHANGEID="691521951" HOUSENUM="46" HOUSETYPE="2" OPERTYPEID="30" PREVID="64039408" NEXTID="0" UPDATEDATE="2025-10-31" STARTDATE="2025-10-31" ENDDATE="2079-06-06" ISACTUAL="1" ISACTIVE="0" /><HOUSE ID="129435115" OBJECTID="175653691" OBJECTGUID="5378f34e-e81b-4d96-b38e-fa977b7171e5" CHANGEID="691569786" HOUSENUM="5/1" HOUSETYPE="2" OPERTYPEID="10" PREVID="0" NEXTID="0" UPDATEDATE="2025-11-01" STARTDATE="2025-11-01" ENDDATE="2079-06-06" ISACTUAL="1" ISACTIVE="1" /><HOUSE ID="129435114" OBJECTID="175653690" OBJECTGUID="39e52668-3185-4e7c-ae9c-3e0eef5d4e50" CHANGEID="691569785" HOUSENUM="25/20" HOUSETYPE="2" OPERTYPEID="10" PREVID="0" NEXTID="0" UPDATEDATE="2025-11-01" STARTDATE="2025-11-01" ENDDATE="2079-06-06" ISACTUAL="1" ISACTIVE="1" /><HOUSE ID="129435685" OBJECTID="175655691" OBJECTGUID="1f59ae5d-32ae-43eb-8bab-9d586bd6e3ae" CHANGEID="691572962" HOUSENUM="151/1" HOUSETYPE="2" OPERTYPEID="10" PREVID="0" NEXTID="0" UPDATEDATE="2025-11-01" STARTDATE="2025-11-01" ENDDATE="2079-06-06" ISACTUAL="1" ISACTIVE="1" /><HOUSE ID="129435714" OBJECTID="175655895" OBJECTGUID="397be041-be1f-4d4f-9171-e908e737795f" CHANGEID="691573174" HOUSENUM="15" HOUSETYPE="2" OPERTYPEID="10" PREVID="0" NEXTID="0" UPDATEDATE="2025-11-01" STARTDATE="2025-11-01" ENDDATE="2079-06-06" ISACTUAL="1" ISACTIVE="1" /><HOUSE ID="129435978" OBJECTID="175656616" OBJECTGUID="2ef158c4-38ea-4d2d-aaf5-7bb7aecf13f0" CHANGEID="691574302" HOUSENUM="269" HOUSETYPE="2" OPERTYPEID="10" PREVID="0" NEXTID="0" UPDATEDATE="2025-11-01" STARTDATE="2025-11-01" ENDDATE="2079-06-06" ISACTUAL="1" ISACTIVE="1" /><HOUSE ID="129435983" OBJECTID="175656624" OBJECTGUID="134b288d-6664-4cbb-9fe1-f9a6f1df6bd5" CHANGEID="691574316" HOUSENUM="77" HOUSETYPE="2" OPERTYPEID="10" PREVID="0" NEXTID="0" UPDATEDATE="2025-11-01" STARTDATE="2025-11-01" ENDDATE="2079-06-06" ISACTUAL="1" ISACTIVE="1" /><HOUSE ID="129436247" OBJECTID="175657199" OBJECTGUID="ed6a2238-4b4e-430d-9763-5fb08f193f14" CHANGEID="691575453" HOUSENUM="86" HOUSETYPE="2" OPERTYPEID="10" PREVID="0" NEXTID="0" UPDATEDATE="2025-11-01" STARTDATE="2025-11-01" ENDDATE="2079-06-06" ISACTUAL="1" ISACTIVE="1" /><HOUSE ID="129436726" OBJECTID="175658253" OBJECTGUID="444f5ea5-209e-420e-9651-a8d796d417d4" CHANGEID="691577429" HOUSENUM="31/5/36" HOUSETYPE="7" OPERTYPEID="10" PREVID="0" NEXTID="0" UPDATEDATE="2025-11-01" STARTDATE="2025-11-01" ENDDATE="2079-06-06" ISACTUAL="1" ISACTIVE="1" /><HOUSE ID="129437069" OBJECTID="175659510" OBJECTGUID="ab13babb-3928-4229-ac74-ad7d7d994388" CHANGEID="691579467" HOUSENUM="25" HOUSETYPE="7" OPERTYPEID="10" PREVID="0" NEXTID="0" UPDATEDATE="2025-11-01" STARTDATE="2025-11-01" ENDDATE="2079-06-06" ISACTUAL="1" ISACTIVE="1" /><HOUSE ID="129437070" OBJECTID="175659511" OBJECTGUID="cf5317fd-f09f-4f56-8024-841becd95398" CHANGEID="691579469" HOUSENUM="98/38" HOUSETYPE="7" OPERTYPEID="10" PREVID="0" NEXTID="0" UPDATEDATE="2025-11-01" STARTDATE="2025-11-01" ENDDATE="2079-06-06" ISACTUAL="1" ISACTIVE="1" /><HOUSE ID="129437073" OBJECTID="175659519" OBJECTGUID="dd73c842-73e2-4658-b7f7-958b71c7b366" CHANGEID="691579479" HOUSENUM="228/2/5" HOUSETYPE="7" OPERTYPEID="10" PREVID="0" NEXTID="0" UPDATEDATE="2025-11-01" STARTDATE="2025-11-01" ENDDATE="2079-06-06" ISACTUAL="1" ISACTIVE="1" /><HOUSE ID="129437071" OBJECTID="175659515" OBJECTGUID="f111c7c7-76ce-410a-859b-30dd18d74836" CHANGEID="691579474" HOUSENUM="228/1/27" HOUSETYPE="7" OPERTYPEID="10" PREVID="0" NEXTID="0" UPDATEDATE="2025-11-01" STARTDATE="2025-11-01" ENDDATE="2079-06-06" ISACTUAL="1" ISACTIVE="1" /><HOUSE ID="43798349" OBJECTID="72569921" OBJECTGUID="28c8b284-d919-4f91-8e3f-3873dec61558" CHANGEID="108066432" HOUSENUM="20/1" HOUSETYPE="2" OPERTYPEID="20" PREVID="43798345" NEXTID="129437515" UPDATEDATE="2025-11-01" STARTDATE="2017-07-26" ENDDATE="2025-11-01" ISACTUAL="0" ISACTIVE="0" /><HOUSE ID="129437515" OBJECTID="72569921" OBJECTGUID="28c8b284-d919-4f91-8e3f-3873dec61558" CHANGEID="691581781" HOUSENUM="20/1" HOUSETYPE="7" OPERTYPEID="20" PREVID="43798349" UPDATEDATE="2025-11-01" STARTDATE="2025-11-01" ENDDATE="2079-06-06" ISACTUAL="1" ISACTIVE="1" /><HOUSE ID="129437544" OBJECTID="175661135" OBJECTGUID="1b2c1ddc-7ab5-4dd3-a7a1-6b8e1554c064" CHANGEID="691581958" HOUSENUM="57/12" HOUSETYPE="7" OPERTYPEID="10" PREVID="0" NEXTID="0" UPDATEDATE="2025-11-01" STARTDATE="2025-11-01" ENDDATE="2079-06-06" ISACTUAL="1" ISACTIVE="1" /><HOUSE ID="129437598" OBJECTID="175661393" OBJECTGUID="8669b414-6f85-4519-a0fd-31504806bd52" CHANGEID="691582319" HOUSENUM="142" HOUSETYPE="2" OPERTYPEID="10" PREVID="0" NEXTID="0" UPDATEDATE="2025-11-01" STARTDATE="2025-11-01" ENDDATE="2079-06-06" ISACTUAL="1" ISACTIVE="1" /><HOUSE ID="129437599" OBJECTID="175661394" OBJECTGUID="f6789484-9347-4a41-a96f-39c883f80c9a" CHANGEID="691582320" HOUSENUM="125" HOUSETYPE="2" OPERTYPEID="10" PREVID="0" NEXTID="0" UPDATEDATE="2025-11-01" STARTDATE="2025-11-01" ENDDATE="2079-06-06" ISACTUAL="1" ISACTIVE="1" /><HOUSE ID="129437600" OBJECTID="175661395" OBJECTGUID="e9d06745-a22d-4b0f-b672-4f65b588229f" CHANGEID="691582321" HOUSENUM="113" HOUSETYPE="2" OPERTYPEID="10" PREVID="0" NEXTID="0" UPDATEDATE="2025-11-01" STARTDATE="2025-11-01" ENDDATE="2079-06-06" ISACTUAL="1" ISACTIVE="1" /><HOUSE ID="129437601" OBJECTID="175661396" OBJECTGUID="d1d3f587-50b3-41b0-9d3a-9d2d35281383" CHANGEID="691582322" HOUSENUM="96" HOUSETYPE="2" OPERTYPEID="10" PREVID="0" NEXTID="0" UPDATEDATE="2025-11-01" STARTDATE="2025-11-01" ENDDATE="2079-06-06" ISACTUAL="1" ISACTIVE="1" /><HOUSE ID="129437602" OBJECTID="175661397" OBJECTGUID="1e069050-2190-43d1-94e3-fabfd19a901e" CHANGEID="691582323" HOUSENUM="65" HOUSETYPE="2" OPERTYPEID="10" PREVID="0" NEXTID="0" UPDATEDATE="2025-11-01" STARTDATE="2025-11-01" ENDDATE="2079-06-06" ISACTUAL="1" ISACTIVE="1" /><HOUSE ID="129437603" OBJECTID="175661398" OBJECTGUID="6eae99aa-3112-4ad4-b10c-3b34334fab65" CHANGEID="691582324" HOUSENUM="49" HOUSETYPE="2" OPERTYPEID="10" PREVID="0" NEXTID="0" UPDATEDATE="2025-11-01" STARTDATE="2025-11-01" ENDDATE="2079-06-06" ISACTUAL="1" ISACTIVE="1" /><HOUSE ID="129437604" OBJECTID="175661399" OBJECTGUID="88f81da4-4565-49a4-bd7a-9d9500943434" CHANGEID="691582325" HOUSENUM="35" HOUSETYPE="2" OPERTYPEID="10" PREVID="0" NEXTID="0" UPDATEDATE="2025-11-01" STARTDATE="2025-11-01" ENDDATE="2079-06-06" ISACTUAL="1" ISACTIVE="1" /><HOUSE ID="129437605" OBJECTID="175661400" OBJECTGUID="49469d99-810d-49b4-831b-8d5cd5e63045" CHANGEID="691582326" HOUSENUM="32" HOUSETYPE="2" OPERTYPEID="10" PREVID="0" NEXTID="0" UPDATEDATE="2025-11-01" STARTDATE="2025-11-01" ENDDATE="2079-06-06" ISACTUAL="1" ISACTIVE="1" /><HOUSE ID="129437606" OBJECTID="175661401" OBJECTGUID="b9a39973-dd27-47bc-ae39-c9bc6de29ad8" CHANGEID="691582327" HOUSENUM="12" HOUSETYPE="2" OPERTYPEID="10" PREVID="0" NEXTID="0" UPDATEDATE="2025-11-01" STARTDATE="2025-11-01" ENDDATE="2079-06-06" ISACTUAL="1" ISACTIVE="1" /><HOUSE ID="129437788" OBJECTID="175661847" OBJECTGUID="fa424a01-a490-4627-a2d0-a120a1691922" CHANGEID="691583028" HOUSENUM="8" HOUSETYPE="2" OPERTYPEID="10" PREVID="0" NEXTID="0" UPDATEDATE="2025-11-01" STARTDATE="2025-11-01" ENDDATE="2079-06-06" ISACTUAL="1" ISACTIVE="1" /><HOUSE ID="129438391" OBJECTID="175662454" OBJECTGUID="015279c3-6689-4ce6-a448-f7058a3edf8c" CHANGEID="691584656" HOUSENUM="20/1а" HOUSETYPE="2" OPERTYPEID="10" PREVID="0" NEXTID="0" UPDATEDATE="2025-11-01" STARTDATE="2025-11-01" ENDDATE="2079-06-06" ISACTUAL="1" ISACTIVE="1" /><HOUSE ID="129438392" OBJECTID="175662455" OBJECTGUID="0a48b478-2a8d-4f27-9419-e096f6ab13dc" CHANGEID="691584657" HOUSENUM="2г/1" HOUSETYPE="7" OPERTYPEID="10" PREVID="0" NEXTID="0" UPDATEDATE="2025-11-01" STARTDATE="2025-11-01" ENDDATE="2079-06-06" ISACTUAL="1" ISACTIVE="1" /><HOUSE ID="129438393" OBJECTID="175662456" OBJECTGUID="3bff8c68-79d1-4ce5-8931-c2c9298fcf6d" CHANGEID="691584658" HOUSENUM="2г" HOUSETYPE="7" OPERTYPEID="10" PREVID="0" NEXTID="0" UPDATEDATE="2025-11-01" STARTDATE="2025-11-01" ENDDATE="2079-06-06" ISACTUAL="1" ISACTIVE="1" /><HOUSE ID="129438394" OBJECTID="175662457" OBJECTGUID="a6f590d8-7b43-40ce-8225-0ccbe5870f84" CHANGEID="691584659" HOUSENUM="2а/2" HOUSETYPE="7" OPERTYPEID="10" PREVID="0" NEXTID="0" UPDATEDATE="2025-11-01" STARTDATE="2025-11-01" ENDDATE="2079-06-06" ISACTUAL="1" ISACTIVE="1" /><HOUSE ID="129438404" OBJECTID="175662514" OBJECTGUID="33bd2e86-7f9a-4883-a1ba-716501bc5b82" CHANGEID="691584793" HOUSENUM="29" HOUSETYPE="2" OPERTYPEID="10" PREVID="0" NEXTID="0" UPDATEDATE="2025-11-01" STARTDATE="2025-11-01" ENDDATE="2079-06-06" ISACTUAL="1" ISACTIVE="1" /><HOUSE ID="129438405" OBJECTID="175662515" OBJECTGUID="bd157de2-7397-4ba5-a5d7-11dcbc1f4ee1" CHANGEID="691584795" HOUSENUM="122" HOUSETYPE="2" OPERTYPEID="10" PREVID="0" NEXTID="0" UPDATEDATE="2025-11-01" STARTDATE="2025-11-01" ENDDATE="2079-06-06" ISACTUAL="1" ISACTIVE="1" /><HOUSE ID="129438406" OBJECTID="175662516" OBJECTGUID="9d78ffbd-c3da-48a4-bbf9-2a4256ab67e1" CHANGEID="691584796" HOUSENUM="117" HOUSETYPE="2" OPERTYPEID="10" PREVID="0" NEXTID="0" UPDATEDATE="2025-11-01" STARTDATE="2025-11-01" ENDDATE="2079-06-06" ISACTUAL="1" ISACTIVE="1" /><HOUSE ID="129438999" OBJECTID="175664135" OBJECTGUID="46212509-f21c-4260-949b-0ea490ebdf31" CHANGEID="691588113" HOUSENUM="18/5" HOUSETYPE="7" OPERTYPEID="10" PREVID="0" NEXTID="0" UPDATEDATE="2025-11-01" STARTDATE="2025-11-01" ENDDATE="2079-06-06" ISACTUAL="1" ISACTIVE="1" /><HOUSE ID="129439000" OBJECTID="175664136" OBJECTGUID="7ed5e2d7-2077-4983-a70b-0483e7772479" CHANGEID="691588114" HOUSENUM="18/2" HOUSETYPE="7" OPERTYPEID="10" PREVID="0" NEXTID="0" UPDATEDATE="2025-11-01" STARTDATE="2025-11-01" ENDDATE="2079-06-06" ISACTUAL="1" ISACTIVE="1" /><HOUSE ID="129439001" OBJECTID="175664137" OBJECTGUID="7810939d-6b23-4c17-9d8d-5cfc4608a792" CHANGEID="691588115" HOUSENUM="18/3" HOUSETYPE="7" OPERTYPEID="10" PREVID="0" NEXTID="0" UPDATEDATE="2025-11-01" STARTDATE="2025-11-01" ENDDATE="2079-06-06" ISACTUAL="1" ISACTIVE="1" /><HOUSE ID="129439002" OBJECTID="175664138" OBJECTGUID="74db0ae3-20ae-4fb1-82a9-c19b576345e5" CHANGEID="691588116" HOUSENUM="18/4" HOUSETYPE="7" OPERTYPEID="10" PREVID="0" NEXTID="0" UPDATEDATE="2025-11-01" STARTDATE="2025-11-01" ENDDATE="2079-06-06" ISACTUAL="1" ISACTIVE="1" /></HOUSES>