﻿<?xml version="1.0" encoding="utf-8"?><APARTMENTS><APARTMENT ID="15179172" OBJECTID="26651553" OBJECTGUID="761f2eaa-84db-421e-8ac0-29a886ccc4ae" CHANGEID="41146771" NUMBER="2" APARTTYPE="2" OPERTYPEID="10" PREVID="0" NEXTID="112049717" UPDATEDATE="2025-11-01" STARTDATE="2015-11-18" ENDDATE="2025-11-01" ISACTUAL="0" ISACTIVE="0" /><APARTMENT ID="22660576" OBJECTID="38827829" OBJECTGUID="185bf814-c927-4205-b969-005bab28c82d" CHANGEID="58853259" NUMBER="4" APARTTYPE="1" OPERTYPEID="10" PREVID="0" NEXTID="112049718" UPDATEDATE="2025-11-01" STARTDATE="2016-12-02" ENDDATE="2025-11-01" ISACTUAL="0" ISACTIVE="0" /><APARTMENT ID="22728711" OBJECTID="38939929" OBJECTGUID="c52273ec-b559-4740-94ee-e0b9376cd4bc" CHANGEID="59021623" NUMBER="1" APARTTYPE="2" OPERTYPEID="1" PREVID="0" NEXTID="112050506" UPDATEDATE="2025-11-01" STARTDATE="1900-01-01" ENDDATE="2025-11-01" ISACTUAL="0" ISACTIVE="0" /><APARTMENT ID="22728426" OBJECTID="38939583" OBJECTGUID="35f7d7cf-eb7c-4c78-a7a0-9ef60ece6c20" CHANGEID="59021172" NUMBER="2" APARTTYPE="2" OPERTYPEID="1" PREVID="0" NEXTID="112050507" UPDATEDATE="2025-11-01" STARTDATE="1900-01-01" ENDDATE="2025-11-01" ISACTUAL="0" ISACTIVE="0" /><APARTMENT ID="25119441" OBJECTID="42753174" OBJECTGUID="5bb6a317-1b16-424b-aa8f-4d5acd869e29" CHANGEID="64559584" NUMBER="1" APARTTYPE="2" OPERTYPEID="10" PREVID="0" NEXTID="112031730" UPDATEDATE="2025-10-30" STARTDATE="2017-08-08" ENDDATE="2025-10-30" ISACTUAL="0" ISACTIVE="0" /><APARTMENT ID="34254780" OBJECTID="57550718" OBJECTGUID="96a692b7-4653-47b4-a936-55e5cc834f5f" CHANGEID="86034822" NUMBER="23" APARTTYPE="2" OPERTYPEID="10" PREVID="0" NEXTID="112031552" UPDATEDATE="2025-10-30" STARTDATE="2019-02-04" ENDDATE="2025-10-30" ISACTUAL="0" ISACTIVE="0" /><APARTMENT ID="45821710" OBJECTID="76676100" OBJECTGUID="459edeee-af9b-4850-a600-165e722e127a" CHANGEID="114058643" NUMBER="15" APARTTYPE="2" OPERTYPEID="10" PREVID="0" NEXTID="112039902" UPDATEDATE="2025-10-31" STARTDATE="2018-10-18" ENDDATE="2025-10-31" ISACTUAL="0" ISACTIVE="0" /><APARTMENT ID="45821281" OBJECTID="76675529" OBJECTGUID="41eb224e-f9e8-4e1e-a8b1-37c325bca838" CHANGEID="114057918" NUMBER="20" APARTTYPE="2" OPERTYPEID="10" PREVID="0" NEXTID="112039951" UPDATEDATE="2025-10-31" STARTDATE="2018-10-18" ENDDATE="2025-10-31" ISACTUAL="0" ISACTIVE="0" /><APARTMENT ID="45831308" OBJECTID="76690863" OBJECTGUID="837592d7-84fb-4b58-ba38-b193fb220cc9" CHANGEID="114079617" NUMBER="29" APARTTYPE="2" OPERTYPEID="10" PREVID="0" NEXTID="112039954" UPDATEDATE="2025-10-31" STARTDATE="2018-10-18" ENDDATE="2025-10-31" ISACTUAL="0" ISACTIVE="0" /><APARTMENT ID="45835739" OBJECTID="76697890" OBJECTGUID="ada10b3a-af52-4b43-a441-e64811934f05" CHANGEID="114089830" NUMBER="28" APARTTYPE="2" OPERTYPEID="10" PREVID="0" NEXTID="112039953" UPDATEDATE="2025-10-31" STARTDATE="2018-10-18" ENDDATE="2025-10-31" ISACTUAL="0" ISACTIVE="0" /><APARTMENT ID="45840436" OBJECTID="76705234" OBJECTGUID="b5781636-b2d3-4f82-bed0-0c0839d7b051" CHANGEID="114100184" NUMBER="17" APARTTYPE="2" OPERTYPEID="10" PREVID="0" NEXTID="112039904" UPDATEDATE="2025-10-31" STARTDATE="2018-10-18" ENDDATE="2025-10-31" ISACTUAL="0" ISACTIVE="0" /><APARTMENT ID="111081104" OBJECTID="172786229" OBJECTGUID="111f6abf-45df-481f-b220-9fc8a70846c4" CHANGEID="647429226" NUMBER="1" APARTTYPE="2" OPERTYPEID="10" PREVID="0" NEXTID="112049716" UPDATEDATE="2025-11-01" STARTDATE="2025-06-10" ENDDATE="2025-11-01" ISACTUAL="0" ISACTIVE="0" /><APARTMENT ID="112031549" OBJECTID="57544831" OBJECTGUID="1db175b9-5c77-4268-91f7-fcc97c3ce1b6" CHANGEID="691441444" NUMBER="9" APARTTYPE="2" OPERTYPEID="30" PREVID="34250375" NEXTID="0" UPDATEDATE="2025-10-30" STARTDATE="2025-10-30" ENDDATE="2079-06-06" ISACTUAL="1" ISACTIVE="0" /><APARTMENT ID="34250375" OBJECTID="57544831" OBJECTGUID="1db175b9-5c77-4268-91f7-fcc97c3ce1b6" CHANGEID="86027219" NUMBER="9" APARTTYPE="2" OPERTYPEID="10" PREVID="0" NEXTID="112031549" UPDATEDATE="2025-10-30" STARTDATE="2019-02-04" ENDDATE="2025-10-30" ISACTUAL="0" ISACTIVE="0" /><APARTMENT ID="112031550" OBJECTID="57545732" OBJECTGUID="51cf5fab-442a-4bc6-8a4d-0b38b7b3944c" CHANGEID="691441445" NUMBER="22" APARTTYPE="2" OPERTYPEID="30" PREVID="34250776" NEXTID="0" UPDATEDATE="2025-10-30" STARTDATE="2025-10-30" ENDDATE="2079-06-06" ISACTUAL="1" ISACTIVE="0" /><APARTMENT ID="34250776" OBJECTID="57545732" OBJECTGUID="51cf5fab-442a-4bc6-8a4d-0b38b7b3944c" CHANGEID="86028522" NUMBER="22" APARTTYPE="2" OPERTYPEID="10" PREVID="0" NEXTID="112031550" UPDATEDATE="2025-10-30" STARTDATE="2019-02-04" ENDDATE="2025-10-30" ISACTUAL="0" ISACTIVE="0" /><APARTMENT ID="112031551" OBJECTID="57546092" OBJECTGUID="5c9b42c5-8728-412d-bb6d-7b750c0ea3d2" CHANGEID="691441446" NUMBER="21" APARTTYPE="2" OPERTYPEID="30" PREVID="34250974" NEXTID="0" UPDATEDATE="2025-10-30" STARTDATE="2025-10-30" ENDDATE="2079-06-06" ISACTUAL="1" ISACTIVE="0" /><APARTMENT ID="34250974" OBJECTID="57546092" OBJECTGUID="5c9b42c5-8728-412d-bb6d-7b750c0ea3d2" CHANGEID="86029033" NUMBER="21" APARTTYPE="2" OPERTYPEID="10" PREVID="0" NEXTID="112031551" UPDATEDATE="2025-10-30" STARTDATE="2019-02-04" ENDDATE="2025-10-30" ISACTUAL="0" ISACTIVE="0" /><APARTMENT ID="112031552" OBJECTID="57550718" OBJECTGUID="96a692b7-4653-47b4-a936-55e5cc834f5f" CHANGEID="691441447" NUMBER="23" APARTTYPE="2" OPERTYPEID="30" PREVID="34254780" NEXTID="0" UPDATEDATE="2025-10-30" STARTDATE="2025-10-30" ENDDATE="2079-06-06" ISACTUAL="1" ISACTIVE="0" /><APARTMENT ID="112031553" OBJECTID="57550749" OBJECTGUID="b29212be-977d-4f16-9865-717a4f592389" CHANGEID="691441448" NUMBER="33" APARTTYPE="2" OPERTYPEID="30" PREVID="34254804" NEXTID="0" UPDATEDATE="2025-10-30" STARTDATE="2025-10-30" ENDDATE="2079-06-06" ISACTUAL="1" ISACTIVE="0" /><APARTMENT ID="34254804" OBJECTID="57550749" OBJECTGUID="b29212be-977d-4f16-9865-717a4f592389" CHANGEID="86034856" NUMBER="33" APARTTYPE="2" OPERTYPEID="10" PREVID="0" NEXTID="112031553" UPDATEDATE="2025-10-30" STARTDATE="2019-02-04" ENDDATE="2025-10-30" ISACTUAL="0" ISACTIVE="0" /><APARTMENT ID="112031554" OBJECTID="57550986" OBJECTGUID="ba384217-a3d7-4dfd-99f9-ca08ee99ad4a" CHANGEID="691441449" NUMBER="34" APARTTYPE="2" OPERTYPEID="30" PREVID="34255021" NEXTID="0" UPDATEDATE="2025-10-30" STARTDATE="2025-10-30" ENDDATE="2079-06-06" ISACTUAL="1" ISACTIVE="0" /><APARTMENT ID="34255021" OBJECTID="57550986" OBJECTGUID="ba384217-a3d7-4dfd-99f9-ca08ee99ad4a" CHANGEID="86035119" NUMBER="34" APARTTYPE="2" OPERTYPEID="10" PREVID="0" NEXTID="112031554" UPDATEDATE="2025-10-30" STARTDATE="2019-02-04" ENDDATE="2025-10-30" ISACTUAL="0" ISACTIVE="0" /><APARTMENT ID="112031555" OBJECTID="57550995" OBJECTGUID="c6b02f9c-c596-4472-968e-b33f3b5b271c" CHANGEID="691441450" NUMBER="32" APARTTYPE="2" OPERTYPEID="30" PREVID="34255030" NEXTID="0" UPDATEDATE="2025-10-30" STARTDATE="2025-10-30" ENDDATE="2079-06-06" ISACTUAL="1" ISACTIVE="0" /><APARTMENT ID="34255030" OBJECTID="57550995" OBJECTGUID="c6b02f9c-c596-4472-968e-b33f3b5b271c" CHANGEID="86035133" NUMBER="32" APARTTYPE="2" OPERTYPEID="10" PREVID="0" NEXTID="112031555" UPDATEDATE="2025-10-30" STARTDATE="2019-02-04" ENDDATE="2025-10-30" ISACTUAL="0" ISACTIVE="0" /><APARTMENT ID="112031556" OBJECTID="57551408" OBJECTGUID="dcab16b4-2d33-41f6-b71b-8d47e3132d78" CHANGEID="691441451" NUMBER="6" APARTTYPE="2" OPERTYPEID="30" PREVID="34255380" NEXTID="0" UPDATEDATE="2025-10-30" STARTDATE="2025-10-30" ENDDATE="2079-06-06" ISACTUAL="1" ISACTIVE="0" /><APARTMENT ID="34255380" OBJECTID="57551408" OBJECTGUID="dcab16b4-2d33-41f6-b71b-8d47e3132d78" CHANGEID="86035594" NUMBER="6" APARTTYPE="2" OPERTYPEID="10" PREVID="0" NEXTID="112031556" UPDATEDATE="2025-10-30" STARTDATE="2019-02-04" ENDDATE="2025-10-30" ISACTUAL="0" ISACTIVE="0" /><APARTMENT ID="112031557" OBJECTID="57551415" OBJECTGUID="dd3540f9-5c7c-4f8a-a51d-445551e9a40e" CHANGEID="691441452" NUMBER="2" APARTTYPE="2" OPERTYPEID="30" PREVID="34255386" NEXTID="0" UPDATEDATE="2025-10-30" STARTDATE="2025-10-30" ENDDATE="2079-06-06" ISACTUAL="1" ISACTIVE="0" /><APARTMENT ID="34255386" OBJECTID="57551415" OBJECTGUID="dd3540f9-5c7c-4f8a-a51d-445551e9a40e" CHANGEID="86035603" NUMBER="2" APARTTYPE="2" OPERTYPEID="10" PREVID="0" NEXTID="112031557" UPDATEDATE="2025-10-30" STARTDATE="2019-02-04" ENDDATE="2025-10-30" ISACTUAL="0" ISACTIVE="0" /><APARTMENT ID="112031558" OBJECTID="57551550" OBJECTGUID="fc6f6cf6-97eb-41d4-9af8-7e0dad3e2f1d" CHANGEID="691441453" NUMBER="37" APARTTYPE="2" OPERTYPEID="30" PREVID="34255493" NEXTID="0" UPDATEDATE="2025-10-30" STARTDATE="2025-10-30" ENDDATE="2079-06-06" ISACTUAL="1" ISACTIVE="0" /><APARTMENT ID="34255493" OBJECTID="57551550" OBJECTGUID="fc6f6cf6-97eb-41d4-9af8-7e0dad3e2f1d" CHANGEID="86035781" NUMBER="37" APARTTYPE="2" OPERTYPEID="10" PREVID="0" NEXTID="112031558" UPDATEDATE="2025-10-30" STARTDATE="2019-02-04" ENDDATE="2025-10-30" ISACTUAL="0" ISACTIVE="0" /><APARTMENT ID="112031559" OBJECTID="16092185" OBJECTGUID="12cf74ca-475a-4c68-993d-d18deafd99c5" CHANGEID="691441497" NUMBER="1" APARTTYPE="2" OPERTYPEID="30" PREVID="8837354" NEXTID="0" UPDATEDATE="2025-10-30" STARTDATE="2025-10-30" ENDDATE="2079-06-06" ISACTUAL="1" ISACTIVE="0" /><APARTMENT ID="8837354" OBJECTID="16092185" OBJECTGUID="12cf74ca-475a-4c68-993d-d18deafd99c5" CHANGEID="25564560" NUMBER="1" APARTTYPE="2" OPERTYPEID="10" PREVID="0" NEXTID="112031559" UPDATEDATE="2025-10-30" STARTDATE="2018-11-16" ENDDATE="2025-10-30" ISACTUAL="0" ISACTIVE="0" /><APARTMENT ID="112031560" OBJECTID="16092278" OBJECTGUID="f19848f7-91de-4747-ace4-c0aa108d8f04" CHANGEID="691441498" NUMBER="2" APARTTYPE="2" OPERTYPEID="30" PREVID="8837443" NEXTID="0" UPDATEDATE="2025-10-30" STARTDATE="2025-10-30" ENDDATE="2079-06-06" ISACTUAL="1" ISACTIVE="0" /><APARTMENT ID="8837443" OBJECTID="16092278" OBJECTGUID="f19848f7-91de-4747-ace4-c0aa108d8f04" CHANGEID="25564662" NUMBER="2" APARTTYPE="2" OPERTYPEID="10" PREVID="0" NEXTID="112031560" UPDATEDATE="2025-10-30" STARTDATE="2018-11-16" ENDDATE="2025-10-30" ISACTUAL="0" ISACTIVE="0" /><APARTMENT ID="112031584" OBJECTID="95635190" OBJECTGUID="996e2ec3-8634-4e5f-a64f-f1b4e63e99a4" CHANGEID="691442063" NUMBER="116" APARTTYPE="2" OPERTYPEID="40" PREVID="50752188" UPDATEDATE="2025-10-30" STARTDATE="2025-10-30" ENDDATE="2079-06-06" ISACTUAL="1" ISACTIVE="1" /><APARTMENT ID="50752188" OBJECTID="95635190" OBJECTGUID="996e2ec3-8634-4e5f-a64f-f1b4e63e99a4" CHANGEID="139260997" NUMBER="116" APARTTYPE="2" OPERTYPEID="10" PREVID="0" NEXTID="112031584" UPDATEDATE="2025-10-30" STARTDATE="2020-02-17" ENDDATE="2025-10-30" ISACTUAL="0" ISACTIVE="0" /><APARTMENT ID="112031585" OBJECTID="64088528" OBJECTGUID="4c62ff06-4994-4d50-a802-ccb6c5e3f6e1" CHANGEID="691442064" NUMBER="116" APARTTYPE="2" OPERTYPEID="42" PREVID="38177714" NEXTID="112031584" UPDATEDATE="2025-10-30" STARTDATE="2025-10-30" ENDDATE="2079-06-06" ISACTUAL="1" ISACTIVE="0" /><APARTMENT ID="38177714" OBJECTID="64088528" OBJECTGUID="4c62ff06-4994-4d50-a802-ccb6c5e3f6e1" CHANGEID="95616457" NUMBER="116" APARTTYPE="2" OPERTYPEID="10" PREVID="0" NEXTID="112031585" UPDATEDATE="2025-10-30" STARTDATE="2018-11-30" ENDDATE="2025-10-30" ISACTUAL="0" ISACTIVE="0" /><APARTMENT ID="112031602" OBJECTID="175585738" OBJECTGUID="b7c3d880-5400-4c44-9f02-e518968bc2b5" CHANGEID="691442154" NUMBER="15" APARTTYPE="1" OPERTYPEID="10" PREVID="0" NEXTID="0" UPDATEDATE="2025-10-30" STARTDATE="2025-10-30" ENDDATE="2079-06-06" ISACTUAL="1" ISACTIVE="1" /><APARTMENT ID="112031603" OBJECTID="175585739" OBJECTGUID="b5e3f1c5-335a-412f-9551-998ea1721d89" CHANGEID="691442155" NUMBER="14" APARTTYPE="1" OPERTYPEID="10" PREVID="0" NEXTID="0" UPDATEDATE="2025-10-30" STARTDATE="2025-10-30" ENDDATE="2079-06-06" ISACTUAL="1" ISACTIVE="1" /><APARTMENT ID="112031667" OBJECTID="175586048" OBJECTGUID="5ada3c74-bfe9-4235-82d3-00ea224538a2" CHANGEID="691442705" NUMBER="1" APARTTYPE="2" OPERTYPEID="10" PREVID="0" NEXTID="0" UPDATEDATE="2025-10-30" STARTDATE="2025-10-30" ENDDATE="2079-06-06" ISACTUAL="1" ISACTIVE="1" /><APARTMENT ID="112031671" OBJECTID="175586091" OBJECTGUID="0ddbd861-2dde-4069-b2fe-18c8e5af3132" CHANGEID="691442755" NUMBER="2" APARTTYPE="2" OPERTYPEID="10" PREVID="0" NEXTID="0" UPDATEDATE="2025-10-30" STARTDATE="2025-10-30" ENDDATE="2079-06-06" ISACTUAL="1" ISACTIVE="1" /><APARTMENT ID="112031672" OBJECTID="175586092" OBJECTGUID="69280398-4331-4e4e-8b14-d8072a64e3aa" CHANGEID="691442756" NUMBER="2" APARTTYPE="2" OPERTYPEID="10" PREVID="0" NEXTID="0" UPDATEDATE="2025-10-30" STARTDATE="2025-10-30" ENDDATE="2079-06-06" ISACTUAL="1" ISACTIVE="1" /><APARTMENT ID="112031673" OBJECTID="175586093" OBJECTGUID="e9c72f3f-0f10-4290-afe2-0d39c53a0abe" CHANGEID="691442757" NUMBER="1" APARTTYPE="2" OPERTYPEID="10" PREVID="0" NEXTID="0" UPDATEDATE="2025-10-30" STARTDATE="2025-10-30" ENDDATE="2079-06-06" ISACTUAL="1" ISACTIVE="1" /><APARTMENT ID="112031730" OBJECTID="42753174" OBJECTGUID="5bb6a317-1b16-424b-aa8f-4d5acd869e29" CHANGEID="691443364" NUMBER="1" APARTTYPE="2" OPERTYPEID="30" PREVID="25119441" NEXTID="0" UPDATEDATE="2025-10-30" STARTDATE="2025-10-30" ENDDATE="2079-06-06" ISACTUAL="1" ISACTIVE="0" /><APARTMENT ID="112031731" OBJECTID="42753350" OBJECTGUID="dca911d2-a02a-4e82-b07e-3055351b2b50" CHANGEID="691443365" NUMBER="2" APARTTYPE="2" OPERTYPEID="30" PREVID="25119500" NEXTID="0" UPDATEDATE="2025-10-30" STARTDATE="2025-10-30" ENDDATE="2079-06-06" ISACTUAL="1" ISACTIVE="0" /><APARTMENT ID="25119500" OBJECTID="42753350" OBJECTGUID="dca911d2-a02a-4e82-b07e-3055351b2b50" CHANGEID="64559867" NUMBER="2" APARTTYPE="2" OPERTYPEID="10" PREVID="0" NEXTID="112031731" UPDATEDATE="2025-10-30" STARTDATE="2017-08-08" ENDDATE="2025-10-30" ISACTUAL="0" ISACTIVE="0" /><APARTMENT ID="112039156" OBJECTID="175613999" OBJECTGUID="1a2540fc-813b-4485-bfc5-08e900abf3f0" CHANGEID="691491496" NUMBER="88" APARTTYPE="2" OPERTYPEID="10" PREVID="0" NEXTID="0" UPDATEDATE="2025-10-31" STARTDATE="2025-10-31" ENDDATE="2079-06-06" ISACTUAL="1" ISACTIVE="1" /><APARTMENT ID="112039157" OBJECTID="175614045" OBJECTGUID="858cb900-838a-4ac5-89af-79cabc124891" CHANGEID="691491547" NUMBER="13" APARTTYPE="1" OPERTYPEID="10" PREVID="0" NEXTID="0" UPDATEDATE="2025-10-31" STARTDATE="2025-10-31" ENDDATE="2079-06-06" ISACTUAL="1" ISACTIVE="1" /><APARTMENT ID="112039158" OBJECTID="175614046" OBJECTGUID="a85d0459-c5a7-48ae-b3e3-0e81887771db" CHANGEID="691491548" NUMBER="12" APARTTYPE="1" OPERTYPEID="10" PREVID="0" NEXTID="0" UPDATEDATE="2025-10-31" STARTDATE="2025-10-31" ENDDATE="2079-06-06" ISACTUAL="1" ISACTIVE="1" /><APARTMENT ID="112039159" OBJECTID="175614047" OBJECTGUID="1b1ae525-7657-4292-9ff9-9d3a5f889452" CHANGEID="691491549" NUMBER="9" APARTTYPE="1" OPERTYPEID="10" PREVID="0" NEXTID="0" UPDATEDATE="2025-10-31" STARTDATE="2025-10-31" ENDDATE="2079-06-06" ISACTUAL="1" ISACTIVE="1" /><APARTMENT ID="112039160" OBJECTID="175614048" OBJECTGUID="3573fb2d-953c-43cf-9542-8f6b5c75c72d" CHANGEID="691491550" NUMBER="8" APARTTYPE="1" OPERTYPEID="10" PREVID="0" NEXTID="0" UPDATEDATE="2025-10-31" STARTDATE="2025-10-31" ENDDATE="2079-06-06" ISACTUAL="1" ISACTIVE="1" /><APARTMENT ID="112039161" OBJECTID="175614049" OBJECTGUID="64a0358a-29e2-4aa6-b4a1-ef05814a3dd4" CHANGEID="691491551" NUMBER="7" APARTTYPE="1" OPERTYPEID="10" PREVID="0" NEXTID="0" UPDATEDATE="2025-10-31" STARTDATE="2025-10-31" ENDDATE="2079-06-06" ISACTUAL="1" ISACTIVE="1" /><APARTMENT ID="112039162" OBJECTID="175614050" OBJECTGUID="b5c612f1-e233-402e-a149-9b3cb447b1dd" CHANGEID="691491552" NUMBER="6" APARTTYPE="1" OPERTYPEID="10" PREVID="0" NEXTID="0" UPDATEDATE="2025-10-31" STARTDATE="2025-10-31" ENDDATE="2079-06-06" ISACTUAL="1" ISACTIVE="1" /><APARTMENT ID="112039163" OBJECTID="175614051" OBJECTGUID="d0621a44-e79d-452f-8809-1037561ef0ac" CHANGEID="691491553" NUMBER="5" APARTTYPE="1" OPERTYPEID="10" PREVID="0" NEXTID="0" UPDATEDATE="2025-10-31" STARTDATE="2025-10-31" ENDDATE="2079-06-06" ISACTUAL="1" ISACTIVE="1" /><APARTMENT ID="112039164" OBJECTID="175614052" OBJECTGUID="968b869e-3e76-447c-b850-bb851ab01720" CHANGEID="691491554" NUMBER="4" APARTTYPE="1" OPERTYPEID="10" PREVID="0" NEXTID="0" UPDATEDATE="2025-10-31" STARTDATE="2025-10-31" ENDDATE="2079-06-06" ISACTUAL="1" ISACTIVE="1" /><APARTMENT ID="112039165" OBJECTID="175614053" OBJECTGUID="ea93bc96-5e18-42b5-812e-90cf1fcaa90e" CHANGEID="691491555" NUMBER="3" APARTTYPE="1" OPERTYPEID="10" PREVID="0" NEXTID="0" UPDATEDATE="2025-10-31" STARTDATE="2025-10-31" ENDDATE="2079-06-06" ISACTUAL="1" ISACTIVE="1" /><APARTMENT ID="112039166" OBJECTID="175614054" OBJECTGUID="1291da48-7daf-4801-aab8-0de045bb0575" CHANGEID="691491556" NUMBER="11" APARTTYPE="1" OPERTYPEID="10" PREVID="0" NEXTID="0" UPDATEDATE="2025-10-31" STARTDATE="2025-10-31" ENDDATE="2079-06-06" ISACTUAL="1" ISACTIVE="1" /><APARTMENT ID="112039167" OBJECTID="175614055" OBJECTGUID="6bd1eae7-0f2e-4bd4-944e-24b68468fff4" CHANGEID="691491557" NUMBER="10" APARTTYPE="1" OPERTYPEID="10" PREVID="0" NEXTID="0" UPDATEDATE="2025-10-31" STARTDATE="2025-10-31" ENDDATE="2079-06-06" ISACTUAL="1" ISACTIVE="1" /><APARTMENT ID="112039896" OBJECTID="24697894" OBJECTGUID="dd75694b-f161-45f3-99d0-da6d5698ba00" CHANGEID="691493747" NUMBER="2" APARTTYPE="2" OPERTYPEID="30" PREVID="13995243" NEXTID="0" UPDATEDATE="2025-10-31" STARTDATE="2025-10-31" ENDDATE="2079-06-06" ISACTUAL="1" ISACTIVE="0" /><APARTMENT ID="13995243" OBJECTID="24697894" OBJECTGUID="dd75694b-f161-45f3-99d0-da6d5698ba00" CHANGEID="38270644" NUMBER="2" APARTTYPE="2" OPERTYPEID="10" PREVID="0" NEXTID="112039896" UPDATEDATE="2025-10-31" STARTDATE="2015-11-18" ENDDATE="2025-10-31" ISACTUAL="0" ISACTIVE="0" /><APARTMENT ID="112039897" OBJECTID="13853653" OBJECTGUID="bd7a1b08-b5ec-4d99-ac4d-9942345fd27c" CHANGEID="691493755" NUMBER="3" APARTTYPE="2" OPERTYPEID="30" PREVID="7536144" NEXTID="0" UPDATEDATE="2025-10-31" STARTDATE="2025-10-31" ENDDATE="2079-06-06" ISACTUAL="1" ISACTIVE="0" /><APARTMENT ID="7536144" OBJECTID="13853653" OBJECTGUID="bd7a1b08-b5ec-4d99-ac4d-9942345fd27c" CHANGEID="22196574" NUMBER="3" APARTTYPE="2" OPERTYPEID="10" PREVID="0" NEXTID="112039897" UPDATEDATE="2025-10-31" STARTDATE="2017-08-03" ENDDATE="2025-10-31" ISACTUAL="0" ISACTIVE="0" /><APARTMENT ID="112039902" OBJECTID="76676100" OBJECTGUID="459edeee-af9b-4850-a600-165e722e127a" CHANGEID="691494006" NUMBER="15" APARTTYPE="1" OPERTYPEID="20" PREVID="45821710" UPDATEDATE="2025-10-31" STARTDATE="2025-10-31" ENDDATE="2079-06-06" ISACTUAL="1" ISACTIVE="1" /><APARTMENT ID="112039903" OBJECTID="76695698" OBJECTGUID="a2749b94-86a0-47dc-975d-0ac3d6a1f308" CHANGEID="691494007" NUMBER="16" APARTTYPE="1" OPERTYPEID="20" PREVID="45834374" UPDATEDATE="2025-10-31" STARTDATE="2025-10-31" ENDDATE="2079-06-06" ISACTUAL="1" ISACTIVE="1" /><APARTMENT ID="45834374" OBJECTID="76695698" OBJECTGUID="a2749b94-86a0-47dc-975d-0ac3d6a1f308" CHANGEID="114086658" NUMBER="16" APARTTYPE="2" OPERTYPEID="10" PREVID="0" NEXTID="112039903" UPDATEDATE="2025-10-31" STARTDATE="2018-10-18" ENDDATE="2025-10-31" ISACTUAL="0" ISACTIVE="0" /><APARTMENT ID="112039904" OBJECTID="76705234" OBJECTGUID="b5781636-b2d3-4f82-bed0-0c0839d7b051" CHANGEID="691494008" NUMBER="17" APARTTYPE="1" OPERTYPEID="20" PREVID="45840436" UPDATEDATE="2025-10-31" STARTDATE="2025-10-31" ENDDATE="2079-06-06" ISACTUAL="1" ISACTIVE="1" /><APARTMENT ID="112039905" OBJECTID="76696089" OBJECTGUID="a483a0cf-cdf3-4adf-86cb-42df09e3e8f5" CHANGEID="691494009" NUMBER="18" APARTTYPE="1" OPERTYPEID="20" PREVID="45834609" UPDATEDATE="2025-10-31" STARTDATE="2025-10-31" ENDDATE="2079-06-06" ISACTUAL="1" ISACTIVE="1" /><APARTMENT ID="45834609" OBJECTID="76696089" OBJECTGUID="a483a0cf-cdf3-4adf-86cb-42df09e3e8f5" CHANGEID="114087243" NUMBER="18" APARTTYPE="2" OPERTYPEID="10" PREVID="0" NEXTID="112039905" UPDATEDATE="2025-10-31" STARTDATE="2018-10-18" ENDDATE="2025-10-31" ISACTUAL="0" ISACTIVE="0" /><APARTMENT ID="112039910" OBJECTID="175615643" OBJECTGUID="98f2529a-9285-440e-8f86-a96aa3581c56" CHANGEID="691494041" NUMBER="17" APARTTYPE="1" OPERTYPEID="10" PREVID="0" NEXTID="0" UPDATEDATE="2025-10-31" STARTDATE="2025-10-31" ENDDATE="2079-06-06" ISACTUAL="1" ISACTIVE="1" /><APARTMENT ID="112039911" OBJECTID="175615644" OBJECTGUID="e2df7163-0597-4bc3-8c46-5ff24a2d288a" CHANGEID="691494042" NUMBER="16" APARTTYPE="1" OPERTYPEID="10" PREVID="0" NEXTID="0" UPDATEDATE="2025-10-31" STARTDATE="2025-10-31" ENDDATE="2079-06-06" ISACTUAL="1" ISACTIVE="1" /><APARTMENT ID="112039912" OBJECTID="175615646" OBJECTGUID="71dd8244-83da-44c0-b36a-9e203b6ffc6e" CHANGEID="691494044" NUMBER="30" APARTTYPE="1" OPERTYPEID="10" PREVID="0" NEXTID="0" UPDATEDATE="2025-10-31" STARTDATE="2025-10-31" ENDDATE="2079-06-06" ISACTUAL="1" ISACTIVE="1" /><APARTMENT ID="112039913" OBJECTID="175615647" OBJECTGUID="0b865c7b-0cd3-4af3-bb99-86f69d4bc5eb" CHANGEID="691494045" NUMBER="29" APARTTYPE="1" OPERTYPEID="10" PREVID="0" NEXTID="0" UPDATEDATE="2025-10-31" STARTDATE="2025-10-31" ENDDATE="2079-06-06" ISACTUAL="1" ISACTIVE="1" /><APARTMENT ID="112039914" OBJECTID="175615648" OBJECTGUID="d34e4d8b-6647-4578-bb3c-91a55444f537" CHANGEID="691494046" NUMBER="28" APARTTYPE="1" OPERTYPEID="10" PREVID="0" NEXTID="0" UPDATEDATE="2025-10-31" STARTDATE="2025-10-31" ENDDATE="2079-06-06" ISACTUAL="1" ISACTIVE="1" /><APARTMENT ID="112039915" OBJECTID="175615649" OBJECTGUID="57b32369-b8e2-4172-8866-140f89aa18f1" CHANGEID="691494047" NUMBER="27" APARTTYPE="1" OPERTYPEID="10" PREVID="0" NEXTID="0" UPDATEDATE="2025-10-31" STARTDATE="2025-10-31" ENDDATE="2079-06-06" ISACTUAL="1" ISACTIVE="1" /><APARTMENT ID="112039916" OBJECTID="175615650" OBJECTGUID="1c964c53-a4af-4f52-96e9-8076fac9f8f4" CHANGEID="691494048" NUMBER="26" APARTTYPE="1" OPERTYPEID="10" PREVID="0" NEXTID="0" UPDATEDATE="2025-10-31" STARTDATE="2025-10-31" ENDDATE="2079-06-06" ISACTUAL="1" ISACTIVE="1" /><APARTMENT ID="112039917" OBJECTID="175615651" OBJECTGUID="9bb5f088-4ebf-4e9e-b81a-29e982680ca1" CHANGEID="691494049" NUMBER="25" APARTTYPE="1" OPERTYPEID="10" PREVID="0" NEXTID="0" UPDATEDATE="2025-10-31" STARTDATE="2025-10-31" ENDDATE="2079-06-06" ISACTUAL="1" ISACTIVE="1" /><APARTMENT ID="112039918" OBJECTID="175615652" OBJECTGUID="6c075c6a-6520-43d3-8662-af054fc43aa8" CHANGEID="691494050" NUMBER="24" APARTTYPE="1" OPERTYPEID="10" PREVID="0" NEXTID="0" UPDATEDATE="2025-10-31" STARTDATE="2025-10-31" ENDDATE="2079-06-06" ISACTUAL="1" ISACTIVE="1" /><APARTMENT ID="112039919" OBJECTID="175615653" OBJECTGUID="a36076a3-8bf5-400a-9d13-c51fbc7312f6" CHANGEID="691494051" NUMBER="23" APARTTYPE="1" OPERTYPEID="10" PREVID="0" NEXTID="0" UPDATEDATE="2025-10-31" STARTDATE="2025-10-31" ENDDATE="2079-06-06" ISACTUAL="1" ISACTIVE="1" /><APARTMENT ID="112039920" OBJECTID="175615654" OBJECTGUID="6d32b256-2c5f-46a2-8e68-1872f2f3e16b" CHANGEID="691494052" NUMBER="22" APARTTYPE="1" OPERTYPEID="10" PREVID="0" NEXTID="0" UPDATEDATE="2025-10-31" STARTDATE="2025-10-31" ENDDATE="2079-06-06" ISACTUAL="1" ISACTIVE="1" /><APARTMENT ID="112039921" OBJECTID="175615655" OBJECTGUID="f5328007-1c3f-4d06-811e-a717f25fed8f" CHANGEID="691494053" NUMBER="21" APARTTYPE="1" OPERTYPEID="10" PREVID="0" NEXTID="0" UPDATEDATE="2025-10-31" STARTDATE="2025-10-31" ENDDATE="2079-06-06" ISACTUAL="1" ISACTIVE="1" /><APARTMENT ID="112039922" OBJECTID="175615656" OBJECTGUID="a1a588ea-bd7d-41ff-a112-f746a5d7dd5f" CHANGEID="691494054" NUMBER="20" APARTTYPE="1" OPERTYPEID="10" PREVID="0" NEXTID="0" UPDATEDATE="2025-10-31" STARTDATE="2025-10-31" ENDDATE="2079-06-06" ISACTUAL="1" ISACTIVE="1" /><APARTMENT ID="112039923" OBJECTID="175615657" OBJECTGUID="0df1a953-15f8-4869-bf1e-4594855a9ff8" CHANGEID="691494055" NUMBER="19" APARTTYPE="1" OPERTYPEID="10" PREVID="0" NEXTID="0" UPDATEDATE="2025-10-31" STARTDATE="2025-10-31" ENDDATE="2079-06-06" ISACTUAL="1" ISACTIVE="1" /><APARTMENT ID="112039924" OBJECTID="175615658" OBJECTGUID="c0cbe29e-20ef-41c5-b47f-3dd65886b519" CHANGEID="691494056" NUMBER="18" APARTTYPE="1" OPERTYPEID="10" PREVID="0" NEXTID="0" UPDATEDATE="2025-10-31" STARTDATE="2025-10-31" ENDDATE="2079-06-06" ISACTUAL="1" ISACTIVE="1" /><APARTMENT ID="112039950" OBJECTID="76708524" OBJECTGUID="c60d43a9-63b8-442a-b67e-236fa72652d2" CHANGEID="691494949" NUMBER="19" APARTTYPE="1" OPERTYPEID="20" PREVID="45842329" UPDATEDATE="2025-10-31" STARTDATE="2025-10-31" ENDDATE="2079-06-06" ISACTUAL="1" ISACTIVE="1" /><APARTMENT ID="45842329" OBJECTID="76708524" OBJECTGUID="c60d43a9-63b8-442a-b67e-236fa72652d2" CHANGEID="114105078" NUMBER="19" APARTTYPE="2" OPERTYPEID="10" PREVID="0" NEXTID="112039950" UPDATEDATE="2025-10-31" STARTDATE="2018-10-18" ENDDATE="2025-10-31" ISACTUAL="0" ISACTIVE="0" /><APARTMENT ID="112039951" OBJECTID="76675529" OBJECTGUID="41eb224e-f9e8-4e1e-a8b1-37c325bca838" CHANGEID="691494950" NUMBER="20" APARTTYPE="1" OPERTYPEID="20" PREVID="45821281" UPDATEDATE="2025-10-31" STARTDATE="2025-10-31" ENDDATE="2079-06-06" ISACTUAL="1" ISACTIVE="1" /><APARTMENT ID="112039952" OBJECTID="76665883" OBJECTGUID="0403c098-5c90-4c25-9ed7-583cf91a156d" CHANGEID="691494951" NUMBER="21" APARTTYPE="1" OPERTYPEID="20" PREVID="45814228" UPDATEDATE="2025-10-31" STARTDATE="2025-10-31" ENDDATE="2079-06-06" ISACTUAL="1" ISACTIVE="1" /><APARTMENT ID="45814228" OBJECTID="76665883" OBJECTGUID="0403c098-5c90-4c25-9ed7-583cf91a156d" CHANGEID="114045080" NUMBER="21" APARTTYPE="2" OPERTYPEID="10" PREVID="0" NEXTID="112039952" UPDATEDATE="2025-10-31" STARTDATE="2018-10-18" ENDDATE="2025-10-31" ISACTUAL="0" ISACTIVE="0" /><APARTMENT ID="112039953" OBJECTID="76697890" OBJECTGUID="ada10b3a-af52-4b43-a441-e64811934f05" CHANGEID="691494952" NUMBER="28" APARTTYPE="1" OPERTYPEID="20" PREVID="45835739" UPDATEDATE="2025-10-31" STARTDATE="2025-10-31" ENDDATE="2079-06-06" ISACTUAL="1" ISACTIVE="1" /><APARTMENT ID="112039954" OBJECTID="76690863" OBJECTGUID="837592d7-84fb-4b58-ba38-b193fb220cc9" CHANGEID="691494953" NUMBER="29" APARTTYPE="1" OPERTYPEID="20" PREVID="45831308" UPDATEDATE="2025-10-31" STARTDATE="2025-10-31" ENDDATE="2079-06-06" ISACTUAL="1" ISACTIVE="1" /><APARTMENT ID="112039955" OBJECTID="76718910" OBJECTGUID="eda66863-b8c8-4ecd-b1ab-0f0f31ad4257" CHANGEID="691494954" NUMBER="30" APARTTYPE="1" OPERTYPEID="20" PREVID="45849196" UPDATEDATE="2025-10-31" STARTDATE="2025-10-31" ENDDATE="2079-06-06" ISACTUAL="1" ISACTIVE="1" /><APARTMENT ID="45849196" OBJECTID="76718910" OBJECTGUID="eda66863-b8c8-4ecd-b1ab-0f0f31ad4257" CHANGEID="114119891" NUMBER="30" APARTTYPE="2" OPERTYPEID="10" PREVID="0" NEXTID="112039955" UPDATEDATE="2025-10-31" STARTDATE="2018-10-18" ENDDATE="2025-10-31" ISACTUAL="0" ISACTIVE="0" /><APARTMENT ID="112049714" OBJECTID="164030237" OBJECTGUID="2e229e3a-4192-4bcf-880d-4ff735654f3b" CHANGEID="691536943" NUMBER="1" APARTTYPE="2" OPERTYPEID="30" PREVID="108010220" NEXTID="0" UPDATEDATE="2025-11-01" STARTDATE="2025-11-01" ENDDATE="2079-06-06" ISACTUAL="1" ISACTIVE="0" /><APARTMENT ID="108010220" OBJECTID="164030237" OBJECTGUID="2e229e3a-4192-4bcf-880d-4ff735654f3b" CHANGEID="597205400" NUMBER="1" APARTTYPE="2" OPERTYPEID="10" PREVID="0" NEXTID="112049714" UPDATEDATE="2025-11-01" STARTDATE="2024-06-27" ENDDATE="2025-11-01" ISACTUAL="0" ISACTIVE="0" /><APARTMENT ID="112049715" OBJECTID="164030241" OBJECTGUID="85dba0dd-4f38-4db5-a78e-f3f7bc5e68a3" CHANGEID="691536944" NUMBER="2" APARTTYPE="2" OPERTYPEID="30" PREVID="108010221" NEXTID="0" UPDATEDATE="2025-11-01" STARTDATE="2025-11-01" ENDDATE="2079-06-06" ISACTUAL="1" ISACTIVE="0" /><APARTMENT ID="108010221" OBJECTID="164030241" OBJECTGUID="85dba0dd-4f38-4db5-a78e-f3f7bc5e68a3" CHANGEID="597205416" NUMBER="2" APARTTYPE="2" OPERTYPEID="10" PREVID="0" NEXTID="112049715" UPDATEDATE="2025-11-01" STARTDATE="2024-06-27" ENDDATE="2025-11-01" ISACTUAL="0" ISACTIVE="0" /><APARTMENT ID="112049716" OBJECTID="172786229" OBJECTGUID="111f6abf-45df-481f-b220-9fc8a70846c4" CHANGEID="691536958" NUMBER="1" APARTTYPE="2" OPERTYPEID="30" PREVID="111081104" NEXTID="0" UPDATEDATE="2025-11-01" STARTDATE="2025-11-01" ENDDATE="2079-06-06" ISACTUAL="1" ISACTIVE="0" /><APARTMENT ID="112049717" OBJECTID="26651553" OBJECTGUID="761f2eaa-84db-421e-8ac0-29a886ccc4ae" CHANGEID="691536959" NUMBER="2" APARTTYPE="2" OPERTYPEID="30" PREVID="15179172" NEXTID="0" UPDATEDATE="2025-11-01" STARTDATE="2025-11-01" ENDDATE="2079-06-06" ISACTUAL="1" ISACTIVE="0" /><APARTMENT ID="112049718" OBJECTID="38827829" OBJECTGUID="185bf814-c927-4205-b969-005bab28c82d" CHANGEID="691537001" NUMBER="4" APARTTYPE="1" OPERTYPEID="30" PREVID="22660576" NEXTID="0" UPDATEDATE="2025-11-01" STARTDATE="2025-11-01" ENDDATE="2079-06-06" ISACTUAL="1" ISACTIVE="0" /><APARTMENT ID="112050506" OBJECTID="38939929" OBJECTGUID="c52273ec-b559-4740-94ee-e0b9376cd4bc" CHANGEID="691558582" NUMBER="1" APARTTYPE="2" OPERTYPEID="30" PREVID="22728711" NEXTID="0" UPDATEDATE="2025-11-01" STARTDATE="2025-11-01" ENDDATE="2079-06-06" ISACTUAL="1" ISACTIVE="0" /><APARTMENT ID="112050507" OBJECTID="38939583" OBJECTGUID="35f7d7cf-eb7c-4c78-a7a0-9ef60ece6c20" CHANGEID="691558583" NUMBER="2" APARTTYPE="2" OPERTYPEID="30" PREVID="22728426" NEXTID="0" UPDATEDATE="2025-11-01" STARTDATE="2025-11-01" ENDDATE="2079-06-06" ISACTUAL="1" ISACTIVE="0" /></APARTMENTS>