﻿<?xml version="1.0" encoding="utf-8"?><ADDRESSOBJECTS><OBJECT ID="52212590" OBJECTID="175590403" OBJECTGUID="7df49299-a982-411b-88cb-a697d001080d" CHANGEID="691451508" NAME="Певческая" TYPENAME="ул." LEVEL="8" OPERTYPEID="10" PREVID="0" NEXTID="0" UPDATEDATE="2025-10-30" STARTDATE="2025-10-30" ENDDATE="2079-06-06" ISACTUAL="1" ISACTIVE="1" /><OBJECT ID="52212591" OBJECTID="175590404" OBJECTGUID="cdbcf846-c65a-42e8-ac80-290f6c163c85" CHANGEID="691451509" NAME="Саровская" TYPENAME="ул." LEVEL="8" OPERTYPEID="10" PREVID="0" NEXTID="0" UPDATEDATE="2025-10-30" STARTDATE="2025-10-30" ENDDATE="2079-06-06" ISACTUAL="1" ISACTIVE="1" /><OBJECT ID="52212592" OBJECTID="175590405" OBJECTGUID="fbdf9736-8bed-45d9-a5d1-ea2ffbdd0f98" CHANGEID="691451510" NAME="Книжная" TYPENAME="ул." LEVEL="8" OPERTYPEID="10" PREVID="0" NEXTID="0" UPDATEDATE="2025-10-30" STARTDATE="2025-10-30" ENDDATE="2079-06-06" ISACTUAL="1" ISACTIVE="1" /><OBJECT ID="52212593" OBJECTID="175590406" OBJECTGUID="9a879f05-2a3d-4881-bacc-fefdc4c953e9" CHANGEID="691451511" NAME="Тригорская" TYPENAME="ул." LEVEL="8" OPERTYPEID="10" PREVID="0" NEXTID="0" UPDATEDATE="2025-10-30" STARTDATE="2025-10-30" ENDDATE="2079-06-06" ISACTUAL="1" ISACTIVE="1" /><OBJECT ID="52212594" OBJECTID="175590407" OBJECTGUID="6be336af-173a-4eab-8b76-36a32acbd1d2" CHANGEID="691451512" NAME="Пешеходная" TYPENAME="ул." LEVEL="8" OPERTYPEID="10" PREVID="0" NEXTID="0" UPDATEDATE="2025-10-30" STARTDATE="2025-10-30" ENDDATE="2079-06-06" ISACTUAL="1" ISACTIVE="1" /><OBJECT ID="52212595" OBJECTID="175590408" OBJECTGUID="af445094-f283-44d7-ac4b-cbbc13944ceb" CHANGEID="691451513" NAME="Портретная" TYPENAME="ул." LEVEL="8" OPERTYPEID="10" PREVID="0" NEXTID="0" UPDATEDATE="2025-10-30" STARTDATE="2025-10-30" ENDDATE="2079-06-06" ISACTUAL="1" ISACTIVE="1" /><OBJECT ID="52212657" OBJECTID="175602876" OBJECTGUID="86e98b3d-c549-4c98-9f56-882151d2c578" CHANGEID="691472322" NAME="Абатский" TYPENAME="м.о." LEVEL="3" OPERTYPEID="10" PREVID="0" NEXTID="0" UPDATEDATE="2025-10-30" STARTDATE="2025-10-30" ENDDATE="2079-06-06" ISACTUAL="1" ISACTIVE="1" /><OBJECT ID="52212748" OBJECTID="175623452" OBJECTGUID="7d4855e2-5a3c-4bc9-abd4-8761e4d997f1" CHANGEID="691506455" NAME="Армизонский" TYPENAME="м.о." LEVEL="3" OPERTYPEID="10" PREVID="0" NEXTID="0" UPDATEDATE="2025-10-31" STARTDATE="2025-10-31" ENDDATE="2079-06-06" ISACTUAL="1" ISACTIVE="1" /><OBJECT ID="52212551" OBJECTID="175589228" OBJECTGUID="970a36b2-ecfd-4714-83d7-0918b8c77454" CHANGEID="691449162" NAME="Усадебная" TYPENAME="ул." LEVEL="8" OPERTYPEID="10" PREVID="0" NEXTID="0" UPDATEDATE="2025-10-30" STARTDATE="2025-10-30" ENDDATE="2079-06-06" ISACTUAL="1" ISACTIVE="1" /><OBJECT ID="52212552" OBJECTID="175589229" OBJECTGUID="d54a6304-ea44-4858-ace5-b1cf0c37fcb0" CHANGEID="691449163" NAME="Загородная" TYPENAME="ул." LEVEL="8" OPERTYPEID="10" PREVID="0" NEXTID="0" UPDATEDATE="2025-10-30" STARTDATE="2025-10-30" ENDDATE="2079-06-06" ISACTUAL="1" ISACTIVE="1" /><OBJECT ID="52212553" OBJECTID="175589230" OBJECTGUID="8db6940f-79de-4abd-87f4-73134ba6f01d" CHANGEID="691449164" NAME="Воздушная" TYPENAME="ул." LEVEL="8" OPERTYPEID="10" PREVID="0" NEXTID="0" UPDATEDATE="2025-10-30" STARTDATE="2025-10-30" ENDDATE="2079-06-06" ISACTUAL="1" ISACTIVE="1" /><OBJECT ID="52212554" OBJECTID="175589231" OBJECTGUID="dde03a61-30cc-41cd-be46-a67b524217b0" CHANGEID="691449165" NAME="Цветочная" TYPENAME="ул." LEVEL="8" OPERTYPEID="10" PREVID="0" NEXTID="0" UPDATEDATE="2025-10-30" STARTDATE="2025-10-30" ENDDATE="2079-06-06" ISACTUAL="1" ISACTIVE="1" /><OBJECT ID="52212555" OBJECTID="175589232" OBJECTGUID="f0cc9e67-c6e4-4e2a-a6a3-4899e51faafe" CHANGEID="691449166" NAME="Магистральная" TYPENAME="ул." LEVEL="8" OPERTYPEID="10" PREVID="0" NEXTID="0" UPDATEDATE="2025-10-30" STARTDATE="2025-10-30" ENDDATE="2079-06-06" ISACTUAL="1" ISACTIVE="1" /><OBJECT ID="52212794" OBJECTID="175627620" OBJECTGUID="5b7d7533-8e44-4959-918f-64eaadb6fc08" CHANGEID="691512969" NAME="Аромашевский" TYPENAME="м.о." LEVEL="3" OPERTYPEID="10" PREVID="0" NEXTID="0" UPDATEDATE="2025-10-31" STARTDATE="2025-10-31" ENDDATE="2079-06-06" ISACTUAL="1" ISACTIVE="1" /><OBJECT ID="52212795" OBJECTID="175627653" OBJECTGUID="32f79307-99d4-42f9-b74a-def2f01bbfba" CHANGEID="691513027" NAME="Бердюжский" TYPENAME="м.о." LEVEL="3" OPERTYPEID="10" PREVID="0" NEXTID="0" UPDATEDATE="2025-10-31" STARTDATE="2025-10-31" ENDDATE="2079-06-06" ISACTUAL="1" ISACTIVE="1" /><OBJECT ID="52212818" OBJECTID="175632238" OBJECTGUID="16e3f1b2-00fe-445e-acdf-d5cf628157fe" CHANGEID="691520119" NAME="Вагайский" TYPENAME="м.о." LEVEL="3" OPERTYPEID="10" PREVID="0" NEXTID="0" UPDATEDATE="2025-10-31" STARTDATE="2025-10-31" ENDDATE="2079-06-06" ISACTUAL="1" ISACTIVE="1" /><OBJECT ID="52212822" OBJECTID="175632635" OBJECTGUID="045f8441-0a76-48d3-9ac7-ac494aef377e" CHANGEID="691520773" NAME="Викуловский" TYPENAME="м.о." LEVEL="3" OPERTYPEID="10" PREVID="0" NEXTID="0" UPDATEDATE="2025-10-31" STARTDATE="2025-10-31" ENDDATE="2079-06-06" ISACTUAL="1" ISACTIVE="1" /><OBJECT ID="52212824" OBJECTID="175633947" OBJECTGUID="1035595d-1873-4d23-b6d2-68036fdb4b4e" CHANGEID="691522834" NAME="Исетский" TYPENAME="м.о." LEVEL="3" OPERTYPEID="10" PREVID="0" NEXTID="0" UPDATEDATE="2025-10-31" STARTDATE="2025-10-31" ENDDATE="2079-06-06" ISACTUAL="1" ISACTIVE="1" /><OBJECT ID="52212826" OBJECTID="175634925" OBJECTGUID="952ada9a-1e35-43eb-bbcd-4cba34947768" CHANGEID="691524304" NAME="Ишимский" TYPENAME="м.о." LEVEL="3" OPERTYPEID="10" PREVID="0" NEXTID="0" UPDATEDATE="2025-10-31" STARTDATE="2025-10-31" ENDDATE="2079-06-06" ISACTUAL="1" ISACTIVE="1" /><OBJECT ID="52212827" OBJECTID="175634993" OBJECTGUID="ebc7016d-995c-4919-8cee-eca5a81f6bbd" CHANGEID="691524437" NAME="Казанский" TYPENAME="м.о." LEVEL="3" OPERTYPEID="10" PREVID="0" NEXTID="0" UPDATEDATE="2025-10-31" STARTDATE="2025-10-31" ENDDATE="2079-06-06" ISACTUAL="1" ISACTIVE="1" /><OBJECT ID="52212828" OBJECTID="175635338" OBJECTGUID="ad7e4ddc-afc7-409d-91c2-ff605f237e50" CHANGEID="691524865" NAME="Нижнетавдинский" TYPENAME="м.о." LEVEL="3" OPERTYPEID="10" PREVID="0" NEXTID="0" UPDATEDATE="2025-10-31" STARTDATE="2025-10-31" ENDDATE="2079-06-06" ISACTUAL="1" ISACTIVE="1" /><OBJECT ID="52212838" OBJECTID="175636193" OBJECTGUID="5470a16d-d68a-4614-9866-d15e402f1f7d" CHANGEID="691526522" NAME="Омутинский" TYPENAME="м.о." LEVEL="3" OPERTYPEID="10" PREVID="0" NEXTID="0" UPDATEDATE="2025-10-31" STARTDATE="2025-10-31" ENDDATE="2079-06-06" ISACTUAL="1" ISACTIVE="1" /><OBJECT ID="52212874" OBJECTID="175650086" OBJECTGUID="3e876c76-da61-4f73-99fb-8f52245c2931" CHANGEID="691564766" NAME="Сладковский" TYPENAME="м.о." LEVEL="3" OPERTYPEID="10" PREVID="0" NEXTID="0" UPDATEDATE="2025-11-01" STARTDATE="2025-11-01" ENDDATE="2079-06-06" ISACTUAL="1" ISACTIVE="1" /><OBJECT ID="52212875" OBJECTID="175650090" OBJECTGUID="5de0f643-14ef-4404-a03d-b9868e438cea" CHANGEID="691564785" NAME="Сорокинский" TYPENAME="м.о." LEVEL="3" OPERTYPEID="10" PREVID="0" NEXTID="0" UPDATEDATE="2025-11-01" STARTDATE="2025-11-01" ENDDATE="2079-06-06" ISACTUAL="1" ISACTIVE="1" /><OBJECT ID="52212876" OBJECTID="175650140" OBJECTGUID="f7de9715-c3c5-4c73-9d1a-e5577dfc7a3d" CHANGEID="691564860" NAME="Тюменский" TYPENAME="м.о." LEVEL="3" OPERTYPEID="10" PREVID="0" NEXTID="0" UPDATEDATE="2025-11-01" STARTDATE="2025-11-01" ENDDATE="2079-06-06" ISACTUAL="1" ISACTIVE="1" /><OBJECT ID="52212877" OBJECTID="175650196" OBJECTGUID="e63b480c-ded0-4e11-9208-86e82f868eea" CHANGEID="691564944" NAME="Уватский" TYPENAME="м.о." LEVEL="3" OPERTYPEID="10" PREVID="0" NEXTID="0" UPDATEDATE="2025-11-01" STARTDATE="2025-11-01" ENDDATE="2079-06-06" ISACTUAL="1" ISACTIVE="1" /><OBJECT ID="52212878" OBJECTID="175650277" OBJECTGUID="e63d21f3-9186-4148-a6ac-12b22d01f609" CHANGEID="691565039" NAME="Упоровский" TYPENAME="м.о." LEVEL="3" OPERTYPEID="10" PREVID="0" NEXTID="0" UPDATEDATE="2025-11-01" STARTDATE="2025-11-01" ENDDATE="2079-06-06" ISACTUAL="1" ISACTIVE="1" /><OBJECT ID="52212879" OBJECTID="175650303" OBJECTGUID="aebcf4a1-0720-4b15-bdcf-2fed0c53971d" CHANGEID="691565085" NAME="Юргинский" TYPENAME="м.о." LEVEL="3" OPERTYPEID="10" PREVID="0" NEXTID="0" UPDATEDATE="2025-11-01" STARTDATE="2025-11-01" ENDDATE="2079-06-06" ISACTUAL="1" ISACTIVE="1" /><OBJECT ID="52212880" OBJECTID="175650339" OBJECTGUID="9d715f2e-ca2c-4c88-9ffa-1fd70ae6618d" CHANGEID="691565144" NAME="Ялуторовский" TYPENAME="м.о." LEVEL="3" OPERTYPEID="10" PREVID="0" NEXTID="0" UPDATEDATE="2025-11-01" STARTDATE="2025-11-01" ENDDATE="2079-06-06" ISACTUAL="1" ISACTIVE="1" /><OBJECT ID="52212881" OBJECTID="175650356" OBJECTGUID="35072a27-deb8-4346-bbd9-733231a8ae94" CHANGEID="691565187" NAME="Ярковский" TYPENAME="м.о." LEVEL="3" OPERTYPEID="10" PREVID="0" NEXTID="0" UPDATEDATE="2025-11-01" STARTDATE="2025-11-01" ENDDATE="2079-06-06" ISACTUAL="1" ISACTIVE="1" /><OBJECT ID="1629259" OBJECTID="1318202" OBJECTGUID="2bb03774-eb1a-4f43-a1c8-92c8937a38f6" CHANGEID="3612149" NAME="К.Маркса" TYPENAME="пер" LEVEL="8" OPERTYPEID="1" PREVID="0" NEXTID="52212921" UPDATEDATE="2025-11-01" STARTDATE="1900-01-01" ENDDATE="2025-11-01" ISACTUAL="0" ISACTIVE="0" /><OBJECT ID="52212921" OBJECTID="1318202" OBJECTGUID="2bb03774-eb1a-4f43-a1c8-92c8937a38f6" CHANGEID="691569800" NAME="Карла Маркса" TYPENAME="пер." LEVEL="8" OPERTYPEID="20" PREVID="1629259" UPDATEDATE="2025-11-01" STARTDATE="2025-11-01" ENDDATE="2079-06-06" ISACTUAL="1" ISACTIVE="1" /><OBJECT ID="52212996" OBJECTID="1321636" OBJECTGUID="764bb4e6-5e42-4585-8a3b-3feba50961af" CHANGEID="691576602" NAME="Полины Осипенко" TYPENAME="пер." LEVEL="8" OPERTYPEID="20" PREVID="1633346" UPDATEDATE="2025-11-01" STARTDATE="2025-11-01" ENDDATE="2079-06-06" ISACTUAL="1" ISACTIVE="1" /><OBJECT ID="1630300" OBJECTID="1319043" OBJECTGUID="a781c943-99c0-4cc4-86f3-cac88cc85351" CHANGEID="3614335" NAME="К.Маркса" TYPENAME="ул" LEVEL="8" OPERTYPEID="1" PREVID="0" NEXTID="52212998" UPDATEDATE="2025-11-01" STARTDATE="1900-01-01" ENDDATE="2025-11-01" ISACTUAL="0" ISACTIVE="0" /><OBJECT ID="52212998" OBJECTID="1319043" OBJECTGUID="a781c943-99c0-4cc4-86f3-cac88cc85351" CHANGEID="691577996" NAME="Карла Маркса" TYPENAME="ул." LEVEL="8" OPERTYPEID="20" PREVID="1630300" UPDATEDATE="2025-11-01" STARTDATE="2025-11-01" ENDDATE="2079-06-06" ISACTUAL="1" ISACTIVE="1" /><OBJECT ID="52212999" OBJECTID="1319858" OBJECTGUID="01f9028a-8e79-45fe-801f-9ae4b5377478" CHANGEID="691578002" NAME="Максима Горького" TYPENAME="ул." LEVEL="8" OPERTYPEID="20" PREVID="1631267" UPDATEDATE="2025-11-01" STARTDATE="2025-11-01" ENDDATE="2079-06-06" ISACTUAL="1" ISACTIVE="1" /><OBJECT ID="52213000" OBJECTID="1326653" OBJECTGUID="f4a14f3b-8013-4454-87ed-03552f5bff91" CHANGEID="691578015" NAME="Полины Осипенко" TYPENAME="ул." LEVEL="8" OPERTYPEID="20" PREVID="1638810" UPDATEDATE="2025-11-01" STARTDATE="2025-11-01" ENDDATE="2079-06-06" ISACTUAL="1" ISACTIVE="1" /><OBJECT ID="1640608" OBJECTID="1328306" OBJECTGUID="4f458eb1-879c-4162-aa74-0343d8aa0529" CHANGEID="3637151" NAME="М.Горького" TYPENAME="ул" LEVEL="8" OPERTYPEID="1" PREVID="0" NEXTID="52213001" UPDATEDATE="2025-11-01" STARTDATE="1900-01-01" ENDDATE="2025-11-01" ISACTUAL="0" ISACTIVE="0" /><OBJECT ID="52213001" OBJECTID="1328306" OBJECTGUID="4f458eb1-879c-4162-aa74-0343d8aa0529" CHANGEID="691578026" NAME="Максима Горького" TYPENAME="ул." LEVEL="8" OPERTYPEID="20" PREVID="1640608" UPDATEDATE="2025-11-01" STARTDATE="2025-11-01" ENDDATE="2079-06-06" ISACTUAL="1" ISACTIVE="1" /><OBJECT ID="1631267" OBJECTID="1319858" OBJECTGUID="01f9028a-8e79-45fe-801f-9ae4b5377478" CHANGEID="3616443" NAME="М.Горького" TYPENAME="ул" LEVEL="8" OPERTYPEID="1" PREVID="0" NEXTID="52212999" UPDATEDATE="2025-11-01" STARTDATE="1900-01-01" ENDDATE="2025-11-01" ISACTUAL="0" ISACTIVE="0" /><OBJECT ID="1633346" OBJECTID="1321636" OBJECTGUID="764bb4e6-5e42-4585-8a3b-3feba50961af" CHANGEID="3621089" NAME="П.Осипенко" TYPENAME="пер" LEVEL="8" OPERTYPEID="1" PREVID="0" NEXTID="52212996" UPDATEDATE="2025-11-01" STARTDATE="1900-01-01" ENDDATE="2025-11-01" ISACTUAL="0" ISACTIVE="0" /><OBJECT ID="1638810" OBJECTID="1326653" OBJECTGUID="f4a14f3b-8013-4454-87ed-03552f5bff91" CHANGEID="3633323" NAME="П.Осипенко" TYPENAME="ул" LEVEL="8" OPERTYPEID="1" PREVID="0" NEXTID="52213000" UPDATEDATE="2025-11-01" STARTDATE="1900-01-01" ENDDATE="2025-11-01" ISACTUAL="0" ISACTIVE="0" /></ADDRESSOBJECTS>