﻿<?xml version="1.0" encoding="utf-8"?><HOUSES><HOUSE ID="57242762" OBJECTID="32731760" OBJECTGUID="52c293a5-cb28-4e1b-953c-30a983ae4cf0" CHANGEID="49936684" HOUSENUM="17" HOUSETYPE="3" OPERTYPEID="20" PREVID="19436597" NEXTID="129437523" UPDATEDATE="2025-11-01" STARTDATE="2014-01-04" ENDDATE="2025-11-01" ISACTUAL="0" ISACTIVE="0" /><HOUSE ID="57459026" OBJECTID="80091036" OBJECTGUID="55d0ac47-ec8b-4d49-b83d-e9a487e6b908" CHANGEID="119034553" HOUSENUM="2а" HOUSETYPE="2" OPERTYPEID="20" PREVID="48437725" NEXTID="129418613" UPDATEDATE="2025-10-30" STARTDATE="2014-01-04" ENDDATE="2025-10-30" ISACTUAL="0" ISACTIVE="0" /><HOUSE ID="123574978" OBJECTID="42628697" OBJECTGUID="6da2db53-b723-462b-93a2-6de9d872cd2b" CHANGEID="457777158" HOUSENUM="9" HOUSETYPE="2" OPERTYPEID="20" PREVID="59147334" NEXTID="129434111" UPDATEDATE="2025-11-01" STARTDATE="2022-10-27" ENDDATE="2025-11-01" ISACTUAL="0" ISACTIVE="0" /><HOUSE ID="68281800" OBJECTID="17842557" OBJECTGUID="ee98cd13-7aea-49e0-9047-ca1d1eb8cca8" CHANGEID="28147515" HOUSENUM="22" HOUSETYPE="3" OPERTYPEID="20" PREVID="10261257" NEXTID="129433761" UPDATEDATE="2025-11-01" STARTDATE="2014-01-04" ENDDATE="2025-11-01" ISACTUAL="0" ISACTIVE="0" /><HOUSE ID="10923463" OBJECTID="18942410" OBJECTGUID="5622ba34-bcc1-41bc-9fac-c4cf40939399" CHANGEID="29742209" HOUSENUM="3" HOUSETYPE="2" OPERTYPEID="10" PREVID="0" NEXTID="129412741" UPDATEDATE="2025-10-30" STARTDATE="2005-03-10" ENDDATE="2025-10-30" ISACTUAL="0" ISACTIVE="0" /><HOUSE ID="42879538" OBJECTID="71094781" OBJECTGUID="a8dc24db-98e5-4d9a-a680-173c165580dd" CHANGEID="105905669" HOUSENUM="9" ADDNUM1="Б" HOUSETYPE="2" ADDTYPE1="4" OPERTYPEID="10" PREVID="0" NEXTID="129430629" UPDATEDATE="2025-10-31" STARTDATE="2009-11-19" ENDDATE="2025-10-31" ISACTUAL="0" ISACTIVE="0" /><HOUSE ID="50719113" OBJECTID="83772701" OBJECTGUID="7afc2845-16c4-487c-b65c-aa8bf2badaf9" CHANGEID="124445751" HOUSENUM="17" ADDNUM1="а" HOUSETYPE="1" ADDTYPE1="4" OPERTYPEID="10" PREVID="0" NEXTID="129433781" UPDATEDATE="2025-11-01" STARTDATE="2013-04-30" ENDDATE="2025-11-01" ISACTUAL="0" ISACTIVE="0" /><HOUSE ID="51496565" OBJECTID="10414414" OBJECTGUID="01a15496-770f-4d01-a994-894a082ad4fc" CHANGEID="17104995" HOUSENUM="13" HOUSETYPE="2" OPERTYPEID="20" PREVID="5459638" NEXTID="129425372" UPDATEDATE="2025-10-31" STARTDATE="2014-01-04" ENDDATE="2025-10-31" ISACTUAL="0" ISACTIVE="0" /><HOUSE ID="52285233" OBJECTID="24512958" OBJECTGUID="0cc0345f-4b06-4d0a-8769-09343952cb0e" CHANGEID="37992626" HOUSENUM="13" HOUSETYPE="2" OPERTYPEID="20" PREVID="14486823" NEXTID="129420160" UPDATEDATE="2025-10-30" STARTDATE="2014-01-04" ENDDATE="2025-10-30" ISACTUAL="0" ISACTIVE="0" /><HOUSE ID="53920730" OBJECTID="48769937" OBJECTGUID="23dc9be1-bfdd-4ae3-9011-fcb71acc54d3" CHANGEID="73287166" HOUSENUM="22" HOUSETYPE="3" OPERTYPEID="20" PREVID="29165421" NEXTID="129435339" UPDATEDATE="2025-11-01" STARTDATE="2018-08-15" ENDDATE="2025-11-01" ISACTUAL="0" ISACTIVE="0" /><HOUSE ID="125985102" OBJECTID="162928504" OBJECTGUID="7364f29d-4028-47bc-8a6d-0ce1ab193ea7" CHANGEID="592491849" HOUSENUM="4584" HOUSETYPE="2" OPERTYPEID="10" PREVID="0" NEXTID="129438753" UPDATEDATE="2025-11-01" STARTDATE="2024-03-26" ENDDATE="2025-11-01" ISACTUAL="0" ISACTIVE="0" /><HOUSE ID="126385129" OBJECTID="164050140" OBJECTGUID="4d18bce4-d2ee-401e-81cc-d823745ee5f0" CHANGEID="597273142" HOUSENUM="17" ADDNUM1="1" HOUSETYPE="2" ADDTYPE1="1" OPERTYPEID="10" PREVID="0" NEXTID="129437526" UPDATEDATE="2025-11-01" STARTDATE="2024-06-28" ENDDATE="2025-11-01" ISACTUAL="0" ISACTIVE="0" /><HOUSE ID="129245419" OBJECTID="175139255" OBJECTGUID="9b928bee-d9df-4ff7-b9a4-77538c4fdc3d" CHANGEID="690401243" HOUSENUM="11а" HOUSETYPE="2" OPERTYPEID="10" PREVID="0" NEXTID="129425603" UPDATEDATE="2025-10-31" STARTDATE="2025-10-09" ENDDATE="2025-10-31" ISACTUAL="0" ISACTIVE="0" /><HOUSE ID="129412015" OBJECTID="175586630" OBJECTGUID="352d5e8e-b633-41ad-acf1-95bf8eb1ed81" CHANGEID="691443824" HOUSENUM="23а" HOUSETYPE="2" OPERTYPEID="10" PREVID="0" NEXTID="0" UPDATEDATE="2025-10-30" STARTDATE="2025-10-30" ENDDATE="2079-06-06" ISACTUAL="1" ISACTIVE="1" /><HOUSE ID="129412016" OBJECTID="175586632" OBJECTGUID="c189ae12-e05a-40fe-bb61-99c0a0e53a17" CHANGEID="691443838" HOUSENUM="57в" HOUSETYPE="2" OPERTYPEID="10" PREVID="0" NEXTID="0" UPDATEDATE="2025-10-30" STARTDATE="2025-10-30" ENDDATE="2079-06-06" ISACTUAL="1" ISACTIVE="1" /><HOUSE ID="129412017" OBJECTID="175586633" OBJECTGUID="533674d8-9496-4b84-aca1-99d68aa04315" CHANGEID="691443844" HOUSENUM="157" HOUSETYPE="2" OPERTYPEID="10" PREVID="0" NEXTID="0" UPDATEDATE="2025-10-30" STARTDATE="2025-10-30" ENDDATE="2079-06-06" ISACTUAL="1" ISACTIVE="1" /><HOUSE ID="129412019" OBJECTID="175586635" OBJECTGUID="a0928d3b-8c53-421b-9c93-062a32be95fe" CHANGEID="691443848" HOUSENUM="360" ADDNUM1="1" HOUSETYPE="2" ADDTYPE1="2" OPERTYPEID="10" PREVID="0" NEXTID="0" UPDATEDATE="2025-10-30" STARTDATE="2025-10-30" ENDDATE="2079-06-06" ISACTUAL="1" ISACTIVE="1" /><HOUSE ID="129412018" OBJECTID="175586634" OBJECTGUID="79901f48-2bf7-4b19-bcad-802ddf464e17" CHANGEID="691443847" HOUSENUM="2115" HOUSETYPE="2" OPERTYPEID="10" PREVID="0" NEXTID="0" UPDATEDATE="2025-10-30" STARTDATE="2025-10-30" ENDDATE="2079-06-06" ISACTUAL="1" ISACTIVE="1" /><HOUSE ID="129412020" OBJECTID="175586636" OBJECTGUID="d9bd2abd-e259-4071-9ba1-0629bf752692" CHANGEID="691443849" HOUSENUM="47" HOUSETYPE="2" OPERTYPEID="10" PREVID="0" NEXTID="0" UPDATEDATE="2025-10-30" STARTDATE="2025-10-30" ENDDATE="2079-06-06" ISACTUAL="1" ISACTIVE="1" /><HOUSE ID="129412021" OBJECTID="175586642" OBJECTGUID="64405532-7266-4c1c-aca9-216a3c5a0a00" CHANGEID="691443855" HOUSENUM="133" HOUSETYPE="2" OPERTYPEID="10" PREVID="0" NEXTID="0" UPDATEDATE="2025-10-30" STARTDATE="2025-10-30" ENDDATE="2079-06-06" ISACTUAL="1" ISACTIVE="1" /><HOUSE ID="129412022" OBJECTID="175586655" OBJECTGUID="ec2081f7-3663-4370-9de6-1258cc299c3b" CHANGEID="691443868" HOUSENUM="59" ADDNUM1="1" HOUSETYPE="2" ADDTYPE1="2" OPERTYPEID="10" PREVID="0" NEXTID="0" UPDATEDATE="2025-10-30" STARTDATE="2025-10-30" ENDDATE="2079-06-06" ISACTUAL="1" ISACTIVE="1" /><HOUSE ID="129412275" OBJECTID="175587287" OBJECTGUID="b7247826-debb-4e46-87f0-8a1aa4b7a902" CHANGEID="691444932" HOUSENUM="12В" HOUSETYPE="5" OPERTYPEID="10" PREVID="0" NEXTID="0" UPDATEDATE="2025-10-30" STARTDATE="2025-10-30" ENDDATE="2079-06-06" ISACTUAL="1" ISACTIVE="1" /><HOUSE ID="129412278" OBJECTID="175587293" OBJECTGUID="b795f7ea-699d-47c1-9cf2-20fc64f506e8" CHANGEID="691444942" HOUSENUM="5А" HOUSETYPE="2" OPERTYPEID="10" PREVID="0" NEXTID="0" UPDATEDATE="2025-10-30" STARTDATE="2025-10-30" ENDDATE="2079-06-06" ISACTUAL="1" ISACTIVE="1" /><HOUSE ID="129412281" OBJECTID="175587299" OBJECTGUID="62fb0f8a-8484-4258-9b2d-71aecc25b327" CHANGEID="691444949" HOUSENUM="45" HOUSETYPE="2" OPERTYPEID="10" PREVID="0" NEXTID="0" UPDATEDATE="2025-10-30" STARTDATE="2025-10-30" ENDDATE="2079-06-06" ISACTUAL="1" ISACTIVE="1" /><HOUSE ID="129412411" OBJECTID="175587744" OBJECTGUID="356e457e-1598-4387-a7e0-ff0c0b2237e7" CHANGEID="691445765" HOUSENUM="30" HOUSETYPE="2" OPERTYPEID="10" PREVID="0" NEXTID="0" UPDATEDATE="2025-10-30" STARTDATE="2025-10-30" ENDDATE="2079-06-06" ISACTUAL="1" ISACTIVE="1" /><HOUSE ID="129412421" OBJECTID="175587791" OBJECTGUID="61bcac1d-c6d0-4b2c-8654-2a86bd9430ca" CHANGEID="691445879" HOUSENUM="21" HOUSETYPE="2" OPERTYPEID="10" PREVID="0" NEXTID="0" UPDATEDATE="2025-10-30" STARTDATE="2025-10-30" ENDDATE="2079-06-06" ISACTUAL="1" ISACTIVE="1" /><HOUSE ID="129412426" OBJECTID="175587802" OBJECTGUID="df921327-7940-4900-9a3f-cb3fbc37943e" CHANGEID="691445896" HOUSENUM="15А" HOUSETYPE="2" OPERTYPEID="10" PREVID="0" NEXTID="0" UPDATEDATE="2025-10-30" STARTDATE="2025-10-30" ENDDATE="2079-06-06" ISACTUAL="1" ISACTIVE="1" /><HOUSE ID="129412429" OBJECTID="175587807" OBJECTGUID="8c24fe85-6400-4d94-ab3d-b47031e0293b" CHANGEID="691445931" HOUSENUM="13" HOUSETYPE="2" OPERTYPEID="10" PREVID="0" NEXTID="0" UPDATEDATE="2025-10-30" STARTDATE="2025-10-30" ENDDATE="2079-06-06" ISACTUAL="1" ISACTIVE="1" /><HOUSE ID="129412433" OBJECTID="175587813" OBJECTGUID="4852faac-2256-4285-b35e-9de34c621c2d" CHANGEID="691445946" HOUSENUM="8" HOUSETYPE="2" OPERTYPEID="10" PREVID="0" NEXTID="0" UPDATEDATE="2025-10-30" STARTDATE="2025-10-30" ENDDATE="2079-06-06" ISACTUAL="1" ISACTIVE="1" /><HOUSE ID="129412438" OBJECTID="175587820" OBJECTGUID="e77713bf-3c96-4054-a66c-1cf5665138df" CHANGEID="691445959" HOUSENUM="13" HOUSETYPE="2" OPERTYPEID="10" PREVID="0" NEXTID="0" UPDATEDATE="2025-10-30" STARTDATE="2025-10-30" ENDDATE="2079-06-06" ISACTUAL="1" ISACTIVE="1" /><HOUSE ID="129412440" OBJECTID="175587845" OBJECTGUID="a0e1a24f-30ed-46fc-9996-e14fc44f7b8a" CHANGEID="691445996" HOUSENUM="20" HOUSETYPE="2" OPERTYPEID="10" PREVID="0" NEXTID="0" UPDATEDATE="2025-10-30" STARTDATE="2025-10-30" ENDDATE="2079-06-06" ISACTUAL="1" ISACTIVE="1" /><HOUSE ID="129412451" OBJECTID="175587898" OBJECTGUID="e052b774-1d4b-42a9-8983-5472fa79de3d" CHANGEID="691446120" HOUSENUM="34А" HOUSETYPE="2" OPERTYPEID="10" PREVID="0" NEXTID="0" UPDATEDATE="2025-10-30" STARTDATE="2025-10-30" ENDDATE="2079-06-06" ISACTUAL="1" ISACTIVE="1" /><HOUSE ID="129412741" OBJECTID="18942410" OBJECTGUID="5622ba34-bcc1-41bc-9fac-c4cf40939399" CHANGEID="691447801" HOUSENUM="3" HOUSETYPE="2" OPERTYPEID="30" PREVID="10923463" NEXTID="0" UPDATEDATE="2025-10-30" STARTDATE="2025-10-30" ENDDATE="2079-06-06" ISACTUAL="1" ISACTIVE="0" /><HOUSE ID="129412792" OBJECTID="175588829" OBJECTGUID="46e2c070-f398-4593-a986-fe688fcfb18f" CHANGEID="691448051" HOUSENUM="6Б/284" HOUSETYPE="5" OPERTYPEID="10" PREVID="0" NEXTID="0" UPDATEDATE="2025-10-30" STARTDATE="2025-10-30" ENDDATE="2079-06-06" ISACTUAL="1" ISACTIVE="1" /><HOUSE ID="129413018" OBJECTID="175589244" OBJECTGUID="5e13e07f-88db-4192-82cd-2325617eb831" CHANGEID="691449232" HOUSENUM="22" HOUSETYPE="2" OPERTYPEID="10" PREVID="0" NEXTID="0" UPDATEDATE="2025-10-30" STARTDATE="2025-10-30" ENDDATE="2079-06-06" ISACTUAL="1" ISACTIVE="1" /><HOUSE ID="129417617" OBJECTID="175598781" OBJECTGUID="f86385bb-e2cf-4446-be05-db2954a205e4" CHANGEID="691465860" HOUSENUM="257" HOUSETYPE="2" OPERTYPEID="10" PREVID="0" NEXTID="0" UPDATEDATE="2025-10-30" STARTDATE="2025-10-30" ENDDATE="2079-06-06" ISACTUAL="1" ISACTIVE="1" /><HOUSE ID="129417631" OBJECTID="175598895" OBJECTGUID="eaadd417-ba80-4568-9e30-40445cfcad3b" CHANGEID="691466027" HOUSENUM="38/1" HOUSETYPE="2" OPERTYPEID="10" PREVID="0" NEXTID="0" UPDATEDATE="2025-10-30" STARTDATE="2025-10-30" ENDDATE="2079-06-06" ISACTUAL="1" ISACTIVE="1" /><HOUSE ID="129417633" OBJECTID="175598898" OBJECTGUID="0dab5f38-351f-4e31-9765-ad7d51b97a94" CHANGEID="691466031" HOUSENUM="157" HOUSETYPE="2" OPERTYPEID="10" PREVID="0" NEXTID="0" UPDATEDATE="2025-10-30" STARTDATE="2025-10-30" ENDDATE="2079-06-06" ISACTUAL="1" ISACTIVE="1" /><HOUSE ID="129417634" OBJECTID="175598899" OBJECTGUID="37fe7035-f98e-4cdf-ae78-74a46aee7038" CHANGEID="691466033" HOUSENUM="1016" HOUSETYPE="2" OPERTYPEID="10" PREVID="0" NEXTID="0" UPDATEDATE="2025-10-30" STARTDATE="2025-10-30" ENDDATE="2079-06-06" ISACTUAL="1" ISACTIVE="1" /><HOUSE ID="129417653" OBJECTID="175598945" OBJECTGUID="97fa4375-5fab-479f-8f99-936caa43d2b6" CHANGEID="691466092" HOUSENUM="27л" HOUSETYPE="2" OPERTYPEID="10" PREVID="0" NEXTID="0" UPDATEDATE="2025-10-30" STARTDATE="2025-10-30" ENDDATE="2079-06-06" ISACTUAL="1" ISACTIVE="1" /><HOUSE ID="129418612" OBJECTID="175600578" OBJECTGUID="9753394b-74e1-4ee5-a929-32955652d739" CHANGEID="691468391" HOUSENUM="43п" HOUSETYPE="2" OPERTYPEID="10" PREVID="0" NEXTID="0" UPDATEDATE="2025-10-30" STARTDATE="2025-10-30" ENDDATE="2079-06-06" ISACTUAL="1" ISACTIVE="1" /><HOUSE ID="129418613" OBJECTID="80091036" OBJECTGUID="55d0ac47-ec8b-4d49-b83d-e9a487e6b908" CHANGEID="691468400" HOUSENUM="2а" HOUSETYPE="2" OPERTYPEID="30" PREVID="57459026" NEXTID="0" UPDATEDATE="2025-10-30" STARTDATE="2025-10-30" ENDDATE="2079-06-06" ISACTUAL="1" ISACTIVE="0" /><HOUSE ID="129418637" OBJECTID="175600685" OBJECTGUID="48e72a93-efd9-4bf7-9d7d-2edacba72828" CHANGEID="691468534" HOUSENUM="52" ADDNUM1="10" HOUSETYPE="2" ADDTYPE1="2" OPERTYPEID="10" PREVID="0" NEXTID="0" UPDATEDATE="2025-10-30" STARTDATE="2025-10-30" ENDDATE="2079-06-06" ISACTUAL="1" ISACTIVE="1" /><HOUSE ID="129418827" OBJECTID="175601052" OBJECTGUID="cde44b4c-6bef-410d-ba4e-6aeb503cc16a" CHANGEID="691469045" HOUSENUM="52" ADDNUM1="12" HOUSETYPE="2" ADDTYPE1="2" OPERTYPEID="10" PREVID="0" NEXTID="0" UPDATEDATE="2025-10-30" STARTDATE="2025-10-30" ENDDATE="2079-06-06" ISACTUAL="1" ISACTIVE="1" /><HOUSE ID="129418801" OBJECTID="175601034" OBJECTGUID="a430fbe8-1f9b-4f37-8de7-a622bb207e52" CHANGEID="691468957" HOUSENUM="52" ADDNUM1="11" HOUSETYPE="2" ADDTYPE1="2" OPERTYPEID="10" PREVID="0" NEXTID="0" UPDATEDATE="2025-10-30" STARTDATE="2025-10-30" ENDDATE="2079-06-06" ISACTUAL="1" ISACTIVE="1" /><HOUSE ID="129419290" OBJECTID="175601796" OBJECTGUID="1d296b21-40b9-46b9-9d22-2484e7a0c382" CHANGEID="691470462" HOUSENUM="52" ADDNUM1="9" HOUSETYPE="2" ADDTYPE1="2" OPERTYPEID="10" PREVID="0" NEXTID="0" UPDATEDATE="2025-10-30" STARTDATE="2025-10-30" ENDDATE="2079-06-06" ISACTUAL="1" ISACTIVE="1" /><HOUSE ID="129419273" OBJECTID="175601733" OBJECTGUID="bd2de771-7810-4d49-9745-a62d59e75185" CHANGEID="691470359" HOUSENUM="52" ADDNUM1="13" HOUSETYPE="2" ADDTYPE1="2" OPERTYPEID="10" PREVID="0" NEXTID="0" UPDATEDATE="2025-10-30" STARTDATE="2025-10-30" ENDDATE="2079-06-06" ISACTUAL="1" ISACTIVE="1" /><HOUSE ID="129419329" OBJECTID="175601976" OBJECTGUID="4c494add-711b-46c3-a0da-7b9c361fe2d9" CHANGEID="691470693" HOUSENUM="14а" HOUSETYPE="2" OPERTYPEID="10" PREVID="0" NEXTID="0" UPDATEDATE="2025-10-30" STARTDATE="2025-10-30" ENDDATE="2079-06-06" ISACTUAL="1" ISACTIVE="1" /><HOUSE ID="129419368" OBJECTID="175602088" OBJECTGUID="719c1a86-9067-47be-8fd7-2d1136d4b889" CHANGEID="691470863" HOUSENUM="135" HOUSETYPE="2" OPERTYPEID="10" PREVID="0" NEXTID="0" UPDATEDATE="2025-10-30" STARTDATE="2025-10-30" ENDDATE="2079-06-06" ISACTUAL="1" ISACTIVE="1" /><HOUSE ID="129419428" OBJECTID="175602162" OBJECTGUID="51d14565-5a73-492f-a70a-01bc36742510" CHANGEID="691471026" HOUSENUM="230" HOUSETYPE="2" OPERTYPEID="10" PREVID="0" NEXTID="0" UPDATEDATE="2025-10-30" STARTDATE="2025-10-30" ENDDATE="2079-06-06" ISACTUAL="1" ISACTIVE="1" /><HOUSE ID="129419386" OBJECTID="175602118" OBJECTGUID="789d558f-d03c-4da3-ab8e-79f4071f4a27" CHANGEID="691470905" HOUSENUM="2116" HOUSETYPE="2" OPERTYPEID="10" PREVID="0" NEXTID="0" UPDATEDATE="2025-10-30" STARTDATE="2025-10-30" ENDDATE="2079-06-06" ISACTUAL="1" ISACTIVE="1" /><HOUSE ID="129420160" OBJECTID="24512958" OBJECTGUID="0cc0345f-4b06-4d0a-8769-09343952cb0e" CHANGEID="691473278" HOUSENUM="13" HOUSETYPE="2" OPERTYPEID="30" PREVID="52285233" NEXTID="0" UPDATEDATE="2025-10-30" STARTDATE="2025-10-30" ENDDATE="2079-06-06" ISACTUAL="1" ISACTIVE="0" /><HOUSE ID="129420317" OBJECTID="175604081" OBJECTGUID="c92f97b6-f10b-4cf6-af33-f2cccf1bccaa" CHANGEID="691474142" HOUSENUM="4" HOUSETYPE="5" OPERTYPEID="10" PREVID="0" NEXTID="0" UPDATEDATE="2025-10-30" STARTDATE="2025-10-30" ENDDATE="2079-06-06" ISACTUAL="1" ISACTIVE="1" /><HOUSE ID="129420640" OBJECTID="175605097" OBJECTGUID="eb5b762d-88d8-4a08-b10c-954a7fb4384d" CHANGEID="691475804" HOUSENUM="13" HOUSETYPE="2" OPERTYPEID="10" PREVID="0" NEXTID="0" UPDATEDATE="2025-10-30" STARTDATE="2025-10-30" ENDDATE="2079-06-06" ISACTUAL="1" ISACTIVE="1" /><HOUSE ID="129421211" OBJECTID="175606887" OBJECTGUID="e327ba28-6c6a-44a4-b66a-082bfa4792c1" CHANGEID="691478474" HOUSENUM="189" HOUSETYPE="2" OPERTYPEID="10" PREVID="0" NEXTID="0" UPDATEDATE="2025-10-30" STARTDATE="2025-10-30" ENDDATE="2079-06-06" ISACTUAL="1" ISACTIVE="1" /><HOUSE ID="129421711" OBJECTID="175608110" OBJECTGUID="56b56332-72e1-49ea-9db2-5749af5b9a31" CHANGEID="691480432" HOUSENUM="9" HOUSETYPE="2" OPERTYPEID="10" PREVID="0" NEXTID="0" UPDATEDATE="2025-10-30" STARTDATE="2025-10-30" ENDDATE="2079-06-06" ISACTUAL="1" ISACTIVE="1" /><HOUSE ID="129425355" OBJECTID="175615720" OBJECTGUID="e3a37bab-05f8-4397-a880-fa66b3a53cba" CHANGEID="691494121" HOUSENUM="3" HOUSETYPE="2" OPERTYPEID="10" PREVID="0" NEXTID="0" UPDATEDATE="2025-10-31" STARTDATE="2025-10-31" ENDDATE="2079-06-06" ISACTUAL="1" ISACTIVE="1" /><HOUSE ID="129425372" OBJECTID="10414414" OBJECTGUID="01a15496-770f-4d01-a994-894a082ad4fc" CHANGEID="691494278" HOUSENUM="13" HOUSETYPE="2" OPERTYPEID="30" PREVID="51496565" NEXTID="0" UPDATEDATE="2025-10-31" STARTDATE="2025-10-31" ENDDATE="2079-06-06" ISACTUAL="1" ISACTIVE="0" /><HOUSE ID="129425603" OBJECTID="175139255" OBJECTGUID="9b928bee-d9df-4ff7-b9a4-77538c4fdc3d" CHANGEID="691497090" HOUSENUM="11" HOUSETYPE="2" OPERTYPEID="20" PREVID="129245419" UPDATEDATE="2025-10-31" STARTDATE="2025-10-31" ENDDATE="2079-06-06" ISACTUAL="1" ISACTIVE="1" /><HOUSE ID="129429583" OBJECTID="175630974" OBJECTGUID="164949a9-7234-4f7a-970e-32f77ab6230c" CHANGEID="691518042" HOUSENUM="11" HOUSETYPE="2" OPERTYPEID="10" PREVID="0" NEXTID="0" UPDATEDATE="2025-10-31" STARTDATE="2025-10-31" ENDDATE="2079-06-06" ISACTUAL="1" ISACTIVE="1" /><HOUSE ID="129430036" OBJECTID="175632721" OBJECTGUID="7f604e96-3aa1-4ac4-8fbc-a49d3a107ec6" CHANGEID="691520996" HOUSENUM="14" HOUSETYPE="2" OPERTYPEID="10" PREVID="0" NEXTID="0" UPDATEDATE="2025-10-31" STARTDATE="2025-10-31" ENDDATE="2079-06-06" ISACTUAL="1" ISACTIVE="1" /><HOUSE ID="129430247" OBJECTID="175633927" OBJECTGUID="92c1ef43-a2a0-455b-8ef0-d7621682b5ac" CHANGEID="691522802" HOUSENUM="52" ADDNUM1="1" HOUSETYPE="2" ADDTYPE1="2" OPERTYPEID="10" PREVID="0" NEXTID="0" UPDATEDATE="2025-10-31" STARTDATE="2025-10-31" ENDDATE="2079-06-06" ISACTUAL="1" ISACTIVE="1" /><HOUSE ID="129430255" OBJECTID="175633989" OBJECTGUID="0b622ebf-f554-4f8f-bcae-53657c35c5a4" CHANGEID="691522879" HOUSENUM="52" ADDNUM1="2" HOUSETYPE="2" ADDTYPE1="2" OPERTYPEID="10" PREVID="0" NEXTID="0" UPDATEDATE="2025-10-31" STARTDATE="2025-10-31" ENDDATE="2079-06-06" ISACTUAL="1" ISACTIVE="1" /><HOUSE ID="129430498" OBJECTID="175634803" OBJECTGUID="1fe132d4-b113-4a47-aea0-858673d67fff" CHANGEID="691524035" HOUSENUM="52" ADDNUM1="3" HOUSETYPE="2" ADDTYPE1="2" OPERTYPEID="10" PREVID="0" NEXTID="0" UPDATEDATE="2025-10-31" STARTDATE="2025-10-31" ENDDATE="2079-06-06" ISACTUAL="1" ISACTIVE="1" /><HOUSE ID="129430517" OBJECTID="175634852" OBJECTGUID="5192ea56-9adc-4445-be0f-ebb93847a5b3" CHANGEID="691524148" HOUSENUM="52" ADDNUM1="4" HOUSETYPE="2" ADDTYPE1="2" OPERTYPEID="10" PREVID="0" NEXTID="0" UPDATEDATE="2025-10-31" STARTDATE="2025-10-31" ENDDATE="2079-06-06" ISACTUAL="1" ISACTIVE="1" /><HOUSE ID="129430506" OBJECTID="175634823" OBJECTGUID="d4e715e5-34c5-4c04-afc7-01692a111702" CHANGEID="691524081" HOUSENUM="52" ADDNUM1="5" HOUSETYPE="2" ADDTYPE1="2" OPERTYPEID="10" PREVID="0" NEXTID="0" UPDATEDATE="2025-10-31" STARTDATE="2025-10-31" ENDDATE="2079-06-06" ISACTUAL="1" ISACTIVE="1" /><HOUSE ID="129430528" OBJECTID="175634882" OBJECTGUID="4395c88a-7518-481e-b368-559f60496553" CHANGEID="691524220" HOUSENUM="52" ADDNUM1="6" HOUSETYPE="2" ADDTYPE1="2" OPERTYPEID="10" PREVID="0" NEXTID="0" UPDATEDATE="2025-10-31" STARTDATE="2025-10-31" ENDDATE="2079-06-06" ISACTUAL="1" ISACTIVE="1" /><HOUSE ID="129430558" OBJECTID="175634971" OBJECTGUID="aa30509e-5969-4f0d-bb53-60bc8669a61e" CHANGEID="691524398" HOUSENUM="52" ADDNUM1="7" HOUSETYPE="2" ADDTYPE1="2" OPERTYPEID="10" PREVID="0" NEXTID="0" UPDATEDATE="2025-10-31" STARTDATE="2025-10-31" ENDDATE="2079-06-06" ISACTUAL="1" ISACTIVE="1" /><HOUSE ID="129430571" OBJECTID="175635002" OBJECTGUID="ba9377b8-2435-4a3f-a3a7-c5f897ef622c" CHANGEID="691524453" HOUSENUM="5/1" HOUSETYPE="2" OPERTYPEID="10" PREVID="0" NEXTID="0" UPDATEDATE="2025-10-31" STARTDATE="2025-10-31" ENDDATE="2079-06-06" ISACTUAL="1" ISACTIVE="1" /><HOUSE ID="129430596" OBJECTID="175635091" OBJECTGUID="10f0a9ae-dd87-4def-9d55-864cb2762189" CHANGEID="691524565" HOUSENUM="120" HOUSETYPE="2" OPERTYPEID="10" PREVID="0" NEXTID="0" UPDATEDATE="2025-10-31" STARTDATE="2025-10-31" ENDDATE="2079-06-06" ISACTUAL="1" ISACTIVE="1" /><HOUSE ID="129430628" OBJECTID="70707402" OBJECTGUID="8a62e678-889b-4c21-8435-dd6926e071b7" CHANGEID="691524795" HOUSENUM="9" ADDNUM1="А" HOUSETYPE="2" ADDTYPE1="4" OPERTYPEID="30" PREVID="42653027" NEXTID="0" UPDATEDATE="2025-10-31" STARTDATE="2025-10-31" ENDDATE="2079-06-06" ISACTUAL="1" ISACTIVE="0" /><HOUSE ID="42653027" OBJECTID="70707402" OBJECTGUID="8a62e678-889b-4c21-8435-dd6926e071b7" CHANGEID="105349022" HOUSENUM="9" ADDNUM1="А" HOUSETYPE="2" ADDTYPE1="4" OPERTYPEID="10" PREVID="0" NEXTID="129430628" UPDATEDATE="2025-10-31" STARTDATE="2004-03-01" ENDDATE="2025-10-31" ISACTUAL="0" ISACTIVE="0" /><HOUSE ID="129430629" OBJECTID="71094781" OBJECTGUID="a8dc24db-98e5-4d9a-a680-173c165580dd" CHANGEID="691524796" HOUSENUM="9" ADDNUM1="Б" HOUSETYPE="2" ADDTYPE1="4" OPERTYPEID="30" PREVID="42879538" NEXTID="0" UPDATEDATE="2025-10-31" STARTDATE="2025-10-31" ENDDATE="2079-06-06" ISACTUAL="1" ISACTIVE="0" /><HOUSE ID="129430732" OBJECTID="175635611" OBJECTGUID="2ea4ede1-405b-4cc9-b034-347a12eaaddd" CHANGEID="691525381" HOUSENUM="29" HOUSETYPE="2" OPERTYPEID="10" PREVID="0" NEXTID="0" UPDATEDATE="2025-10-31" STARTDATE="2025-10-31" ENDDATE="2079-06-06" ISACTUAL="1" ISACTIVE="1" /><HOUSE ID="129430727" OBJECTID="175635595" OBJECTGUID="a600a286-2360-4fff-bcb0-60e37e0a7d99" CHANGEID="691525352" HOUSENUM="455" HOUSETYPE="2" OPERTYPEID="10" PREVID="0" NEXTID="0" UPDATEDATE="2025-10-31" STARTDATE="2025-10-31" ENDDATE="2079-06-06" ISACTUAL="1" ISACTIVE="1" /><HOUSE ID="129433047" OBJECTID="175644504" OBJECTGUID="d6de2922-6954-4eea-a6fc-8930c95c7ea5" CHANGEID="691555172" HOUSENUM="13" HOUSETYPE="2" OPERTYPEID="10" PREVID="0" NEXTID="0" UPDATEDATE="2025-11-01" STARTDATE="2025-11-01" ENDDATE="2079-06-06" ISACTUAL="1" ISACTIVE="1" /><HOUSE ID="129433050" OBJECTID="175644508" OBJECTGUID="35da4fc9-3d49-42bd-a676-f24fadd1def8" CHANGEID="691555176" HOUSENUM="64" HOUSETYPE="2" OPERTYPEID="10" PREVID="0" NEXTID="0" UPDATEDATE="2025-11-01" STARTDATE="2025-11-01" ENDDATE="2079-06-06" ISACTUAL="1" ISACTIVE="1" /><HOUSE ID="129433046" OBJECTID="175644503" OBJECTGUID="d8f0f785-436b-474d-ad17-4a74f025f0d9" CHANGEID="691555171" HOUSENUM="8" HOUSETYPE="2" OPERTYPEID="10" PREVID="0" NEXTID="0" UPDATEDATE="2025-11-01" STARTDATE="2025-11-01" ENDDATE="2079-06-06" ISACTUAL="1" ISACTIVE="1" /><HOUSE ID="129433048" OBJECTID="175644505" OBJECTGUID="0f89b037-9e2c-4e38-bdb2-6f3010a5a33e" CHANGEID="691555173" HOUSENUM="39" HOUSETYPE="2" OPERTYPEID="10" PREVID="0" NEXTID="0" UPDATEDATE="2025-11-01" STARTDATE="2025-11-01" ENDDATE="2079-06-06" ISACTUAL="1" ISACTIVE="1" /><HOUSE ID="129433049" OBJECTID="175644507" OBJECTGUID="b993e4ab-db41-41da-8ccb-a18daf957fe2" CHANGEID="691555175" HOUSENUM="74" HOUSETYPE="2" OPERTYPEID="10" PREVID="0" NEXTID="0" UPDATEDATE="2025-11-01" STARTDATE="2025-11-01" ENDDATE="2079-06-06" ISACTUAL="1" ISACTIVE="1" /><HOUSE ID="129433051" OBJECTID="175644509" OBJECTGUID="75ce177c-ab91-4925-a9e4-d7edfe356c62" CHANGEID="691555177" HOUSENUM="11212" HOUSETYPE="2" OPERTYPEID="10" PREVID="0" NEXTID="0" UPDATEDATE="2025-11-01" STARTDATE="2025-11-01" ENDDATE="2079-06-06" ISACTUAL="1" ISACTIVE="1" /><HOUSE ID="129433071" OBJECTID="175645016" OBJECTGUID="2840763c-f4b4-4714-bd24-7dc9414923ee" CHANGEID="691556517" HOUSENUM="33" HOUSETYPE="2" OPERTYPEID="10" PREVID="0" NEXTID="0" UPDATEDATE="2025-11-01" STARTDATE="2025-11-01" ENDDATE="2079-06-06" ISACTUAL="1" ISACTIVE="1" /><HOUSE ID="129433072" OBJECTID="175645017" OBJECTGUID="816fb263-7978-4dcd-aa6d-c626832470a2" CHANGEID="691556518" HOUSENUM="10916" HOUSETYPE="2" OPERTYPEID="10" PREVID="0" NEXTID="0" UPDATEDATE="2025-11-01" STARTDATE="2025-11-01" ENDDATE="2079-06-06" ISACTUAL="1" ISACTIVE="1" /><HOUSE ID="129433073" OBJECTID="175645019" OBJECTGUID="79d51dd2-56f6-4594-8d4e-ec6a338f19cb" CHANGEID="691556520" HOUSENUM="2А" HOUSETYPE="2" OPERTYPEID="10" PREVID="0" NEXTID="0" UPDATEDATE="2025-11-01" STARTDATE="2025-11-01" ENDDATE="2079-06-06" ISACTUAL="1" ISACTIVE="1" /><HOUSE ID="129433074" OBJECTID="175645021" OBJECTGUID="aa63f8ce-12ff-4660-8260-32961a6832d1" CHANGEID="691556522" HOUSENUM="252" HOUSETYPE="2" OPERTYPEID="10" PREVID="0" NEXTID="0" UPDATEDATE="2025-11-01" STARTDATE="2025-11-01" ENDDATE="2079-06-06" ISACTUAL="1" ISACTIVE="1" /><HOUSE ID="129433075" OBJECTID="175645022" OBJECTGUID="a9baf31f-31e6-48e2-8d5f-dbc0df9f3b5c" CHANGEID="691556523" HOUSENUM="15" HOUSETYPE="2" OPERTYPEID="10" PREVID="0" NEXTID="0" UPDATEDATE="2025-11-01" STARTDATE="2025-11-01" ENDDATE="2079-06-06" ISACTUAL="1" ISACTIVE="1" /><HOUSE ID="129433076" OBJECTID="175645024" OBJECTGUID="c9da90a2-ee17-4805-bb4c-270777ba73af" CHANGEID="691556525" HOUSENUM="5" HOUSETYPE="2" OPERTYPEID="10" PREVID="0" NEXTID="0" UPDATEDATE="2025-11-01" STARTDATE="2025-11-01" ENDDATE="2079-06-06" ISACTUAL="1" ISACTIVE="1" /><HOUSE ID="129433077" OBJECTID="175645025" OBJECTGUID="797e0e4c-916c-4921-86d7-16f147b73157" CHANGEID="691556526" HOUSENUM="8" HOUSETYPE="2" OPERTYPEID="10" PREVID="0" NEXTID="0" UPDATEDATE="2025-11-01" STARTDATE="2025-11-01" ENDDATE="2079-06-06" ISACTUAL="1" ISACTIVE="1" /><HOUSE ID="129433078" OBJECTID="175645026" OBJECTGUID="67c6dad1-261f-4d1e-904e-d6cdfd54a46d" CHANGEID="691556527" HOUSENUM="19" HOUSETYPE="2" OPERTYPEID="10" PREVID="0" NEXTID="0" UPDATEDATE="2025-11-01" STARTDATE="2025-11-01" ENDDATE="2079-06-06" ISACTUAL="1" ISACTIVE="1" /><HOUSE ID="129433079" OBJECTID="175645027" OBJECTGUID="e1eccb29-b189-4ae3-a02a-dc7205da0c1e" CHANGEID="691556528" HOUSENUM="17" HOUSETYPE="2" OPERTYPEID="10" PREVID="0" NEXTID="0" UPDATEDATE="2025-11-01" STARTDATE="2025-11-01" ENDDATE="2079-06-06" ISACTUAL="1" ISACTIVE="1" /><HOUSE ID="129433080" OBJECTID="175645028" OBJECTGUID="27b86eb9-7adf-4455-a955-60cc4e6f8f45" CHANGEID="691556529" HOUSENUM="38Б" HOUSETYPE="2" OPERTYPEID="10" PREVID="0" NEXTID="0" UPDATEDATE="2025-11-01" STARTDATE="2025-11-01" ENDDATE="2079-06-06" ISACTUAL="1" ISACTIVE="1" /><HOUSE ID="129433081" OBJECTID="175645029" OBJECTGUID="f4e2a7ec-a703-45f3-8e08-c7c263b8a678" CHANGEID="691556530" HOUSENUM="16" HOUSETYPE="2" OPERTYPEID="10" PREVID="0" NEXTID="0" UPDATEDATE="2025-11-01" STARTDATE="2025-11-01" ENDDATE="2079-06-06" ISACTUAL="1" ISACTIVE="1" /><HOUSE ID="129433082" OBJECTID="175645030" OBJECTGUID="d2bd9b65-87e0-4f0a-a7a5-79d39dd566d8" CHANGEID="691556531" HOUSENUM="24286" HOUSETYPE="2" OPERTYPEID="10" PREVID="0" NEXTID="0" UPDATEDATE="2025-11-01" STARTDATE="2025-11-01" ENDDATE="2079-06-06" ISACTUAL="1" ISACTIVE="1" /><HOUSE ID="129433083" OBJECTID="175645031" OBJECTGUID="42df2e31-acee-4a29-aaad-826e63097def" CHANGEID="691556532" HOUSENUM="29В" HOUSETYPE="2" OPERTYPEID="10" PREVID="0" NEXTID="0" UPDATEDATE="2025-11-01" STARTDATE="2025-11-01" ENDDATE="2079-06-06" ISACTUAL="1" ISACTIVE="1" /><HOUSE ID="129433084" OBJECTID="175645033" OBJECTGUID="9838b27c-a2ed-49d8-bf5f-56e22a7ee4d3" CHANGEID="691556534" HOUSENUM="120" HOUSETYPE="2" OPERTYPEID="10" PREVID="0" NEXTID="0" UPDATEDATE="2025-11-01" STARTDATE="2025-11-01" ENDDATE="2079-06-06" ISACTUAL="1" ISACTIVE="1" /><HOUSE ID="129433085" OBJECTID="175645034" OBJECTGUID="dfb88caa-2de8-4a9e-95b7-ed70186f9c95" CHANGEID="691556535" HOUSENUM="3А" HOUSETYPE="2" OPERTYPEID="10" PREVID="0" NEXTID="0" UPDATEDATE="2025-11-01" STARTDATE="2025-11-01" ENDDATE="2079-06-06" ISACTUAL="1" ISACTIVE="1" /><HOUSE ID="129433086" OBJECTID="175645035" OBJECTGUID="a3fa7b50-1d96-439d-b738-79000ac16f96" CHANGEID="691556536" HOUSENUM="364" HOUSETYPE="2" OPERTYPEID="10" PREVID="0" NEXTID="0" UPDATEDATE="2025-11-01" STARTDATE="2025-11-01" ENDDATE="2079-06-06" ISACTUAL="1" ISACTIVE="1" /><HOUSE ID="129433087" OBJECTID="175645038" OBJECTGUID="bdb8eea2-dab4-4888-a800-ab3daf0df8e2" CHANGEID="691556539" HOUSENUM="253А" HOUSETYPE="2" OPERTYPEID="10" PREVID="0" NEXTID="0" UPDATEDATE="2025-11-01" STARTDATE="2025-11-01" ENDDATE="2079-06-06" ISACTUAL="1" ISACTIVE="1" /><HOUSE ID="129433088" OBJECTID="175645040" OBJECTGUID="cf837634-f8cb-4025-a35a-f83e70aee0fa" CHANGEID="691556541" HOUSENUM="3" HOUSETYPE="2" OPERTYPEID="10" PREVID="0" NEXTID="0" UPDATEDATE="2025-11-01" STARTDATE="2025-11-01" ENDDATE="2079-06-06" ISACTUAL="1" ISACTIVE="1" /><HOUSE ID="129433089" OBJECTID="175645041" OBJECTGUID="c2ed320c-721e-45ac-802e-8e1406c3e5f0" CHANGEID="691556542" HOUSENUM="27" HOUSETYPE="2" OPERTYPEID="10" PREVID="0" NEXTID="0" UPDATEDATE="2025-11-01" STARTDATE="2025-11-01" ENDDATE="2079-06-06" ISACTUAL="1" ISACTIVE="1" /><HOUSE ID="129433090" OBJECTID="175645042" OBJECTGUID="8911a5f4-cdbc-44cc-b4d8-bbaef8961349" CHANGEID="691556543" HOUSENUM="285" HOUSETYPE="2" OPERTYPEID="10" PREVID="0" NEXTID="0" UPDATEDATE="2025-11-01" STARTDATE="2025-11-01" ENDDATE="2079-06-06" ISACTUAL="1" ISACTIVE="1" /><HOUSE ID="129433091" OBJECTID="175645043" OBJECTGUID="9821d4d9-6606-4dc5-a224-c1283fca9ed2" CHANGEID="691556544" HOUSENUM="73" HOUSETYPE="2" OPERTYPEID="10" PREVID="0" NEXTID="0" UPDATEDATE="2025-11-01" STARTDATE="2025-11-01" ENDDATE="2079-06-06" ISACTUAL="1" ISACTIVE="1" /><HOUSE ID="129433092" OBJECTID="175645044" OBJECTGUID="d3578d5a-1ecc-4c7b-91c9-46958163d8d3" CHANGEID="691556545" HOUSENUM="7" ADDNUM1="1" HOUSETYPE="2" ADDTYPE1="2" OPERTYPEID="10" PREVID="0" NEXTID="0" UPDATEDATE="2025-11-01" STARTDATE="2025-11-01" ENDDATE="2079-06-06" ISACTUAL="1" ISACTIVE="1" /><HOUSE ID="129433756" OBJECTID="175647037" OBJECTGUID="8e1a8a9c-b0f3-4acb-a445-bbc77c484f3c" CHANGEID="691560506" HOUSENUM="28/1" HOUSETYPE="2" OPERTYPEID="10" PREVID="0" NEXTID="0" UPDATEDATE="2025-11-01" STARTDATE="2025-11-01" ENDDATE="2079-06-06" ISACTUAL="1" ISACTIVE="1" /><HOUSE ID="129433765" OBJECTID="175647052" OBJECTGUID="413bc107-1453-4e3b-b850-2fba9aacc100" CHANGEID="691560535" HOUSENUM="10/1" HOUSETYPE="2" OPERTYPEID="10" PREVID="0" NEXTID="0" UPDATEDATE="2025-11-01" STARTDATE="2025-11-01" ENDDATE="2079-06-06" ISACTUAL="1" ISACTIVE="1" /><HOUSE ID="129433768" OBJECTID="175647054" OBJECTGUID="c6866975-dd7c-4d3f-b9a1-151771bd19f7" CHANGEID="691560541" HOUSENUM="7" HOUSETYPE="2" OPERTYPEID="10" PREVID="0" NEXTID="0" UPDATEDATE="2025-11-01" STARTDATE="2025-11-01" ENDDATE="2079-06-06" ISACTUAL="1" ISACTIVE="1" /><HOUSE ID="129433761" OBJECTID="17842557" OBJECTGUID="ee98cd13-7aea-49e0-9047-ca1d1eb8cca8" CHANGEID="691560526" HOUSENUM="22" HOUSETYPE="5" OPERTYPEID="20" PREVID="68281800" UPDATEDATE="2025-11-01" STARTDATE="2025-11-01" ENDDATE="2079-06-06" ISACTUAL="1" ISACTIVE="1" /><HOUSE ID="129433781" OBJECTID="83772701" OBJECTGUID="7afc2845-16c4-487c-b65c-aa8bf2badaf9" CHANGEID="691560695" HOUSENUM="17а" HOUSETYPE="5" OPERTYPEID="20" PREVID="50719113" UPDATEDATE="2025-11-01" STARTDATE="2025-11-01" ENDDATE="2079-06-06" ISACTUAL="1" ISACTIVE="1" /><HOUSE ID="129434111" OBJECTID="42628697" OBJECTGUID="6da2db53-b723-462b-93a2-6de9d872cd2b" CHANGEID="691562715" HOUSENUM="9" HOUSETYPE="2" OPERTYPEID="30" PREVID="123574978" NEXTID="0" UPDATEDATE="2025-11-01" STARTDATE="2025-11-01" ENDDATE="2079-06-06" ISACTUAL="1" ISACTIVE="0" /><HOUSE ID="129435338" OBJECTID="55789318" OBJECTGUID="8a8e582f-dfcc-4377-9f5b-1a3b58314193" CHANGEID="691570949" HOUSENUM="39" HOUSETYPE="2" OPERTYPEID="30" PREVID="72627860" NEXTID="0" UPDATEDATE="2025-11-01" STARTDATE="2025-11-01" ENDDATE="2079-06-06" ISACTUAL="1" ISACTIVE="0" /><HOUSE ID="72627860" OBJECTID="55789318" OBJECTGUID="8a8e582f-dfcc-4377-9f5b-1a3b58314193" CHANGEID="292818359" HOUSENUM="39" HOUSETYPE="2" OPERTYPEID="20" PREVID="61197100" NEXTID="129435338" UPDATEDATE="2025-11-01" STARTDATE="2022-09-20" ENDDATE="2025-11-01" ISACTUAL="0" ISACTIVE="0" /><HOUSE ID="129435339" OBJECTID="48769937" OBJECTGUID="23dc9be1-bfdd-4ae3-9011-fcb71acc54d3" CHANGEID="691570964" HOUSENUM="22" HOUSETYPE="3" OPERTYPEID="30" PREVID="53920730" NEXTID="0" UPDATEDATE="2025-11-01" STARTDATE="2025-11-01" ENDDATE="2079-06-06" ISACTUAL="1" ISACTIVE="0" /><HOUSE ID="129436126" OBJECTID="175656972" OBJECTGUID="ac77f88f-ceaf-46af-b146-c89d976657f7" CHANGEID="691574978" HOUSENUM="95" HOUSETYPE="2" OPERTYPEID="10" PREVID="0" NEXTID="0" UPDATEDATE="2025-11-01" STARTDATE="2025-11-01" ENDDATE="2079-06-06" ISACTUAL="1" ISACTIVE="1" /><HOUSE ID="129437180" OBJECTID="175660140" OBJECTGUID="77f4d386-b643-4673-b5d8-1f3732373fec" CHANGEID="691580254" HOUSENUM="30а" HOUSETYPE="2" OPERTYPEID="10" PREVID="0" NEXTID="0" UPDATEDATE="2025-11-01" STARTDATE="2025-11-01" ENDDATE="2079-06-06" ISACTUAL="1" ISACTIVE="1" /><HOUSE ID="129437523" OBJECTID="32731760" OBJECTGUID="52c293a5-cb28-4e1b-953c-30a983ae4cf0" CHANGEID="691581865" HOUSENUM="17" HOUSETYPE="3" OPERTYPEID="30" PREVID="57242762" NEXTID="0" UPDATEDATE="2025-11-01" STARTDATE="2025-11-01" ENDDATE="2079-06-06" ISACTUAL="1" ISACTIVE="0" /><HOUSE ID="129437526" OBJECTID="164050140" OBJECTGUID="4d18bce4-d2ee-401e-81cc-d823745ee5f0" CHANGEID="691581881" HOUSENUM="17" HOUSETYPE="2" OPERTYPEID="20" PREVID="126385129" UPDATEDATE="2025-11-01" STARTDATE="2025-11-01" ENDDATE="2079-06-06" ISACTUAL="1" ISACTIVE="1" /><HOUSE ID="129438760" OBJECTID="175663670" OBJECTGUID="5f864347-8d66-4e14-b040-e3cbba7d8838" CHANGEID="691586986" HOUSENUM="3" HOUSETYPE="2" OPERTYPEID="10" PREVID="0" NEXTID="0" UPDATEDATE="2025-11-01" STARTDATE="2025-11-01" ENDDATE="2079-06-06" ISACTUAL="1" ISACTIVE="1" /><HOUSE ID="129438753" OBJECTID="162928504" OBJECTGUID="7364f29d-4028-47bc-8a6d-0ce1ab193ea7" CHANGEID="691586934" HOUSENUM="4584" HOUSETYPE="2" OPERTYPEID="30" PREVID="125985102" NEXTID="0" UPDATEDATE="2025-11-01" STARTDATE="2025-11-01" ENDDATE="2079-06-06" ISACTUAL="1" ISACTIVE="0" /><HOUSE ID="129439020" OBJECTID="175664719" OBJECTGUID="b30d7111-cdd8-46a3-be47-05530c854401" CHANGEID="691588868" HOUSENUM="48б" HOUSETYPE="2" OPERTYPEID="10" PREVID="0" NEXTID="0" UPDATEDATE="2025-11-01" STARTDATE="2025-11-01" ENDDATE="2079-06-06" ISACTUAL="1" ISACTIVE="1" /><HOUSE ID="129439029" OBJECTID="175664735" OBJECTGUID="20b9be52-09bf-45d8-9fc9-ade117b74859" CHANGEID="691588892" HOUSENUM="8Б" HOUSETYPE="2" OPERTYPEID="10" PREVID="0" NEXTID="0" UPDATEDATE="2025-11-01" STARTDATE="2025-11-01" ENDDATE="2079-06-06" ISACTUAL="1" ISACTIVE="1" /><HOUSE ID="129439054" OBJECTID="175664802" OBJECTGUID="74d1d18c-d283-4a8d-ad58-cdd80f0c7630" CHANGEID="691588999" HOUSENUM="74Б" HOUSETYPE="2" OPERTYPEID="10" PREVID="0" NEXTID="0" UPDATEDATE="2025-11-01" STARTDATE="2025-11-01" ENDDATE="2079-06-06" ISACTUAL="1" ISACTIVE="1" /><HOUSE ID="129439075" OBJECTID="175664914" OBJECTGUID="2603e198-cd5b-4488-a5dc-936b4591068c" CHANGEID="691589175" HOUSENUM="7" HOUSETYPE="2" OPERTYPEID="10" PREVID="0" NEXTID="0" UPDATEDATE="2025-11-01" STARTDATE="2025-11-01" ENDDATE="2079-06-06" ISACTUAL="1" ISACTIVE="1" /><HOUSE ID="129439051" OBJECTID="175664794" OBJECTGUID="3691534c-548d-4ad5-ae94-58076c7572a5" CHANGEID="691588977" HOUSENUM="29" HOUSETYPE="2" OPERTYPEID="10" PREVID="0" NEXTID="0" UPDATEDATE="2025-11-01" STARTDATE="2025-11-01" ENDDATE="2079-06-06" ISACTUAL="1" ISACTIVE="1" /></HOUSES>