﻿<?xml version="1.0" encoding="utf-8"?><APARTMENTS><APARTMENT ID="23546862" OBJECTID="40247676" OBJECTGUID="614863ef-2ed9-412d-ae78-840e51f32878" CHANGEID="60931373" NUMBER="10" APARTTYPE="1" OPERTYPEID="10" PREVID="0" NEXTID="112037975" UPDATEDATE="2025-10-30" STARTDATE="2019-04-02" ENDDATE="2025-10-30" ISACTUAL="0" ISACTIVE="0" /><APARTMENT ID="112033722" OBJECTID="175593629" OBJECTGUID="0dfaccff-2861-4892-b60e-53476f7f1afa" CHANGEID="691456259" NUMBER="3" APARTTYPE="2" OPERTYPEID="10" PREVID="0" NEXTID="0" UPDATEDATE="2025-10-30" STARTDATE="2025-10-30" ENDDATE="2079-06-06" ISACTUAL="1" ISACTIVE="1" /><APARTMENT ID="112033723" OBJECTID="175593630" OBJECTGUID="4409da95-a694-4cb9-9e77-15fcb56cf48c" CHANGEID="691456260" NUMBER="2" APARTTYPE="2" OPERTYPEID="10" PREVID="0" NEXTID="0" UPDATEDATE="2025-10-30" STARTDATE="2025-10-30" ENDDATE="2079-06-06" ISACTUAL="1" ISACTIVE="1" /><APARTMENT ID="112033724" OBJECTID="175593631" OBJECTGUID="e4dbce92-10b6-42e6-af40-9d6c204fc32a" CHANGEID="691456261" NUMBER="1" APARTTYPE="2" OPERTYPEID="10" PREVID="0" NEXTID="0" UPDATEDATE="2025-10-30" STARTDATE="2025-10-30" ENDDATE="2079-06-06" ISACTUAL="1" ISACTIVE="1" /><APARTMENT ID="112033725" OBJECTID="175593633" OBJECTGUID="451edd1d-2362-45d1-a6eb-14d8e36e62ea" CHANGEID="691456279" NUMBER="1" APARTTYPE="1" OPERTYPEID="10" PREVID="0" NEXTID="0" UPDATEDATE="2025-10-30" STARTDATE="2025-10-30" ENDDATE="2079-06-06" ISACTUAL="1" ISACTIVE="1" /><APARTMENT ID="112033726" OBJECTID="175593634" OBJECTGUID="87479444-ac73-4ea5-a6b8-0186e619a2de" CHANGEID="691456280" NUMBER="1" APARTTYPE="2" OPERTYPEID="10" PREVID="0" NEXTID="0" UPDATEDATE="2025-10-30" STARTDATE="2025-10-30" ENDDATE="2079-06-06" ISACTUAL="1" ISACTIVE="1" /><APARTMENT ID="112033727" OBJECTID="175593635" OBJECTGUID="4d666e1b-25bc-46da-bf97-cd91db44768f" CHANGEID="691456287" NUMBER="1" APARTTYPE="1" OPERTYPEID="10" PREVID="0" NEXTID="0" UPDATEDATE="2025-10-30" STARTDATE="2025-10-30" ENDDATE="2079-06-06" ISACTUAL="1" ISACTIVE="1" /><APARTMENT ID="112033728" OBJECTID="175593637" OBJECTGUID="24412bf6-bbd4-4f4a-80dc-efefff497654" CHANGEID="691456291" NUMBER="1" APARTTYPE="2" OPERTYPEID="10" PREVID="0" NEXTID="0" UPDATEDATE="2025-10-30" STARTDATE="2025-10-30" ENDDATE="2079-06-06" ISACTUAL="1" ISACTIVE="1" /><APARTMENT ID="112033729" OBJECTID="175593638" OBJECTGUID="a9e4c060-b9ab-48b0-aad4-f5fef9a22739" CHANGEID="691456292" NUMBER="2" APARTTYPE="2" OPERTYPEID="10" PREVID="0" NEXTID="0" UPDATEDATE="2025-10-30" STARTDATE="2025-10-30" ENDDATE="2079-06-06" ISACTUAL="1" ISACTIVE="1" /><APARTMENT ID="112033730" OBJECTID="175593639" OBJECTGUID="832584d2-3e8c-4e5c-93ec-0145fc400fc4" CHANGEID="691456293" NUMBER="3" APARTTYPE="2" OPERTYPEID="10" PREVID="0" NEXTID="0" UPDATEDATE="2025-10-30" STARTDATE="2025-10-30" ENDDATE="2079-06-06" ISACTUAL="1" ISACTIVE="1" /><APARTMENT ID="112034523" OBJECTID="175596126" OBJECTGUID="fc32a50b-b106-49f8-b5a7-cbd07556a51b" CHANGEID="691460760" NUMBER="6" APARTTYPE="2" OPERTYPEID="10" PREVID="0" NEXTID="0" UPDATEDATE="2025-10-30" STARTDATE="2025-10-30" ENDDATE="2079-06-06" ISACTUAL="1" ISACTIVE="1" /><APARTMENT ID="112034573" OBJECTID="11631026" OBJECTGUID="9fc09b14-3582-4cd1-b3ab-936d8233d75b" CHANGEID="691460934" NUMBER="12" APARTTYPE="2" OPERTYPEID="20" PREVID="6208185" UPDATEDATE="2025-10-30" STARTDATE="2025-10-30" ENDDATE="2079-06-06" ISACTUAL="1" ISACTIVE="1" /><APARTMENT ID="6208185" OBJECTID="11631026" OBJECTGUID="9fc09b14-3582-4cd1-b3ab-936d8233d75b" CHANGEID="18891045" NUMBER="12" APARTTYPE="1" OPERTYPEID="10" PREVID="0" NEXTID="112034573" UPDATEDATE="2025-10-30" STARTDATE="2019-03-07" ENDDATE="2025-10-30" ISACTUAL="0" ISACTIVE="0" /><APARTMENT ID="112034584" OBJECTID="175596226" OBJECTGUID="f7d3a8b6-8cf4-44b9-a9b1-ea60ec76f38f" CHANGEID="691460961" NUMBER="3" APARTTYPE="2" OPERTYPEID="10" PREVID="0" NEXTID="0" UPDATEDATE="2025-10-30" STARTDATE="2025-10-30" ENDDATE="2079-06-06" ISACTUAL="1" ISACTIVE="1" /><APARTMENT ID="112034590" OBJECTID="58845050" OBJECTGUID="bff5cc98-03dd-40d2-bbf8-ab7d13642249" CHANGEID="691461145" NUMBER="40" APARTTYPE="2" OPERTYPEID="20" PREVID="35031694" UPDATEDATE="2025-10-30" STARTDATE="2025-10-30" ENDDATE="2079-06-06" ISACTUAL="1" ISACTIVE="1" /><APARTMENT ID="35031694" OBJECTID="58845050" OBJECTGUID="bff5cc98-03dd-40d2-bbf8-ab7d13642249" CHANGEID="87939746" NUMBER="40" APARTTYPE="1" OPERTYPEID="10" PREVID="0" NEXTID="112034590" UPDATEDATE="2025-10-30" STARTDATE="2019-03-07" ENDDATE="2025-10-30" ISACTUAL="0" ISACTIVE="0" /><APARTMENT ID="112034524" OBJECTID="175596145" OBJECTGUID="866da0ac-f0b6-4aff-a36c-8a45f45863c2" CHANGEID="691460781" NUMBER="3" APARTTYPE="2" OPERTYPEID="10" PREVID="0" NEXTID="0" UPDATEDATE="2025-10-30" STARTDATE="2025-10-30" ENDDATE="2079-06-06" ISACTUAL="1" ISACTIVE="1" /><APARTMENT ID="112034558" OBJECTID="175596195" OBJECTGUID="11edf561-35a0-4be1-9095-39435554a3a1" CHANGEID="691460896" NUMBER="32" APARTTYPE="2" OPERTYPEID="10" PREVID="0" NEXTID="0" UPDATEDATE="2025-10-30" STARTDATE="2025-10-30" ENDDATE="2079-06-06" ISACTUAL="1" ISACTIVE="1" /><APARTMENT ID="112034572" OBJECTID="61759706" OBJECTGUID="1bb34330-7d2f-4720-ab49-0dc4404369ed" CHANGEID="691460929" NUMBER="39" APARTTYPE="2" OPERTYPEID="20" PREVID="36776355" UPDATEDATE="2025-10-30" STARTDATE="2025-10-30" ENDDATE="2079-06-06" ISACTUAL="1" ISACTIVE="1" /><APARTMENT ID="36776355" OBJECTID="61759706" OBJECTGUID="1bb34330-7d2f-4720-ab49-0dc4404369ed" CHANGEID="92225848" NUMBER="39" APARTTYPE="1" OPERTYPEID="10" PREVID="0" NEXTID="112034572" UPDATEDATE="2025-10-30" STARTDATE="2019-03-07" ENDDATE="2025-10-30" ISACTUAL="0" ISACTIVE="0" /><APARTMENT ID="112034587" OBJECTID="73204895" OBJECTGUID="c1d4ba03-3517-413a-abe2-d1a56cf624e3" CHANGEID="691461132" NUMBER="38" APARTTYPE="2" OPERTYPEID="20" PREVID="43700666" UPDATEDATE="2025-10-30" STARTDATE="2025-10-30" ENDDATE="2079-06-06" ISACTUAL="1" ISACTIVE="1" /><APARTMENT ID="43700666" OBJECTID="73204895" OBJECTGUID="c1d4ba03-3517-413a-abe2-d1a56cf624e3" CHANGEID="108998589" NUMBER="38" APARTTYPE="1" OPERTYPEID="10" PREVID="0" NEXTID="112034587" UPDATEDATE="2025-10-30" STARTDATE="2019-03-07" ENDDATE="2025-10-30" ISACTUAL="0" ISACTIVE="0" /><APARTMENT ID="112035702" OBJECTID="38968283" OBJECTGUID="2650747f-cfe8-41ae-ab9b-6de2e275e8f3" CHANGEID="691469957" NUMBER="1" APARTTYPE="2" OPERTYPEID="20" PREVID="22747749" UPDATEDATE="2025-10-30" STARTDATE="2025-10-30" ENDDATE="2079-06-06" ISACTUAL="1" ISACTIVE="1" /><APARTMENT ID="22747749" OBJECTID="38968283" OBJECTGUID="2650747f-cfe8-41ae-ab9b-6de2e275e8f3" CHANGEID="59061970" NUMBER="1" APARTTYPE="1" OPERTYPEID="10" PREVID="0" NEXTID="112035702" UPDATEDATE="2025-10-30" STARTDATE="2019-04-02" ENDDATE="2025-10-30" ISACTUAL="0" ISACTIVE="0" /><APARTMENT ID="112037458" OBJECTID="175608814" OBJECTGUID="13d1cb31-31b4-45fa-8134-12e545f9dd5b" CHANGEID="691481715" NUMBER="26" APARTTYPE="1" OPERTYPEID="10" PREVID="0" NEXTID="0" UPDATEDATE="2025-10-30" STARTDATE="2025-10-30" ENDDATE="2079-06-06" ISACTUAL="1" ISACTIVE="1" /><APARTMENT ID="112037462" OBJECTID="34766920" OBJECTGUID="2bc5600c-8515-4a3c-95ef-cdeb91eaf403" CHANGEID="691481729" NUMBER="66" APARTTYPE="2" OPERTYPEID="20" PREVID="20207552" UPDATEDATE="2025-10-30" STARTDATE="2025-10-30" ENDDATE="2079-06-06" ISACTUAL="1" ISACTIVE="1" /><APARTMENT ID="20207552" OBJECTID="34766920" OBJECTGUID="2bc5600c-8515-4a3c-95ef-cdeb91eaf403" CHANGEID="52903346" NUMBER="66" APARTTYPE="1" OPERTYPEID="10" PREVID="0" NEXTID="112037462" UPDATEDATE="2025-10-30" STARTDATE="2019-04-02" ENDDATE="2025-10-30" ISACTUAL="0" ISACTIVE="0" /><APARTMENT ID="112037975" OBJECTID="40247676" OBJECTGUID="614863ef-2ed9-412d-ae78-840e51f32878" CHANGEID="691487575" NUMBER="10" APARTTYPE="2" OPERTYPEID="20" PREVID="23546862" UPDATEDATE="2025-10-30" STARTDATE="2025-10-30" ENDDATE="2079-06-06" ISACTUAL="1" ISACTIVE="1" /><APARTMENT ID="112041955" OBJECTID="175620389" OBJECTGUID="2ea4d62f-2cca-46d2-84f1-b04393c223f3" CHANGEID="691501423" NUMBER="3" APARTTYPE="2" OPERTYPEID="10" PREVID="0" NEXTID="0" UPDATEDATE="2025-10-31" STARTDATE="2025-10-31" ENDDATE="2079-06-06" ISACTUAL="1" ISACTIVE="1" /><APARTMENT ID="112041956" OBJECTID="175620395" OBJECTGUID="e32fabcc-4479-4a7f-bb57-bd728d900904" CHANGEID="691501429" NUMBER="2" APARTTYPE="2" OPERTYPEID="10" PREVID="0" NEXTID="0" UPDATEDATE="2025-10-31" STARTDATE="2025-10-31" ENDDATE="2079-06-06" ISACTUAL="1" ISACTIVE="1" /><APARTMENT ID="112041957" OBJECTID="175620396" OBJECTGUID="933bc7e4-e826-4a33-88ab-c43444870f32" CHANGEID="691501430" NUMBER="1" APARTTYPE="2" OPERTYPEID="10" PREVID="0" NEXTID="0" UPDATEDATE="2025-10-31" STARTDATE="2025-10-31" ENDDATE="2079-06-06" ISACTUAL="1" ISACTIVE="1" /><APARTMENT ID="112041958" OBJECTID="175620400" OBJECTGUID="8e13bebb-3c64-421a-bb20-db4f2de01458" CHANGEID="691501434" NUMBER="2" APARTTYPE="2" OPERTYPEID="10" PREVID="0" NEXTID="0" UPDATEDATE="2025-10-31" STARTDATE="2025-10-31" ENDDATE="2079-06-06" ISACTUAL="1" ISACTIVE="1" /><APARTMENT ID="112041959" OBJECTID="175620401" OBJECTGUID="960912e0-8e20-42fd-93ca-3e49c79d8744" CHANGEID="691501435" NUMBER="1" APARTTYPE="2" OPERTYPEID="10" PREVID="0" NEXTID="0" UPDATEDATE="2025-10-31" STARTDATE="2025-10-31" ENDDATE="2079-06-06" ISACTUAL="1" ISACTIVE="1" /><APARTMENT ID="112041964" OBJECTID="175620414" OBJECTGUID="7d528096-4e9d-42e7-8165-68b1832e8c1b" CHANGEID="691501448" NUMBER="4" APARTTYPE="2" OPERTYPEID="10" PREVID="0" NEXTID="0" UPDATEDATE="2025-10-31" STARTDATE="2025-10-31" ENDDATE="2079-06-06" ISACTUAL="1" ISACTIVE="1" /><APARTMENT ID="112041965" OBJECTID="175620415" OBJECTGUID="431fe87c-0376-43f6-af00-6a66baafc52f" CHANGEID="691501449" NUMBER="1" APARTTYPE="2" OPERTYPEID="10" PREVID="0" NEXTID="0" UPDATEDATE="2025-10-31" STARTDATE="2025-10-31" ENDDATE="2079-06-06" ISACTUAL="1" ISACTIVE="1" /><APARTMENT ID="112041966" OBJECTID="175620416" OBJECTGUID="ad30d375-f783-411b-867d-0df21f05e241" CHANGEID="691501450" NUMBER="2" APARTTYPE="2" OPERTYPEID="10" PREVID="0" NEXTID="0" UPDATEDATE="2025-10-31" STARTDATE="2025-10-31" ENDDATE="2079-06-06" ISACTUAL="1" ISACTIVE="1" /><APARTMENT ID="112041967" OBJECTID="175620417" OBJECTGUID="9e1f91af-4d8e-4116-b225-8da84015007b" CHANGEID="691501451" NUMBER="3" APARTTYPE="2" OPERTYPEID="10" PREVID="0" NEXTID="0" UPDATEDATE="2025-10-31" STARTDATE="2025-10-31" ENDDATE="2079-06-06" ISACTUAL="1" ISACTIVE="1" /><APARTMENT ID="112041969" OBJECTID="175620419" OBJECTGUID="77b024b0-71b1-4ad8-8076-303eb4108e6e" CHANGEID="691501453" NUMBER="2" APARTTYPE="2" OPERTYPEID="10" PREVID="0" NEXTID="0" UPDATEDATE="2025-10-31" STARTDATE="2025-10-31" ENDDATE="2079-06-06" ISACTUAL="1" ISACTIVE="1" /><APARTMENT ID="112041927" OBJECTID="175620293" OBJECTGUID="7f4c1e95-5a92-4b67-82ef-ccbe7cbe46be" CHANGEID="691501295" NUMBER="10" APARTTYPE="2" OPERTYPEID="10" PREVID="0" NEXTID="0" UPDATEDATE="2025-10-31" STARTDATE="2025-10-31" ENDDATE="2079-06-06" ISACTUAL="1" ISACTIVE="1" /><APARTMENT ID="112041928" OBJECTID="175620294" OBJECTGUID="d801020f-98aa-4fc4-a943-6a404ce8e71f" CHANGEID="691501296" NUMBER="7" APARTTYPE="2" OPERTYPEID="10" PREVID="0" NEXTID="0" UPDATEDATE="2025-10-31" STARTDATE="2025-10-31" ENDDATE="2079-06-06" ISACTUAL="1" ISACTIVE="1" /><APARTMENT ID="112041929" OBJECTID="175620295" OBJECTGUID="5b1029bf-4d95-46db-9eac-121d454fc096" CHANGEID="691501297" NUMBER="5" APARTTYPE="2" OPERTYPEID="10" PREVID="0" NEXTID="0" UPDATEDATE="2025-10-31" STARTDATE="2025-10-31" ENDDATE="2079-06-06" ISACTUAL="1" ISACTIVE="1" /><APARTMENT ID="112041930" OBJECTID="175620296" OBJECTGUID="027041e4-be17-4a74-b9cd-43da7b224acc" CHANGEID="691501298" NUMBER="11" APARTTYPE="2" OPERTYPEID="10" PREVID="0" NEXTID="0" UPDATEDATE="2025-10-31" STARTDATE="2025-10-31" ENDDATE="2079-06-06" ISACTUAL="1" ISACTIVE="1" /><APARTMENT ID="112041931" OBJECTID="175620297" OBJECTGUID="2f2ddfdd-6975-42ca-adbe-3eb2fa2c3c64" CHANGEID="691501299" NUMBER="8" APARTTYPE="2" OPERTYPEID="10" PREVID="0" NEXTID="0" UPDATEDATE="2025-10-31" STARTDATE="2025-10-31" ENDDATE="2079-06-06" ISACTUAL="1" ISACTIVE="1" /><APARTMENT ID="112041932" OBJECTID="175620298" OBJECTGUID="262001e4-9498-4e98-bec8-9f915b97d543" CHANGEID="691501300" NUMBER="3" APARTTYPE="2" OPERTYPEID="10" PREVID="0" NEXTID="0" UPDATEDATE="2025-10-31" STARTDATE="2025-10-31" ENDDATE="2079-06-06" ISACTUAL="1" ISACTIVE="1" /><APARTMENT ID="112041933" OBJECTID="175620299" OBJECTGUID="79683c38-08b9-4d16-aa7c-95515e52b5dd" CHANGEID="691501301" NUMBER="2" APARTTYPE="2" OPERTYPEID="10" PREVID="0" NEXTID="0" UPDATEDATE="2025-10-31" STARTDATE="2025-10-31" ENDDATE="2079-06-06" ISACTUAL="1" ISACTIVE="1" /><APARTMENT ID="112041934" OBJECTID="175620303" OBJECTGUID="f281e94d-49c9-464c-b918-4e2bfd4a948f" CHANGEID="691501305" NUMBER="4" APARTTYPE="2" OPERTYPEID="10" PREVID="0" NEXTID="0" UPDATEDATE="2025-10-31" STARTDATE="2025-10-31" ENDDATE="2079-06-06" ISACTUAL="1" ISACTIVE="1" /><APARTMENT ID="112041935" OBJECTID="175620304" OBJECTGUID="11c5aa51-5b0f-4972-a02a-058c6b51e3a4" CHANGEID="691501306" NUMBER="2" APARTTYPE="2" OPERTYPEID="10" PREVID="0" NEXTID="0" UPDATEDATE="2025-10-31" STARTDATE="2025-10-31" ENDDATE="2079-06-06" ISACTUAL="1" ISACTIVE="1" /><APARTMENT ID="112041936" OBJECTID="175620305" OBJECTGUID="e57454be-6ff5-4291-bb6a-db4b716c24f4" CHANGEID="691501307" NUMBER="8" APARTTYPE="2" OPERTYPEID="10" PREVID="0" NEXTID="0" UPDATEDATE="2025-10-31" STARTDATE="2025-10-31" ENDDATE="2079-06-06" ISACTUAL="1" ISACTIVE="1" /><APARTMENT ID="112041940" OBJECTID="175620312" OBJECTGUID="e2b08397-3bed-453d-ad8d-a8c7a668931d" CHANGEID="691501317" NUMBER="1" APARTTYPE="2" OPERTYPEID="10" PREVID="0" NEXTID="0" UPDATEDATE="2025-10-31" STARTDATE="2025-10-31" ENDDATE="2079-06-06" ISACTUAL="1" ISACTIVE="1" /><APARTMENT ID="112041960" OBJECTID="175620404" OBJECTGUID="691de337-c6d0-45d9-b1b5-b42154991506" CHANGEID="691501438" NUMBER="1" APARTTYPE="2" OPERTYPEID="10" PREVID="0" NEXTID="0" UPDATEDATE="2025-10-31" STARTDATE="2025-10-31" ENDDATE="2079-06-06" ISACTUAL="1" ISACTIVE="1" /><APARTMENT ID="112041961" OBJECTID="175620410" OBJECTGUID="996059f3-5f96-4883-978b-10f8933e9e4c" CHANGEID="691501444" NUMBER="1" APARTTYPE="2" OPERTYPEID="10" PREVID="0" NEXTID="0" UPDATEDATE="2025-10-31" STARTDATE="2025-10-31" ENDDATE="2079-06-06" ISACTUAL="1" ISACTIVE="1" /><APARTMENT ID="112041962" OBJECTID="175620411" OBJECTGUID="c5c4b310-dbdc-4fb3-bd6a-461f295cf2b0" CHANGEID="691501445" NUMBER="2" APARTTYPE="2" OPERTYPEID="10" PREVID="0" NEXTID="0" UPDATEDATE="2025-10-31" STARTDATE="2025-10-31" ENDDATE="2079-06-06" ISACTUAL="1" ISACTIVE="1" /><APARTMENT ID="112041963" OBJECTID="175620413" OBJECTGUID="b4549a3f-5a4d-421c-9569-6b89bc065bb7" CHANGEID="691501447" NUMBER="3" APARTTYPE="2" OPERTYPEID="10" PREVID="0" NEXTID="0" UPDATEDATE="2025-10-31" STARTDATE="2025-10-31" ENDDATE="2079-06-06" ISACTUAL="1" ISACTIVE="1" /><APARTMENT ID="112041968" OBJECTID="175620418" OBJECTGUID="072c89a0-fa6a-4b31-a0f8-851e5c91dd0e" CHANGEID="691501452" NUMBER="3" APARTTYPE="2" OPERTYPEID="10" PREVID="0" NEXTID="0" UPDATEDATE="2025-10-31" STARTDATE="2025-10-31" ENDDATE="2079-06-06" ISACTUAL="1" ISACTIVE="1" /><APARTMENT ID="112042391" OBJECTID="175621548" OBJECTGUID="73998bf9-9e80-4d5c-8e4f-ea333b913ae5" CHANGEID="691503378" NUMBER="19" APARTTYPE="4" OPERTYPEID="10" PREVID="0" NEXTID="0" UPDATEDATE="2025-10-31" STARTDATE="2025-10-31" ENDDATE="2079-06-06" ISACTUAL="1" ISACTIVE="1" /><APARTMENT ID="112042392" OBJECTID="175621551" OBJECTGUID="8befd039-255d-4dea-a7ca-a216bb523bab" CHANGEID="691503382" NUMBER="18" APARTTYPE="4" OPERTYPEID="10" PREVID="0" NEXTID="0" UPDATEDATE="2025-10-31" STARTDATE="2025-10-31" ENDDATE="2079-06-06" ISACTUAL="1" ISACTIVE="1" /><APARTMENT ID="112042397" OBJECTID="175621567" OBJECTGUID="65a7c4fe-bb63-4f63-be4a-aa4eb66e9c94" CHANGEID="691503412" NUMBER="1" APARTTYPE="2" OPERTYPEID="10" PREVID="0" NEXTID="0" UPDATEDATE="2025-10-31" STARTDATE="2025-10-31" ENDDATE="2079-06-06" ISACTUAL="1" ISACTIVE="1" /><APARTMENT ID="112042393" OBJECTID="175621552" OBJECTGUID="bd9653af-11e5-4e74-9aa8-b00bde91b13e" CHANGEID="691503383" NUMBER="31" APARTTYPE="4" OPERTYPEID="10" PREVID="0" NEXTID="0" UPDATEDATE="2025-10-31" STARTDATE="2025-10-31" ENDDATE="2079-06-06" ISACTUAL="1" ISACTIVE="1" /><APARTMENT ID="112042394" OBJECTID="175621564" OBJECTGUID="705df621-791e-4a9b-9ad3-c6c253fe6e72" CHANGEID="691503407" NUMBER="1" APARTTYPE="2" OPERTYPEID="10" PREVID="0" NEXTID="0" UPDATEDATE="2025-10-31" STARTDATE="2025-10-31" ENDDATE="2079-06-06" ISACTUAL="1" ISACTIVE="1" /><APARTMENT ID="112042395" OBJECTID="175621565" OBJECTGUID="f4a1fe15-7cc5-4268-91b3-414e1c91e1b4" CHANGEID="691503409" NUMBER="2" APARTTYPE="2" OPERTYPEID="10" PREVID="0" NEXTID="0" UPDATEDATE="2025-10-31" STARTDATE="2025-10-31" ENDDATE="2079-06-06" ISACTUAL="1" ISACTIVE="1" /><APARTMENT ID="112042396" OBJECTID="175621566" OBJECTGUID="021793c2-73ab-4bb7-87d1-ba6562691fd5" CHANGEID="691503411" NUMBER="1" APARTTYPE="2" OPERTYPEID="10" PREVID="0" NEXTID="0" UPDATEDATE="2025-10-31" STARTDATE="2025-10-31" ENDDATE="2079-06-06" ISACTUAL="1" ISACTIVE="1" /><APARTMENT ID="112042398" OBJECTID="175621568" OBJECTGUID="f3bb5ce0-c478-4eba-a722-eb5407df52f9" CHANGEID="691503413" NUMBER="1" APARTTYPE="2" OPERTYPEID="10" PREVID="0" NEXTID="0" UPDATEDATE="2025-10-31" STARTDATE="2025-10-31" ENDDATE="2079-06-06" ISACTUAL="1" ISACTIVE="1" /><APARTMENT ID="112042399" OBJECTID="175621574" OBJECTGUID="3f7a1545-c7c3-4fcb-add2-4ad63425da12" CHANGEID="691503419" NUMBER="3" APARTTYPE="2" OPERTYPEID="10" PREVID="0" NEXTID="0" UPDATEDATE="2025-10-31" STARTDATE="2025-10-31" ENDDATE="2079-06-06" ISACTUAL="1" ISACTIVE="1" /><APARTMENT ID="112042400" OBJECTID="175621576" OBJECTGUID="9b27371f-a273-40ca-a757-e132b1d329f5" CHANGEID="691503421" NUMBER="1" APARTTYPE="2" OPERTYPEID="10" PREVID="0" NEXTID="0" UPDATEDATE="2025-10-31" STARTDATE="2025-10-31" ENDDATE="2079-06-06" ISACTUAL="1" ISACTIVE="1" /><APARTMENT ID="112042401" OBJECTID="175621577" OBJECTGUID="1bbcd45b-be2a-4423-8e73-884041655d76" CHANGEID="691503422" NUMBER="2" APARTTYPE="2" OPERTYPEID="10" PREVID="0" NEXTID="0" UPDATEDATE="2025-10-31" STARTDATE="2025-10-31" ENDDATE="2079-06-06" ISACTUAL="1" ISACTIVE="1" /><APARTMENT ID="112042405" OBJECTID="175621584" OBJECTGUID="4d66d2da-d686-487a-abc0-d60a557c980c" CHANGEID="691503430" NUMBER="2" APARTTYPE="2" OPERTYPEID="10" PREVID="0" NEXTID="0" UPDATEDATE="2025-10-31" STARTDATE="2025-10-31" ENDDATE="2079-06-06" ISACTUAL="1" ISACTIVE="1" /><APARTMENT ID="112042406" OBJECTID="175621585" OBJECTGUID="959b1123-a8d4-43bc-a82c-3b18d70c879e" CHANGEID="691503431" NUMBER="4" APARTTYPE="2" OPERTYPEID="10" PREVID="0" NEXTID="0" UPDATEDATE="2025-10-31" STARTDATE="2025-10-31" ENDDATE="2079-06-06" ISACTUAL="1" ISACTIVE="1" /><APARTMENT ID="112042407" OBJECTID="175621586" OBJECTGUID="bfb4dead-5ce5-44d8-93b8-06638197158b" CHANGEID="691503432" NUMBER="1" APARTTYPE="2" OPERTYPEID="10" PREVID="0" NEXTID="0" UPDATEDATE="2025-10-31" STARTDATE="2025-10-31" ENDDATE="2079-06-06" ISACTUAL="1" ISACTIVE="1" /><APARTMENT ID="112042408" OBJECTID="175621593" OBJECTGUID="af58e64d-8894-4bb3-a220-dd308b49554b" CHANGEID="691503440" NUMBER="4" APARTTYPE="2" OPERTYPEID="10" PREVID="0" NEXTID="0" UPDATEDATE="2025-10-31" STARTDATE="2025-10-31" ENDDATE="2079-06-06" ISACTUAL="1" ISACTIVE="1" /><APARTMENT ID="112042409" OBJECTID="175621594" OBJECTGUID="471fed1e-f052-4a4f-a4e0-7c9188d907dd" CHANGEID="691503441" NUMBER="1" APARTTYPE="2" OPERTYPEID="10" PREVID="0" NEXTID="0" UPDATEDATE="2025-10-31" STARTDATE="2025-10-31" ENDDATE="2079-06-06" ISACTUAL="1" ISACTIVE="1" /><APARTMENT ID="112042706" OBJECTID="175624530" OBJECTGUID="94e5a382-8795-4eb8-8472-3a0c655c9f3c" CHANGEID="691508597" NUMBER="1" APARTTYPE="2" OPERTYPEID="10" PREVID="0" NEXTID="0" UPDATEDATE="2025-10-31" STARTDATE="2025-10-31" ENDDATE="2079-06-06" ISACTUAL="1" ISACTIVE="1" /><APARTMENT ID="112042707" OBJECTID="175624532" OBJECTGUID="70713c5c-7f13-43c1-a473-def287cb73df" CHANGEID="691508600" NUMBER="4" APARTTYPE="2" OPERTYPEID="10" PREVID="0" NEXTID="0" UPDATEDATE="2025-10-31" STARTDATE="2025-10-31" ENDDATE="2079-06-06" ISACTUAL="1" ISACTIVE="1" /><APARTMENT ID="112042708" OBJECTID="175624533" OBJECTGUID="bfa04c7c-bddc-4283-a4a6-9aaaab6e0dd4" CHANGEID="691508601" NUMBER="2" APARTTYPE="2" OPERTYPEID="10" PREVID="0" NEXTID="0" UPDATEDATE="2025-10-31" STARTDATE="2025-10-31" ENDDATE="2079-06-06" ISACTUAL="1" ISACTIVE="1" /><APARTMENT ID="112042709" OBJECTID="175624535" OBJECTGUID="f541a670-f2cc-4789-9362-495cd66c6d9f" CHANGEID="691508604" NUMBER="1" APARTTYPE="2" OPERTYPEID="10" PREVID="0" NEXTID="0" UPDATEDATE="2025-10-31" STARTDATE="2025-10-31" ENDDATE="2079-06-06" ISACTUAL="1" ISACTIVE="1" /><APARTMENT ID="112051684" OBJECTID="5246589" OBJECTGUID="d6327e87-7059-4f12-b2d3-e73a6a45680a" CHANGEID="691563196" NUMBER="90" APARTTYPE="2" OPERTYPEID="20" PREVID="2334018" UPDATEDATE="2025-11-01" STARTDATE="2025-11-01" ENDDATE="2079-06-06" ISACTUAL="1" ISACTIVE="1" /><APARTMENT ID="2334018" OBJECTID="5246589" OBJECTGUID="d6327e87-7059-4f12-b2d3-e73a6a45680a" CHANGEID="9557862" NUMBER="90" APARTTYPE="1" OPERTYPEID="10" PREVID="0" NEXTID="112051684" UPDATEDATE="2025-11-01" STARTDATE="2019-04-02" ENDDATE="2025-11-01" ISACTUAL="0" ISACTIVE="0" /><APARTMENT ID="112051689" OBJECTID="65454989" OBJECTGUID="4a45e766-fdda-4dad-b9b4-f7759832ccd8" CHANGEID="691563360" NUMBER="98" APARTTYPE="2" OPERTYPEID="20" PREVID="38990952" UPDATEDATE="2025-11-01" STARTDATE="2025-11-01" ENDDATE="2079-06-06" ISACTUAL="1" ISACTIVE="1" /><APARTMENT ID="38990952" OBJECTID="65454989" OBJECTGUID="4a45e766-fdda-4dad-b9b4-f7759832ccd8" CHANGEID="97636767" NUMBER="98" APARTTYPE="1" OPERTYPEID="10" PREVID="0" NEXTID="112051689" UPDATEDATE="2025-11-01" STARTDATE="2019-04-02" ENDDATE="2025-11-01" ISACTUAL="0" ISACTIVE="0" /><APARTMENT ID="112057917" OBJECTID="175665824" OBJECTGUID="57243c57-e549-43ef-b017-f7d7e8e8aa0d" CHANGEID="691590522" NUMBER="2Н" APARTTYPE="1" OPERTYPEID="10" PREVID="0" NEXTID="0" UPDATEDATE="2025-11-01" STARTDATE="2025-11-01" ENDDATE="2079-06-06" ISACTUAL="1" ISACTIVE="1" /></APARTMENTS>