﻿<?xml version="1.0" encoding="utf-8"?><ADDRESSOBJECTS><OBJECT ID="52212605" OBJECTID="175592586" OBJECTGUID="1dd7ba2d-f519-4cfd-bbca-7c9fa886073a" CHANGEID="691454910" NAME="Промземли Павловка-10" TYPENAME="тер." LEVEL="7" OPERTYPEID="10" PREVID="0" NEXTID="0" UPDATEDATE="2025-10-30" STARTDATE="2025-10-30" ENDDATE="2079-06-06" ISACTUAL="1" ISACTIVE="1" /><OBJECT ID="52212622" OBJECTID="175596866" OBJECTGUID="e93162e5-d67a-4280-a4f5-903b4c8c4f9d" CHANGEID="691462948" NAME="Гаражный комплекс №1 (Новгородская)" TYPENAME="тер." LEVEL="7" OPERTYPEID="10" PREVID="0" NEXTID="0" UPDATEDATE="2025-10-30" STARTDATE="2025-10-30" ENDDATE="2079-06-06" ISACTUAL="1" ISACTIVE="1" /><OBJECT ID="52212624" OBJECTID="175596979" OBJECTGUID="249db0d5-f6cc-4c57-bdeb-df2327f15448" CHANGEID="691463204" NAME="Гаражный комплекс (Юбилейная)" TYPENAME="тер." LEVEL="7" OPERTYPEID="10" PREVID="0" NEXTID="0" UPDATEDATE="2025-10-30" STARTDATE="2025-10-30" ENDDATE="2079-06-06" ISACTUAL="1" ISACTIVE="1" /><OBJECT ID="52212627" OBJECTID="175598323" OBJECTGUID="8247bd1a-76bd-445a-b757-9ad3cbb8f512" CHANGEID="691465203" NAME="Гаражный комплекс №6 (Новгородская)" TYPENAME="тер." LEVEL="7" OPERTYPEID="10" PREVID="0" NEXTID="0" UPDATEDATE="2025-10-30" STARTDATE="2025-10-30" ENDDATE="2079-06-06" ISACTUAL="1" ISACTIVE="1" /><OBJECT ID="52212628" OBJECTID="175598328" OBJECTGUID="aec54307-5ef3-4f90-8036-e00f76d76383" CHANGEID="691465219" NAME="Гаражный комплекс №7 (Псковская)" TYPENAME="тер." LEVEL="7" OPERTYPEID="10" PREVID="0" NEXTID="0" UPDATEDATE="2025-10-30" STARTDATE="2025-10-30" ENDDATE="2079-06-06" ISACTUAL="1" ISACTIVE="1" /><OBJECT ID="52212629" OBJECTID="175598331" OBJECTGUID="e1dc57f4-91b4-4025-a492-bc04282029d8" CHANGEID="691465225" NAME="Гаражный комплекс №8 (Ленина)" TYPENAME="тер." LEVEL="7" OPERTYPEID="10" PREVID="0" NEXTID="0" UPDATEDATE="2025-10-30" STARTDATE="2025-10-30" ENDDATE="2079-06-06" ISACTUAL="1" ISACTIVE="1" /><OBJECT ID="52212631" OBJECTID="175598342" OBJECTGUID="ab7c453d-8c99-4a79-9983-46d49cf62b03" CHANGEID="691465259" NAME="Гаражный комплекс №3 (Полковая)" TYPENAME="тер." LEVEL="7" OPERTYPEID="10" PREVID="0" NEXTID="0" UPDATEDATE="2025-10-30" STARTDATE="2025-10-30" ENDDATE="2079-06-06" ISACTUAL="1" ISACTIVE="1" /><OBJECT ID="52212630" OBJECTID="175598336" OBJECTGUID="9402e031-2a31-4bc7-84f0-0b3f68480188" CHANGEID="691465248" NAME="Гаражный комплекс №2 (Полковая)" TYPENAME="тер." LEVEL="7" OPERTYPEID="10" PREVID="0" NEXTID="0" UPDATEDATE="2025-10-30" STARTDATE="2025-10-30" ENDDATE="2079-06-06" ISACTUAL="1" ISACTIVE="1" /><OBJECT ID="52212667" OBJECTID="175606449" OBJECTGUID="8502def0-b049-4a9e-9f04-d66e06c95574" CHANGEID="691477918" NAME="СХ Семёновщинская" TYPENAME="тер." LEVEL="7" OPERTYPEID="10" PREVID="0" NEXTID="0" UPDATEDATE="2025-10-30" STARTDATE="2025-10-30" ENDDATE="2079-06-06" ISACTUAL="1" ISACTIVE="1" /><OBJECT ID="52212664" OBJECTID="175606342" OBJECTGUID="399b3b14-281a-43bf-b552-38479e3d2fbc" CHANGEID="691477720" NAME="Автодорожная (Едрово)" TYPENAME="тер." LEVEL="7" OPERTYPEID="10" PREVID="0" NEXTID="0" UPDATEDATE="2025-10-30" STARTDATE="2025-10-30" ENDDATE="2079-06-06" ISACTUAL="1" ISACTIVE="1" /><OBJECT ID="52212752" OBJECTID="175623632" OBJECTGUID="9025e986-c23e-4caf-b76c-edb358b94614" CHANGEID="691506808" NAME="Автомобильная Железковская" TYPENAME="тер." LEVEL="7" OPERTYPEID="10" PREVID="0" NEXTID="0" UPDATEDATE="2025-10-31" STARTDATE="2025-10-31" ENDDATE="2079-06-06" ISACTUAL="1" ISACTIVE="1" /><OBJECT ID="52212550" OBJECTID="175589125" OBJECTGUID="9b2bc2f5-fef4-439c-80db-9144a74575a6" CHANGEID="691448937" NAME="Железнодорожная Тёсово-Нетыльская" TYPENAME="тер." LEVEL="7" OPERTYPEID="10" PREVID="0" NEXTID="0" UPDATEDATE="2025-10-30" STARTDATE="2025-10-30" ENDDATE="2079-06-06" ISACTUAL="1" ISACTIVE="1" /><OBJECT ID="52212993" OBJECTID="175657214" OBJECTGUID="fe51ee5d-5c86-448d-b1e5-44067775760e" CHANGEID="691575472" NAME="Владимирский" TYPENAME="пер." LEVEL="8" OPERTYPEID="10" PREVID="0" NEXTID="0" UPDATEDATE="2025-11-01" STARTDATE="2025-11-01" ENDDATE="2079-06-06" ISACTUAL="1" ISACTIVE="1" /></ADDRESSOBJECTS>