﻿<?xml version="1.0" encoding="utf-8"?><APARTMENTS><APARTMENT ID="3679944" OBJECTID="7471232" OBJECTGUID="d0d4180b-3226-4b88-9709-976d091cc6c2" CHANGEID="12801051" NUMBER="1" APARTTYPE="2" OPERTYPEID="10" PREVID="0" NEXTID="112046987" UPDATEDATE="2025-10-31" STARTDATE="2016-10-17" ENDDATE="2025-10-31" ISACTUAL="0" ISACTIVE="0" /><APARTMENT ID="26451306" OBJECTID="44906434" OBJECTGUID="9f62809d-c35e-4261-b010-481d4f6ab81a" CHANGEID="67679208" NUMBER="85" APARTTYPE="4" OPERTYPEID="10" PREVID="0" NEXTID="112044128" UPDATEDATE="2025-10-31" STARTDATE="1900-01-01" ENDDATE="2025-10-31" ISACTUAL="0" ISACTIVE="0" /><APARTMENT ID="112032878" OBJECTID="175590707" OBJECTGUID="fa90a307-388c-4f52-9ed3-92621b13a29e" CHANGEID="691452057" NUMBER="5Н" APARTTYPE="1" OPERTYPEID="10" PREVID="0" NEXTID="0" UPDATEDATE="2025-10-30" STARTDATE="2025-10-30" ENDDATE="2079-06-06" ISACTUAL="1" ISACTIVE="1" /><APARTMENT ID="112032879" OBJECTID="175590708" OBJECTGUID="3afa3715-97b7-4705-ba86-b1ba687afc99" CHANGEID="691452058" NUMBER="4Н" APARTTYPE="1" OPERTYPEID="10" PREVID="0" NEXTID="0" UPDATEDATE="2025-10-30" STARTDATE="2025-10-30" ENDDATE="2079-06-06" ISACTUAL="1" ISACTIVE="1" /><APARTMENT ID="112032880" OBJECTID="175590709" OBJECTGUID="e88e8d45-0369-404f-ba14-92d28bd66bdd" CHANGEID="691452059" NUMBER="3Н" APARTTYPE="1" OPERTYPEID="10" PREVID="0" NEXTID="0" UPDATEDATE="2025-10-30" STARTDATE="2025-10-30" ENDDATE="2079-06-06" ISACTUAL="1" ISACTIVE="1" /><APARTMENT ID="112032881" OBJECTID="175590710" OBJECTGUID="5a19e18d-3871-4472-91d6-05a18d2ef1cc" CHANGEID="691452060" NUMBER="2Н" APARTTYPE="1" OPERTYPEID="10" PREVID="0" NEXTID="0" UPDATEDATE="2025-10-30" STARTDATE="2025-10-30" ENDDATE="2079-06-06" ISACTUAL="1" ISACTIVE="1" /><APARTMENT ID="112032882" OBJECTID="175590711" OBJECTGUID="e89ebfea-6e15-491d-993a-aea030688d31" CHANGEID="691452061" NUMBER="1Н" APARTTYPE="1" OPERTYPEID="10" PREVID="0" NEXTID="0" UPDATEDATE="2025-10-30" STARTDATE="2025-10-30" ENDDATE="2079-06-06" ISACTUAL="1" ISACTIVE="1" /><APARTMENT ID="112032899" OBJECTID="175590743" OBJECTGUID="fcea0bba-59b2-43b1-bf66-b98153d2af7d" CHANGEID="691452111" NUMBER="27" APARTTYPE="2" OPERTYPEID="10" PREVID="0" NEXTID="0" UPDATEDATE="2025-10-30" STARTDATE="2025-10-30" ENDDATE="2079-06-06" ISACTUAL="1" ISACTIVE="1" /><APARTMENT ID="112032942" OBJECTID="175590794" OBJECTGUID="51c12886-15fe-4819-871d-c900826779d2" CHANGEID="691452170" NUMBER="1Н" APARTTYPE="1" OPERTYPEID="10" PREVID="0" NEXTID="0" UPDATEDATE="2025-10-30" STARTDATE="2025-10-30" ENDDATE="2079-06-06" ISACTUAL="1" ISACTIVE="1" /><APARTMENT ID="112032944" OBJECTID="175590798" OBJECTGUID="7141531e-736a-4239-832a-2e5d4aa678db" CHANGEID="691452175" NUMBER="1Н" APARTTYPE="1" OPERTYPEID="10" PREVID="0" NEXTID="0" UPDATEDATE="2025-10-30" STARTDATE="2025-10-30" ENDDATE="2079-06-06" ISACTUAL="1" ISACTIVE="1" /><APARTMENT ID="112037826" OBJECTID="175610596" OBJECTGUID="c86c1b87-2e33-4527-843a-c8c4cfad04a3" CHANGEID="691484998" NUMBER="1" APARTTYPE="1" OPERTYPEID="10" PREVID="0" NEXTID="0" UPDATEDATE="2025-10-30" STARTDATE="2025-10-30" ENDDATE="2079-06-06" ISACTUAL="1" ISACTIVE="1" /><APARTMENT ID="112037838" OBJECTID="175610627" OBJECTGUID="d4691b7d-1114-4c3b-b034-e6714b9ad55b" CHANGEID="691485033" NUMBER="3" APARTTYPE="2" OPERTYPEID="10" PREVID="0" NEXTID="0" UPDATEDATE="2025-10-30" STARTDATE="2025-10-30" ENDDATE="2079-06-06" ISACTUAL="1" ISACTIVE="1" /><APARTMENT ID="112041937" OBJECTID="175620309" OBJECTGUID="ef9d0855-78f9-4f46-b3b9-69c6f9685152" CHANGEID="691501313" NUMBER="105" APARTTYPE="2" OPERTYPEID="10" PREVID="0" NEXTID="0" UPDATEDATE="2025-10-31" STARTDATE="2025-10-31" ENDDATE="2079-06-06" ISACTUAL="1" ISACTIVE="1" /><APARTMENT ID="112041938" OBJECTID="175620310" OBJECTGUID="b2700e17-925b-4f0e-ab19-5f97a47cef4c" CHANGEID="691501314" NUMBER="3" APARTTYPE="2" OPERTYPEID="10" PREVID="0" NEXTID="0" UPDATEDATE="2025-10-31" STARTDATE="2025-10-31" ENDDATE="2079-06-06" ISACTUAL="1" ISACTIVE="1" /><APARTMENT ID="112041939" OBJECTID="175620311" OBJECTGUID="59655149-0e2e-4e32-9050-ee7e14f0544f" CHANGEID="691501315" NUMBER="1" APARTTYPE="2" OPERTYPEID="10" PREVID="0" NEXTID="0" UPDATEDATE="2025-10-31" STARTDATE="2025-10-31" ENDDATE="2079-06-06" ISACTUAL="1" ISACTIVE="1" /><APARTMENT ID="112041941" OBJECTID="175620319" OBJECTGUID="e6682f80-5ec3-49f9-83eb-de71e19cbd02" CHANGEID="691501329" NUMBER="4н" APARTTYPE="1" OPERTYPEID="10" PREVID="0" NEXTID="0" UPDATEDATE="2025-10-31" STARTDATE="2025-10-31" ENDDATE="2079-06-06" ISACTUAL="1" ISACTIVE="1" /><APARTMENT ID="112041942" OBJECTID="175620320" OBJECTGUID="719d00e8-a59e-4d53-a072-0273c35f6537" CHANGEID="691501330" NUMBER="3н" APARTTYPE="1" OPERTYPEID="10" PREVID="0" NEXTID="0" UPDATEDATE="2025-10-31" STARTDATE="2025-10-31" ENDDATE="2079-06-06" ISACTUAL="1" ISACTIVE="1" /><APARTMENT ID="112041943" OBJECTID="175620321" OBJECTGUID="e61b06ee-ea64-442c-9457-79a27c4a2747" CHANGEID="691501331" NUMBER="2н" APARTTYPE="1" OPERTYPEID="10" PREVID="0" NEXTID="0" UPDATEDATE="2025-10-31" STARTDATE="2025-10-31" ENDDATE="2079-06-06" ISACTUAL="1" ISACTIVE="1" /><APARTMENT ID="112041944" OBJECTID="175620322" OBJECTGUID="343a4d07-a1c7-4159-8473-7aa8b419160a" CHANGEID="691501332" NUMBER="1н" APARTTYPE="1" OPERTYPEID="10" PREVID="0" NEXTID="0" UPDATEDATE="2025-10-31" STARTDATE="2025-10-31" ENDDATE="2079-06-06" ISACTUAL="1" ISACTIVE="1" /><APARTMENT ID="112042372" OBJECTID="175621514" OBJECTGUID="f0df89a5-5eb2-4508-a019-c8544337518f" CHANGEID="691503316" NUMBER="7" APARTTYPE="1" OPERTYPEID="10" PREVID="0" NEXTID="0" UPDATEDATE="2025-10-31" STARTDATE="2025-10-31" ENDDATE="2079-06-06" ISACTUAL="1" ISACTIVE="1" /><APARTMENT ID="112042373" OBJECTID="175621515" OBJECTGUID="40071774-a5c1-48f6-b2f2-c05f672af633" CHANGEID="691503317" NUMBER="6н" APARTTYPE="1" OPERTYPEID="10" PREVID="0" NEXTID="0" UPDATEDATE="2025-10-31" STARTDATE="2025-10-31" ENDDATE="2079-06-06" ISACTUAL="1" ISACTIVE="1" /><APARTMENT ID="112042374" OBJECTID="175621516" OBJECTGUID="e7de0e33-ceb8-4fa9-96c2-2535865451ca" CHANGEID="691503318" NUMBER="5н" APARTTYPE="1" OPERTYPEID="10" PREVID="0" NEXTID="0" UPDATEDATE="2025-10-31" STARTDATE="2025-10-31" ENDDATE="2079-06-06" ISACTUAL="1" ISACTIVE="1" /><APARTMENT ID="112042375" OBJECTID="175621517" OBJECTGUID="1c992fe0-eee6-4238-948a-ee69439c5296" CHANGEID="691503319" NUMBER="4н" APARTTYPE="1" OPERTYPEID="10" PREVID="0" NEXTID="0" UPDATEDATE="2025-10-31" STARTDATE="2025-10-31" ENDDATE="2079-06-06" ISACTUAL="1" ISACTIVE="1" /><APARTMENT ID="112042376" OBJECTID="175621518" OBJECTGUID="bbc4ab9e-566f-4618-9540-fd44d46164d9" CHANGEID="691503320" NUMBER="2н" APARTTYPE="1" OPERTYPEID="10" PREVID="0" NEXTID="0" UPDATEDATE="2025-10-31" STARTDATE="2025-10-31" ENDDATE="2079-06-06" ISACTUAL="1" ISACTIVE="1" /><APARTMENT ID="112042377" OBJECTID="175621519" OBJECTGUID="6f0c744b-a87d-480c-85c4-cde60f18c036" CHANGEID="691503321" NUMBER="1н" APARTTYPE="1" OPERTYPEID="10" PREVID="0" NEXTID="0" UPDATEDATE="2025-10-31" STARTDATE="2025-10-31" ENDDATE="2079-06-06" ISACTUAL="1" ISACTIVE="1" /><APARTMENT ID="112042380" OBJECTID="175621522" OBJECTGUID="c3033e22-ceb0-482d-b002-6d74c6d7b7b8" CHANGEID="691503324" NUMBER="1н" APARTTYPE="1" OPERTYPEID="10" PREVID="0" NEXTID="0" UPDATEDATE="2025-10-31" STARTDATE="2025-10-31" ENDDATE="2079-06-06" ISACTUAL="1" ISACTIVE="1" /><APARTMENT ID="112042383" OBJECTID="175621525" OBJECTGUID="fe855be6-389a-435a-9bdb-70edf40e1b06" CHANGEID="691503329" NUMBER="6н" APARTTYPE="1" OPERTYPEID="10" PREVID="0" NEXTID="0" UPDATEDATE="2025-10-31" STARTDATE="2025-10-31" ENDDATE="2079-06-06" ISACTUAL="1" ISACTIVE="1" /><APARTMENT ID="112042384" OBJECTID="175621526" OBJECTGUID="fdef105a-2048-4197-a022-8df543032c53" CHANGEID="691503330" NUMBER="5н" APARTTYPE="1" OPERTYPEID="10" PREVID="0" NEXTID="0" UPDATEDATE="2025-10-31" STARTDATE="2025-10-31" ENDDATE="2079-06-06" ISACTUAL="1" ISACTIVE="1" /><APARTMENT ID="112042385" OBJECTID="175621527" OBJECTGUID="856ab7cd-8a1b-4ef4-acba-a8336368c651" CHANGEID="691503331" NUMBER="4н" APARTTYPE="1" OPERTYPEID="10" PREVID="0" NEXTID="0" UPDATEDATE="2025-10-31" STARTDATE="2025-10-31" ENDDATE="2079-06-06" ISACTUAL="1" ISACTIVE="1" /><APARTMENT ID="112042386" OBJECTID="175621528" OBJECTGUID="07f2a59f-982e-4315-bb8a-783eff4d7346" CHANGEID="691503332" NUMBER="3н" APARTTYPE="1" OPERTYPEID="10" PREVID="0" NEXTID="0" UPDATEDATE="2025-10-31" STARTDATE="2025-10-31" ENDDATE="2079-06-06" ISACTUAL="1" ISACTIVE="1" /><APARTMENT ID="112042387" OBJECTID="175621532" OBJECTGUID="b8970448-749a-4ca4-92d6-c5070eac92f6" CHANGEID="691503338" NUMBER="3н" APARTTYPE="1" OPERTYPEID="10" PREVID="0" NEXTID="0" UPDATEDATE="2025-10-31" STARTDATE="2025-10-31" ENDDATE="2079-06-06" ISACTUAL="1" ISACTIVE="1" /><APARTMENT ID="112042388" OBJECTID="175621533" OBJECTGUID="9daf0d98-8870-4a1c-97e7-40332d4ccbd5" CHANGEID="691503339" NUMBER="2н" APARTTYPE="1" OPERTYPEID="10" PREVID="0" NEXTID="0" UPDATEDATE="2025-10-31" STARTDATE="2025-10-31" ENDDATE="2079-06-06" ISACTUAL="1" ISACTIVE="1" /><APARTMENT ID="112042389" OBJECTID="175621534" OBJECTGUID="6cbc2b0e-28b3-4f09-b76a-e084cd4a52f3" CHANGEID="691503340" NUMBER="1н" APARTTYPE="1" OPERTYPEID="10" PREVID="0" NEXTID="0" UPDATEDATE="2025-10-31" STARTDATE="2025-10-31" ENDDATE="2079-06-06" ISACTUAL="1" ISACTIVE="1" /><APARTMENT ID="112042360" OBJECTID="175621502" OBJECTGUID="14492340-dc14-4390-bd32-2c6c9eacb317" CHANGEID="691503304" NUMBER="18н" APARTTYPE="1" OPERTYPEID="10" PREVID="0" NEXTID="0" UPDATEDATE="2025-10-31" STARTDATE="2025-10-31" ENDDATE="2079-06-06" ISACTUAL="1" ISACTIVE="1" /><APARTMENT ID="112042361" OBJECTID="175621503" OBJECTGUID="7f35fcbf-6b5b-4cfd-941d-15ba3f004880" CHANGEID="691503305" NUMBER="17н" APARTTYPE="1" OPERTYPEID="10" PREVID="0" NEXTID="0" UPDATEDATE="2025-10-31" STARTDATE="2025-10-31" ENDDATE="2079-06-06" ISACTUAL="1" ISACTIVE="1" /><APARTMENT ID="112042362" OBJECTID="175621504" OBJECTGUID="09ea0752-ebe4-4337-88d4-8ccc5c60dda3" CHANGEID="691503306" NUMBER="16н" APARTTYPE="1" OPERTYPEID="10" PREVID="0" NEXTID="0" UPDATEDATE="2025-10-31" STARTDATE="2025-10-31" ENDDATE="2079-06-06" ISACTUAL="1" ISACTIVE="1" /><APARTMENT ID="112042363" OBJECTID="175621505" OBJECTGUID="e3fe2feb-5288-4847-93a8-8ccc815e4922" CHANGEID="691503307" NUMBER="15н" APARTTYPE="1" OPERTYPEID="10" PREVID="0" NEXTID="0" UPDATEDATE="2025-10-31" STARTDATE="2025-10-31" ENDDATE="2079-06-06" ISACTUAL="1" ISACTIVE="1" /><APARTMENT ID="112042364" OBJECTID="175621506" OBJECTGUID="a4271af5-7ac0-4169-8118-d0bdae3ccfdf" CHANGEID="691503308" NUMBER="13н" APARTTYPE="1" OPERTYPEID="10" PREVID="0" NEXTID="0" UPDATEDATE="2025-10-31" STARTDATE="2025-10-31" ENDDATE="2079-06-06" ISACTUAL="1" ISACTIVE="1" /><APARTMENT ID="112042365" OBJECTID="175621507" OBJECTGUID="5c806f81-3af5-4bb1-b1e0-a32ec4563964" CHANGEID="691503309" NUMBER="12н" APARTTYPE="1" OPERTYPEID="10" PREVID="0" NEXTID="0" UPDATEDATE="2025-10-31" STARTDATE="2025-10-31" ENDDATE="2079-06-06" ISACTUAL="1" ISACTIVE="1" /><APARTMENT ID="112042366" OBJECTID="175621508" OBJECTGUID="7bd0d294-bd5f-4dee-836f-8314b1eda007" CHANGEID="691503310" NUMBER="11н" APARTTYPE="1" OPERTYPEID="10" PREVID="0" NEXTID="0" UPDATEDATE="2025-10-31" STARTDATE="2025-10-31" ENDDATE="2079-06-06" ISACTUAL="1" ISACTIVE="1" /><APARTMENT ID="112042367" OBJECTID="175621509" OBJECTGUID="046e27d5-2be7-46f2-a12d-becea6828d60" CHANGEID="691503311" NUMBER="10н" APARTTYPE="1" OPERTYPEID="10" PREVID="0" NEXTID="0" UPDATEDATE="2025-10-31" STARTDATE="2025-10-31" ENDDATE="2079-06-06" ISACTUAL="1" ISACTIVE="1" /><APARTMENT ID="112042368" OBJECTID="175621510" OBJECTGUID="016d7edb-ea12-4b4e-a4fb-99719b2d4580" CHANGEID="691503312" NUMBER="5н" APARTTYPE="1" OPERTYPEID="10" PREVID="0" NEXTID="0" UPDATEDATE="2025-10-31" STARTDATE="2025-10-31" ENDDATE="2079-06-06" ISACTUAL="1" ISACTIVE="1" /><APARTMENT ID="112042369" OBJECTID="175621511" OBJECTGUID="b65ce577-34e7-4339-beb9-9e509b4c7461" CHANGEID="691503313" NUMBER="4н" APARTTYPE="1" OPERTYPEID="10" PREVID="0" NEXTID="0" UPDATEDATE="2025-10-31" STARTDATE="2025-10-31" ENDDATE="2079-06-06" ISACTUAL="1" ISACTIVE="1" /><APARTMENT ID="112042370" OBJECTID="175621512" OBJECTGUID="a72ef970-c86f-48d8-8f06-1d2068e867ad" CHANGEID="691503314" NUMBER="2н" APARTTYPE="1" OPERTYPEID="10" PREVID="0" NEXTID="0" UPDATEDATE="2025-10-31" STARTDATE="2025-10-31" ENDDATE="2079-06-06" ISACTUAL="1" ISACTIVE="1" /><APARTMENT ID="112042371" OBJECTID="175621513" OBJECTGUID="4b018ffc-f7fc-434e-b60f-c204accc4800" CHANGEID="691503315" NUMBER="1н" APARTTYPE="1" OPERTYPEID="10" PREVID="0" NEXTID="0" UPDATEDATE="2025-10-31" STARTDATE="2025-10-31" ENDDATE="2079-06-06" ISACTUAL="1" ISACTIVE="1" /><APARTMENT ID="112042378" OBJECTID="175621520" OBJECTGUID="4e9373d7-6995-423e-9968-af22aa87ee48" CHANGEID="691503322" NUMBER="2н" APARTTYPE="1" OPERTYPEID="10" PREVID="0" NEXTID="0" UPDATEDATE="2025-10-31" STARTDATE="2025-10-31" ENDDATE="2079-06-06" ISACTUAL="1" ISACTIVE="1" /><APARTMENT ID="112042379" OBJECTID="175621521" OBJECTGUID="ff76a6f2-ecf4-4a4d-9620-3a5720957a64" CHANGEID="691503323" NUMBER="1н" APARTTYPE="1" OPERTYPEID="10" PREVID="0" NEXTID="0" UPDATEDATE="2025-10-31" STARTDATE="2025-10-31" ENDDATE="2079-06-06" ISACTUAL="1" ISACTIVE="1" /><APARTMENT ID="112042381" OBJECTID="175621523" OBJECTGUID="11749acf-82f9-470e-af1b-da3b4c69206b" CHANGEID="691503325" NUMBER="2н" APARTTYPE="1" OPERTYPEID="10" PREVID="0" NEXTID="0" UPDATEDATE="2025-10-31" STARTDATE="2025-10-31" ENDDATE="2079-06-06" ISACTUAL="1" ISACTIVE="1" /><APARTMENT ID="112042382" OBJECTID="175621524" OBJECTGUID="b2f5d57f-98ce-43f2-aa9f-a1793f26a0bf" CHANGEID="691503326" NUMBER="1н" APARTTYPE="1" OPERTYPEID="10" PREVID="0" NEXTID="0" UPDATEDATE="2025-10-31" STARTDATE="2025-10-31" ENDDATE="2079-06-06" ISACTUAL="1" ISACTIVE="1" /><APARTMENT ID="112042390" OBJECTID="175621535" OBJECTGUID="4cbdc7d1-d618-4f87-9b00-ae9d408bcbbf" CHANGEID="691503343" NUMBER="1н" APARTTYPE="1" OPERTYPEID="10" PREVID="0" NEXTID="0" UPDATEDATE="2025-10-31" STARTDATE="2025-10-31" ENDDATE="2079-06-06" ISACTUAL="1" ISACTIVE="1" /><APARTMENT ID="112042595" OBJECTID="18315290" OBJECTGUID="19acdf08-0feb-4b60-a291-fdddf4e70faf" CHANGEID="691505813" NUMBER="2" APARTTYPE="2" OPERTYPEID="30" PREVID="10158556" NEXTID="0" UPDATEDATE="2025-10-31" STARTDATE="2025-10-31" ENDDATE="2079-06-06" ISACTUAL="1" ISACTIVE="0" /><APARTMENT ID="10158556" OBJECTID="18315290" OBJECTGUID="19acdf08-0feb-4b60-a291-fdddf4e70faf" CHANGEID="28842082" NUMBER="2" APARTTYPE="2" OPERTYPEID="10" PREVID="0" NEXTID="112042595" UPDATEDATE="2025-10-31" STARTDATE="2017-04-24" ENDDATE="2025-10-31" ISACTUAL="0" ISACTIVE="0" /><APARTMENT ID="112042596" OBJECTID="18315824" OBJECTGUID="4c27becc-532e-4ee3-accd-a623798a9b61" CHANGEID="691505814" NUMBER="1" APARTTYPE="2" OPERTYPEID="30" PREVID="10158830" NEXTID="0" UPDATEDATE="2025-10-31" STARTDATE="2025-10-31" ENDDATE="2079-06-06" ISACTUAL="1" ISACTIVE="0" /><APARTMENT ID="10158830" OBJECTID="18315824" OBJECTGUID="4c27becc-532e-4ee3-accd-a623798a9b61" CHANGEID="28842956" NUMBER="1" APARTTYPE="2" OPERTYPEID="10" PREVID="0" NEXTID="112042596" UPDATEDATE="2025-10-31" STARTDATE="2017-04-24" ENDDATE="2025-10-31" ISACTUAL="0" ISACTIVE="0" /><APARTMENT ID="112044096" OBJECTID="175628649" OBJECTGUID="70e4facd-b337-4dc5-a458-8fbaa55b8e29" CHANGEID="691514721" NUMBER="56" APARTTYPE="2" OPERTYPEID="10" PREVID="0" NEXTID="0" UPDATEDATE="2025-10-31" STARTDATE="2025-10-31" ENDDATE="2079-06-06" ISACTUAL="1" ISACTIVE="1" /><APARTMENT ID="112044079" OBJECTID="45227778" OBJECTGUID="b409a504-531a-40f0-8415-f1461f6bb22a" CHANGEID="691514686" NUMBER="4" APARTTYPE="2" OPERTYPEID="20" PREVID="26655382" UPDATEDATE="2025-10-31" STARTDATE="2025-10-31" ENDDATE="2079-06-06" ISACTUAL="1" ISACTIVE="1" /><APARTMENT ID="26655382" OBJECTID="45227778" OBJECTGUID="b409a504-531a-40f0-8415-f1461f6bb22a" CHANGEID="68136879" NUMBER="4" APARTTYPE="4" OPERTYPEID="10" PREVID="0" NEXTID="112044079" UPDATEDATE="2025-10-31" STARTDATE="1900-01-01" ENDDATE="2025-10-31" ISACTUAL="0" ISACTIVE="0" /><APARTMENT ID="112044114" OBJECTID="175628720" OBJECTGUID="fbc8643c-7be8-490c-8551-cb0e6da5280b" CHANGEID="691514818" NUMBER="8" APARTTYPE="2" OPERTYPEID="10" PREVID="0" NEXTID="0" UPDATEDATE="2025-10-31" STARTDATE="2025-10-31" ENDDATE="2079-06-06" ISACTUAL="1" ISACTIVE="1" /><APARTMENT ID="112044104" OBJECTID="175628658" OBJECTGUID="4c85d6a1-748e-4413-bb3c-d5b3e67f3570" CHANGEID="691514747" NUMBER="4" APARTTYPE="2" OPERTYPEID="10" PREVID="0" NEXTID="0" UPDATEDATE="2025-10-31" STARTDATE="2025-10-31" ENDDATE="2079-06-06" ISACTUAL="1" ISACTIVE="1" /><APARTMENT ID="112044106" OBJECTID="45314421" OBJECTGUID="7f903481-0bd3-4a53-aa58-9ba79cb67732" CHANGEID="691514802" NUMBER="56" APARTTYPE="2" OPERTYPEID="20" PREVID="26710941" UPDATEDATE="2025-10-31" STARTDATE="2025-10-31" ENDDATE="2079-06-06" ISACTUAL="1" ISACTIVE="1" /><APARTMENT ID="26710941" OBJECTID="45314421" OBJECTGUID="7f903481-0bd3-4a53-aa58-9ba79cb67732" CHANGEID="68258025" NUMBER="56" APARTTYPE="4" OPERTYPEID="10" PREVID="0" NEXTID="112044106" UPDATEDATE="2025-10-31" STARTDATE="1900-01-01" ENDDATE="2025-10-31" ISACTUAL="0" ISACTIVE="0" /><APARTMENT ID="112044123" OBJECTID="175628770" OBJECTGUID="d60d91c6-48fe-415e-9e49-495de39ec986" CHANGEID="691514888" NUMBER="96" APARTTYPE="2" OPERTYPEID="10" PREVID="0" NEXTID="0" UPDATEDATE="2025-10-31" STARTDATE="2025-10-31" ENDDATE="2079-06-06" ISACTUAL="1" ISACTIVE="1" /><APARTMENT ID="112044124" OBJECTID="175628771" OBJECTGUID="8bf5296e-1e90-4481-8d84-20aa18a3245d" CHANGEID="691514889" NUMBER="86" APARTTYPE="2" OPERTYPEID="10" PREVID="0" NEXTID="0" UPDATEDATE="2025-10-31" STARTDATE="2025-10-31" ENDDATE="2079-06-06" ISACTUAL="1" ISACTIVE="1" /><APARTMENT ID="112044125" OBJECTID="175628772" OBJECTGUID="28336dd8-c325-4d26-9ea9-97c64444f5de" CHANGEID="691514890" NUMBER="83" APARTTYPE="2" OPERTYPEID="10" PREVID="0" NEXTID="0" UPDATEDATE="2025-10-31" STARTDATE="2025-10-31" ENDDATE="2079-06-06" ISACTUAL="1" ISACTIVE="1" /><APARTMENT ID="112044126" OBJECTID="175628773" OBJECTGUID="3287ee71-800c-4069-afaf-76babba402b9" CHANGEID="691514891" NUMBER="78" APARTTYPE="2" OPERTYPEID="10" PREVID="0" NEXTID="0" UPDATEDATE="2025-10-31" STARTDATE="2025-10-31" ENDDATE="2079-06-06" ISACTUAL="1" ISACTIVE="1" /><APARTMENT ID="112044127" OBJECTID="175628774" OBJECTGUID="f3d7f99d-a53d-4ced-b610-4fe42f3ef783" CHANGEID="691514892" NUMBER="84" APARTTYPE="2" OPERTYPEID="10" PREVID="0" NEXTID="0" UPDATEDATE="2025-10-31" STARTDATE="2025-10-31" ENDDATE="2079-06-06" ISACTUAL="1" ISACTIVE="1" /><APARTMENT ID="112044128" OBJECTID="44906434" OBJECTGUID="9f62809d-c35e-4261-b010-481d4f6ab81a" CHANGEID="691514913" NUMBER="85" APARTTYPE="2" OPERTYPEID="20" PREVID="26451306" UPDATEDATE="2025-10-31" STARTDATE="2025-10-31" ENDDATE="2079-06-06" ISACTUAL="1" ISACTIVE="1" /><APARTMENT ID="112044129" OBJECTID="175628799" OBJECTGUID="292420f3-18af-4eff-883a-d615cb7fbb3a" CHANGEID="691514924" NUMBER="2н" APARTTYPE="1" OPERTYPEID="10" PREVID="0" NEXTID="0" UPDATEDATE="2025-10-31" STARTDATE="2025-10-31" ENDDATE="2079-06-06" ISACTUAL="1" ISACTIVE="1" /><APARTMENT ID="112044130" OBJECTID="175628800" OBJECTGUID="3306576c-c687-45a6-91fa-fc4b19ce5acb" CHANGEID="691514925" NUMBER="1н" APARTTYPE="1" OPERTYPEID="10" PREVID="0" NEXTID="0" UPDATEDATE="2025-10-31" STARTDATE="2025-10-31" ENDDATE="2079-06-06" ISACTUAL="1" ISACTIVE="1" /><APARTMENT ID="112044131" OBJECTID="175628805" OBJECTGUID="653c268b-b21e-4552-8fff-1e7357e01686" CHANGEID="691514933" NUMBER="2н" APARTTYPE="1" OPERTYPEID="10" PREVID="0" NEXTID="0" UPDATEDATE="2025-10-31" STARTDATE="2025-10-31" ENDDATE="2079-06-06" ISACTUAL="1" ISACTIVE="1" /><APARTMENT ID="112044132" OBJECTID="175628806" OBJECTGUID="68fd301c-949c-4343-a691-a2dd1b0413f5" CHANGEID="691514934" NUMBER="1н" APARTTYPE="1" OPERTYPEID="10" PREVID="0" NEXTID="0" UPDATEDATE="2025-10-31" STARTDATE="2025-10-31" ENDDATE="2079-06-06" ISACTUAL="1" ISACTIVE="1" /><APARTMENT ID="112044133" OBJECTID="175628830" OBJECTGUID="c0da73f7-3f2c-4982-aed2-e5e32e046bf5" CHANGEID="691514959" NUMBER="2н" APARTTYPE="1" OPERTYPEID="10" PREVID="0" NEXTID="0" UPDATEDATE="2025-10-31" STARTDATE="2025-10-31" ENDDATE="2079-06-06" ISACTUAL="1" ISACTIVE="1" /><APARTMENT ID="112044134" OBJECTID="175628831" OBJECTGUID="479721cb-500d-47df-ad89-4626705d5a41" CHANGEID="691514960" NUMBER="1н" APARTTYPE="1" OPERTYPEID="10" PREVID="0" NEXTID="0" UPDATEDATE="2025-10-31" STARTDATE="2025-10-31" ENDDATE="2079-06-06" ISACTUAL="1" ISACTIVE="1" /><APARTMENT ID="112044135" OBJECTID="175628842" OBJECTGUID="5feba349-c2bc-4935-aaa7-c64825249976" CHANGEID="691514975" NUMBER="2н" APARTTYPE="1" OPERTYPEID="10" PREVID="0" NEXTID="0" UPDATEDATE="2025-10-31" STARTDATE="2025-10-31" ENDDATE="2079-06-06" ISACTUAL="1" ISACTIVE="1" /><APARTMENT ID="112044136" OBJECTID="175628843" OBJECTGUID="d1adf436-a10e-4016-88f2-f762a53bd2b6" CHANGEID="691514976" NUMBER="1н" APARTTYPE="1" OPERTYPEID="10" PREVID="0" NEXTID="0" UPDATEDATE="2025-10-31" STARTDATE="2025-10-31" ENDDATE="2079-06-06" ISACTUAL="1" ISACTIVE="1" /><APARTMENT ID="112044159" OBJECTID="175628873" OBJECTGUID="496fcec6-2aaa-4da4-8252-f9de0cdb7c3d" CHANGEID="691515044" NUMBER="4н" APARTTYPE="1" OPERTYPEID="10" PREVID="0" NEXTID="0" UPDATEDATE="2025-10-31" STARTDATE="2025-10-31" ENDDATE="2079-06-06" ISACTUAL="1" ISACTIVE="1" /><APARTMENT ID="112044160" OBJECTID="175628874" OBJECTGUID="4a7c6f18-826f-4e94-bac7-20ae00b0df94" CHANGEID="691515045" NUMBER="3н" APARTTYPE="1" OPERTYPEID="10" PREVID="0" NEXTID="0" UPDATEDATE="2025-10-31" STARTDATE="2025-10-31" ENDDATE="2079-06-06" ISACTUAL="1" ISACTIVE="1" /><APARTMENT ID="112044161" OBJECTID="175628875" OBJECTGUID="7136055b-a515-472c-add0-8f866e55a49e" CHANGEID="691515046" NUMBER="2н" APARTTYPE="1" OPERTYPEID="10" PREVID="0" NEXTID="0" UPDATEDATE="2025-10-31" STARTDATE="2025-10-31" ENDDATE="2079-06-06" ISACTUAL="1" ISACTIVE="1" /><APARTMENT ID="112044162" OBJECTID="175628876" OBJECTGUID="81999f57-5c1d-4fdf-8c97-c856707c8572" CHANGEID="691515047" NUMBER="1н" APARTTYPE="1" OPERTYPEID="10" PREVID="0" NEXTID="0" UPDATEDATE="2025-10-31" STARTDATE="2025-10-31" ENDDATE="2079-06-06" ISACTUAL="1" ISACTIVE="1" /><APARTMENT ID="112044164" OBJECTID="175628882" OBJECTGUID="29357e6c-01ea-4611-9db6-dede94cfa1c5" CHANGEID="691515058" NUMBER="1н" APARTTYPE="1" OPERTYPEID="10" PREVID="0" NEXTID="0" UPDATEDATE="2025-10-31" STARTDATE="2025-10-31" ENDDATE="2079-06-06" ISACTUAL="1" ISACTIVE="1" /><APARTMENT ID="112044206" OBJECTID="175629024" OBJECTGUID="c65ef628-c5a5-40c7-80c1-52218e0a277d" CHANGEID="691515290" NUMBER="1н" APARTTYPE="1" OPERTYPEID="10" PREVID="0" NEXTID="0" UPDATEDATE="2025-10-31" STARTDATE="2025-10-31" ENDDATE="2079-06-06" ISACTUAL="1" ISACTIVE="1" /><APARTMENT ID="112044357" OBJECTID="175629915" OBJECTGUID="d36b1179-e09e-4483-9be3-0946cb6124b4" CHANGEID="691516757" NUMBER="9г" APARTTYPE="1" OPERTYPEID="10" PREVID="0" NEXTID="0" UPDATEDATE="2025-10-31" STARTDATE="2025-10-31" ENDDATE="2079-06-06" ISACTUAL="1" ISACTIVE="1" /><APARTMENT ID="112044358" OBJECTID="175629916" OBJECTGUID="5af5710f-d265-4e30-bbb4-f3562a7299ad" CHANGEID="691516758" NUMBER="8г" APARTTYPE="1" OPERTYPEID="10" PREVID="0" NEXTID="0" UPDATEDATE="2025-10-31" STARTDATE="2025-10-31" ENDDATE="2079-06-06" ISACTUAL="1" ISACTIVE="1" /><APARTMENT ID="112044359" OBJECTID="175629917" OBJECTGUID="92b32528-4f17-4b64-8bae-9f6c89bba41b" CHANGEID="691516759" NUMBER="7г" APARTTYPE="1" OPERTYPEID="10" PREVID="0" NEXTID="0" UPDATEDATE="2025-10-31" STARTDATE="2025-10-31" ENDDATE="2079-06-06" ISACTUAL="1" ISACTIVE="1" /><APARTMENT ID="112044740" OBJECTID="175630738" OBJECTGUID="208d7e87-ea86-4666-a719-220e0186848d" CHANGEID="691517663" NUMBER="2н" APARTTYPE="1" OPERTYPEID="10" PREVID="0" NEXTID="0" UPDATEDATE="2025-10-31" STARTDATE="2025-10-31" ENDDATE="2079-06-06" ISACTUAL="1" ISACTIVE="1" /><APARTMENT ID="112044741" OBJECTID="175630739" OBJECTGUID="735a31d5-c4a4-4313-919d-6e304dcbaafb" CHANGEID="691517664" NUMBER="1н" APARTTYPE="1" OPERTYPEID="10" PREVID="0" NEXTID="0" UPDATEDATE="2025-10-31" STARTDATE="2025-10-31" ENDDATE="2079-06-06" ISACTUAL="1" ISACTIVE="1" /><APARTMENT ID="112044756" OBJECTID="175630769" OBJECTGUID="75a113f9-85da-45f4-8225-1cf8146e7d44" CHANGEID="691517702" NUMBER="7Н" APARTTYPE="1" OPERTYPEID="10" PREVID="0" NEXTID="0" UPDATEDATE="2025-10-31" STARTDATE="2025-10-31" ENDDATE="2079-06-06" ISACTUAL="1" ISACTIVE="1" /><APARTMENT ID="112044757" OBJECTID="175630770" OBJECTGUID="874fc845-8f03-4f05-a621-71f0cd6ef11d" CHANGEID="691517703" NUMBER="6Н" APARTTYPE="1" OPERTYPEID="10" PREVID="0" NEXTID="0" UPDATEDATE="2025-10-31" STARTDATE="2025-10-31" ENDDATE="2079-06-06" ISACTUAL="1" ISACTIVE="1" /><APARTMENT ID="112044758" OBJECTID="175630771" OBJECTGUID="adf5ab98-7ad8-401e-8bd2-d6e90353d579" CHANGEID="691517704" NUMBER="5Н" APARTTYPE="1" OPERTYPEID="10" PREVID="0" NEXTID="0" UPDATEDATE="2025-10-31" STARTDATE="2025-10-31" ENDDATE="2079-06-06" ISACTUAL="1" ISACTIVE="1" /><APARTMENT ID="112044759" OBJECTID="175630772" OBJECTGUID="e8ed41b8-bdaf-4376-8dc7-1935a9c3acfb" CHANGEID="691517705" NUMBER="4Н" APARTTYPE="1" OPERTYPEID="10" PREVID="0" NEXTID="0" UPDATEDATE="2025-10-31" STARTDATE="2025-10-31" ENDDATE="2079-06-06" ISACTUAL="1" ISACTIVE="1" /><APARTMENT ID="112044760" OBJECTID="175630773" OBJECTGUID="1c9128f3-6cf8-4233-9bb5-a44f835beda6" CHANGEID="691517706" NUMBER="3Н" APARTTYPE="1" OPERTYPEID="10" PREVID="0" NEXTID="0" UPDATEDATE="2025-10-31" STARTDATE="2025-10-31" ENDDATE="2079-06-06" ISACTUAL="1" ISACTIVE="1" /><APARTMENT ID="112044761" OBJECTID="175630774" OBJECTGUID="1ef55ef6-5a72-4976-9ed3-5915e1274480" CHANGEID="691517707" NUMBER="2Н" APARTTYPE="1" OPERTYPEID="10" PREVID="0" NEXTID="0" UPDATEDATE="2025-10-31" STARTDATE="2025-10-31" ENDDATE="2079-06-06" ISACTUAL="1" ISACTIVE="1" /><APARTMENT ID="112044762" OBJECTID="175630775" OBJECTGUID="1e1d5423-e3d9-40a6-891f-a4037ded1cd1" CHANGEID="691517708" NUMBER="1Н" APARTTYPE="1" OPERTYPEID="10" PREVID="0" NEXTID="0" UPDATEDATE="2025-10-31" STARTDATE="2025-10-31" ENDDATE="2079-06-06" ISACTUAL="1" ISACTIVE="1" /><APARTMENT ID="112044773" OBJECTID="175630830" OBJECTGUID="8100d3fa-490f-45d1-83b8-b3e791285876" CHANGEID="691517770" NUMBER="3н" APARTTYPE="1" OPERTYPEID="10" PREVID="0" NEXTID="0" UPDATEDATE="2025-10-31" STARTDATE="2025-10-31" ENDDATE="2079-06-06" ISACTUAL="1" ISACTIVE="1" /><APARTMENT ID="112044818" OBJECTID="175630895" OBJECTGUID="d933a8b3-2ad6-4279-afec-96d01ee19dfa" CHANGEID="691517886" NUMBER="4н" APARTTYPE="1" OPERTYPEID="10" PREVID="0" NEXTID="0" UPDATEDATE="2025-10-31" STARTDATE="2025-10-31" ENDDATE="2079-06-06" ISACTUAL="1" ISACTIVE="1" /><APARTMENT ID="112044819" OBJECTID="175630896" OBJECTGUID="0afbc5b6-18a3-42de-ab02-e126d762db8b" CHANGEID="691517887" NUMBER="2н" APARTTYPE="1" OPERTYPEID="10" PREVID="0" NEXTID="0" UPDATEDATE="2025-10-31" STARTDATE="2025-10-31" ENDDATE="2079-06-06" ISACTUAL="1" ISACTIVE="1" /><APARTMENT ID="112044873" OBJECTID="175630920" OBJECTGUID="87e37337-3c82-4c45-89b1-ae35af59a4e7" CHANGEID="691517955" NUMBER="1н" APARTTYPE="1" OPERTYPEID="10" PREVID="0" NEXTID="0" UPDATEDATE="2025-10-31" STARTDATE="2025-10-31" ENDDATE="2079-06-06" ISACTUAL="1" ISACTIVE="1" /><APARTMENT ID="112044951" OBJECTID="175630981" OBJECTGUID="7e3a9d62-371c-41b1-8957-2ca1df58eaf8" CHANGEID="691518102" NUMBER="1н" APARTTYPE="1" OPERTYPEID="10" PREVID="0" NEXTID="0" UPDATEDATE="2025-10-31" STARTDATE="2025-10-31" ENDDATE="2079-06-06" ISACTUAL="1" ISACTIVE="1" /><APARTMENT ID="112045013" OBJECTID="175631007" OBJECTGUID="f17fefd9-8a7f-47d4-996c-9aaec0fd8d14" CHANGEID="691518190" NUMBER="3Н" APARTTYPE="1" OPERTYPEID="10" PREVID="0" NEXTID="0" UPDATEDATE="2025-10-31" STARTDATE="2025-10-31" ENDDATE="2079-06-06" ISACTUAL="1" ISACTIVE="1" /><APARTMENT ID="112045014" OBJECTID="175631008" OBJECTGUID="988866a6-9019-42f4-80ea-180e2218ba22" CHANGEID="691518191" NUMBER="2Н" APARTTYPE="1" OPERTYPEID="10" PREVID="0" NEXTID="0" UPDATEDATE="2025-10-31" STARTDATE="2025-10-31" ENDDATE="2079-06-06" ISACTUAL="1" ISACTIVE="1" /><APARTMENT ID="112045015" OBJECTID="175631009" OBJECTGUID="a38c5647-38dd-4d59-b573-a060a7649086" CHANGEID="691518192" NUMBER="1Н" APARTTYPE="1" OPERTYPEID="10" PREVID="0" NEXTID="0" UPDATEDATE="2025-10-31" STARTDATE="2025-10-31" ENDDATE="2079-06-06" ISACTUAL="1" ISACTIVE="1" /><APARTMENT ID="112045067" OBJECTID="175631018" OBJECTGUID="847d2a54-b5d3-4e71-9eb8-778e10985a54" CHANGEID="691518253" NUMBER="2Н" APARTTYPE="1" OPERTYPEID="10" PREVID="0" NEXTID="0" UPDATEDATE="2025-10-31" STARTDATE="2025-10-31" ENDDATE="2079-06-06" ISACTUAL="1" ISACTIVE="1" /><APARTMENT ID="112045068" OBJECTID="175631029" OBJECTGUID="3fedaee9-f68e-4aa4-9162-701c90a918c0" CHANGEID="691518269" NUMBER="2Н" APARTTYPE="1" OPERTYPEID="10" PREVID="0" NEXTID="0" UPDATEDATE="2025-10-31" STARTDATE="2025-10-31" ENDDATE="2079-06-06" ISACTUAL="1" ISACTIVE="1" /><APARTMENT ID="112045072" OBJECTID="175631062" OBJECTGUID="9731618e-1620-4437-a48f-63ef84e8e08c" CHANGEID="691518311" NUMBER="2Н" APARTTYPE="1" OPERTYPEID="10" PREVID="0" NEXTID="0" UPDATEDATE="2025-10-31" STARTDATE="2025-10-31" ENDDATE="2079-06-06" ISACTUAL="1" ISACTIVE="1" /><APARTMENT ID="112045073" OBJECTID="175631063" OBJECTGUID="25bd25d5-e90b-4b57-80d0-dfef1645027f" CHANGEID="691518312" NUMBER="1Н" APARTTYPE="1" OPERTYPEID="10" PREVID="0" NEXTID="0" UPDATEDATE="2025-10-31" STARTDATE="2025-10-31" ENDDATE="2079-06-06" ISACTUAL="1" ISACTIVE="1" /><APARTMENT ID="112046993" OBJECTID="175634868" OBJECTGUID="c12100ed-ffc8-45d9-bb00-7e3b876cb14a" CHANGEID="691524176" NUMBER="1Н" APARTTYPE="1" OPERTYPEID="10" PREVID="0" NEXTID="0" UPDATEDATE="2025-10-31" STARTDATE="2025-10-31" ENDDATE="2079-06-06" ISACTUAL="1" ISACTIVE="1" /><APARTMENT ID="112047009" OBJECTID="175634964" OBJECTGUID="1bc12841-c75f-4a0f-9682-7d5f4206c430" CHANGEID="691524385" NUMBER="2Н" APARTTYPE="1" OPERTYPEID="10" PREVID="0" NEXTID="0" UPDATEDATE="2025-10-31" STARTDATE="2025-10-31" ENDDATE="2079-06-06" ISACTUAL="1" ISACTIVE="1" /><APARTMENT ID="112047010" OBJECTID="175634965" OBJECTGUID="52db7c33-21ac-4217-bb8e-f8ac23a6281d" CHANGEID="691524386" NUMBER="1Н" APARTTYPE="1" OPERTYPEID="10" PREVID="0" NEXTID="0" UPDATEDATE="2025-10-31" STARTDATE="2025-10-31" ENDDATE="2079-06-06" ISACTUAL="1" ISACTIVE="1" /><APARTMENT ID="112047070" OBJECTID="175635071" OBJECTGUID="47ef87e4-78c2-413d-a7f9-99296839e8ff" CHANGEID="691524542" NUMBER="1" APARTTYPE="2" OPERTYPEID="10" PREVID="0" NEXTID="0" UPDATEDATE="2025-10-31" STARTDATE="2025-10-31" ENDDATE="2079-06-06" ISACTUAL="1" ISACTIVE="1" /><APARTMENT ID="112047071" OBJECTID="175635072" OBJECTGUID="64ad2a5c-ce07-4242-baeb-662f5b746a72" CHANGEID="691524543" NUMBER="2" APARTTYPE="2" OPERTYPEID="10" PREVID="0" NEXTID="0" UPDATEDATE="2025-10-31" STARTDATE="2025-10-31" ENDDATE="2079-06-06" ISACTUAL="1" ISACTIVE="1" /><APARTMENT ID="112046987" OBJECTID="7471232" OBJECTGUID="d0d4180b-3226-4b88-9709-976d091cc6c2" CHANGEID="691524136" NUMBER="1" APARTTYPE="2" OPERTYPEID="55" PREVID="3679944" NEXTID="129430514" UPDATEDATE="2025-10-31" STARTDATE="2025-10-31" ENDDATE="2079-06-06" ISACTUAL="1" ISACTIVE="0" /><APARTMENT ID="112046998" OBJECTID="175634892" OBJECTGUID="3aeebf91-bdf5-451f-a401-eeab24bfa4ce" CHANGEID="691524243" NUMBER="2Н" APARTTYPE="1" OPERTYPEID="10" PREVID="0" NEXTID="0" UPDATEDATE="2025-10-31" STARTDATE="2025-10-31" ENDDATE="2079-06-06" ISACTUAL="1" ISACTIVE="1" /><APARTMENT ID="112046999" OBJECTID="175634893" OBJECTGUID="98574185-8476-47db-98b2-f64bf2058119" CHANGEID="691524244" NUMBER="1Н" APARTTYPE="1" OPERTYPEID="10" PREVID="0" NEXTID="0" UPDATEDATE="2025-10-31" STARTDATE="2025-10-31" ENDDATE="2079-06-06" ISACTUAL="1" ISACTIVE="1" /><APARTMENT ID="112047002" OBJECTID="175634919" OBJECTGUID="adf088a1-f497-4561-b112-2a4108c57fb5" CHANGEID="691524297" NUMBER="2Н" APARTTYPE="1" OPERTYPEID="10" PREVID="0" NEXTID="0" UPDATEDATE="2025-10-31" STARTDATE="2025-10-31" ENDDATE="2079-06-06" ISACTUAL="1" ISACTIVE="1" /><APARTMENT ID="112047140" OBJECTID="175635210" OBJECTGUID="a1b43a55-267d-465c-b054-e70672d25998" CHANGEID="691524695" NUMBER="4Н" APARTTYPE="1" OPERTYPEID="10" PREVID="0" NEXTID="0" UPDATEDATE="2025-10-31" STARTDATE="2025-10-31" ENDDATE="2079-06-06" ISACTUAL="1" ISACTIVE="1" /><APARTMENT ID="112047141" OBJECTID="175635211" OBJECTGUID="3d322617-0e3e-4f43-a4c3-8e13543353a5" CHANGEID="691524696" NUMBER="3Н" APARTTYPE="1" OPERTYPEID="10" PREVID="0" NEXTID="0" UPDATEDATE="2025-10-31" STARTDATE="2025-10-31" ENDDATE="2079-06-06" ISACTUAL="1" ISACTIVE="1" /><APARTMENT ID="112047153" OBJECTID="175635235" OBJECTGUID="37eda5c0-a4b0-4760-806f-1a231c2e7054" CHANGEID="691524733" NUMBER="3" APARTTYPE="2" OPERTYPEID="10" PREVID="0" NEXTID="0" UPDATEDATE="2025-10-31" STARTDATE="2025-10-31" ENDDATE="2079-06-06" ISACTUAL="1" ISACTIVE="1" /><APARTMENT ID="112047154" OBJECTID="175635236" OBJECTGUID="9fef47bb-244f-45cc-a5f3-7c058bb569cd" CHANGEID="691524734" NUMBER="4" APARTTYPE="2" OPERTYPEID="10" PREVID="0" NEXTID="0" UPDATEDATE="2025-10-31" STARTDATE="2025-10-31" ENDDATE="2079-06-06" ISACTUAL="1" ISACTIVE="1" /><APARTMENT ID="112047155" OBJECTID="175635237" OBJECTGUID="8dd4b17b-bf9b-4254-936f-3ab8cabd65b0" CHANGEID="691524735" NUMBER="1" APARTTYPE="2" OPERTYPEID="10" PREVID="0" NEXTID="0" UPDATEDATE="2025-10-31" STARTDATE="2025-10-31" ENDDATE="2079-06-06" ISACTUAL="1" ISACTIVE="1" /><APARTMENT ID="112047156" OBJECTID="175635238" OBJECTGUID="742f0151-3e79-4819-b816-c7042310608f" CHANGEID="691524736" NUMBER="2" APARTTYPE="2" OPERTYPEID="10" PREVID="0" NEXTID="0" UPDATEDATE="2025-10-31" STARTDATE="2025-10-31" ENDDATE="2079-06-06" ISACTUAL="1" ISACTIVE="1" /><APARTMENT ID="112047158" OBJECTID="175635253" OBJECTGUID="30a4e406-1119-4654-b717-8eb0cb68d274" CHANGEID="691524755" NUMBER="2Н" APARTTYPE="1" OPERTYPEID="10" PREVID="0" NEXTID="0" UPDATEDATE="2025-10-31" STARTDATE="2025-10-31" ENDDATE="2079-06-06" ISACTUAL="1" ISACTIVE="1" /><APARTMENT ID="112047157" OBJECTID="175635239" OBJECTGUID="f2b1dc28-8cb5-48e2-9359-c1e744961b07" CHANGEID="691524737" NUMBER="1Н" APARTTYPE="1" OPERTYPEID="10" PREVID="0" NEXTID="0" UPDATEDATE="2025-10-31" STARTDATE="2025-10-31" ENDDATE="2079-06-06" ISACTUAL="1" ISACTIVE="1" /><APARTMENT ID="112047988" OBJECTID="175638986" OBJECTGUID="c17d5be0-bab6-45e8-b91c-9cbd032183f8" CHANGEID="691530820" NUMBER="2" APARTTYPE="2" OPERTYPEID="10" PREVID="0" NEXTID="0" UPDATEDATE="2025-10-31" STARTDATE="2025-10-31" ENDDATE="2079-06-06" ISACTUAL="1" ISACTIVE="1" /><APARTMENT ID="112047989" OBJECTID="175638987" OBJECTGUID="d3738e5d-780f-4635-9533-e3b06e6b8e77" CHANGEID="691530821" NUMBER="1" APARTTYPE="2" OPERTYPEID="10" PREVID="0" NEXTID="0" UPDATEDATE="2025-10-31" STARTDATE="2025-10-31" ENDDATE="2079-06-06" ISACTUAL="1" ISACTIVE="1" /><APARTMENT ID="112055149" OBJECTID="175658672" OBJECTGUID="5d1c7deb-5cbe-4475-824d-31fd055453b7" CHANGEID="691577972" NUMBER="4" APARTTYPE="1" OPERTYPEID="10" PREVID="0" NEXTID="0" UPDATEDATE="2025-11-01" STARTDATE="2025-11-01" ENDDATE="2079-06-06" ISACTUAL="1" ISACTIVE="1" /></APARTMENTS>